{"type":"FeatureCollection", "features": [
{"type":"Feature","geometry":{"type":"Polygon","coordinates":[[[100.60069102589091,7.024696121949819],[100.60060079019271,7.024769682039489],[100.59983682987908,7.024702157070388],[100.59939454245689,7.024445516793343],[100.59910194993674,7.023887191060328],[100.59877617857579,7.023070828596381],[100.59821521080784,7.022739297706533],[100.59791247931174,7.022363861180698],[100.59774004080239,7.022310667537376],[100.5975253094625,7.022483498858582],[100.5970733234959,7.022538819577699],[100.59657790666743,7.022486725341646],[100.59600635807969,7.022209008539053],[100.59547732391772,7.021769802547667],[100.59511102562577,7.021695754775671],[100.59415113594544,7.021193474530119],[100.59357988276501,7.021001803134852],[100.59298643934909,7.020616593614812],[100.59271648641158,7.020380872552918],[100.59204574486331,7.019425841864331],[100.59176221231093,7.018361933481691],[100.59140573242965,7.018008185768848],[100.59094090036565,7.017450435849564],[100.59080900713967,7.016654918779794],[100.59064624136182,7.016279000862219],[100.59013969960398,7.016119373111859],[100.58974147331116,7.016152990910136],[100.58951604764887,7.016347367413248],[100.58859044054786,7.016425795179505],[100.58799820955177,7.016395530463401],[100.58717872955765,7.016021832179738],[100.58702724263361,7.015796462262378],[100.58698090065077,7.014828552566528],[100.58653815470204,7.014432066125282],[100.58634324141491,7.014099279570135],[100.58604132565776,7.013960467707963],[100.58551343737018,7.013854687656763],[100.58351056089619,7.013732371204013],[100.58302584504209,7.013658711507076],[100.58223834298003,7.013188087941598],[100.58182818968014,7.01287753654078],[100.58126637239887,7.012287830969199],[100.58067229547633,7.011708989299628],[100.58012215310148,7.01138815065038],[100.57977721336637,7.011260235019417],[100.57950814148263,7.011282652624884],[100.57922862983624,7.01140191219018],[100.5790785247882,7.011585274566496],[100.57874514764565,7.011693958673145],[100.57841133573545,7.011673567981364],[100.57820638741892,7.011555936988944],[100.57774360324984,7.011600517206602],[100.57696019682265,7.012345336076836],[100.57662844635513,7.012938049038341],[100.57632805215418,7.013250991623951],[100.57604875522212,7.013434787096086],[100.57546819504836,7.01367337516565],[100.5749085875604,7.013739790684879],[100.57450967270667,7.013569026872398],[100.57422903794664,7.013354840683832],[100.57405595353224,7.0131080246762],[100.57338612423344,7.012411105979343],[100.57276112841335,7.012241097690394],[100.57222258419294,7.012167606378074],[100.57154419232363,7.012126851524764],[100.57080163781701,7.012215386790758],[100.57032783261432,7.012184702201711],[100.56976772051264,7.012100523708401],[100.56951974595054,7.011993788682875],[100.56891660663292,7.011920509268662],[100.56822777233262,7.011976591864388],[100.56759287481957,7.012064762629983],[100.56624710652432,7.012058496340136],[100.56574190130075,7.012296821776987],[100.56526881352251,7.012481257708867],[100.56425840018868,7.012957906458761],[100.56406515247576,7.013119896312084],[100.56366685010123,7.013131979249539],[100.56304264301038,7.01319859595142],[100.56280240063428,7.01379637666661],[100.56117257363206,7.015780980610725],[100.56031932052166,7.018193257287531],[100.55886315969873,7.020607538100963],[100.55705531315417,7.020871697158834],[100.55446915922138,7.020191861763855],[100.5507687492211,7.021150678808104],[100.54732443132684,7.02142020968109],[100.54517403555386,7.022287818953968],[100.54216233091323,7.023158253513429],[100.53768950744825,7.024980040484822],[100.53622415939478,7.024640635315425],[100.53518607745637,7.023267197596478],[100.53345698869454,7.021293648832949],[100.5324192047117,7.020006253013439],[100.53060654185914,7.018807434593894],[100.5287947299811,7.017866762328159],[100.52638170071587,7.017444353729178],[100.52250782682653,7.018059308021231],[100.52139177314311,7.019181616075561],[100.51984953200882,7.021682151495592],[100.51985484055278,7.023317141114682],[100.51977290130654,7.024608201528487],[100.51883048685424,7.026160209973991],[100.51763022999644,7.027885158967368],[100.5175516375856,7.030208846053436],[100.51781841573501,7.032789572929184],[100.51868561465433,7.034593874302897],[100.51808995337664,7.036833184552185],[100.5192175248136,7.039239008725547],[100.51896724207602,7.041735357309436],[100.51854384990314,7.043974109453485],[100.52061669078559,7.045688430342372],[100.52191152189205,7.046544744724042],[100.5237262606699,7.048345939917608],[100.52571835377785,7.051695493734734],[100.52693214927787,7.054101000188363],[100.52874806853421,7.056246371237064],[100.5306507077009,7.058563551920955],[100.53221249969256,7.062000521215281],[100.53274009501611,7.065268776797377],[100.53266473184873,7.068539013446228],[100.53103631375001,7.071039886233931],[100.53069629096574,7.072417842111198],[100.53069770806233,7.072848099434291],[100.53027664607721,7.07577526509717],[100.53028515172788,7.078356809049801],[100.53089579669233,7.080678214337724],[100.53210887172496,7.082825528314421],[100.53254838955651,7.085491700902396],[100.53246963986228,7.087729319759854],[100.53299275219972,7.089620743998859],[100.53127615333489,7.091519555691256],[100.53033341051137,7.092985552523108],[100.52827420131075,7.09548785386776],[100.52690015397043,7.096783162231927],[100.52578254753712,7.097475257487631],[100.52431865979085,7.097652172952443],[100.52173800162211,7.098779326529378],[100.51959003093877,7.100507420471488],[100.51856250014922,7.10240394607403],[100.5192609886909,7.105241398796742],[100.52168326901713,7.108331349296854],[100.5219496405384,7.11073994766091],[100.5204162669949,7.115994194867253],[100.51853685841246,7.120819315702518],[100.51700371751143,7.126159616531679],[100.51529711922909,7.131156276358876],[100.51393114247925,7.134947079972627],[100.51221940814146,7.13839480520926],[100.51140067663164,7.138311434330417],[100.51006446533427,7.138057649468707],[100.50890027781973,7.13771724504586],[100.50760573582743,7.137033050829316],[100.50639819389338,7.136606727636632],[100.50531960093087,7.13609392719241],[100.5044563907142,7.135580421912914],[100.50355094873287,7.135325211842505],[100.50234481640689,7.135329138126566],[100.50066400421748,7.135076444330184],[100.49936975794263,7.134478275308154],[100.49824795881074,7.133922569209152],[100.49574898386376,7.133758563191445],[100.49449921687457,7.133590502285981],[100.49277589100235,7.133510022426257],[100.4906220806295,7.133516979424487],[100.48907244830227,7.133866193838205],[100.48847188238425,7.134642614340474],[100.48787256541578,7.135806272673262],[100.48740205881559,7.136840434971072],[100.48628526087039,7.137833651929519],[100.48546944050861,7.138653790565544],[100.48491374412252,7.139989414898985],[100.48466083393835,7.14171130749842],[100.48393129780276,7.142574194506009],[100.48328694267742,7.143135617996434],[100.48212621225179,7.143870808772836],[100.48087779930304,7.144132981581898],[100.4792840727752,7.144181123857932],[100.47855272401553,7.144484658906874],[100.4773055490655,7.145134062713871],[100.47541289517193,7.146000665617649],[100.4744661512481,7.146304884558965],[100.47352064647848,7.146996342362121],[100.47305244178237,7.148761953004231],[100.47228475493164,7.151173928630612],[100.47035724805394,7.154622261872876],[100.46945645133829,7.155829899767256],[100.46816601460502,7.156436398126874],[100.46713226028366,7.156482720993423],[100.46622513200154,7.155711119792694],[100.4656192831864,7.15485250271146],[100.46591932383075,7.154378247338673],[100.46652269975984,7.154462380773432],[100.4671278622181,7.15510586225764],[100.46742735144338,7.154459498861402],[100.46750952304681,7.153211446180012],[100.46711934343669,7.152438198215704],[100.46677224373221,7.151664812468802],[100.46595004868024,7.150505692402203],[100.46534174053534,7.148872589391179],[100.46434614657706,7.147369797119011],[100.46369614149681,7.146167095738941],[100.46317633181916,7.145265171137831],[100.46244127224509,7.144406955588956],[100.46161923993265,7.143290849549205],[100.46067112035911,7.143164771080366],[100.4594222756861,7.14329780687571],[100.45843407861594,7.144118454563841],[100.45666774991753,7.144081009921687],[100.45550478302476,7.144127709515571],[100.4555070972905,7.144859169887096],[100.45611264051409,7.14563175299647],[100.4565468273808,7.14670606872751],[100.45693848381269,7.147952627948913],[100.456163347961,7.14804113251437],[100.45538616876065,7.147484229683771],[100.45456591313001,7.146927461081637],[100.45413744424074,7.147660280918405],[100.45388237596741,7.148736773898214],[100.45341191460244,7.149813946367312],[100.45328431155795,7.150330679337145],[100.45384664601181,7.151060373334386],[100.4540646254501,7.151877208387771],[100.45389544189254,7.152867375495732],[100.4535968853343,7.153814923479544],[100.45364391253864,7.155062573347289],[100.45373197693583,7.155664680665459],[100.45317576156847,7.156871207457949],[100.45214608003079,7.158208310776636],[100.4517177359945,7.158984158040221],[100.45115933623266,7.15950224993846],[100.45064211108962,7.159417825553916],[100.45016660630986,7.158902993239564],[100.44878507834818,7.157960736999308],[100.44736020512376,7.156932556457127],[100.44584714783954,7.15525923208278],[100.44463633128709,7.153800090966213],[100.44334031094567,7.152642406098688],[100.44243403237745,7.152128912194211],[100.44221809770477,7.15195747733557],[100.44040810916859,7.151748001609326],[100.43872856995957,7.151925361331553],[100.43756812994943,7.152789540737359],[100.43619484516582,7.154471911001585],[100.4348196689281,7.155551894698007],[100.43331591886373,7.156847415324084],[100.43224121197717,7.157582234826258],[100.43120823989386,7.157886643339148],[100.43026035320133,7.157846561780761],[100.42771771464076,7.157553259591069],[100.42569523937536,7.158291004842616],[100.42518228881531,7.159583434785013],[100.42436657378477,7.160489549548865],[100.42333265280755,7.160492749037997],[100.42229619825203,7.159678420244773],[100.42190541311822,7.158689981549171],[100.42112518048486,7.157143379144649],[100.41991668476811,7.156415629969747],[100.41780139390522,7.155002219138484],[100.41529866414446,7.153676043217009],[100.41361498642706,7.15251945106066],[100.41219045404945,7.151577198220102],[100.40981672919827,7.150164533492061],[100.40856492314032,7.149350823065039],[100.40774351815955,7.148406708760987],[100.40705385568924,7.148279729610653],[100.40610756035112,7.148755930061537],[100.4047747320554,7.149620563250784],[100.40374253486458,7.150183078573481],[100.40240707153391,7.150187145131633],[100.40141558750386,7.149975019307105],[100.40059681516546,7.149891451757258],[100.40025008233505,7.149204049369462],[100.39921663431171,7.149357788209711],[100.39820570643144,7.14983417063344],[100.39732349167043,7.150138046661151],[100.39633416463073,7.150635874441048],[100.39564404125925,7.150358279573046],[100.39516820653465,7.14971429161834],[100.39445667576112,7.149479787988206],[100.39389572824336,7.149180284730763],[100.39354965727628,7.148708016419653],[100.3933335425945,7.14847201235121],[100.39240778962791,7.148625410436944],[100.3913746623694,7.148886702636671],[100.39060027140287,7.149233269430691],[100.38973776870257,7.148934670399061],[100.38934849206436,7.148419499650742],[100.38878637848329,7.147732734330318],[100.38800886942751,7.14704661660254],[100.38753278857878,7.146316561239901],[100.38735904333736,7.145843767919591],[100.38735735619309,7.145284399280058],[100.38746356194639,7.144789249120153],[100.38780748194509,7.144551556083415],[100.38832384815422,7.144356372452219],[100.38860295375875,7.144054330992176],[100.38896698325269,7.143343260803096],[100.38898592511386,7.142482629294501],[100.38904755654069,7.141492783056111],[100.38934852436573,7.14129824750333],[100.3897789883403,7.141189379144363],[100.3907916014944,7.141272384952392],[100.39148021263728,7.141055165071752],[100.39225530590645,7.140945254986745],[100.39332993113705,7.140167495095295],[100.39427648951852,7.13977737804863],[100.39504994928942,7.139129610965176],[100.39550090488862,7.13867644703582],[100.39554222283296,7.138095435801914],[100.39579945456885,7.137685886141515],[100.39625021246326,7.137168179555926],[100.39661533467554,7.13682284619594],[100.39698104364808,7.136671139534156],[100.39745614536761,7.137078473066707],[100.39762917694254,7.137314606381477],[100.39808123839917,7.13722718022794],[100.39859647970401,7.136666248053207],[100.39904814806101,7.136449736632671],[100.39986630773467,7.136339685040664],[100.4005115651706,7.136036528252055],[100.4009198918094,7.135734089713882],[100.40169379262576,7.135236912914456],[100.40188574536003,7.134612416788994],[100.4016048872719,7.134333584052027],[100.40093658930078,7.134141983664126],[100.40072041439215,7.133884468254336],[100.40087014072226,7.13353978586888],[100.40078248053142,7.133045223674239],[100.40060886108415,7.132615464885172],[100.40080133813024,7.132163081607184],[100.40103735045632,7.131861166121834],[100.40146714694727,7.131537148448269],[100.40168142339209,7.131170755934567],[100.4017015228893,7.130697381261349],[100.40161432087974,7.130353417664657],[100.40128986523213,7.129902602304537],[100.40094439449621,7.129623964432874],[100.40068436029335,7.129108410291852],[100.40061869828995,7.128764380994305],[100.40089778691895,7.128462335297248],[100.40119808702826,7.128052653861536],[100.40134794268626,7.127750999808749],[100.40093779236841,7.127451043430568],[100.39953758137261,7.127390742436417],[100.39876212286849,7.127371575504387],[100.39837403474499,7.127243664027607],[100.39798457727613,7.12666395612107],[100.39768270977352,7.126557297447943],[100.39714587217995,7.127096777856139],[100.3967804309215,7.12733453965737],[100.3962626547892,7.127056418000302],[100.39570271330969,7.127079623373786],[100.39486400458388,7.127512441522815],[100.39398267178402,7.128095987313302],[100.39333670326361,7.12816247821604],[100.39294874503015,7.128077590309909],[100.39225560648816,7.126788818091044],[100.39216808779554,7.126337280379942],[100.3916507690619,7.126209751885523],[100.39132703934294,7.125995582752775],[100.39106636890091,7.125264879000652],[100.39102173460947,7.124748668669611],[100.39067594879965,7.124362450265333],[100.39056734779246,7.124061575771896],[100.39026483461926,7.123739769858917],[100.38989783568216,7.123461186213495],[100.38957216514531,7.122601589921444],[100.38913912721723,7.121849887474724],[100.38857821904973,7.121550370226001],[100.38827590312825,7.121293104968226],[100.38790819573471,7.120777862946952],[100.38758356616775,7.120262491274091],[100.3868916203096,7.119360961143803],[100.38639481489105,7.118889132991232],[100.38579122242625,7.118718825639808],[100.3851664145529,7.118656152999407],[100.38458416743558,7.1184212367706],[100.38413050637817,7.117970790877902],[100.38367529918895,7.117004002639748],[100.38324401648573,7.116833176186803],[100.38294177088038,7.116597420466703],[100.38270375415361,7.116232386002523],[100.38270201531019,7.115651501293256],[100.38229149992753,7.115222438271151],[100.38203201065585,7.114878981760585],[100.3820952738865,7.11442698952979],[100.38288909831239,7.113391926261657],[100.38321133404588,7.113111276216078],[100.38342529889357,7.112637319503571],[100.38359676679545,7.112357119637648],[100.38329484639928,7.112228934806275],[100.38314131090816,7.111304272369283],[100.38346264377469,7.110722422986749],[100.38367641452618,7.11018392363937],[100.38328660544882,7.109475111082408],[100.38307064609477,7.109282125757693],[100.38268231859271,7.1090681402095],[100.38128170557617,7.108857172764397],[100.38057088719445,7.108837776541832],[100.38018230398957,7.108537731485709],[100.37944898510638,7.108195683307132],[100.37901816116761,7.10817545099379],[100.37873675611344,7.107702969636452],[100.37869182020154,7.107079183281727],[100.37843259543472,7.106821780424458],[100.37802279778839,7.106629368482992],[100.37720416423589,7.106567257922144],[100.37576112237278,7.106571543001515],[100.37479178675483,7.106531389861669],[100.37440365608676,7.106381939165732],[100.37435949347203,7.106016323212341],[100.37448769822258,7.105671710756363],[100.37491794491524,7.105498318810985],[100.37511095465665,7.105218057647537],[100.37532211255997,7.103797473261421],[100.37560108085822,7.103452413574563],[100.37603113310387,7.103214478093482],[100.37644060698395,7.103299320979148],[100.37678655581475,7.10375009863913],[100.37743262580807,7.103726665522951],[100.37784126735336,7.103531821078583],[100.3786374601651,7.103292795410645],[100.3788950158381,7.102990826882626],[100.37874277735621,7.102496446286923],[100.3786106031183,7.10150717267983],[100.37863098738556,7.101119851285269],[100.3789309765537,7.100602611960948],[100.37888668371484,7.100193968337056],[100.37875579212826,7.099634980603412],[100.3785818258406,7.099076120734354],[100.37838677084193,7.098667924806292],[100.37804133762758,7.098389262271348],[100.377888014274,7.097529137576606],[100.37760725874871,7.09727179697667],[100.37739079608075,7.096906692837234],[100.37782090565116,7.096690271289851],[100.37853100162762,7.096473018009884],[100.37917718909515,7.096492613027372],[100.3797574183346,7.096060599030133],[100.37967043564377,7.095781169248707],[100.37936679796776,7.095072093429295],[100.37908341805293,7.093932667210979],[100.37899547602804,7.093330522577325],[100.37892843152004,7.09251317087781],[100.37894804847514,7.091867677793358],[100.37892491114894,7.091329884096373],[100.37885889161227,7.090856761148704],[100.37866390523479,7.090470078885561],[100.37823239427823,7.090213185199543],[100.37747840172429,7.090150877817493],[100.37711195034883,7.09004439160205],[100.37696029563654,7.089743637893175],[100.37667782137682,7.088905408782189],[100.37633214193556,7.088540685934031],[100.37596345779886,7.087681196764819],[100.37518627337435,7.087059575641434],[100.37484104294111,7.086845451593147],[100.37434403367435,7.086287543373496],[100.37414847979028,7.085707228858013],[100.37429739046623,7.085082866960463],[100.37472583475122,7.084307076905782],[100.37476827115381,7.084091806052038],[100.37448708049257,7.083683861049306],[100.37304054364576,7.082483319440724],[100.3723932293484,7.082076453342967],[100.37189711896237,7.081819742142676],[100.37124955217965,7.081326816532913],[100.37086036470184,7.08081161384032],[100.37055732522167,7.08029615686492],[100.37055262580239,7.078704091818918],[100.37040053564117,7.078252733530836],[100.36960202878626,7.077695704979777],[100.36927758345917,7.077223338631411],[100.36888922642794,7.076987820449749],[100.36826415698485,7.076817541575864],[100.36772561445866,7.076776095171081],[100.36733827168604,7.076884806253043],[100.366013736191,7.076877938113406],[100.36503394469707,7.076923841860096],[100.36407711095012,7.077453755657538],[100.36364609270365,7.077358202839843],[100.3630204550924,7.076994286487599],[100.36258956354732,7.076941761499474],[100.36213779781413,7.077115201063482],[100.36118794467644,7.076354209359897],[100.36110050571658,7.075913414409108],[100.36116398101635,7.075525964841949],[100.36142138037305,7.075170220232466],[100.361840682195,7.074943089968264],[100.36257093914666,7.074263241750435],[100.36283916813238,7.073928979634535],[100.36278422262615,7.073552634026753],[100.36229835779442,7.073113005203689],[100.36234035869816,7.072747133164914],[100.36283412092068,7.072207822191421],[100.36299356255505,7.071497372094226],[100.36281988348753,7.071024557877071],[100.362474481184,7.070745877703982],[100.36262372261945,7.070229089425982],[100.36309474766642,7.069281066767066],[100.36341634170991,7.068785288865596],[100.36358768584802,7.068462067737844],[100.36354341476543,7.068053418918753],[100.36336973713664,7.067580604699676],[100.36308882014747,7.067258706571668],[100.36265733907899,7.067001792386373],[100.3625701858255,7.066657812613771],[100.36254707419886,7.066120013650087],[100.36286873038354,7.065645750842835],[100.36321204817227,7.0652144539012],[100.36426618322523,7.064824106688591],[100.36448040870445,7.064436216155207],[100.36454287198556,7.063704535403034],[100.36419627695246,7.063017080746466],[100.36385025045908,7.062523255834691],[100.36359131410968,7.062351895741968],[100.36369804864195,7.062028863847778],[100.36386731091257,7.060995665545033],[100.36405949542316,7.06043572263087],[100.3639290194619,7.060005811032751],[100.36347619869117,7.059813502709043],[100.36254971469334,7.059665606728551],[100.36205313059206,7.059236763265517],[100.361642313372,7.058678580770703],[100.36135995752944,7.057861846838167],[100.36082061920703,7.05754069959056],[100.36047566925363,7.057412617161184],[100.35967834200848,7.057242823177002],[100.35890223707726,7.056965392425284],[100.35842713199132,7.056514966639526],[100.35829666272231,7.056085052190111],[100.35868374168167,7.055890293358184],[100.35861813061098,7.055546249049119],[100.35842349355242,7.055267124279639],[100.35824932631861,7.054622189785549],[100.35803252727418,7.054127982089278],[100.35762203324677,7.053677366815866],[100.3573624774682,7.053290856470572],[100.35673556401103,7.052475118821528],[100.35641165337636,7.052174853510226],[100.3557209498965,7.051638990634057],[100.35539741577536,7.051467811700777],[100.3551598990535,7.051253353475788],[100.35502999780093,7.051017068187949],[100.35489890879116,7.050372006198648],[100.35487593539105,7.049877233765056],[100.35519696711357,7.049187830994244],[100.35528160841,7.048671231747297],[100.35495763912728,7.048349450135277],[100.35463454511755,7.048328872111418],[100.35409709616096,7.048653151046166],[100.35377487620944,7.048933776462484],[100.3532370512554,7.049128967190864],[100.3529356792875,7.049172869445836],[100.3518589045764,7.049175986083409],[100.35140622262337,7.049026692184767],[100.3505427466061,7.048319201005756],[100.35039062789893,7.047846315406852],[100.35013120606794,7.047502828397264],[100.34987147334809,7.047051768126352],[100.3493957648641,7.046386183248116],[100.34898597027363,7.046172218132718],[100.34797362042674,7.046110594173486],[100.34762917841866,7.046154616936795],[100.34691937981222,7.046457870142586],[100.34612374877653,7.046868943747143],[100.345844719072,7.047192469625783],[100.34569546049151,7.04770925516995],[100.34502854277932,7.047947838191015],[100.34418822398382,7.047799652148337],[100.34395102347446,7.047692760155379],[100.34382038487003,7.047198294508974],[100.34340941393128,7.046575545513664],[100.34230862946478,7.045718113874285],[100.34161813478799,7.045246769152677],[100.34118767394024,7.045334063736281],[100.34067076206638,7.045314031544091],[100.3401536029536,7.045207939988227],[100.33983020096413,7.045079777693148],[100.33899075173188,7.045232786883122],[100.33804325425845,7.045257014585473],[100.33763346407851,7.045043038330935],[100.33748179102015,7.044720748824645],[100.33732962496146,7.044226341451863],[100.33700437504125,7.043452735171611],[100.33670195562546,7.043130876183412],[100.33661489004717,7.04280840146497],[100.33654831272777,7.042120114742456],[100.3364608164239,7.041647036804287],[100.3363307425083,7.041346199721029],[100.33589819014661,7.040701987890069],[100.33615316554793,7.039496424621841],[100.3360654244246,7.038937287439235],[100.33576331672188,7.038723000813598],[100.3355471653216,7.038443923863851],[100.33513695194621,7.03807934079162],[100.33498497618528,7.037649475889204],[100.33491926412593,7.037262394689714],[100.33481066649048,7.03693998053938],[100.33498171756818,7.036509194192067],[100.33538989983104,7.036163791091223],[100.3354103894893,7.035797978968581],[100.33502189833948,7.035497878116691],[100.33407288317397,7.034984225135251],[100.33366279705614,7.034662669455055],[100.3327581431839,7.034600700698793],[100.3319398131906,7.034603029437834],[100.33144487585488,7.034733526937457],[100.3310362008108,7.034906808646318],[100.33071305287307,7.034864697330946],[100.33049666125362,7.034499557936934],[100.32997859635768,7.034070730457627],[100.32922517733464,7.034180444778125],[100.32883852598484,7.034525781941365],[100.32867022221859,7.035924733276373],[100.32869304220715,7.036376483058834],[100.32824123294833,7.036528370228287],[100.32768131964167,7.036529958762529],[100.32735768141049,7.036315726754372],[100.3272071189039,7.036380698659056],[100.32707876374221,7.036682272475183],[100.32664824415347,7.036748037908655],[100.32554970713414,7.036665090279354],[100.3250107790329,7.03647298112988],[100.32468720272699,7.036280261877587],[100.32432019048552,7.035958575143362],[100.32391035233933,7.035723069221024],[100.32296298938711,7.035790292613735],[100.3226839461982,7.036113806593656],[100.32221029453288,7.036158174802775],[100.32113359711165,7.036182729923042],[100.32078891270882,7.036140672534594],[100.32007691462076,7.035669349840188],[100.31940871714825,7.03545608304634],[100.3188918734336,7.035457539437416],[100.31736342273125,7.03565547873018],[100.31693271910348,7.035656690581759],[100.31656753032534,7.035980444012996],[100.31641732948823,7.03617450218016],[100.3155988701436,7.036133773036106],[100.31510313619198,7.035984560392527],[100.31464938326964,7.035447957502623],[100.31428237723401,7.03512626147598],[100.31399866920177,7.033793121367892],[100.31350251482307,7.033493301879949],[100.31238232620376,7.033367351977666],[100.31205899744725,7.033260682410801],[100.3116275706213,7.033003709495786],[100.31119735126912,7.033177035301026],[100.31057313437377,7.033286358347052],[100.30994837435644,7.033202045876096],[100.30906531332333,7.033161484948402],[100.30859135957188,7.033098264151186],[100.30798795420485,7.032949343809469],[100.30721226800581,7.032800903540195],[100.30632788428058,7.032287007203877],[100.30602597182798,7.03213724299457],[100.30542382964876,7.032440134190525],[100.30497351383741,7.033129874976383],[100.30448288892039,7.034809426332774],[100.30416268241522,7.035821532155741],[100.3036907668049,7.03648981753378],[100.30358429080597,7.036920417878034],[100.30365285986623,7.038340229336858],[100.3036552620773,7.03920083014338],[100.3031183163561,7.039718690464068],[100.30292611781243,7.04030013594226],[100.30301334061544,7.040687166456919],[100.30325185300022,7.041267412144379],[100.30327489010058,7.041805227665249],[100.30308383255908,7.042795458689215],[100.30308557448497,7.043419394300577],[100.30313062825606,7.044129269938208],[100.30304538660263,7.044452235313965],[100.30224868531994,7.044497485372803],[100.30138695645316,7.044392308694063],[100.30043890493062,7.044222824822726],[100.29989979271365,7.043966141355053],[100.29942450939787,7.043429581945184],[100.29909949785974,7.042720482654496],[100.29842961810205,7.041904764317485],[100.29791037034104,7.041045596178795],[100.29752201208808,7.04078849072675],[100.29657199660994,7.039908999770325],[100.29626930435963,7.039479533568855],[100.2961606115189,7.039114075451876],[100.29633116385742,7.038489660763737],[100.29628725690169,7.038188568907379],[100.29600675839487,7.037995708554035],[100.29538252797919,7.038105013153478],[100.2944350262142,7.038129150227061],[100.29394006748383,7.038259610669027],[100.29350864242629,7.038002620119577],[100.29262491302879,7.037725363312128],[100.29172024387515,7.037663315313907],[100.29122522485713,7.037772257806943],[100.29006165384986,7.037538798424049],[100.2893293279267,7.037497785890025],[100.2886404290623,7.037585744493556],[100.28792963830416,7.037544670461662],[100.28741183705122,7.037201849959857],[100.28721695037022,7.036815110139187],[100.28715044707323,7.036126802585343],[100.28721351235242,7.035567230683315],[100.2868892364774,7.035116300298738],[100.2863500810634,7.034838082667564],[100.28572513977183,7.034689191918506],[100.2855515544444,7.034216331068063],[100.28406271594339,7.033166164081766],[100.2833072065134,7.032522774249258],[100.28276681600015,7.031792732236992],[100.28216294249354,7.031471655109948],[100.2814736952107,7.031430510524464],[100.28054773637672,7.03145455824352],[100.27923361168098,7.031286025845361],[100.27880125788697,7.03068477520162],[100.27834801700583,7.03032025038424],[100.27800251187656,7.029976946530743],[100.27759240152642,7.029633818499832],[100.27722571477068,7.029419664114241],[100.27632111725589,7.029379098309489],[100.27595566383123,7.029616763339344],[100.27552495867607,7.029617936097608],[100.275071662303,7.029231892174201],[100.27487614432717,7.02860847662465],[100.27502489682257,7.027876547177777],[100.2751960052679,7.027445772972467],[100.27528097289243,7.027015233142548],[100.27534159038608,7.025552018824649],[100.27518932047143,7.024993031759721],[100.27503757858707,7.024627682056614],[100.27473503324742,7.024241226832172],[100.27434576262606,7.023639852596683],[100.27371931568709,7.022931544852859],[100.27358870104112,7.022415528800452],[100.27304810419817,7.021599409240705],[100.27296067765835,7.021126306490074],[100.27319621589947,7.020630811796081],[100.2733243135156,7.020221670497609],[100.27312745849358,7.019103401047765],[100.27308298539197,7.018587150748818],[100.27284522590497,7.018265063848339],[100.27232809941745,7.018158888899214],[100.27151007043986,7.018268683425141],[100.2702824714884,7.01822897710654],[100.26989437880592,7.018057903615255],[100.26929093864612,7.017887412247021],[100.26920462467598,7.017823099222745],[100.26851545367738,7.01780344706593],[100.26774049278856,7.017913118648806],[100.26679296200463,7.017915677338546],[100.26621163879737,7.017960277210391],[100.26582517515229,7.018391630116255],[100.26584827991438,7.018972486719746],[100.266196967621,7.02049914727929],[100.26615418866187,7.020606840299595],[100.26611338774138,7.021446055376266],[100.26561988655345,7.022114368164902],[100.26469504396341,7.022547173333031],[100.26435158765062,7.022956894349208],[100.26400836315904,7.023452676694524],[100.26344961276068,7.02388449310003],[100.26308537417411,7.024573971462875],[100.2631086514627,7.025219374733542],[100.26319601179674,7.025670965514898],[100.26289724866488,7.026683000533398],[100.26240188026453,7.026662819433957],[100.26179813932511,7.026384743052009],[100.26140980916918,7.026127601694402],[100.26112840160623,7.025590470175048],[100.26089052888989,7.02522534568106],[100.26019937521176,7.024474159581735],[100.25998292315268,7.02406594569499],[100.25991698567489,7.023571265009291],[100.25965717471473,7.023055589519642],[100.25941942042338,7.022733494624323],[100.25898796661122,7.022454950692597],[100.25859987260178,7.022283867773343],[100.25844837529834,7.022004571853109],[100.25861938323911,7.021530770413286],[100.25848901646582,7.021100808746983],[100.25760636983284,7.021210753834622],[100.25739177073302,7.021491031693732],[100.25691823090625,7.021578363198429],[100.25620722795449,7.021451174378075],[100.25558253847316,7.02138830016896],[100.25523751624603,7.021217098792804],[100.25465555116178,7.021025015315541],[100.2540525700109,7.021026627695073],[100.25347095097696,7.020963635376694],[100.25219842678757,7.020235502747531],[100.25151062852397,7.020732197547308],[100.25112311254786,7.02077626248344],[100.25067070392694,7.020712921943805],[100.25023925596676,7.020434368684504],[100.25004452159786,7.020090637346315],[100.25014972715576,7.019165184432805],[100.25023460363695,7.018691614172754],[100.25053396791274,7.017894737798576],[100.25061844194282,7.017270559146771],[100.25050904463087,7.016625381411123],[100.25035646326549,7.015937287322064],[100.2501616738743,7.01557204016079],[100.24949254530999,7.014992899038948],[100.24869420965713,7.014414100303393],[100.24828395998453,7.014006393616685],[100.24811059330057,7.013598056878926],[100.24804518705487,7.013297011428498],[100.24787233639486,7.013082314127121],[100.24750573065732,7.012889647128608],[100.24642842219028,7.012677350872582],[100.24599761332753,7.012635462687361],[100.24502849340303,7.012616517155038],[100.24444648446226,7.012402902774898],[100.24420846048622,7.011973219496961],[100.24416270780766,7.010962102963972],[100.2440323011769,7.01051061867549],[100.24344949659799,7.0099957847699],[100.24284544373705,7.009588584657362],[100.2426719127407,7.009115698034494],[100.24241230087317,7.008664554593759],[100.24189444578701,7.008278640599363],[100.24163540465338,7.008042652191507],[100.24092356926992,7.007592702157257],[100.24053566315735,7.007486147586648],[100.23986809255031,7.007487909198082],[100.23922120386545,7.007166879239398],[100.23868249976277,7.007039204833606],[100.23784288010974,7.007127479852893],[100.23728371967623,7.007408656984337],[100.23680978924192,7.007345357139209],[100.23603454507601,7.007347396607027],[100.23584118740513,7.007520031209904],[100.23510872861151,7.00741437783206],[100.23388035225307,7.007073351859378],[100.2331701072574,7.007225826392365],[100.23282606276639,7.007420371071536],[100.23222371571515,7.007658624450852],[100.23136295243062,7.007897554327714],[100.23095492363763,7.008328939337601],[100.2299863155397,7.008503602066238],[100.22919105510044,7.00908661002861],[100.2289122314654,7.009517655725815],[100.22843970737777,7.009992239491429],[100.22803212470768,7.010595748131506],[100.2274963460627,7.011586876505882],[100.22672289357367,7.012277403813808],[100.2261856473645,7.012709123492579],[100.2256911324181,7.013011636144393],[100.22517536302533,7.01342178305761],[100.22446650879807,7.014112139138786],[100.22403670844322,7.014457513406192],[100.22367117538835,7.014673624753916],[100.2225522531622,7.015020793461058],[100.22166970959708,7.015173701882476],[100.22115337319303,7.015368688075363],[100.22046481178111,7.015585637427163],[100.21992671508826,7.015694615466635],[100.21897989913118,7.015976781553456],[100.21715042117825,7.016368814975785],[100.21661215458981,7.016413242206524],[100.21560033787934,7.016544959106215],[100.21491138032047,7.016611290596914],[100.2143948710357,7.016741722754902],[100.21364153011439,7.016894282758393],[100.21327598915784,7.017110387142424],[100.21273883451939,7.017585126026881],[100.21213690600257,7.017995483953559],[100.2113416040572,7.018578468068958],[100.21076109694687,7.018945737429585],[100.209815322037,7.01963668756442],[100.20884745340177,7.020112533511599],[100.20860135149726,7.020715614662934],[100.20795750972027,7.021577911860395],[100.20705557267395,7.022569968730433],[100.20662475179489,7.022528045376561],[100.20597646983909,7.021669073345424],[100.20563112675728,7.021368737266352],[100.2052423809392,7.020939416411947],[100.20493977752237,7.020509873862961],[100.2045944359575,7.020209536746862],[100.20390452845864,7.019910083592451],[100.2036023693013,7.019652666761971],[100.20312715364169,7.019094469304943],[100.2026094208655,7.018751540283735],[100.20204795555334,7.018150530340636],[100.20178842758564,7.017720874584723],[100.20165778080317,7.017161792495244],[100.20165612531058,7.016516315998038],[100.20156744632754,7.015526805817869],[100.20169378878413,7.014407649084205],[100.20143216818627,7.013160388913593],[100.20173222565855,7.012600204453505],[100.20246309387522,7.012081949213893],[100.20338849344765,7.011842902961743],[100.2038611040274,7.011389855620177],[100.204268335168,7.010635751423034],[100.20424563993082,7.010183973387291],[100.20409379047199,7.009754042359812],[100.20387755751419,7.009410340251521],[100.20370494686648,7.009281686393708],[100.2037459737084,7.008485488720192],[100.2036793264449,7.007689566825557],[100.20391505021543,7.007237126714449],[100.20430140669383,7.006741268603744],[100.20440814177897,7.00637522290991],[100.20427760789971,7.005859173024462],[100.20414519749745,7.004611583315826],[100.20418705248493,7.004138123770431],[100.20463663026773,7.003104203564234],[100.20510856933446,7.002392966084372],[100.20562412862495,7.001896776618034],[100.20620456675879,7.001508000410202],[100.20736532930643,7.000687414614693],[100.20833233291734,6.999888840262902],[100.20908515218295,6.999542650498506],[100.20979528928679,6.999347181294204],[100.21037599749734,6.999065980180092],[100.21074174937095,6.998935943385646],[100.21102075336039,6.998569453954466],[100.21112703843414,6.99803128122736],[100.21054455791867,6.997623976432086],[100.20996130266228,6.996915449042183],[100.20987438988021,6.99661444875789],[100.21011049126076,6.996312618150884],[100.21045365399026,6.995773836465195],[100.2106242097665,6.99510640269139],[100.21051498714786,6.994504236227269],[100.2101475212468,6.993967281363558],[100.20969375359684,6.993365999814153],[100.2091759381985,6.992980041937428],[100.20865801298577,6.992551051639543],[100.20842075071523,6.992401048518027],[100.20805345481624,6.991928638845156],[100.20753525548747,6.99139206762081],[100.20721119510299,6.990984094170438],[100.20677874745272,6.990296689950997],[100.20673402335763,6.989651324246776],[100.20636551765897,6.988705563377253],[100.20632140150659,6.988296872063858],[100.206017389483,6.9873079134414],[100.20584307831872,6.986512266764456],[100.20545387066596,6.985889297631564],[100.20521556602057,6.985330490315983],[100.2048264705017,6.984750552099266],[100.20437365552635,6.984515032654924],[100.20346868684938,6.984302183005514],[100.20247796836681,6.984240162489927],[100.20172373687564,6.984026924825781],[100.20058069090278,6.983341322580585],[100.19971764121026,6.982676520878973],[100.19950159139043,6.982397361497574],[100.19952175485733,6.981859408436145],[100.1996499155633,6.981450277150048],[100.19964909342772,6.9811275381766],[100.19910779396066,6.979967046363704],[100.19895645628704,6.97973075411985],[100.19848249814733,6.979645893955882],[100.198116426982,6.979646823677137],[100.19749222601548,6.979755988767422],[100.19710445697784,6.979692424512028],[100.19684517897967,6.979348824779642],[100.19660661519963,6.978682430861053],[100.1966266732688,6.978101445387439],[100.1965827319089,6.977757299245993],[100.19632334629596,6.977370667030335],[100.19563356418472,6.977092705568067],[100.19507342023351,6.976986543625613],[100.19472806594594,6.976664676228084],[100.19464040482659,6.976062446916749],[100.19448874356027,6.975697056742272],[100.1940999967727,6.975246201717455],[100.19377623241553,6.974945794792237],[100.19362473572234,6.974644952103779],[100.19398944120667,6.974106126963797],[100.19422559981855,6.973825820203154],[100.19415996426723,6.973417179918089],[100.19415903785762,6.973051408219981],[100.19385610034661,6.972471238817792],[100.1937689322083,6.972062652796284],[100.19376806074844,6.971718397011599],[100.1939179765887,6.971395276254571],[100.19393863834416,6.971050966055723],[100.19385092601601,6.970427220121756],[100.19352722006275,6.970148328366172],[100.19333233262068,6.96971849807322],[100.19335261395535,6.969223575870724],[100.19324402301055,6.968858075887294],[100.19296343925356,6.968600590731162],[100.19246681761734,6.968063940757698],[100.19212087442664,6.967505393883854],[100.19224914884099,6.967139295940833],[100.1926575159497,6.966837039755955],[100.19300188167523,6.966771622316391],[100.19328115850337,6.966512723769985],[100.19407510467725,6.965413396368292],[100.1948698097708,6.964615291997402],[100.19497692983178,6.964399860067159],[100.19491162309069,6.96412031552284],[100.19456546325192,6.963475706396659],[100.19449999367393,6.963131613755415],[100.19434812069369,6.962680158653216],[100.19417487846026,6.962293305787039],[100.19413121431568,6.96205673860049],[100.19348196716349,6.960767409141197],[100.19337321611353,6.960337360745514],[100.19334940055285,6.959433743029103],[100.19341263995385,6.958895680082316],[100.19343265095272,6.958293177741428],[100.19351764033733,6.957841124504786],[100.19351660783268,6.957432320477065],[100.19332189061002,6.957067037069515],[100.19304142355169,6.956852582660646],[100.19282512009241,6.95646583719806],[100.19265095924234,6.955713210906736],[100.19264938496967,6.955089246607741],[100.19269044159641,6.954293045730219],[100.1924514679397,6.953454517759463],[100.19232091691968,6.952916942686057],[100.19212604027696,6.952487110193161],[100.19169425352871,6.952036357506783],[100.19160752765033,6.951799897956822],[100.19177610031129,6.950336375144695],[100.19136508990054,6.949584343208445],[100.1911052400016,6.949004060063377],[100.19103907261291,6.94838025758782],[100.19097171430609,6.947283102383119],[100.19099243431587,6.946960307815607],[100.19128471541624,6.946734279694023],[100.19152370699004,6.946386547687923],[100.19184260961372,6.946120085225652],[100.19209962585623,6.94581751888241],[100.19255725940924,6.945369862597749],[100.19275078644269,6.944987612840981],[100.1928173709661,6.944518877012327],[100.1928207930139,6.943625767397052],[100.19291677308652,6.94344965460485],[100.19287846719519,6.942760280949197],[100.19306056940592,6.942257436642449],[100.1933485010105,6.941785340933794],[100.19315028178386,6.941045009714814],[100.19292288950247,6.940574119685227],[100.19278163244122,6.940196419172788],[100.19268529848357,6.939757480169254],[100.1924977726279,6.939499072403416],[100.19246763852237,6.939298139310329],[100.19270319008508,6.938889833073936],[100.19390139039129,6.937233177315387],[100.19389834611844,6.936735681554906],[100.19406881808413,6.936327448268963],[100.19423978116305,6.936114254584027],[100.19432780107526,6.935859946553527],[100.19444446606829,6.935215484761816],[100.19442572188177,6.934795972555376],[100.19431021883592,6.933561094711707],[100.19422674047048,6.933307218012832],[100.19380553767732,6.932746844910486],[100.19340297426773,6.932594138657857],[100.19308342746974,6.932571341227087],[100.19309346576016,6.931785365124321],[100.19340058043258,6.931642721024518],[100.19375584253248,6.931830901419255],[100.19414630118217,6.93188905617661],[100.194305932839,6.931859086754534],[100.19491975963966,6.931384815386963],[100.19539232615776,6.931153140121028],[100.19569963333257,6.931057785068097],[100.19607229976188,6.931104137778826],[100.19650398290834,6.93108532796704],[100.19681775203276,6.931214564738369],[100.19778612128741,6.930615247275568],[100.19819384764986,6.93047822421179],[100.1987429951604,6.930134138996366],[100.1989966724049,6.929903012847158],[100.19951175217778,6.929338202061317],[100.20002229445151,6.928927300815148],[100.20009288616968,6.928393270370478],[100.2002097971784,6.927878834985195],[100.20054212779218,6.927203808415695],[100.20133783985226,6.926386914171652],[100.2014170309749,6.926273053481683],[100.20142474930223,6.9259611682119],[100.20154448170491,6.925205750817028],[100.20164632035983,6.924781504314021],[100.20175782395337,6.924519721861303],[100.20177276198847,6.924082312515668],[100.20190001154822,6.92387935504098],[100.20214204177944,6.923707031762178],[100.20269328983565,6.923489348419552],[100.20289922321658,6.923326339166974],[100.20343986936186,6.922783162599282],[100.20382225191003,6.922337409012234],[100.20424502748321,6.922164537010198],[100.20490143765008,6.922070373013922],[100.20562427646367,6.92206854145889],[100.20573828890556,6.921826012043986],[100.20592586636216,6.921076752345741],[100.20590318074994,6.920812596893785],[100.20575236091038,6.92046060477016],[100.20529428920806,6.92054540576467],[100.2050736924809,6.920457893550097],[100.20473778770591,6.920102029454625],[100.20452922777235,6.919551977899487],[100.20391212747062,6.91954910894192],[100.20349356031441,6.919585432366755],[100.2030747176302,6.919542455990062],[100.20278351001566,6.91941985647598],[100.20216152728898,6.919227563291476],[100.20165883122462,6.919136421598965],[100.2010944663024,6.919093720408966],[100.20050856989647,6.919183360438691],[100.19991848113234,6.9193565604275],[100.19972555901379,6.918761255232104],[100.1999158788875,6.918325935232968],[100.20026765277609,6.917963902127974],[100.20060143460827,6.917540246332989],[100.20074118810602,6.917028918300486],[100.20078266697931,6.915989411186372],[100.20099291976432,6.915469134403164],[100.20161773367833,6.915071147346326],[100.20148941507372,6.91470272975136],[100.20159451793532,6.914182446927433],[100.20162826307318,6.913449580910237],[100.20165969414678,6.91188926785685],[100.20153987521381,6.911251370692907],[100.20132626700405,6.910944564538926],[100.20095875164296,6.910626391336621],[100.20067380246762,6.91020158281716],[100.20018611406249,6.909133207518419],[100.1997755007967,6.908088237482096],[100.19943695968803,6.907509935295209],[100.1993357100537,6.907220567702451],[100.19926760009763,6.906015139565551],[100.19933737718483,6.905571714294961],[100.1996948526749,6.904276601766846],[100.19992840497146,6.903082260096853],[100.20018096776714,6.90238428855803],[100.20043409569656,6.901910833899624],[100.20088791775736,6.901330537531643],[100.20079123925444,6.900515263110655],[100.20077047621027,6.899945655519682],[100.2009585626278,6.899721929772489],[100.20140915027613,6.899517255198351],[100.20181949099566,6.899480595588074],[100.20271456053693,6.899136454401517],[100.20398780474328,6.898460051266155],[100.20453947593637,6.898096247544093],[100.20486749213568,6.897582274343726],[100.20563213479497,6.89721729907296],[100.20601611566629,6.897086302209642],[100.20680806086887,6.896895137891237],[100.20719229535896,6.896835120809548],[100.20767662957616,6.896639488497693],[100.2070651415344,6.895716922104927],[100.2072984450048,6.89558160343685],[100.20793154535565,6.894342306039917],[100.2082971076726,6.893068963157773],[100.20858310255124,6.892289254282989],[100.20867382499809,6.891486439319564],[100.20867274931139,6.890855567928573],[100.20860302956918,6.890110215083956],[100.20852180575271,6.889536693034302],[100.20847473820844,6.888836945881072],[100.20853056237256,6.888574309689313],[100.20879553665623,6.888216924876381],[100.20912837839046,6.888080088334052],[100.20972532162881,6.887919254379582],[100.21063147056883,6.887747419027007],[100.21123364798063,6.887503020248522],[100.21150245976125,6.886600471027184],[100.2115618007384,6.885930565649041],[100.21174282027289,6.885013771424776],[100.21211221173056,6.884166667204726],[100.21233722022596,6.883882352994076],[100.21318483205104,6.882907445293992],[100.21399899901338,6.88210433258557],[100.21481342248289,6.881461897840691],[100.21625861800925,6.880762340088592],[100.21715369699434,6.880440694393228],[100.21768151264718,6.880303176360836],[100.21795999861806,6.880186546954571],[100.21819762188096,6.879993705522088],[100.21838705308633,6.879747457062622],[100.21864289446827,6.879149208650308],[100.21870140450599,6.878800936150117],[100.21898150457791,6.87396103480696],[100.21885347710233,6.872768065404173],[100.21884092314336,6.872145905568752],[100.2193347484171,6.87185059753927],[100.21996531012006,6.87159807207532],[100.22026977758719,6.871342759688389],[100.22032032634702,6.870886905747652],[100.22013794950325,6.870562033031067],[100.21985212732523,6.870257225897202],[100.21770018290592,6.868731135541004],[100.21730840687498,6.867928371597121],[100.21721570983689,6.867274586263524],[100.21736407319035,6.866666575187493],[100.2174095340005,6.866115971968681],[100.21731720315584,6.865840872069761],[100.21696062263511,6.865496908498543],[100.21642061765769,6.865118507072635],[100.21601839933346,6.864579618459295],[100.21528189887427,6.863249209760135],[100.21490656607924,6.862541614772336],[100.21469143020079,6.862271978992223],[100.2137644673111,6.861689566686908],[100.21336236651418,6.861459917452073],[100.21305383519629,6.861229579144259],[100.21297111623015,6.860829580754269],[100.212798703085,6.860428091006035],[100.21238468149967,6.859968979857281],[100.21182116163838,6.859464582616876],[100.21148023599133,6.859052214817284],[100.21123489407718,6.858639062937549],[100.21081977936375,6.857745836501987],[100.21053205667575,6.856712134060282],[100.21053132257506,6.856184794583529],[100.21066811417555,6.855748615478309],[100.21101177045617,6.855175106205616],[100.21143542503768,6.854280396871858],[100.21143480725945,6.853592467718019],[100.21110074679586,6.853030342574094],[100.210697663511,6.851964107241486],[100.21051316772929,6.851207196988915],[100.21023654502709,6.849867657904202],[100.21018884871025,6.848884257105536],[100.21024553035559,6.848488879496022],[100.2104049251436,6.847754793451393],[100.21098834296208,6.846332884036358],[100.21103243130355,6.844967671144293],[100.21092791976567,6.84411896151238],[100.2108082681968,6.843776110965396],[100.21031769537933,6.843222244395755],[100.20999699621746,6.8429839751404],[100.20856108126024,6.842352821236552],[100.20734259486555,6.84198786230079],[100.20645968630838,6.841962859985173],[100.2057253395955,6.841849955019079],[100.20495543879028,6.841573292754451],[100.20442721451225,6.841355250820712],[100.20265903528218,6.84036086826763],[100.20204945324156,6.839922124752598],[100.20152013104207,6.839233794952255],[100.20084223713337,6.838419786099657],[100.20014094285409,6.837765791507098],[100.19947391219506,6.836997597033773],[100.19894483343883,6.83619451638954],[100.19857631568492,6.835357126813403],[100.19829997452081,6.834290738423845],[100.19810323990428,6.833430857530205],[100.19797609107279,6.832558958028895],[100.19781424622587,6.83183643225047],[100.19767555786618,6.830884265914051],[100.1975365232755,6.83024252089719],[100.19732931213362,6.829668671627148],[100.19703009090554,6.82920988734359],[100.19677772330607,6.82892957104744],[100.19645592781592,6.828694095653888],[100.19588103671465,6.828155066252044],[100.19559350030805,6.827803673744965],[100.1953865495055,6.827363286167842],[100.19527142131884,6.827002423581342],[100.19522444509651,6.826503316631727],[100.19539062696569,6.825578694903063],[100.19550444011472,6.825349643508233],[100.19554215395043,6.823739574938978],[100.19560311200125,6.823017579916524],[100.19568994365267,6.822409091616492],[100.19580599297218,6.822029028926405],[100.19597610061044,6.821754988424916],[100.19606628363572,6.820723133065627],[100.19617972712301,6.819713916150308],[100.1962582545891,6.818314612096343],[100.19627871926446,6.816307359607696],[100.19636855798971,6.815798509682725],[100.19639206001328,6.815286749722701],[100.19634892572296,6.814741427165472],[100.19626491393211,6.814380396751782],[100.19593530169773,6.813756030643712],[100.1955172027608,6.813222396223973],[100.1922426035942,6.810836635462763],[100.1917627227178,6.810479925587472],[100.1912660162895,6.809956245615376],[100.19123047580172,6.809522303623075],[100.1917220285337,6.808895004414361],[100.19117581071409,6.808927184821593],[100.19081830446956,6.808877519238063],[100.19034974581037,6.808754251358901],[100.19017620873275,6.808151377248424],[100.19016994981756,6.807973078756094],[100.1903838003709,6.807889363249222],[100.19122270341079,6.808095269615191],[100.19146051552661,6.80807687032134],[100.19193052272716,6.808182682016409],[100.19243603237722,6.808223120395535],[100.19261365671976,6.808153508830348],[100.19291446926941,6.807875168760467],[100.19312937670317,6.8072227806742],[100.19342546251838,6.807115351123287],[100.19356895035605,6.806788299512915],[100.19361403571152,6.806283357931524],[100.19355769334493,6.805976511692741],[100.193170653034,6.805900336100459],[100.19301912729394,6.805933352534728],[100.19276614637818,6.805821038455988],[100.19198550607173,6.805187019383705],[100.19207082469377,6.804779635156562],[100.19195659684453,6.804597985927895],[100.19165740352219,6.804352501711052],[100.19184315172632,6.80388654736417],[100.19210557051804,6.803469865370872],[100.19229811285564,6.802945571506484],[100.19245821825821,6.802731236556727],[100.1927335454585,6.802557307830452],[100.19279685565039,6.802180992891436],[100.19274138231303,6.801620960325992],[100.19255582144763,6.801375829273322],[100.19238623438528,6.800074610578129],[100.19236723054593,6.799599123734748],[100.19251455523028,6.799043112553148],[100.19297894767216,6.79853985049984],[100.19351115758354,6.797824560371871],[100.19429092454334,6.797142567961971],[100.19465768845984,6.796775360642849],[100.19491542316715,6.796578959484946],[100.19479843172815,6.7961537186133],[100.19466548852304,6.795885310099663],[100.19440606260011,6.795668483161287],[100.19456154247159,6.794850858680236],[100.19437920239531,6.79460987947885],[100.19396596623382,6.794435749221058],[100.19364432593987,6.794252260174701],[100.19297482184416,6.793628183353843],[100.19253189649623,6.793061780002647],[100.19241416258407,6.792818380172989],[100.19238956854986,6.791556770593038],[100.19257241764683,6.790914770533186],[100.19299604963399,6.789767980139421],[100.193843081524,6.788139097875302],[100.19411067401037,6.787766439475887],[100.1951497737034,6.786969063195166],[100.19570006154134,6.786510438775773],[100.19626804014756,6.785995436895301],[100.19639410955706,6.785716985561414],[100.19653829401356,6.785191002474264],[100.19687194091513,6.784710125042597],[100.19711314683757,6.784530131178584],[100.19711104218891,6.78428210682064],[100.19718688352991,6.783785227616025],[100.19782947510411,6.783576754411357],[100.19782612186445,6.782914054632315],[100.19868791317786,6.782769329923282],[100.19902093720042,6.782792288314265],[100.19933171957523,6.782751282197317],[100.19909707173233,6.777163378606629],[100.19907793268928,6.77681502722282],[100.19921971886711,6.776588168300719],[100.19924760152638,6.775855585232042],[100.1993435661679,6.775683545180301],[100.19924064925003,6.775457380854998],[100.1988050134464,6.774846294412331],[100.19836977872744,6.774306549915652],[100.19795190460827,6.773606171256707],[100.19773601629821,6.77288757134116],[100.19759780097873,6.772293563207144],[100.19713262455566,6.771741954889534],[100.19745853115919,6.771271677031579],[100.19738660751796,6.771057823524569],[100.19711838938346,6.770779168216647],[100.19707017682993,6.770529629650731],[100.19709316990857,6.770202694672864],[100.19731778247817,6.769649387084565],[100.19760796717755,6.769185074809475],[100.19764301379941,6.768905672549759],[100.19755925656422,6.768733442624113],[100.19750482848502,6.768353258483027],[100.19738506087297,6.768008771358104],[100.19643823831423,6.767392971466057],[100.19612242607994,6.767114432204519],[100.19584154188668,6.766568336049178],[100.19560337028062,6.76643220222627],[100.19557849165521,6.765962787967064],[100.19519694519761,6.765589194126109],[100.1947209558011,6.765429953194594],[100.19451242014019,6.765240215550585],[100.19447624884414,6.765032331730544],[100.19424938535963,6.764670292888492],[100.19409358174742,6.764171450483305],[100.19375244227602,6.763268781835207],[100.193924252906,6.762995011871921],[100.19452980849618,6.762631020449288],[100.19473136701875,6.762410617219529],[100.1948492615849,6.761994292106391],[100.19498561383013,6.76183345673761],[100.19453869239665,6.761418518064242],[100.19444307789902,6.761216657523947],[100.19441819953413,6.760776811157322],[100.1945064737553,6.760419966640527],[100.19435089133192,6.759341874352815],[100.19420894195058,6.75895466992109],[100.19389550987623,6.758579007889995],[100.19336886166177,6.757776348427717],[100.1931107153402,6.756702304086573],[100.19287157954378,6.756200771055386],[100.19234877670672,6.754986313972568],[100.19219788846137,6.75457272675275],[100.19204749638202,6.75436168574394],[100.19154753358396,6.753942893721306],[100.19138694763568,6.753925473041374],[100.19119621951496,6.753723843856825],[100.19111801656042,6.753349593236185],[100.19126500675009,6.752719166260472],[100.19111531286404,6.752244087802442],[100.19133988260715,6.751702718788589],[100.19127368677248,6.75138775629312],[100.19113643445735,6.751180118702007],[100.19121891891079,6.750864883276781],[100.19142605288606,6.750454308633699],[100.1914133028103,6.750121492598237],[100.19132334092471,6.749788865218429],[100.1915010720721,6.749526927505248],[100.19152981654531,6.74917022881223],[100.19145820959763,6.749021838731917],[100.19108879389609,6.748689893962588],[100.19098097393913,6.748345374189316],[100.19053432904353,6.748067147895042],[100.19018921816681,6.747972865154603],[100.18918304508323,6.747410717644262],[100.18861708503118,6.746936652353777],[100.18845593613422,6.746687386718986],[100.1882872591851,6.745736817380391],[100.18827433595676,6.74536240658033],[100.18819616649878,6.745000000100309],[100.18836747465697,6.7449184733227],[100.18911723671458,6.744837345555462],[100.1895742332256,6.744467666984124],[100.1900495910651,6.744377350702423],[100.19072886205299,6.743718950769011],[100.19123643249945,6.743378715962884],[100.19132425531365,6.743264025988788],[100.19122262786126,6.742674715655492],[100.19109669240325,6.742181674712632],[100.19103318812526,6.740523560817876],[100.19091331926387,6.740131597870598],[100.19071019780726,6.739739837876951],[100.19089370610642,6.739400665452824],[100.19096418382057,6.739026051553992],[100.19094508848849,6.738568376435327],[100.19082517901143,6.73812885089071],[100.19074005618387,6.737362360952043],[100.1906621793387,6.737089111318794],[100.19028117205738,6.7368939121332],[100.18966231473091,6.736687356040735],[100.18939435440399,6.736503816581474],[100.18934636934426,6.73634343231546],[100.1893631995507,6.735933322349208],[100.18947582356658,6.735802296286875],[100.18962927936454,6.735314541904394],[100.1895867120668,6.73492826743279],[100.18964662692795,6.734688138531676],[100.18936564958933,6.734488987334926],[100.18889455906498,6.733907627626556],[100.18896523863125,6.733645951859882],[100.18910152892535,6.73346133785379],[100.18911294406287,6.733247459284827],[100.18902233557888,6.732677109498739],[100.18892693336996,6.732558435084469],[100.1889254435718,6.731946273784621],[100.18888845510466,6.731399574759402],[100.18861249143555,6.730377830730338],[100.18857624337359,6.73010456951935],[100.18840254226757,6.729629546505338],[100.18817001291205,6.729350703822593],[100.1881338495928,6.729142818290854],[100.18791845617675,6.728578648514105],[100.18764794303844,6.727372788253164],[100.18756939196436,6.726820221688821],[100.18786385952569,6.726279770488901],[100.18806701405593,6.7261057550232],[100.18876805025677,6.725907924258874],[100.18979614373782,6.725535142356943],[100.18927711378103,6.724991333167728],[100.18891897461184,6.724409787580675],[100.18825276054672,6.724262840291167],[100.18796648874027,6.723877247207156],[100.18924469303317,6.723868175012993],[100.18955968931581,6.723825814830337],[100.18988072317597,6.723842847803965],[100.19030227188644,6.723627881541518],[100.19065830408933,6.72328223205561],[100.1905922273397,6.723074419526374],[100.19018673152898,6.722528526336726],[100.18990077517292,6.722303344407477],[100.18978711325714,6.722006490079243],[100.18988726661128,6.721625836319655],[100.18970708320144,6.72090713855691],[100.1897894971095,6.720532495860796],[100.19021114443275,6.720359124560769],[100.1904723056474,6.72017420727637],[100.19047184310763,6.719984048468935],[100.1906132423454,6.71947851045392],[100.19059970829123,6.718943961567049],[100.19065021994741,6.718641282842348],[100.19100183043368,6.718779137102699],[100.19126824659303,6.719037461090907],[100.19173294977303,6.719084978203279],[100.1921760573188,6.718810912383774],[100.19226394207608,6.718815038764514],[100.19256297592956,6.719203401376642],[100.19326058899527,6.719564841275565],[100.19426831357714,6.719809058910053],[100.19469920567508,6.720215363668474],[100.19551460547844,6.72054459309035],[100.19598833482603,6.720652667205034],[100.19623903002535,6.721161497896675],[100.19655100656831,6.722325925966151],[100.19700433858326,6.722450505583556],[100.19755320709042,6.722200228799975],[100.19818747616561,6.721762205353703],[100.1986797220992,6.721389271809719],[100.19905485343354,6.721687291303871],[100.19923111176018,6.721925123882387],[100.19929247861191,6.722462175887332],[100.19956208675089,6.723076752494785],[100.20008118400561,6.723493052785465],[100.20039495541188,6.72383408167444],[100.20087982877837,6.723800611240498],[100.20123034920987,6.724008718171343],[100.20160274009004,6.724404398406001],[100.20222221571662,6.725262707157433],[100.2022740040953,6.72554307135543],[100.20254750796624,6.72534301704539],[100.20306570314752,6.725512009269853],[100.2035124680377,6.725391552573907],[100.20378236272593,6.725604467133299],[100.20417356879517,6.725702698224611],[100.20450714186073,6.725692201929615],[100.20486874170052,6.72588481617292],[100.20515823100303,6.726117755396326],[100.20513679305617,6.725803498974016],[100.20490557707905,6.725484876341881],[100.20489352565288,6.724953401455105],[100.20477233424972,6.724510899914939],[100.20465144289898,6.724250689723506],[100.20444195216297,6.723999287687138],[100.20439542661359,6.723523869154199],[100.204770682823,6.723143803217796],[100.20496648831163,6.723078668999279],[100.20520560999276,6.722549378829158],[100.20512836979383,6.721991028029156],[100.2053774203369,6.721555843452807],[100.20563349860689,6.720975784382987],[100.20591994282458,6.720761319773761],[100.20654796106096,6.720485249468888],[100.20705479895727,6.720043732512239],[100.2075033025508,6.719723525337531],[100.20812617114451,6.719477667234797],[100.20921867090973,6.719734845360073],[100.21007458167875,6.719672057631107],[100.21058034189204,6.719972909296039],[100.21074590198751,6.720136255160757],[100.21131679676736,6.720260801820851],[100.21185441585274,6.720473320766112],[100.21235130513304,6.720444692756552],[100.21328387915918,6.71971122711048],[100.21384059658675,6.719413171552843],[100.2141536338646,6.719185616169283],[100.21482053730355,6.718861154454801],[100.21488519645612,6.718734673999596],[100.21432658457674,6.717185676717719],[100.21433482392953,6.716778212917085],[100.21490456901415,6.716230468303479],[100.21515529930478,6.715815531157426],[100.21563911334533,6.71517956603006],[100.21607902466442,6.714557725039352],[100.21603258715398,6.713640414961594],[100.2158624677998,6.713262600209616],[100.21572826605755,6.712809555273354],[100.21620247286637,6.712451572347754],[100.21685281693271,6.711680916457842],[100.21778972895729,6.710991199775382],[100.21800168520438,6.710344063370243],[100.21828297197405,6.709890168047437],[100.21856079563551,6.709573723143978],[100.21879980683872,6.709158000496991],[100.21896808278393,6.708764426208655],[100.2189671052779,6.708371272533943],[100.21901841366966,6.707586189151353],[100.2189414932979,6.70695044029826],[100.21899198558143,6.706557158721387],[100.21855235733143,6.705848073931967],[100.21846676837629,6.705475746532479],[100.21868845054247,6.704750913365276],[100.21834979066412,6.70327723736452],[100.21856358750227,6.702441023606693],[100.21900983646064,6.702003356888067],[100.21969595208739,6.701616001865996],[100.22010177766943,6.700971458270664],[100.22057517351134,6.700382898806079],[100.22098158060605,6.699942978950482],[100.22158145397822,6.699462339849654],[100.22204254781417,6.699266965915004],[100.2226851746166,6.698731966102735],[100.22304336424816,6.698730260603544],[100.22348209538275,6.698631331252178],[100.22391079181881,6.698127696953452],[100.22403828684037,6.697745255262969],[100.22397956731625,6.697140567724703],[100.22443195109335,6.697013301664179],[100.22497712621268,6.697035090835803],[100.22554266117979,6.696965683122509],[100.2258844127487,6.696833989804273],[100.2266120328851,6.696464608171241],[100.22711776983085,6.696107082536839],[100.22731742693729,6.6951711677422],[100.22769547906964,6.694641887495038],[100.22794628038108,6.694442332491268],[100.22862794032191,6.693652782017286],[100.22888954441295,6.693388728789321],[100.22965509978488,6.693635655785956],[100.23002823914284,6.693886728305659],[100.23093622499968,6.694236468060028],[100.23129160316651,6.694811203975462],[100.23186958223705,6.69491708649737],[100.23237876912657,6.694569494161824],[100.23286776717751,6.694499908911562],[100.23313257636623,6.694235845723232],[100.23309827783916,6.694062954729796],[100.23323516184102,6.693650197191862],[100.23373908820517,6.693287968697397],[100.23391297065872,6.693054153504784],[100.23425208662482,6.69339003316369],[100.23493987957279,6.693710388341274],[100.23540342137639,6.693840968166421],[100.2359649872882,6.69361992202704],[100.23682623361978,6.693358335883316],[100.2369921435023,6.692950839749715],[100.23753191886551,6.692489686841363],[100.23799478366438,6.692351894371941],[100.23856789501941,6.692599291491456],[100.23939217473085,6.692795056899096],[100.24059902238709,6.692247674859997],[100.24116151902504,6.692426736787544],[100.24172478121793,6.692879140519453],[100.2426187145349,6.692862324027026],[100.24358306261814,6.693464896089846],[100.24354854373054,6.693972609838474],[100.24345010406847,6.694452454626866],[100.24368172840853,6.695667585857031],[100.24394256855327,6.696136213268509],[100.24490272099307,6.696110181775203],[100.24532413712566,6.696040845794117],[100.24596375547183,6.69571551572383],[100.24676909679756,6.695647465589331],[100.247377222467,6.696814890067542],[100.24785029181045,6.697111988962508],[100.24820193854858,6.697267163001952],[100.24896985370015,6.697499221897462],[100.24959125798537,6.698312337747356],[100.24975455553923,6.699725207179586],[100.25000000135094,6.700882517502172],[100.25045015343815,6.701814699706381],[100.25049976527684,6.702461808726405],[100.25081272744511,6.703036181020121],[100.25158300611697,6.703108905686268],[100.25206605846014,6.703573162216784],[100.25252928813563,6.703460129414116],[100.2530630372254,6.703504791563416],[100.25312702361799,6.703820559769415],[100.25318218262703,6.706170103173644],[100.2528169452929,6.706829844460769],[100.2524726965165,6.707559246780079],[100.25240515910194,6.708160539172585],[100.2528799975641,6.708677258999215],[100.25369902242385,6.708731769903749],[100.25414390788549,6.709173424764043],[100.25493362128664,6.709374852218444],[100.25544522291797,6.70883716511625],[100.25603576266057,6.708336257762103],[100.25628198684764,6.708187607969632],[100.25666389053994,6.708298842240946],[100.25683928637895,6.708571373934485],[100.2570424277982,6.709308055903409],[100.2571261640489,6.711040579033963],[100.25728904464488,6.711464326305593],[100.25757579039708,6.711409247894673],[100.25849323927548,6.710372116423392],[100.25915541384693,6.70982382200766],[100.25972380016294,6.709063369114583],[100.25989304895015,6.708452593189524],[100.26145831938561,6.707325452662936],[100.26198492194115,6.705983066644474],[100.26153677985064,6.705233183225879],[100.261933555609,6.705356130089022],[100.26252448249353,6.705097091599994],[100.26276719261064,6.703990529906243],[100.26320389416259,6.702846396573173],[100.26327464658627,6.701847426074441],[100.26340520037074,6.701274816758943],[100.26395362305414,6.700820306710257],[100.26402329669199,6.699199967333901],[100.26475527901859,6.699147989948849],[100.26526125283416,6.698981849780657],[100.26597142400043,6.69900515690816],[100.266340016841,6.699048151253021],[100.26672179957889,6.699028359314542],[100.26723878890904,6.69946023136313],[100.26772928336075,6.700030424304162],[100.26813197485141,6.700336995773553],[100.2683378389925,6.700737751020324],[100.26840676248203,6.701228737995065],[100.26909733336473,6.701690449807515],[100.26966047264519,6.701852293540246],[100.27029189586825,6.70251642708606],[100.27064144142358,6.70298037468091],[100.27096365585321,6.703230728880999],[100.27135350490897,6.703732186329916],[100.2724527176594,6.703942911260092],[100.27303247771627,6.704012207174432],[100.27352147265984,6.704000449883806],[100.27488102318097,6.703899628104835],[100.2752267402131,6.704409695768202],[100.2747207712776,6.705783230495715],[100.27476728017027,6.705970008682367],[100.27577479722045,6.706026977241336],[100.27641879854448,6.705958753036969],[100.27709410082889,6.705937284292069],[100.2773091122022,6.706008608810889],[100.27739893141079,6.706298895507259],[100.27733412515177,6.706562187377727],[100.27732415587955,6.707030409791166],[100.27751107222907,6.707082999841988],[100.27798000806963,6.706757983429087],[100.27894402837809,6.706582226196345],[100.27929933263133,6.706790532393261],[100.2800750420428,6.706856957262488],[100.28073338106499,6.706937883239952],[100.28097756867263,6.707155791367747],[100.28151208385293,6.707436144731119],[100.28189755048639,6.707226267065884],[100.28213667150911,6.707417604201937],[100.28250279974185,6.707571356064919],[100.28301165542115,6.708193472285723],[100.28333480654926,6.708285397993623],[100.28429289276868,6.708749186811897],[100.28494862814824,6.70854736981005],[100.28579793044145,6.707919075905617],[100.28606954243557,6.707898833170818],[100.28615076325153,6.707639024351561],[100.28682355729697,6.70768527300489],[100.28792295325762,6.708302940061878],[100.2882000273056,6.708601412092176],[100.28850498448723,6.708837511314816],[100.28935429619669,6.709320924724267],[100.28952690600048,6.70957726341956],[100.28993262464431,6.709893027724233],[100.29027934791073,6.709928012290286],[100.29071250143781,6.709812853011145],[100.29164064855004,6.709329195049338],[100.29191158826312,6.708968972243822],[100.29227548500296,6.708416543216892],[100.2936296312492,6.707427127153734],[100.29412335479991,6.70660716462239],[100.2943695320157,6.706248905174297],[100.29448119759545,6.705825627066013],[100.29475611364528,6.704966908945248],[100.29525956306212,6.704441869470394],[100.29529584874608,6.70391806272541],[100.29516079280194,6.703646527017656],[100.29473642180221,6.703045089452782],[100.29464818622931,6.702736357910841],[100.29440037641452,6.702475155773061],[100.29377300773483,6.702057623413995],[100.29288204949552,6.70107927718404],[100.29265431296919,6.700254072551371],[100.29217012372197,6.699963290708885],[100.29186873903629,6.699722300907164],[100.29155830396377,6.699131500218568],[100.29176637091697,6.698577131445807],[100.29165647309627,6.69783010027766],[100.29168697411059,6.697175380275247],[100.291927660294,6.696771836568097],[100.29190420239118,6.696219161649007],[100.29197464076671,6.695973486541039],[100.29133873282511,6.695651635685698],[100.29101550397762,6.695299937769927],[100.29093992050852,6.695149044668571],[100.2910412710344,6.694886922425757],[100.29105297462823,6.694004303080238],[100.29115621913671,6.693696604256981],[100.29099253919212,6.692720047108224],[100.29021743243585,6.6915952686375],[100.29023274324281,6.691034534445507],[100.29013400813133,6.690701686426501],[100.2905711051207,6.690276379694013],[100.29070943551464,6.689894444608875],[100.29073160738022,6.689532254631279],[100.29053679245166,6.688968635857664],[100.29034362483674,6.688833603108251],[100.29057506793743,6.688575027895276],[100.29072684911594,6.688145767963063],[100.29098343353995,6.687661890667781],[100.29116889084753,6.686905764764509],[100.29140507473043,6.686407835451787],[100.29165553328757,6.686091250969115],[100.29201104546124,6.685815622102933],[100.29203466463005,6.685663925936439],[100.29227578852894,6.685201428087935],[100.2924032557494,6.684745286770303],[100.29251527439835,6.684058705745164],[100.29278671703011,6.683752192951256],[100.29294455967947,6.683501857905152],[100.29366657541851,6.682679129798976],[100.29369629304303,6.682038427110311],[100.2940618488212,6.68076137141454],[100.29416907898216,6.680183487743824],[100.29442778070016,6.679741378332358],[100.29486320647906,6.679365986287324],[100.29553227542314,6.67911747150264],[100.29668820173511,6.678510245422841],[100.29719115975892,6.678119302742399],[100.29734224957858,6.678053441035899],[100.29791265603421,6.678095611472797],[100.29839774562731,6.678226888634344],[100.29861770576733,6.67845389526874],[100.29895370806197,6.679070666288701],[100.2992736705294,6.679374808026902],[100.29985316849024,6.679724197845902],[100.30026057936807,6.680011742012178],[100.30056417484492,6.680444321686115],[100.30076185028635,6.680394701819274],[100.30157505777615,6.679991452237254],[100.30205426161196,6.679785927929815],[100.3024510593286,6.679416328806931],[100.303076457813,6.678705062377007],[100.30304711034978,6.678494643332598],[100.30309854182559,6.678030835947556],[100.30310355226153,6.677471939568411],[100.30320752122269,6.677187928116354],[100.30331624207176,6.676472874203264],[100.30345983048339,6.676025008214194],[100.3035966181665,6.675431223103356],[100.30395694607843,6.674641630994517],[100.30440265421734,6.674097934802859],[100.30474748380112,6.673399526357768],[100.30467840339134,6.672887301899519],[100.30485139469411,6.672474260007458],[100.30492662795733,6.671676108941315],[100.30578973140504,6.6709407938138],[100.30624322542272,6.670522488071539],[100.30674246484581,6.669944741833494],[100.30659837471589,6.669779565527111],[100.30600869249761,6.668566160787251],[100.30617308210154,6.668285515720692],[100.30682957283447,6.667830414342618],[100.30744130819149,6.667599399786066],[100.30795328199547,6.667353277709736],[100.3089030760087,6.666743322075768],[100.30907878464234,6.666681642126044],[100.31033385096049,6.666716830073089],[100.3110590124403,6.667041769912129],[100.31115588082318,6.667035002366523],[100.31200841083505,6.666621690635643],[100.31302914949364,6.666328278220567],[100.31399223169858,6.666762801457089],[100.31454481698451,6.667120474809527],[100.31508901882516,6.667354747592553],[100.31562892785921,6.667741116085325],[100.31577343598131,6.667754745738526],[100.31651461262064,6.667511621106554],[100.31680496773097,6.666978730068038],[100.31707706645474,6.66659209533675],[100.3175946333482,6.666041327633178],[100.3184596665086,6.665202551190604],[100.31891261920963,6.664392814312784],[100.31933547184398,6.664432644268555],[100.32018678927787,6.664602797436778],[100.32107469341622,6.665456508714485],[100.32259034836498,6.66526817627755],[100.32316532444446,6.665324684292835],[100.32396501890938,6.665351383644597],[100.32517513163636,6.665509081887707],[100.32610887559471,6.665349335978667],[100.32692026708213,6.664872276326828],[100.3276100733196,6.663975276456801],[100.32655016671559,6.662564518674977],[100.32676747441423,6.661498440360825],[100.32611286417706,6.659615057373411],[100.32509781595446,6.659045158612446],[100.32459853535596,6.658538162721491],[100.32443594112404,6.657925468393825],[100.32378646591512,6.656839379262889],[100.32255852284317,6.655668577072241],[100.32103820963088,6.655024247857967],[100.31956607587786,6.653987094738619],[100.319973221478,6.65270079204767],[100.3204121702171,6.652069038101768],[100.32139043585072,6.650994598894465],[100.32229758000987,6.649681913859229],[100.32247033921465,6.649050147044028],[100.32215194930261,6.64840902330401],[100.32193395585595,6.647770886104805],[100.32183094430339,6.64709573151679],[100.32238991034271,6.646862675459331],[100.32233319144719,6.645899955492736],[100.32201716439964,6.645751427415635],[100.32231483733949,6.645311105815723],[100.32218458505051,6.644321637226296],[100.322161859575,6.643352406505],[100.32204343880284,6.64251987341533],[100.3219006505804,6.641974214259582],[100.32127145961843,6.642133131682555],[100.3210547930481,6.64201833493551],[100.3204354523678,6.64150821459042],[100.31998514045341,6.641036070962819],[100.31918683068098,6.640674712690446],[100.31838725510406,6.640481897507494],[100.31738431112588,6.639929753458048],[100.31748690165126,6.639244284316245],[100.31697765401141,6.638455374430049],[100.31731836221884,6.638015122174864],[100.31706195511502,6.637735142502241],[100.31687011123012,6.637025138300837],[100.3164095265603,6.63664162799246],[100.31706458420757,6.635889951309627],[100.31674009497624,6.634883091298016],[100.31774249453854,6.635234871475343],[100.31834335037487,6.634940135355626],[100.3191432757149,6.634903558179709],[100.31964108231152,6.635569707310882],[100.31999441866184,6.635588206820525],[100.32025542844218,6.636084183790896],[100.32102429832237,6.636091900860288],[100.32142845221924,6.635701298586341],[100.3214546145434,6.63452044674768],[100.32177420489184,6.63427410732087],[100.32171854798172,6.631916127443857],[100.32195731610584,6.631035081168664],[100.32256676085109,6.630468247693154],[100.3222915733413,6.630052601576643],[100.32245837348377,6.629871951962137],[100.32283573554884,6.629644536934252],[100.32301609413933,6.629318547729382],[100.32349459905537,6.628816802756086],[100.3237957540908,6.628063532890317],[100.32418831702897,6.627440584145496],[100.32368964393419,6.62681115138906],[100.32327688270443,6.625928315706539],[100.32346450480568,6.625613790468028],[100.32364539649377,6.625096654196376],[100.32389434815475,6.624596244834137],[100.32441411668583,6.624384001884627],[100.32475073900852,6.624067089810116],[100.32554428576807,6.623604107193684],[100.3256448292266,6.62332914616927],[100.32593128159421,6.622909018652378],[100.32620688226673,6.622391086776744],[100.32616807819029,6.62129287191063],[100.32580829807172,6.621286960265218],[100.3255070254841,6.621099783148948],[100.3251631367954,6.62104030059604],[100.32481547177261,6.620599440689617],[100.32443536543283,6.620382182580622],[100.3235380145925,6.61947531998203],[100.32309207203696,6.619123511531988],[100.32223038606108,6.618137072311987],[100.32004325063131,6.616313253999593],[100.31929843370176,6.61574667510251],[100.31888806874596,6.615900210454351],[100.31847559686626,6.615259327988809],[100.31803055436757,6.615244413123501],[100.31803833304154,6.614971597719762],[100.31766126321915,6.614771956658521],[100.31714317134197,6.614601713330877],[100.3167237088446,6.614304982982923],[100.31676949012237,6.613484668585908],[100.316111038731,6.613199058685215],[100.31482768058673,6.613354989921203],[100.31428883265234,6.61351374362131],[100.31383263665728,6.613256891886793],[100.31224629030959,6.612855457649487],[100.31174692206737,6.612629369741003],[100.31165593945772,6.612431952702882],[100.31087079227399,6.612035995558404],[100.31063027537488,6.611524221932978],[100.31052405551863,6.611147723659153],[100.31009123685938,6.610874349746387],[100.30977028897085,6.610744538400329],[100.30917119346488,6.610850639890431],[100.30850512632591,6.610672728103314],[100.30779437816875,6.610746480076314],[100.30743836305041,6.610525254601705],[100.30698609472593,6.610853128743802],[100.30596890983531,6.611012587033478],[100.30554120570528,6.610072802193798],[100.30568624351149,6.609527281471248],[100.3055522357317,6.608932852334083],[100.30573265022059,6.60862522345303],[100.30580117269224,6.608193651429783],[100.30614927836245,6.608016239012291],[100.30560043630294,6.606069948208254],[100.30521594523944,6.605595619743355],[100.30535438519597,6.605235838570434],[100.30562620884943,6.605091087466051],[100.3063943380635,6.605742897811577],[100.30671522543126,6.605709052745476],[100.30687960840172,6.605914416503347],[100.30726289098824,6.605871003676813],[100.30743964395859,6.605504520994957],[100.30821269424601,6.60521821165973],[100.30877991818815,6.604876924580541],[100.30895358287567,6.60464119645805],[100.30928256247653,6.604537163056474],[100.309281574412,6.604161291511447],[100.30955323847854,6.604098459131983],[100.31006214391664,6.60412659772006],[100.31046925709326,6.603844412515902],[100.31075532218836,6.603954785451609],[100.31150487093008,6.603751538756128],[100.3117517667471,6.603515617173167],[100.31204735878401,6.603449013354533],[100.31242332617182,6.603234361816034],[100.31284526306085,6.603371139721534],[100.31351415300858,6.60369000378137],[100.31389566353191,6.60356973446571],[100.31418662820697,6.603841129333926],[100.31465183401471,6.603813770599206],[100.31488707330672,6.60402192803893],[100.31533278109013,6.604151226432044],[100.31586790803235,6.604168620284849],[100.31596685359254,6.603993035803845],[100.3163673033459,6.60353328050912],[100.31662027407232,6.603508922115041],[100.31679069324818,6.603288481503275],[100.31684150614375,6.602960125117668],[100.31715059883778,6.602556580489788],[100.31702232899107,6.602161606397263],[100.3171329003455,6.601870435237384],[100.31739801018047,6.601614480732736],[100.31777510696281,6.599995430634339],[100.3175908743457,6.599503675088682],[100.31753330975833,6.598772877686026],[100.31771539290581,6.598451679200996],[100.3176344816853,6.597944731247027],[100.31807588380028,6.59706803462238],[100.31820073704783,6.596142896201056],[100.3185721207293,6.595495235801953],[100.31935739972003,6.594710038054003],[100.31964266218317,6.594321475357488],[100.31978489648743,6.593963129335798],[100.31966348739786,6.593172824717977],[100.32039121544271,6.591664334388568],[100.320936369454,6.591023899202629],[100.32134979827913,6.590992966468502],[100.32217737793577,6.591147471127319],[100.32280511763126,6.590914515545531],[100.32317798806764,6.590577981785233],[100.32328591174083,6.589683812257747],[100.32349146918833,6.589386963868371],[100.32442216452863,6.589479073900772],[100.3247313597612,6.589062958691607],[100.32527158675418,6.588845242505994],[100.32532628274652,6.588464704363764],[100.32564205299427,6.587576312737371],[100.32563338076572,6.587315295980948],[100.32500084621196,6.586328965589746],[100.32520951671817,6.585997659006926],[100.32576221851593,6.585536320955046],[100.3261201893208,6.585572713752368],[100.3266445278408,6.585354948680203],[100.32712905982292,6.585115045832054],[100.32747880841697,6.585032106479145],[100.32766123779591,6.584845087291485],[100.32791579159834,6.584859329815438],[100.32850298480727,6.584358113431547],[100.3287577018073,6.584461869889514],[100.3289881739281,6.584394075559314],[100.32936239966891,6.584542271110172],[100.32970053045057,6.584549599336667],[100.32992280489147,6.584399816469616],[100.33048766147364,6.584472908018117],[100.3309721503445,6.584218082968937],[100.33163289568785,6.584454937533614],[100.33230085020396,6.58443082317214],[100.3326023535085,6.584154060816907],[100.3328565881817,6.584048948904014],[100.33305551574628,6.58409317545774],[100.33326282063986,6.584286570557166],[100.33344658106104,6.58459929074428],[100.33390073908961,6.584911288851368],[100.33436760691288,6.585095671637518],[100.33468563046051,6.585057479071019],[100.3350191392437,6.58487014446531],[100.33512977722316,6.584608809952137],[100.33543187690117,6.584555830873597],[100.33582061134977,6.584189319219878],[100.33640819290817,6.583837194603311],[100.33668430120579,6.583407057759421],[100.33660405523699,6.583153738498138],[100.33613842688855,6.582539865538246],[100.33577497512549,6.582348968733482],[100.33588024488678,6.582255646500423],[100.33619354554907,6.5822926039021],[100.33648170416213,6.582158013700097],[100.3366797307574,6.581977189251281],[100.3369499030789,6.58211607296045],[100.3376221616606,6.581751514488511],[100.3378003771282,6.581552387747818],[100.33842557208332,6.581380003546152],[100.33870648843674,6.581214779770819],[100.3389519783985,6.581409697585361],[100.33925097533128,6.58136866022019],[100.33973118951077,6.581469817445569],[100.3400617525993,6.581270281693421],[100.34035281064003,6.581188757484632],[100.34070837255408,6.580467620304786],[100.34128448325983,6.580512640298858],[100.34174443588756,6.580011029983401],[100.3419815810325,6.579569603329745],[100.34222391236821,6.578587912326351],[100.34215569567995,6.577843680096515],[100.34199388545933,6.57676316132792],[100.34192710081558,6.576552303756911],[100.34160578920086,6.57616834456963],[100.34125110070991,6.576268484906587],[100.34111813129206,6.576070191952216],[100.34147904779046,6.57548394510261],[100.3415871110367,6.575042865060373],[100.34238366218766,6.574565850428025],[100.34259166817813,6.574354255554928],[100.34275058524327,6.574356993730577],[100.34316817931837,6.574023404164555],[100.34320062162662,6.57377493757201],[100.3434320179285,6.573637694073958],[100.34349754453655,6.573407764866253],[100.34372238738757,6.573301642820554],[100.34392719425493,6.57312097929527],[100.34419834464799,6.573014732713792],[100.34436877472304,6.572362267671821],[100.34454685083993,6.572113409909369],[100.34480483500337,6.572019585822376],[100.34488324166753,6.571615747391904],[100.34510117967343,6.571410273674884],[100.34522636090962,6.571180184127143],[100.34543309051074,6.571105033343103],[100.34566365475759,6.571297004716333],[100.34586235772647,6.57131509667553],[100.34631396057753,6.571816879508585],[100.3463611031483,6.572127158890067],[100.3465599402101,6.57219498022683],[100.34688432522887,6.572169242318891],[100.3474698839646,6.572292985923114],[100.34766898086025,6.572484950400671],[100.3480071411423,6.572645526732671],[100.34824651909837,6.573036031356795],[100.34864374224611,6.573003947527308],[100.34896113927314,6.572847843903513],[100.34928534926524,6.572784852535266],[100.35004741508267,6.573018788805526],[100.35035863484937,6.573005561801526],[100.35057682168728,6.572893125687965],[100.35090316751291,6.573013766865329],[100.35145435819709,6.572974664654134],[100.35160899334988,6.572662394805448],[100.35197780030776,6.572463202030385],[100.35242447477653,6.571856284128276],[100.35261729832133,6.571657928213124],[100.35293633233661,6.570977212173926],[100.35309197308261,6.570016641596295],[100.35318362139942,6.569769190786181],[100.35313006936512,6.569489129799656],[100.35365024237502,6.56923220220687],[100.35363613007165,6.568894257526165],[100.35393819793212,6.568448312622109],[100.35395464091334,6.568048529812699],[100.35410774050364,6.567776047863699],[100.3541444171365,6.566696085554424],[100.35404183563494,6.566236496475651],[100.35408920897312,6.56588599833336],[100.35419436684992,6.565753884512858],[100.3542456493987,6.565221997137423],[100.35420672520074,6.565084305187477],[100.3542927442302,6.564823668597354],[100.35395330697675,6.564437144432728],[100.35382521295561,6.56419426585034],[100.3539164672923,6.563939311503004],[100.35411807551102,6.56373677272031],[100.3538394676584,6.563094562351795],[100.35362402179076,6.562811954772932],[100.35375080144199,6.562568387627132],[100.35358091785969,6.56145751734838],[100.35383171020943,6.561547529460573],[100.35400800059415,6.561744888128024],[100.35457087368033,6.561867059331616],[100.35484729454888,6.561672546337649],[100.35513705438595,6.561585232997833],[100.35543614453057,6.561666885623112],[100.3557211890375,6.561435277520602],[100.35598807457775,6.560968812372614],[100.35616808474705,6.560914707555653],[100.35644570373397,6.560281482432704],[100.35662156353806,6.560099085577691],[100.35638214544213,6.559527387226294],[100.3563195683321,6.559135956014246],[100.35682356920191,6.558611162706182],[100.3573620558277,6.558265212974606],[100.35794588429535,6.558003952109586],[100.35822140133371,6.557504460578118],[100.35880123848918,6.557366901535353],[100.35909139656161,6.557427870871692],[100.3595740732241,6.557125742388064],[100.35981617994203,6.557285758742585],[100.3601541698044,6.557111782502369],[100.36034952950858,6.556944250895353],[100.35982931991543,6.556356317444258],[100.3594638803649,6.556114083659532],[100.35916053579639,6.556057218921717],[100.35901976738853,6.555704699041349],[100.35896965115357,6.555041257495538],[100.35865696506544,6.554811267218306],[100.35835552549936,6.553859982088078],[100.3591793923994,6.553162889597122],[100.35918694476007,6.552730038443787],[100.35935779227192,6.552515285268194],[100.35935248768473,6.552153447034784],[100.35917515093092,6.55156865183935],[100.35938786652908,6.550568595947393],[100.35986704959518,6.549088513140162],[100.35980262997134,6.54812645988324],[100.36012264097512,6.547841229063501],[100.36064828999547,6.547192684494457],[100.36129532337692,6.546266137416859],[100.36138507912962,6.545652680108346],[100.36174096262512,6.545288145487292],[100.36238223714776,6.54515448763016],[100.36279239484638,6.544841886013006],[100.36316240427524,6.545150021020558],[100.36368103700822,6.545160910685166],[100.36416750099548,6.544610935177041],[100.36435128214654,6.544355367707886],[100.36471066932889,6.543991726259069],[100.36488552315984,6.543661497855723],[100.36490124867855,6.543081877266685],[100.36547193579038,6.542849490842962],[100.36570870180127,6.542198653679781],[100.36585437687229,6.54153061335543],[100.36570296056738,6.540798460097369],[100.36606651033394,6.540431190337618],[100.36606130509854,6.54013445347296],[100.3665649278914,6.539754958279891],[100.3675397172778,6.539455557745229],[100.36829466054212,6.539090839213308],[100.36896085631062,6.539159190515216],[100.36920467919741,6.539925177831204],[100.36968551909678,6.54059983045877],[100.36972636971704,6.541061301021826],[100.37024167259776,6.541576181391875],[100.37016772361365,6.541911651299812],[100.37081922637563,6.542305542540705],[100.37119128302382,6.543363769328682],[100.37190387678007,6.543600888800094],[100.37223001992116,6.543954435079595],[100.37244209529135,6.544341294941274],[100.37281175289371,6.544546437166158],[100.37269812762675,6.544769264942115],[100.37283970211922,6.545115086694328],[100.37331462856126,6.545204477701397],[100.37370057731458,6.544931356721231],[100.3742713504292,6.544731962839278],[100.37451665408531,6.544426314049924],[100.37478881840654,6.543690837825975],[100.37599232700337,6.543456799414238],[100.37652775156226,6.543175039642278],[100.37679062070582,6.542885798017453],[100.37748515010502,6.542925125588854],[100.37816074225783,6.542502833476262],[100.37867906440543,6.542402495768933],[100.37898615068366,6.542195592597566],[100.37948710105034,6.542177671901134],[100.37998784805035,6.542085699574192],[100.3807613519798,6.542075257390585],[100.38121778850937,6.541867942877895],[100.38163115114125,6.541941039566528],[100.3822659274343,6.541645891136588],[100.38262516122784,6.541232691745808],[100.38323901046753,6.540703419652075],[100.38365145848427,6.540471540523839],[100.38335239918993,6.539800202640993],[100.38390427775893,6.539106270343496],[100.3840423849786,6.538813481516763],[100.38447201977439,6.538433180417591],[100.38479485065116,6.538665839001129],[100.38519508208726,6.538682910798542],[100.38556391890309,6.538996636560485],[100.38610005668745,6.539140369047076],[100.38651245391564,6.538891128177927],[100.38713266686116,6.539077033310185],[100.3873748194554,6.538768405301227],[100.38753512256754,6.538386584460251],[100.38764935526714,6.537684000980107],[100.38771133926751,6.536745483003343],[100.38790828883626,6.535809034063935],[100.38793303821117,6.53540136625155],[100.38822874269242,6.534990871526786],[100.3891323920994,6.534970204313085],[100.38952659195618,6.53512653188783],[100.39021412757933,6.535095247645327],[100.39058215347868,6.53514269431348],[100.39126619724215,6.535062141126473],[100.39167825290666,6.534691649229939],[100.3931175147164,6.534627178651565],[100.39360842988101,6.534759003424475],[100.39424736103567,6.534355331589408],[100.39460284346903,6.53407396459196],[100.39520332925242,6.534138847155965],[100.39582237903386,6.533907110893173],[100.39662970443355,6.53408046058223],[100.39742992131404,6.534029776296897],[100.39796685185402,6.534433894053405],[100.39852151393279,6.534268880063494],[100.39885979357462,6.534532950875591],[100.3993445657751,6.534761622907933],[100.400041867598,6.534838436419266],[100.40109559947285,6.535404494721758],[100.40140020721573,6.535839544168473],[100.40162031860984,6.536081066301072],[100.40194971415548,6.536152843468167],[100.40211199468757,6.53648530449075],[100.40250555669013,6.536411603279666],[100.40263955900993,6.535854264845192],[100.40288952681601,6.535223998819895],[100.40292031070015,6.534685121832586],[100.40328030312766,6.534151385035762],[100.40277385565969,6.533368886683498],[100.4021327787631,6.53265023474947],[100.40191807738316,6.532021263116866],[100.40238074051037,6.531299536770728],[100.40246324739519,6.530778689328226],[100.40286228148737,6.530476039233413],[100.40312549140596,6.529942663066246],[100.40370523580341,6.52952332404623],[100.40447297185436,6.529406174319969],[100.40508668745596,6.529592076551063],[100.40572915171303,6.529579253121967],[100.40636719597629,6.529238501438946],[100.40694065899913,6.528867549648427],[100.40734724821024,6.528842272748195],[100.4078503299338,6.528713741800949],[100.40835913493183,6.52897904732002],[100.40850326335453,6.527912275863174],[100.40841339022282,6.527342543451486],[100.4087832474787,6.526367094303383],[100.4091842535441,6.526025827473717],[100.40955667904522,6.525969632085032],[100.40973146755579,6.525362450832747],[100.40994717127941,6.525361847448942],[100.41027901427599,6.524818512661605],[100.41065046400117,6.524440618869503],[100.41076526539649,6.523419861334057],[100.41132247114412,6.522811609803921],[100.41178286680973,6.522672436358549],[100.41242082703275,6.522918841731066],[100.41312686774276,6.522981149147567],[100.4135429049391,6.523269675801465],[100.4141705832562,6.523332201324255],[100.41489687892897,6.523624467466389],[100.41522972120666,6.523439627176689],[100.41599448699746,6.523465056625311],[100.41634706691677,6.523326091546632],[100.41649108984912,6.523077133617209],[100.41651107153336,6.522360169826326],[100.41636277710896,6.521937620796898],[100.4162434434361,6.521340216374507],[100.41708457331708,6.520602229924504],[100.41734809767449,6.520187746409098],[100.41742449374493,6.519461130612846],[100.41763964509747,6.519105824584784],[100.41829152328587,6.518734553180804],[100.41871302672828,6.518952536016203],[100.41912985375461,6.519098289343045],[100.41961912049705,6.519099896487291],[100.41997324827129,6.518664632853825],[100.42006613722127,6.518130195000727],[100.42055867657416,6.518182334631022],[100.4208150423636,6.517980889804409],[100.42150035611323,6.518099393282769],[100.42178576756243,6.518071826049798],[100.42228454107422,6.517822771730205],[100.42274164479063,6.518000325252936],[100.42338168646103,6.517558557526536],[100.42364311400196,6.517619121817469],[100.42399486502778,6.518113787734426],[100.42476181608397,6.518468040867924],[100.42536307914679,6.519000969834846],[100.4252879711456,6.51973074528758],[100.42540164464536,6.52003675202164],[100.42594491980985,6.52031188805031],[100.42666935369894,6.520315445246671],[100.4270679579475,6.520581585839574],[100.42751517595711,6.521243065739206],[100.42783228712773,6.522088637615044],[100.42776791896914,6.522422995440229],[100.42814719311595,6.522786928514376],[100.42875361365994,6.523058084206902],[100.42975208953689,6.523361581027092],[100.430091478985,6.523700308975636],[100.43046606179192,6.523855212722589],[100.43086413334238,6.523932021030182],[100.43089833930246,6.523452993878147],[100.43107484568179,6.522856565396705],[100.43154320400711,6.522610210294445],[100.43207522651407,6.522491792521833],[100.43264548645031,6.522579322016371],[100.4328664314093,6.523007533799072],[100.43353191326854,6.523150396874578],[100.43384064833538,6.523144003605587],[100.43478306908086,6.523871334759997],[100.43519000352568,6.524101910488125],[100.43572219464365,6.523885659038675],[100.43615521782122,6.523851785728232],[100.43656455625398,6.524219422686267],[100.43706343598419,6.524558775223587],[100.43739811998216,6.524945249578341],[100.43784670792907,6.525140080374187],[100.43810734468491,6.525732188287691],[100.43844081821733,6.525693895181693],[100.43890812355043,6.526046083924387],[100.43949767031485,6.527089778466184],[100.43970987100562,6.527168646960812],[100.44096185626346,6.527235049209241],[100.44088628744294,6.526908415304488],[100.44117369557722,6.526431287495008],[100.44190490571482,6.526195744464257],[100.44272482142262,6.526422056995989],[100.44286501561244,6.526715865574801],[100.44290159411256,6.527304180767382],[100.44327083623683,6.527597242717142],[100.44365048425757,6.527488380552092],[100.44411607497818,6.527188586969351],[100.44482687942813,6.527507973796651],[100.44520476113802,6.527329405821868],[100.44517892097092,6.52700263052981],[100.44538704311044,6.526647155602004],[100.44566515160054,6.526412816481194],[100.44625207791987,6.526201008492591],[100.44663534219308,6.526157865563587],[100.44728835865558,6.5264501999675],[100.44803270726186,6.526195895082142],[100.4486415789073,6.526693776458756],[100.4490633606418,6.526692111638209],[100.44978423796373,6.526339771938487],[100.45090276462878,6.526331941561649],[100.45136745291379,6.526886291138944],[100.45195490662468,6.52688459871064],[100.45241811625951,6.52692530647997],[100.45267681164322,6.526863892612995],[100.45301423738533,6.526955956202162],[100.45373598672285,6.526907220545125],[100.45416467775397,6.527465739241952],[100.45413636928535,6.52801680643011],[100.4538337795326,6.528395883291823],[100.4538492035323,6.528573322306067],[100.45409148581463,6.528715025725224],[100.45435113358936,6.528776752522494],[100.45540202906251,6.528895143863327],[100.45567639179085,6.52909507095657],[100.45592791031856,6.52998158000291],[100.45595861858288,6.530261685277385],[100.45617833597383,6.530670174889491],[100.45621018492747,6.53137052260298],[100.45721626007965,6.532385767372704],[100.45758495199935,6.532459382290612],[100.45791232151643,6.532038188930759],[100.45834759049,6.531749501497181],[100.45905999425014,6.531381531293614],[100.45949376174464,6.531398537887738],[100.46028976300941,6.531190718666124],[100.46017291830626,6.530930574266045],[100.46056149645698,6.529505695603086],[100.46070395836304,6.529163607373981],[100.46079715318056,6.528698879592931],[100.46161188177047,6.527186148329409],[100.46192415710999,6.526704329679221],[100.4619220491208,6.526183188811212],[100.46213078054862,6.526042441359637],[100.46221901881418,6.525565883809518],[100.46260987026243,6.5251583383038],[100.46360120086933,6.525488274690264],[100.46387979302207,6.525398678974781],[100.4640383794807,6.525141442452584],[100.46454084406696,6.524990528283467],[100.46491682992492,6.5249590565355],[100.46543669319456,6.524843081214714],[100.4659647654828,6.524934943239483],[100.46628054232288,6.524864315546203],[100.46694307758628,6.524941771158358],[100.46727309994253,6.52484723213835],[100.46757340519869,6.52448198981877],[100.46762786889175,6.52410995887139],[100.46792029217707,6.523752243788402],[100.46791927467355,6.523402706646464],[100.46762464438211,6.523002036288132],[100.46771893668074,6.522711714001962],[100.4674304892596,6.52169386000597],[100.46790597294786,6.521573491438687],[100.46828554098727,6.52118568623529],[100.46891118585455,6.520886402703608],[100.46940823459254,6.520798157480065],[100.46965424699246,6.520864346893577],[100.47002647309891,6.52066986692025],[100.47068419302282,6.520504300478483],[100.47105721136869,6.520607369319295],[100.47143565609592,6.520576971305954],[100.47205097052012,6.520852384302628],[100.47216790496125,6.521346967746442],[100.47251653608816,6.522111573229165],[100.4731287880972,6.522767182848448],[100.47420132419985,6.522872273139561],[100.47473891857696,6.523365625125304],[100.47549747037809,6.523286101999146],[100.47566341805668,6.523610472300958],[100.47657536728,6.523744959398141],[100.47697222242725,6.524068652652863],[100.47748307290684,6.523881536683183],[100.47870330693408,6.523730946535391],[100.47897558651924,6.523753384053509],[100.47930765621537,6.52339256423266],[100.48000006462908,6.523056364050955],[100.48054165817112,6.522980273262388],[100.48089832840422,6.523101193393646],[100.4814642694437,6.523952942349684],[100.48212852379051,6.524185160288646],[100.48262724451055,6.523981619943277],[100.48309136125016,6.522964009344581],[100.4835394423624,6.523034931263186],[100.4840252644734,6.52285737646275],[100.48456044173301,6.523059049863504],[100.48504161644135,6.522949227337104],[100.48540989556781,6.522758726795517],[100.48607424159493,6.522693479887534],[100.48639172137014,6.522570576691314],[100.4869261984969,6.522560049870538],[100.48728784821043,6.522726066665172],[100.4875228327007,6.523072107724115],[100.4879477165415,6.52346830989668],[100.48836228427695,6.523602524923167],[100.48867150596362,6.523940389636373],[100.48859525325015,6.52422514472755],[100.48890527573886,6.524833974713435],[100.48913825959434,6.525461114568174],[100.48943983340985,6.52545579316965],[100.48989315549802,6.525684825591504],[100.49024958261863,6.525697333697777],[100.49056013301893,6.524869859818239],[100.49184008161187,6.524518344877148],[100.49183654034528,6.524203447113576],[100.49328483858707,6.523801703752511],[100.49355034038675,6.52370101099031],[100.49385983366795,6.524028925503154],[100.49415379550591,6.523417858005134],[100.49470929752297,6.522627721100764],[100.49510090307533,6.522158944982997],[100.49593315081147,6.522069318688246],[100.49628854379293,6.521357348670543],[100.49609688350361,6.520838767173382],[100.49593036904254,6.520276441551453],[100.49601789228414,6.519972214198995],[100.49589312737581,6.519207601655618],[100.49587436352355,6.518511659654147],[100.49593656181735,6.518115105572631],[100.49563214370697,6.518064563180403],[100.49471465097817,6.517589450236846],[100.4944773511079,6.517368189586992],[100.49377088297133,6.517128517415337],[100.49328083946817,6.516833232674746],[100.49297266859291,6.516925280706453],[100.49282397484781,6.51666415602851],[100.49298006616073,6.516300596008634],[100.49286153839824,6.515651148981206],[100.4929220325956,6.514500827297393],[100.49295230472588,6.513517949306814],[100.49279455264046,6.513142930849823],[100.49294828439417,6.512712743681846],[100.49292416511679,6.51169096806514],[100.49297215870939,6.510800891712908],[100.49322435732478,6.5105400282226],[100.49343878461589,6.510162824499885],[100.49357702046643,6.509762157839831],[100.49359699923664,6.509357772233489],[100.49403227150589,6.50845452616142],[100.49451180514197,6.507719859573204],[100.49489064533141,6.507450031983798],[100.49512229501518,6.50719962637538],[100.4956441690408,6.506488612630687],[100.49637804632441,6.505817476049293],[100.4969549611748,6.505693168125547],[100.49727144773965,6.505541693508946],[100.497478392254,6.505509345622248],[100.49768157270017,6.505615792394165],[100.49789374114725,6.505912350443436],[100.49821122557552,6.506097750171008],[100.49850666714049,6.505989825707837],[100.49876508851408,6.506195200509427],[100.49916386747311,6.506717145746615],[100.49929723267981,6.506712229501385],[100.4996216417374,6.506366433085801],[100.50014652421912,6.505491037151924],[100.5002844286434,6.504427827114334],[100.50052875540484,6.503903341559531],[100.5006437944311,6.503426073442355],[100.50061448159784,6.503019665166822],[100.50076890571567,6.502222490678775],[100.50096412523312,6.501781963449734],[100.50121848595623,6.501423445774319],[100.50144099265718,6.50093292975764],[100.50168029702418,6.500500499180943],[100.50209161979444,6.50000001966351],[100.50300037382803,6.499451228858067],[100.50349570564505,6.498972017311998],[100.5038015064249,6.498990185627482],[100.50414593290903,6.499161126503072],[100.50435604268755,6.499141424825367],[100.50498567199753,6.49887202193297],[100.50563555823912,6.498946487128114],[100.50613299050141,6.49917438310158],[100.50693728713662,6.499802614875907],[100.50781648329244,6.499895470873463],[100.50865646541222,6.499663681106915],[100.50882794764948,6.499491205498778],[100.50918123014262,6.498881224918041],[100.50921837606555,6.498537185687964],[100.50932240307685,6.498095211285544],[100.50942464627383,6.497930175115292],[100.50980221007922,6.497687919273293],[100.50950524642339,6.497057455962811],[100.5094855129576,6.496465042954823],[100.5096599479087,6.49598298682305],[100.5100920187478,6.495418972049919],[100.51030627279428,6.494789696344512],[100.5107675846328,6.494731541179824],[100.51112338041928,6.494815647769951],[100.51157583845914,6.494338909679519],[100.51166515008873,6.493863165146309],[100.51201040840348,6.492939748933686],[100.51170321428316,6.492278125115156],[100.51199389775309,6.49247851507936],[100.51224443088985,6.492790050897763],[100.51305465065792,6.493057240171718],[100.51406536700918,6.493132516494628],[100.5148758847607,6.493499064509107],[100.51517088841409,6.493498181961444],[100.51572910981324,6.492964346071794],[100.51600743228906,6.49242167358141],[100.51647420696314,6.491699059427757],[100.51676231317988,6.491013144896873],[100.51789801504596,6.489832398501507],[100.51858296468967,6.488874149257096],[100.51893061058884,6.488603408544241],[100.51919896676795,6.488692383224881],[100.51943294824835,6.488978287572207],[100.52012924346353,6.489169771260586],[100.5204860762002,6.488929832521066],[100.52103303372895,6.489018693426738],[100.52129146503921,6.489402529694264],[100.52203235863848,6.489822618467964],[100.52245125924725,6.490092866626733],[100.5229706680199,6.49049092571157],[100.52311062849026,6.490524318976059],[100.52361172848518,6.489642744290574],[100.52417487466461,6.488842353438092],[100.5245897460672,6.488491754625142],[100.52497054171785,6.487891631418929],[100.52543134066153,6.487592247869236],[100.52607274989101,6.487878097438446],[100.52661559635186,6.488409620092113],[100.5277352291802,6.488710842900783],[100.52836683096461,6.488759749791507],[100.52865503177001,6.488581131435309],[100.52901562974301,6.48850391711117],[100.52985234698006,6.488956071464051],[100.53105164970735,6.489544373254862],[100.53146024153551,6.489782186346718],[100.53207936731404,6.489920994852523],[100.53245850402838,6.489737036486381],[100.53280442163923,6.489440164168905],[100.53333643527657,6.48934552130946],[100.5336973905915,6.489386741462754],[100.53432955972376,6.48856398339956],[100.53502814221481,6.48791027379916],[100.53541935613362,6.487604131595272],[100.53571354417872,6.487237526794819],[100.53674389193462,6.486638232571792],[100.53744919111205,6.4871692488182],[100.53776601656905,6.487532192754327],[100.53805076505999,6.488158782258098],[100.53865047053449,6.488433529647761],[100.5392994149006,6.488228495688043],[100.53989526281772,6.488362121440611],[100.54019379197133,6.48864040368121],[100.54061046197901,6.489180789804015],[100.54085563977543,6.489713107844536],[100.54124435161707,6.489982797069125],[100.54150759506454,6.490498152715999],[100.54153443815605,6.4908918109813],[100.54194101219773,6.491102135400641],[100.54227213826626,6.491115864424872],[100.54249661902577,6.490946202872905],[100.54281462376328,6.490617042764894],[100.54332502214348,6.489839400766544],[100.54381076864549,6.489364077397375],[100.54427790566746,6.48870256402307],[100.54480669153679,6.48803977765625],[100.5450370658863,6.487872176962433],[100.54555622675066,6.487011691032218],[100.54567026958041,6.48676045320313],[100.5461717477904,6.486287250616154],[100.54639044401662,6.48603090177801],[100.54725510861864,6.484816759131145],[100.54797292731462,6.484489541655231],[100.54859764426294,6.484386374251597],[100.54891886405558,6.484673351362853],[100.54942586680984,6.485254047343216],[100.55036807688187,6.485974271685342],[100.55055224660082,6.486154620165454],[100.5505807820463,6.486295211853545],[100.5503411226332,6.487106928366662],[100.55025938143956,6.487559322044646],[100.55051124018063,6.487957805065755],[100.5508851881296,6.488274725529187],[100.5511941898767,6.488733698644871],[100.55201110209163,6.489409548044197],[100.55267251999986,6.490115436371874],[100.55262200886493,6.491051521115629],[100.552681093279,6.491332155167885],[100.55327212672118,6.491572100996028],[100.55369131216129,6.49166375745558],[100.55482077081585,6.492029799431714],[100.55520052123411,6.492049337599157],[100.55576568616792,6.492459059790993],[100.55612349248693,6.492567176358246],[100.55641219026657,6.492578404267184],[100.55718816246579,6.492688670408236],[100.55800251963204,6.492553534024093],[100.55848593965916,6.492926435749596],[100.55896945356139,6.493353853943066],[100.55986157118626,6.493728298339908],[100.56026093962663,6.493751207518311],[100.56041902510823,6.493980814383622],[100.56045544114384,6.494258351898639],[100.56038368639568,6.494537036457429],[100.5604937035175,6.495086753053812],[100.56083597118646,6.495522469588789],[100.56114419357807,6.495724218813308],[100.5616269212402,6.495870912177892],[100.56237564726618,6.496016784113444],[100.56318933480287,6.495639974372541],[100.56385279257464,6.495091938979926],[100.5639851651302,6.494888740336342],[100.5640903741663,6.493952580915185],[100.56455270738466,6.493096506613362],[100.56480812138979,6.492493496325499],[100.56512225938988,6.491907572905682],[100.56537904043891,6.491602640166364],[100.56557690087415,6.491048267462921],[100.56589974622464,6.490602723753008],[100.56628670626469,6.490423058307345],[100.5667769805991,6.490335743351543],[100.5670221838514,6.490168811554657],[100.56742393016229,6.489780614397334],[100.56763179742677,6.489497801987077],[100.56803053681286,6.48876442887885],[100.56839066782976,6.488443896322314],[100.56887941779169,6.487937082799528],[100.57011027326833,6.487633653132709],[100.570578036211,6.48704309367329],[100.57110050865697,6.486449561776311],[100.57118149715718,6.485952961108163],[100.5712166307525,6.485382004901379],[100.57187352752162,6.485057386860921],[100.57203359733172,6.484291210493825],[100.57260479424842,6.483761175479379],[100.57291804469807,6.483013419831643],[100.57312100392785,6.482712268537426],[100.57389115121784,6.482584752462926],[100.57447439505484,6.482815204811154],[100.57465359857348,6.482810941722655],[100.57483403829666,6.482316202478325],[100.5750318353663,6.481937585725179],[100.57547136546685,6.481837584015897],[100.57575121069759,6.481833550520029],[100.57672394476093,6.481718781936157],[100.57751149571654,6.481387423778641],[100.57782618149238,6.481104186711138],[100.57841463254337,6.48082796356965],[100.57938204956673,6.480275354081627],[100.58026499859905,6.480081389183305],[100.58190453054344,6.479620708028575],[100.58223150792158,6.479503331858435],[100.58281689985259,6.47865400957143],[100.58346746403038,6.478647459864032],[100.5839794963287,6.478419206142134],[100.58457986308511,6.477902722854408],[100.5851520792033,6.477682417199607],[100.58564287598763,6.477840275742929],[100.58601233779038,6.478007553785871],[100.58681184192304,6.478261636184832],[100.5884704917094,6.478579570105603],[100.5891623395638,6.479163978173636],[100.58944897959081,6.479235950201023],[100.59034108533922,6.478850635020735],[100.5906792926549,6.478321315541303],[100.5910697091942,6.478300021075192],[100.5916438903041,6.478327422968213],[100.59250302675805,6.478270121182755],[100.59330630178997,6.477848645650961],[100.59387409454591,6.477764862300753],[100.59515962907649,6.477442042823172],[100.59590363276197,6.477091269071082],[100.59633195785973,6.475896798378007],[100.59673842954338,6.475458303761431],[100.5974698627815,6.475402300495922],[100.59780429219536,6.475191952230941],[100.59838907422032,6.475083610517468],[100.5986117629222,6.474875331311681],[100.59935462892948,6.473123133684569],[100.5998131967079,6.472516494547934],[100.60025343805196,6.472032416593868],[100.6005136393294,6.471592934592542],[100.60147652026043,6.470586275484575],[100.60139190387869,6.46992167779552],[100.60177790222131,6.469399889120933],[100.60225808872882,6.469173710461833],[100.60216066166238,6.468441799101606],[100.60231372616946,6.468353801221823],[100.60306194632635,6.468542746546241],[100.60348968361853,6.468705307955994],[100.60414218184269,6.469318026439132],[100.60421110125068,6.469613806060647],[100.60419157058094,6.469944762498442],[100.60453286154141,6.470399072185399],[100.60441723750183,6.470681782680713],[100.60405172650434,6.470891508800716],[100.6043909070827,6.471574467946024],[100.60487731617448,6.471855277140647],[100.6061370711222,6.471639921618379],[100.6068073681431,6.471749546904343],[100.60733664887584,6.472008791022287],[100.60829141949465,6.472143009198477],[100.60838398300952,6.47357252217943],[100.60847973097731,6.474076515997547],[100.60859734283606,6.474469509621201],[100.60879833328309,6.474967654991116],[100.60904916022352,6.475454431644716],[100.60879520311937,6.475721217211837],[100.60853598828386,6.476093344928322],[100.60849876835185,6.476581124696176],[100.6086506953269,6.477334195651826],[100.60876806324654,6.47764970992861],[100.60886418198814,6.478270057474695],[100.60915479866465,6.479055958505278],[100.60911743942144,6.479499438613939],[100.60911402619226,6.480186551500543],[100.60915987478741,6.480657432632237],[100.60928834718958,6.480994970856322],[100.60931180540986,6.481410502729736],[100.60961215837042,6.481786371007953],[100.61020821957028,6.482812419637288],[100.61001029982991,6.483284074196013],[100.60962426177336,6.483839410928796],[100.60925456574535,6.484306005311572],[100.60929007742152,6.485042899797897],[100.60928638941033,6.485619263400823],[100.60894626986686,6.48666763090231],[100.6087876186149,6.487321966217018],[100.60865139789502,6.488020620779305],[100.60843134809791,6.488520010625498],[100.60790124298595,6.489064774792301],[100.60707393681645,6.490253193423736],[100.6071755104284,6.490829223600582],[100.60738849646869,6.491604340671127],[100.60744638219374,6.492390979539024],[100.6073273075222,6.493277990665314],[100.60719663674523,6.493987657749279],[100.606753684138,6.494088874160154],[100.60631066476077,6.494145609582892],[100.60580149895321,6.494313485357091],[100.60565817253833,6.494535620955402],[100.60601578622672,6.495498690758782],[100.60602812406285,6.495886503004036],[100.6059297829079,6.496330177055377],[100.60579798124493,6.496707326395097],[100.60577650777188,6.496917955347352],[100.60629734660245,6.496927422884037],[100.60704030936743,6.497113475143436],[100.6078614768966,6.497487688346649],[100.6083044279496,6.497408710716527],[100.60950134429781,6.497482475856048],[100.6101779193648,6.497679763927757],[100.6107123654685,6.498498244932803],[100.61099013261487,6.498730070945457],[100.61137360229584,6.498935251398611],[100.61105217095691,6.498968188965831],[100.61062048057855,6.499095230459051],[100.61039948774079,6.499227929626872],[100.61016174815289,6.499462933533343],[100.60978964818499,6.500277609423748],[100.60974453763866,6.500814324871281],[100.60966470077787,6.501168074496025],[100.60971718331612,6.501589480305025],[100.61006240474842,6.501699131341882],[100.61015255603739,6.501916004483625],[100.60965094139269,6.502185932350192],[100.60965182217784,6.502462759054781],[100.60990418129707,6.502815360849168],[100.609934597888,6.50300267991241],[100.61012689734056,6.503223567357617],[100.61029009519955,6.503670205827601],[100.61050391977328,6.503954852536183],[100.6107894956645,6.504039107153935],[100.61088017028898,6.504443394105459],[100.61076312078531,6.50512092306269],[100.61067408731574,6.505231956569539],[100.61030855891369,6.505441782845606],[100.61016854614401,6.505604059242796],[100.61024276575715,6.506178727488559],[100.61023099423494,6.506485429031683],[100.60915527261189,6.506995682810811],[100.60858113492402,6.50720192331929],[100.60779063524869,6.507685681416144],[100.60754402657656,6.507805714342399],[100.60725959272189,6.508057863397795],[100.60720478359671,6.508241204660538],[100.60719649110544,6.509642376611155],[100.60729942570825,6.509893293353941],[100.60775641208568,6.510309163003241],[100.6078334983929,6.510449502265884],[100.60784310864142,6.510798718244603],[100.60790754141435,6.510968842021082],[100.60823628675786,6.511240285354952],[100.60856556154235,6.511677896761793],[100.60867757297999,6.512086455717412],[100.60846163759443,6.512474632624643],[100.60835616761955,6.512785882002273],[100.60882969460539,6.513056953779073],[100.6094095870724,6.513297851284572],[100.61074498586785,6.514119740896768],[100.61128656033345,6.51436075797948],[100.61178579071657,6.514695662587875],[100.61219401755444,6.514874903553459],[100.61199517094215,6.515080583791071],[100.6118920671649,6.515314979185215],[100.61188466273754,6.515657829697427],[100.61177914031437,6.515951992472385],[100.61175258290568,6.516297073956188],[100.61162321595835,6.51645506813811],[100.61127017824009,6.516586111687491],[100.61087748017333,6.516951438276577],[100.61077009402503,6.517315944386422],[100.61034597749426,6.517180962857489],[100.6093951506635,6.517469324150638],[100.60903707434169,6.517329972049061],[100.60898012054678,6.518173389523835],[100.60879978881752,6.519042695573623],[100.60872921776067,6.519613666675261],[100.60873858590257,6.519886217072671],[100.60861739408057,6.520597843768518],[100.60850814930048,6.521058097993951],[100.60852331527784,6.521816121165187],[100.60837617126809,6.522408582505292],[100.60838309628936,6.523247456774889],[100.6083541036655,6.523507382026052],[100.60818861636619,6.523678238770444],[100.60777180232988,6.523824402070127],[100.60716367734967,6.524086174190617],[100.60696448493788,6.524372137259597],[100.60669397980038,6.525020321758731],[100.60663111176582,6.525318597760601],[100.60643165426582,6.525544982682586],[100.60593237537346,6.525853328815494],[100.60590604124484,6.52657360408537],[100.60578830096473,6.526731651144549],[100.60546236752396,6.526761349152242],[100.60497964813766,6.527049480968498],[100.60474781982543,6.527365563198506],[100.60457630240171,6.527516548735289],[100.60367000947936,6.52756246868585],[100.60295436409766,6.527822771375822],[100.60273260266422,6.527952489553524],[100.60234232635092,6.528028950747978],[100.60275304338415,6.528729935755857],[100.60282209174525,6.52903782746188],[100.60299131363779,6.529313214986868],[100.60331485661553,6.529656188584997],[100.60368217067814,6.530235440025417],[100.60378342790551,6.530543319231801],[100.60387679048272,6.531743371889538],[100.60384237327193,6.532173372629601],[100.60387944936998,6.532578192937648],[100.60382727013443,6.533072801738427],[100.60387179488589,6.533545585266848],[100.60377905226532,6.5336641347245],[100.60307033355974,6.533877857279752],[100.6024122115715,6.534223956431473],[100.60217242851638,6.534314224001319],[100.60175698282178,6.534354964367366],[100.60127041357954,6.534560745078671],[100.60084055553381,6.534594388349957],[100.60050782321449,6.534738743861917],[100.60002815956429,6.534865665511068],[100.59926360587866,6.535552487400404],[100.59903531520939,6.535857798861541],[100.59887869496785,6.536170024805576],[100.5981532475612,6.536752751821961],[100.59747009448469,6.537131201527801],[100.59714799930295,6.537221819013356],[100.59743820721414,6.537795985944408],[100.59764962166265,6.538374019154249],[100.59765607407078,6.539255390820861],[100.59781164306445,6.539761907235611],[100.59793417364992,6.539983651474095],[100.59829692960156,6.540253091083994],[100.59877004500778,6.540316048265687],[100.59892469336563,6.540509030536771],[100.59898316630728,6.540867133106987],[100.59900252964796,6.541329329692871],[100.59938787054236,6.541948034294216],[100.59949695392086,6.542442130655543],[100.59947350404295,6.542968924477466],[100.59958659480334,6.543574119860906],[100.59951674086392,6.544161906184145],[100.59873404841746,6.544752051345198],[100.59820587310975,6.545405847430066],[100.59797781171751,6.545807895821883],[100.59759207918556,6.546192544728373],[100.59734174727367,6.546343870785823],[100.59683471070646,6.546893629258594],[100.59620186432758,6.547293437941939],[100.59529324976687,6.547747734261235],[100.5947492843259,6.547939319636094],[100.59425918283755,6.548164907991003],[100.59399689706119,6.548497178387403],[100.59388802321007,6.549196201571628],[100.59388164253876,6.549722942305113],[100.59382793560893,6.550020557064477],[100.59386071879051,6.55020136059966],[100.5942022246212,6.550562181948073],[100.59437514011442,6.550848318444797],[100.59456282605156,6.551277705486633],[100.5946936323423,6.551850570629603],[100.59469530544783,6.552377285540406],[100.59462086135953,6.552624699039087],[100.5942081756377,6.553539769421612],[100.59384038589195,6.553942261343924],[100.59378402389189,6.554225509634623],[100.5938751390279,6.554719664752426],[100.59383281302992,6.554938407150487],[100.59355882321042,6.555530368801143],[100.59353429519233,6.555695351979437],[100.59370095933748,6.556289620627554],[100.59378479237887,6.556744380651952],[100.593764002426,6.556959438304416],[100.59362556538777,6.557364818196849],[100.59336877498666,6.557738298257559],[100.59310875803381,6.558222810284038],[100.59307001681418,6.558420024104559],[100.59306871416672,6.559136606808575],[100.59319154696219,6.560601739810123],[100.59314652491352,6.561074900632592],[100.59299066455559,6.56165229320229],[100.59302833811046,6.562221838005024],[100.59323411767791,6.562712102493508],[100.59342642504046,6.563467487557236],[100.59344585765294,6.563951202009674],[100.59337156090344,6.564245266128244],[100.59306134043169,6.564722796203189],[100.59221627772168,6.564890297465091],[100.59197433085018,6.56484441549019],[100.5906551220507,6.563504951792221],[100.590497041113,6.563383673057241],[100.5901275206643,6.563220030685099],[100.58956703260972,6.562745174024376],[100.58883798527971,6.562206479812756],[100.58784902513325,6.56162195664364],[100.58739330558548,6.561408407875384],[100.58696838854338,6.561268263480498],[100.58659564781205,6.561240783796896],[100.58542766089987,6.561265906217607],[100.58512316895852,6.561293811047086],[100.58450014163571,6.561412227566293],[100.58415619663081,6.561413314679099],[100.58323515466121,6.561344530322482],[100.58183455214595,6.56144568988179],[100.58156627872229,6.561586308859611],[100.58099436493177,6.562025241121141],[100.58066897990786,6.562237643918305],[100.58030379750504,6.562314015899379],[100.5800418563613,6.562193060639133],[100.57946272610123,6.561478302924359],[100.57949005431489,6.562176898891919],[100.57918712383571,6.562700960993345],[100.57867590336187,6.563046578638497],[100.5784903782188,6.563301574563551],[100.57841945914154,6.563534692081255],[100.57852083764399,6.563881905728156],[100.5784750839703,6.56415083643851],[100.57820762058009,6.564549479523802],[100.57796128007405,6.564836852681966],[100.57758344920292,6.565443603668101],[100.5775461220737,6.566115552290198],[100.57736536470907,6.566748534217979],[100.57717581313442,6.566861961892076],[100.57675776495168,6.567223468690207],[100.57595042970999,6.567419485719064],[100.57541276449841,6.567917434158622],[100.57455205704306,6.568237206819882],[100.57428748032153,6.56841723006344],[100.57373592192947,6.568504943176616],[100.5733458534222,6.568660226610517],[100.57278811148063,6.569034646523796],[100.57261663846253,6.569207234300992],[100.57213049247302,6.569563437361689],[100.57127666740418,6.570343729873398],[100.57085873323466,6.570767796403512],[100.57063074858866,6.571180598402232],[100.570837402326,6.57195385527368],[100.57087160373872,6.572587970592455],[100.57069799657236,6.573197694804814],[100.57028751048443,6.573714950325289],[100.57003448293919,6.574131447414705],[100.5699599843325,6.574389619602666],[100.56999698453285,6.574751412851627],[100.57034970758194,6.575262746894631],[100.57062991012894,6.575498288025351],[100.5703124643285,6.575940031089279],[100.56986212354857,6.576303354119498],[100.56951523178262,6.576533721443696],[100.56931516813533,6.576720683344357],[100.56923700745507,6.576928780174258],[100.56913738032206,6.57827999241957],[100.56858789988358,6.579034105071144],[100.56860727514719,6.579482023731305],[100.56908507919951,6.579885378234852],[100.56915351528458,6.579999802723625],[100.56933451330988,6.580579754183704],[100.56918455490158,6.580766559073445],[100.56893536577616,6.581290451050359],[100.56860736256279,6.58181459041046],[100.56837868684451,6.582008784642668],[100.56808318237246,6.582600900303687],[100.56760885374221,6.583329914725825],[100.5673943468792,6.583477412930794],[100.56665269944428,6.584633546976559],[100.56647481008352,6.585021058153473],[100.56631861272521,6.585501713652299],[100.56634139769209,6.585895737865505],[100.56614979116583,6.586498286256514],[100.56582122087036,6.586843325392129],[100.56555672150218,6.587052006558429],[100.56481258816815,6.587441383007532],[100.56463409045051,6.587635419168602],[100.56392734710579,6.588511895595592],[100.56408585271976,6.588790945932186],[100.56433042839433,6.589076778420552],[100.56449645910546,6.589448926951783],[100.56460507515695,6.589821255341461],[100.56462213227995,6.590695463753073],[100.56458982361973,6.591806338694324],[100.56464162421167,6.592322234845851],[100.56473650907024,6.59288085002937],[100.56491104912054,6.593682959778579],[100.5652376598474,6.594993327324807],[100.56596209152326,6.595213280193192],[100.56724656233686,6.595732355305341],[100.56765570890572,6.595946063256283],[100.5684312106096,6.596423699373241],[100.56884729111322,6.59656577994754],[100.56814666917775,6.597112610864481],[100.56780391371136,6.597500641634023],[100.56719753333248,6.598376899094747],[100.56704791506141,6.598649683095034],[100.56693447124957,6.599044135077024],[100.56689955137055,6.599345308758754],[100.56698852983831,6.600276609305689],[100.56681844307568,6.600893466192343],[100.56652591292226,6.601295714068365],[100.56611139829981,6.601676827826051],[100.5657258683533,6.602122312355305],[100.56473306313443,6.603186027122589],[100.56376810005281,6.603998856936878],[100.56296064098012,6.604746729176719],[100.56283942780792,6.604947728765694],[100.56271213567322,6.605492756477266],[100.56260548689471,6.605772638066969],[100.56227064485249,6.606404296746065],[100.56255100069748,6.606682873510858],[100.56311057319999,6.606853166741154],[100.56334749910833,6.607002864589332],[100.56330627427839,6.607576372399652],[100.56320656602787,6.607763019916072],[100.56337268825821,6.608185253997996],[100.56338777057358,6.608428860769958],[100.56348897170456,6.608693714535419],[100.56401081021608,6.608269229023951],[100.56427545483639,6.608103580612464],[100.56481939839429,6.60787973448533],[100.5650491669822,6.608029544192914],[100.56545220955091,6.608551386875646],[100.56577633789806,6.609066334934831],[100.56593498879691,6.609388326804206],[100.56614330536131,6.609545345612778],[100.56656805172543,6.610138813283573],[100.56692684675146,6.610295357890713],[100.56747189677726,6.610422655694584],[100.56792320172508,6.6103566814907],[100.5684465277707,6.610405209535306],[100.56900496840223,6.610238632600548],[100.56939922404617,6.610266049145959],[100.56977157460163,6.610157377878214],[100.5704368622854,6.609775468903209],[100.57080415063197,6.610354737949394],[100.57134469027632,6.611320501852251],[100.57148149177587,6.61149926111044],[100.57184056025805,6.611741779982861],[100.57191258225313,6.611856191457715],[100.57205066844558,6.61246493314107],[100.5720093865612,6.613016831678947],[100.57178278464899,6.613870288546216],[100.57166320522039,6.614587341196897],[100.57170722791537,6.614902549796379],[100.57126509428336,6.615606246799579],[100.57068795186778,6.61667580487413],[100.5703525740282,6.617135511124143],[100.56991882476481,6.618204706460578],[100.56954448143524,6.619053567293776],[100.56980917153128,6.619184819395278],[100.57005559224365,6.619504903829603],[100.57033953670282,6.619758870645061],[100.57124690965813,6.620208953114425],[100.57207898401833,6.620687569898342],[100.57237235554635,6.620950907876452],[100.57250511960919,6.62114866480912],[100.5725722335376,6.621478717432536],[100.5728374637004,6.621779935109407],[100.57309305284834,6.621933002347641],[100.57270610368562,6.622025721726648],[100.57173547968695,6.622491146916829],[100.57128387311603,6.622936123817791],[100.5707576070977,6.623636110131732],[100.57048621985169,6.624382574289941],[100.57045885324708,6.624665732503153],[100.57104519753295,6.625041336643029],[100.57141517157856,6.625662995577999],[100.57155728806207,6.625823022246558],[100.57165272464222,6.626171880819259],[100.57188944138312,6.626416502149255],[100.57217324154826,6.626623183121253],[100.57268349664137,6.626800938788929],[100.57250535138775,6.627178961777538],[100.5721953065714,6.627632894310174],[100.57172790944463,6.629049912704965],[100.57207855859552,6.629501842778568],[100.57231617463455,6.6300295319672],[100.5725527443131,6.630226959284142],[100.57184749135901,6.631040798089041],[100.57145237349037,6.631429001582038],[100.57135844511285,6.631580282631625],[100.57134173135978,6.632259761347231],[100.57103039776936,6.632307941217652],[100.5708419872734,6.632412327839638],[100.5702586513045,6.632989901576332],[100.56994891532405,6.633519324748313],[100.57001860175951,6.634661064414417],[100.57006644818104,6.634887388275235],[100.57010694610203,6.635736565229693],[100.57036295305586,6.636113213223975],[100.57070344913649,6.636348102725685],[100.56992209170681,6.636964005262461],[100.569724866264,6.637275999660848],[100.56935970905285,6.638202043660964],[100.56928673809028,6.639013789056544],[100.56927955444496,6.639712224009882],[100.56917730427578,6.64020319939954],[100.56895248777761,6.64075134008453],[100.56901966312718,6.641146758648271],[100.56865232270425,6.641337329690858],[100.56827612211065,6.641744368637082],[100.56791119937827,6.642745813498168],[100.56764876639228,6.643331773954977],[100.56755577639471,6.643756721308324],[100.5671895668871,6.644352412851389],[100.56730480059909,6.644993774095454],[100.56742871344451,6.645361438479916],[100.56723196222205,6.645824415142791],[100.56705551242455,6.64674036911852],[100.56669847310516,6.647241734810653],[100.56653924601599,6.64763859381062],[100.5665882142346,6.648195270487124],[100.56682601796048,6.648779556922801],[100.56661057789256,6.649299279619404],[100.56650784728929,6.6496393635382],[100.56645312877554,6.650234069211817],[100.56651227115539,6.651035994354351],[100.56638162068158,6.651508254926869],[100.56612108149092,6.652669846759177],[100.56612203838105,6.652971901650457],[100.56623718544762,6.653584874507259],[100.56627628066782,6.653990598572623],[100.56625952187919,6.654679571474014],[100.56643071857823,6.655094189081061],[100.56662154606316,6.655725907727948],[100.56671779792815,6.656329537433944],[100.56683251369108,6.656782215240342],[100.56665601160039,6.658410595969738],[100.56672761387074,6.658648688079333],[100.56688613246888,6.658803870337798],[100.56803654150372,6.659203626966746],[100.56826583989208,6.659337428197599],[100.56851521929873,6.659829728859938],[100.56849694395046,6.660039717306891],[100.5683231800777,6.660297483535489],[100.56899795212715,6.660276445085781],[100.56930493519019,6.660355662908311],[100.56978222061214,6.660542920824364],[100.56964733986794,6.661161477576548],[100.5694458753473,6.66164336633996],[100.5694369438505,6.661789676913997],[100.56971213655748,6.662260738563119],[100.56980753939007,6.662571804732149],[100.57004974084599,6.663057074727004],[100.57038629564425,6.66352314885024],[100.57092102842893,6.663974397770425],[100.5710211308316,6.664285448476859],[100.57114437885086,6.664464337646926],[100.57131926147078,6.664558168189656],[100.57128304375068,6.665034920649708],[100.57121784087126,6.665308796784839],[100.57105358656992,6.6656018837428],[100.5708853096878,6.666107264266501],[100.57091449005466,6.666371437437713],[100.57110494017523,6.66690397408511],[100.57056741288756,6.667051967255984],[100.57026591971282,6.667222805658132],[100.56999809438226,6.667591713813339],[100.56974997757487,6.66822482538586],[100.56956859579832,6.669065304248367],[100.56939321795343,6.670292625187402],[100.56943742463595,6.670849314999443],[100.56936854373686,6.671444065325308],[100.56943714274108,6.672236555142249],[100.56949424247604,6.672392058082973],[100.56939238433017,6.673005808918647],[100.56955400142066,6.673359156125319],[100.56926230677499,6.673657350256421],[100.5688664239098,6.673814295007755],[100.56846061959239,6.673853377384559],[100.56813013626544,6.673797832561259],[100.56757215554106,6.673989466714329],[100.56672986984755,6.674036535407877],[100.56598335349287,6.673969834711306],[100.56565827307536,6.674159551674665],[100.56507007333612,6.674699355500002],[100.56481876338175,6.675809024860373],[100.56474864836221,6.676016827501943],[100.5645559276411,6.676248616277528],[100.56412213993327,6.676377470623015],[100.56376870226049,6.676538978702229],[100.56329321277727,6.676922648246092],[100.56329833038536,6.677031213786126],[100.56349762242498,6.677389145383737],[100.56361288416778,6.678011700770429],[100.56373637423569,6.678266082653146],[100.56360004765484,6.678431693431352],[100.56358757062299,6.678964877585318],[100.56334855428194,6.679484676934967],[100.56340650734762,6.67988554935051],[100.56319434753347,6.679961714657469],[100.56249304890568,6.680563264520621],[100.56258869337793,6.680949823265052],[100.56216573496573,6.681507997311524],[100.56205357280828,6.681862215949381],[100.5620452989164,6.682216105012259],[100.56198062973247,6.682659859228909],[100.56201539054953,6.683202386800976],[100.56186046385046,6.683476638354785],[100.56163010709852,6.683741545790599],[100.56162699626117,6.68426529800345],[100.56150633525417,6.684902706299932],[100.56167266689516,6.685260833087191],[100.56185279436819,6.685524438041395],[100.56216503191237,6.685750013172072],[100.56285019680604,6.686007312820574],[100.56289874033132,6.686450707445794],[100.5632310771,6.687063079804374],[100.56324623693345,6.687374401748736],[100.56320509162052,6.687803977324549],[100.56307874436428,6.68812994319013],[100.5628089359063,6.689357566282808],[100.56270626108733,6.689740143690993],[100.56267984003792,6.690320565927845],[100.56196752716998,6.690417216384114],[100.56151960119428,6.6905602201768],[100.56116115479625,6.690627357199525],[100.56104379831709,6.690825907425611],[100.5608052111848,6.691506182795821],[100.56064511846877,6.691610481110027],[100.56050916296616,6.691917672195888],[100.56020807099185,6.692220595660719],[100.5597791009765,6.692368239488977],[100.55901005744887,6.692450872138812],[100.55883619774613,6.692682600811626],[100.55901206329048,6.693083100106606],[100.55899496115093,6.693639987059789],[100.55878810690797,6.693886014761725],[100.55849603561134,6.69407092451383],[100.55836667752611,6.69495373257154],[100.55807925907176,6.69510092667887],[100.55771084297345,6.695012408234572],[100.55759776379627,6.69505525918558],[100.557226504336,6.695575477642751],[100.55686308543213,6.695557733553738],[100.55653373782539,6.695889043504528],[100.55607154424108,6.695980193820922],[100.55564250943256,6.696132536558358],[100.55502912393969,6.696172269442124],[100.55462741369061,6.69600366064297],[100.55440083590436,6.696004377457987],[100.55389726449246,6.69645422201289],[100.55368784986928,6.697377335545355],[100.55344631161671,6.697859441241757],[100.55342838296524,6.698156765413096],[100.55345060396381,6.699216026916263],[100.55355055952793,6.699503575571643],[100.5538686156722,6.700080468742727],[100.55401198729216,6.700629796954242],[100.55380218860915,6.700701251743075],[100.55352913736057,6.700935644226287],[100.55334128881108,6.70122645401943],[100.55308147703433,6.701897303079723],[100.55341015428233,6.702106285180951],[100.55369441122308,6.702442794979206],[100.55437799788307,6.70294782972382],[100.5544220419613,6.703431292040571],[100.5546419922557,6.704327098460244],[100.55491276150838,6.704878372877489],[100.55533460604778,6.705443272069491],[100.55589727589275,6.705776456135673],[100.55608623939669,6.705837245065155],[100.55681420086678,6.706198292219995],[100.55684544825365,6.707113500296834],[100.55719982321936,6.707239853109951],[100.55742744038419,6.707588292458989],[100.5576496545908,6.70771497401936],[100.5585161831035,6.707837258039399],[100.55870801422563,6.708049020552775],[100.55878206515317,6.708327156253079],[100.55827463799159,6.709067234053637],[100.55815600408323,6.709592529001513],[100.5577670926475,6.709747099243],[100.55737984048729,6.709672837237614],[100.55715719075874,6.709409367377514],[100.55680553105275,6.709410483865403],[100.55640984831288,6.70966416356864],[100.55611264933151,6.709693404971888],[100.5558550672832,6.70958573067183],[100.55555200174706,6.709270529433018],[100.5552450912344,6.709224308971161],[100.55490682355185,6.708956412690524],[100.55451241172396,6.708858573933819],[100.55431230668601,6.709024386747567],[100.55395244634923,6.70902670244268],[100.55323543376113,6.709156361199905],[100.55282720808518,6.70952444651134],[100.55260638379654,6.70983660749701],[100.55233474020626,6.710493390742184],[100.55201567545896,6.71110783148333],[100.5518344303869,6.711247545933527],[100.55151247730932,6.711656765367985],[100.55097563996792,6.712040626580075],[100.55081104923607,6.7122346244347],[100.55051888982662,6.712395935774679],[100.55027914830595,6.712693961789831],[100.54989711482402,6.71278485655363],[100.55045530236653,6.713184149507097],[100.55075823383196,6.713456861831613],[100.55109408698176,6.713691768785019],[100.55138709835099,6.713799333169135],[100.5517317965146,6.713859630173028],[100.55210090017513,6.714160430145344],[100.55245038685723,6.714225412708381],[100.55275192871784,6.714059278677116],[100.55298386473959,6.714287370900324],[100.55302453706459,6.714459472633087],[100.55278038962656,6.714849550859229],[100.55239325916702,6.715567998417902],[100.55223876119189,6.715957792527099],[100.55218357257378,6.716406219195719],[100.55191011701629,6.71651557730542],[100.55146604037239,6.716375492481303],[100.55127249374446,6.716376105382264],[100.55110827539869,6.716664399902833],[100.55083080807744,6.716990844273008],[100.55042603949008,6.717345989806402],[100.54936634348417,6.718057162071979],[100.54920716611907,6.718477619678456],[100.54896779489505,6.718893629627206],[100.54895995035014,6.71940799653629],[100.54900810349861,6.719705112059475],[100.54935022808645,6.720411758450852],[100.54943630129418,6.720765440853654],[100.54939947254817,6.721076929124796],[100.54914651220494,6.721700563544966],[100.54910134638436,6.722323540381338],[100.5489997499949,6.723050576817828],[100.54872631958824,6.723145739683269],[100.54843425815338,6.723316544074661],[100.5481240881753,6.723751673906043],[100.54808730360588,6.724053759508252],[100.5478338181629,6.724488709980926],[100.5474389623757,6.725009002501608],[100.5472232161938,6.725443743109087],[100.54730954344167,6.725877618812802],[100.54776408768905,6.726329225274577],[100.54806819303248,6.726969902379043],[100.54833321393127,6.727186137802308],[100.54866384012794,6.727251180749852],[100.54867551024748,6.727968365647501],[100.54875718525017,6.728392762354479],[100.54917590730797,6.729472015112179],[100.54936525418533,6.72965069796527],[100.55015427784221,6.729898270760058],[100.54989977461771,6.73001227072292],[100.54975593507955,6.730800739004498],[100.54966225178995,6.731105988439044],[100.5492973880082,6.731417522025823],[100.54878845687576,6.731740541947958],[100.54836782229796,6.731941318818771],[100.54763858682956,6.732697285574495],[100.54720736401103,6.733064359170903],[100.54657640931048,6.733365613335657],[100.54598913137589,6.733445043345774],[100.54513639187594,6.733735877101478],[100.54492582737126,6.733758693313705],[100.54544623333494,6.735150808705457],[100.54531029089829,6.735443715146155],[100.54519938184406,6.736175483100207],[100.54560749905443,6.736896115911613],[100.54584458561969,6.737239827722081],[100.54566763735448,6.7379859086383],[100.54579655810328,6.738466843415149],[100.54592456713833,6.738636318561107],[100.54653052457508,6.739200637437931],[100.5469369414001,6.739359737258067],[100.54655228154952,6.740111177657016],[100.54633693493355,6.740673396093578],[100.54619704162623,6.741225972898877],[100.54609098299368,6.742004829121944],[100.54597495805059,6.742628030969979],[100.54612801209814,6.743262224079804],[100.54649713218653,6.743560673005444],[100.54708895475693,6.743381864774855],[100.54743150483883,6.743487010279175],[100.54801526912571,6.743754037726961],[100.5482887853063,6.743682469405093],[100.54850531361845,6.743493006511271],[100.54897701094153,6.743397121538267],[100.54895046581692,6.743963442674155],[100.54903645624938,6.744265138564669],[100.54901887461514,6.7446710441631],[100.54890070348499,6.746119965852738],[100.54881085701064,6.746811524807012],[100.54868030392188,6.74729798270184],[100.54852083717796,6.747628756249444],[100.5487670903656,6.74787334656865],[100.54917401057139,6.748188217205666],[100.54932583416947,6.748433107094424],[100.54955405758092,6.748965528522182],[100.54968222138622,6.749182195122087],[100.54945072251697,6.750622074143751],[100.5495938095915,6.751074662795616],[100.54970298320475,6.751277195279897],[100.54996952155716,6.751965179868466],[100.55005012639636,6.752097102604194],[100.55062743223338,6.752534024645885],[100.55078398771471,6.752788391535803],[100.55062896488064,6.753015361257885],[100.55049868434318,6.753610310322806],[100.55029930019045,6.754733924316001],[100.55014510320045,6.755220457846005],[100.54991504529231,6.755612844978962],[100.55023335271378,6.756253560487477],[100.55052694845305,6.756559295773791],[100.550858963571,6.757053683956419],[100.55144178856096,6.757745450818035],[100.55174454334241,6.757952157195401],[100.55246286046611,6.758232940229644],[100.55341901337815,6.758338472734865],[100.55380408478494,6.758464631203626],[100.55442675731331,6.758015478032837],[100.55484508147481,6.758160334710756],[100.55523236148355,6.758394072291177],[100.55599531980263,6.758522186078754],[100.55620975369591,6.75861028288934],[100.55672676619018,6.758592898907227],[100.5575527228862,6.7588043469819],[100.5580700698936,6.758891473747924],[100.5584393717893,6.758425587487416],[100.55899834610634,6.758444682642598],[100.55919665684775,6.758412766005136],[100.55967121164413,6.758181515993644],[100.56036088608447,6.758252357150695],[100.56050397980317,6.758888922594177],[100.56072002185705,6.759478150793247],[100.56092460939703,6.759775122260263],[100.56128533355292,6.759867991146516],[100.56160965140724,6.760028783468074],[100.56187169898865,6.760309929215999],[100.56215432102096,6.76047085484722],[100.56271338987435,6.760542110977204],[100.5630109980163,6.760515117585387],[100.56316297823376,6.760665974537566],[100.56362858334447,6.760899452503696],[100.56403646839568,6.761044333613288],[100.56476230943936,6.760994987918842],[100.56547329294746,6.761196393378377],[100.56581863242963,6.761398883747098],[100.5658819945895,6.761617921900909],[100.56582777078762,6.762615398872684],[100.56592246146631,6.762834336160959],[100.566158506781,6.763146843874255],[100.56654724157275,6.763829627286278],[100.5673316822296,6.764140368077431],[100.56758782345979,6.764207439977945],[100.5678286877904,6.764394624090184],[100.56797565163828,6.764608238897052],[100.56840530203742,6.765024543262295],[100.56814025026273,6.765432599766061],[100.56806340441493,6.76591319035323],[100.56805905895426,6.766184702493039],[100.56839506281186,6.766705730779649],[100.56870919722584,6.766944934143749],[100.56878396558473,6.76746156082481],[100.56838098596697,6.768815197759438],[100.56814247806663,6.769358872883905],[100.5683045787112,6.769431490803602],[100.56894232339278,6.769586021215084],[100.56946567915882,6.769913329790672],[100.5696909505056,6.770121446930037],[100.57028792077665,6.77058422032576],[100.57040848667405,6.770730021912656],[100.5700126790702,6.771070605097758],[100.57006330165171,6.772193048428273],[100.57011681633581,6.772594923715531],[100.57007125832149,6.773038888015805],[100.56932772261973,6.77408026905914],[100.56915119771428,6.774414990537047],[100.56876524889341,6.774598953463899],[100.5683581678851,6.774683805787618],[100.56796123572815,6.774700727927178],[100.56756450609916,6.774780392912144],[100.56710557306968,6.775001115470718],[100.56511250105179,6.775670691924353],[100.56492505782518,6.775859165950718],[100.5647232465411,6.776449825787163],[100.56471859756955,6.776627404185182],[100.56455177817325,6.776711479647983],[100.5641133405929,6.776812070768707],[100.56375816137822,6.776823702092154],[100.56321030658599,6.77699769537256],[100.56282977622239,6.777244381041784],[100.56256355476388,6.777292250554591],[100.56245423877802,6.777397024899622],[100.56243477422575,6.777861700232314],[100.56188683370381,6.77800965481309],[100.56170984850803,6.778203428567221],[100.56166869806043,6.778396765380246],[100.56175937124021,6.778965599564904],[100.56197462247397,6.779304303103109],[100.56225239824717,6.779601036214792],[100.56236272374605,6.779809526297283],[100.56261317445478,6.781348930350875],[100.56323036929236,6.781602800445441],[100.56384197243827,6.781741777670244],[100.56443221055919,6.781755515956263],[100.5646210202018,6.781989880366904],[100.56497973515188,6.783095601499927],[100.56511643102803,6.783361505563859],[100.56506640636039,6.784040367556976],[100.56493272785512,6.784709102417554],[100.564985348562,6.784834239566212],[100.56477948500098,6.785764308661612],[100.56484484220208,6.78659947726342],[100.56492968683432,6.787001252415336],[100.56510857882022,6.787397480225892],[100.56542355432008,6.787892447219069],[100.56542497157044,6.788331016717968],[100.56535783253102,6.788560962785292],[100.56578182988237,6.788836335442427],[100.56696419754682,6.789443408185925],[100.5679580033764,6.789847486572508],[100.56863223642868,6.7899966494528],[100.56900797290255,6.789880614049402],[100.56936320466437,6.78990559215216],[100.56973976977751,6.790045320089959],[100.57029470067613,6.790440236297998],[100.57072322896913,6.790501500949516],[100.57104850320476,6.790949506944106],[100.57168754910622,6.791495673383755],[100.57186600798245,6.791756194920275],[100.57213293014068,6.791922404275041],[100.57259299316817,6.792046217820671],[100.57292257570934,6.792212223271254],[100.57340878149446,6.792346438466469],[100.5744068496174,6.792452771609297],[100.57494518741632,6.792560687623903],[100.57570364068079,6.792892371604059],[100.57613737539545,6.792948370179428],[100.57587717766623,6.793244219676437],[100.57573310594503,6.793923475677997],[100.57574964636504,6.794192296888649],[100.57615275762934,6.79446501363233],[100.57650048251533,6.794589188209406],[100.57678004517152,6.794627515504372],[100.57772034887769,6.794655734882616],[100.5780803090168,6.794505749941377],[100.57828612938478,6.794348491923031],[100.57881455018982,6.793816795724659],[100.57916356739483,6.794314260414001],[100.57956905488098,6.79453751271682],[100.58006649937393,6.794914430053279],[100.58019248238172,6.795094112483414],[100.57983309370681,6.795418946862493],[100.57936729077193,6.795937421263287],[100.57924574831797,6.796295473228804],[100.5793812024858,6.796999855208986],[100.57959869399134,6.797218476442622],[100.58003841294774,6.797506800466406],[100.58082067885748,6.797908824164132],[100.58110165112777,6.79837784899817],[100.58202141517437,6.798510546919944],[100.58270673669018,6.798852942971825],[100.5826936517983,6.799641435947436],[100.58251230320309,6.800096239901302],[100.5826549538533,6.800581356046627],[100.58277065240101,6.800831589258959],[100.5827346983455,6.801014421873681],[100.58315772320289,6.800987000545097],[100.58386390785498,6.80129795404425],[100.58418255984674,6.801312551554997],[100.58452688191278,6.801170477883556],[100.58498205813656,6.801393470592833],[100.58511819978892,6.801507842954363],[100.58578189280675,6.80159969276044],[100.58611138822148,6.801713431065171],[100.58675435961912,6.801878397057406],[100.58705772969714,6.801987067038045],[100.58728762940551,6.802007197147812],[100.58782544635488,6.801953267086768],[100.58844772580873,6.802154823344988],[100.58857814923142,6.802117870322537],[100.58875783901716,6.802748960747047],[100.58891588754014,6.803150485865944],[100.58913857161323,6.804152197670788],[100.58921248311589,6.804397321974616],[100.58956416755589,6.804928759380672],[100.58948170122967,6.805257934432212],[100.58934646163917,6.805441093317744],[100.58896560415963,6.805588624888093],[100.5882974624741,6.80571088154645],[100.58785263860108,6.805461731376685],[100.58754443879825,6.805473140132765],[100.58699701503754,6.805783047425549],[100.58675168803835,6.805836017902501],[100.58582879640927,6.806345511312638],[100.58558865654108,6.806388067350644],[100.5854231464543,6.806894985763797],[100.58521702716624,6.807757160342664],[100.58582392350301,6.808042396382472],[100.5864463997284,6.80830136203075],[100.58682350830236,6.808623875422025],[100.58693918317975,6.808842735122321],[100.58699925467681,6.809620589267142],[100.58714139360386,6.809969911097888],[100.58727766482615,6.81010001271076],[100.58727884891253,6.810460194287296],[100.58712830234876,6.810753068225065],[100.5869836871701,6.81123912458759],[100.58717777090959,6.811504829083402],[100.58734372312506,6.81272081383359],[100.58718293853951,6.813076374295237],[100.58697082761564,6.813703508195166],[100.58665950099575,6.814331058463917],[100.58624220274933,6.814515234181674],[100.5862024187308,6.815121008228135],[100.586129770062,6.815283167621534],[100.58571888247454,6.815806623456719],[100.58553190070523,6.81613614193797],[100.58550273138843,6.816794046711427],[100.58535343534923,6.817468076981306],[100.58513981146177,6.8176358525512],[100.58479179012221,6.818221754607358],[100.58461610890292,6.818812334502905],[100.58458608126415,6.81920923416],[100.58494382172937,6.819991264604676],[100.58522832460396,6.820710791913257],[100.58532807407238,6.820872385021085],[100.58620133101229,6.821141010454997],[100.58609887897285,6.821767874752852],[100.58615771226816,6.82219060998979],[100.58619696974078,6.822989326026041],[100.58606218916395,6.823313429858314],[100.58604217758152,6.823579747235311],[100.58623670274207,6.82395502400998],[100.58630536202973,6.824189768572936],[100.58658323318178,6.824502118217891],[100.58661566546196,6.824836159406268],[100.58659151581332,6.825431484974936],[100.58653053683652,6.825943304347535],[100.58638519184069,6.826230918308049],[100.5859534728855,6.826796213226313],[100.58580773789505,6.826942882345635],[100.5856585972312,6.82766392472084],[100.58562943132875,6.82832191972878],[100.58590752875715,6.828702164930123],[100.58641509219828,6.828966746087469],[100.58657754881997,6.829117644671904],[100.58714801849663,6.829455157796448],[100.58758142440256,6.829401474505555],[100.58808347459833,6.829577381534016],[100.58891986725459,6.829746942060254],[100.58940507951834,6.829567781034893],[100.58988014043359,6.829477433570113],[100.59082399854547,6.82902689080286],[100.5912247597622,6.829502107171608],[100.59238042491887,6.830251928762025],[100.59301475020105,6.830947960340027],[100.59362603935466,6.831400327809718],[100.59429180466708,6.831542234996134],[100.5951244436372,6.831838728121934],[100.59552551007171,6.832179050249019],[100.59541261012785,6.832800704995887],[100.59403610003301,6.833577976054251],[100.59389543283092,6.833677618749239],[100.59386506897191,6.833970097521724],[100.59376159068792,6.834283702422997],[100.59325908508136,6.835548902510221],[100.59317162383411,6.835945991108495],[100.59290091690863,6.836223624633413],[100.59283376764165,6.836469213203994],[100.59257905497299,6.836845970960987],[100.59269546827205,6.837284153472636],[100.5928026082228,6.8380982816619],[100.59247080820052,6.838851209763254],[100.59228633388479,6.839937797203603],[100.59216401180745,6.840846708768074],[100.59223034450875,6.841953350475437],[100.59231535223871,6.842391636733724],[100.59226499904818,6.842955676062694],[100.59217210721877,6.843290130320747],[100.5921259053903,6.843801177034857],[100.59124896754362,6.843515949869704],[100.59058336821496,6.843429461510419],[100.58970714452481,6.8435176129344],[100.58934189689245,6.843633637924736],[100.58906030778255,6.843780757785441],[100.58858009721462,6.843897252516004],[100.58882595280276,6.845577573661353],[100.58895335850522,6.846203678728003],[100.58911196532634,6.846767027932867],[100.58911410803528,6.847414521461464],[100.58896013105375,6.848250398502867],[100.58913914418578,6.848667490641681],[100.58937038014169,6.849084409929404],[100.58930906160506,6.849491899750625],[100.58939441547163,6.850034606533056],[100.58951030772324,6.850336998790799],[100.58954475949636,6.851255879716232],[100.58942014573836,6.85149641501561],[100.58925330427978,6.851601387943496],[100.58895058004653,6.85167552919298],[100.58874213289742,6.851832804888105],[100.58816936509359,6.852388175431524],[100.58808784204241,6.853025368030906],[100.58788606816961,6.853621280237708],[100.58742808987034,6.854124015271935],[100.58718385699777,6.854537263136825],[100.58702986553453,6.855347103199414],[100.5868537175523,6.855796650814734],[100.58665609835388,6.856047914534218],[100.58631203541545,6.856278777900022],[100.58593698898841,6.856593280343642],[100.58557338266374,6.857231495539645],[100.58523973388397,6.857430952486533],[100.58510443061935,6.85759847315926],[100.58506406736463,6.858026778400033],[100.58498113110257,6.858215010372888],[100.58467946593301,6.858633691177091],[100.58403128996449,6.858521012837913],[100.58362349161175,6.858407450053877],[100.58323668078505,6.858346073473538],[100.5829024440187,6.858368060179592],[100.58206556839225,6.858068042958329],[100.58150181749521,6.858195206459602],[100.5809905995884,6.858416130336495],[100.5806773837552,6.858500699101805],[100.58039605853422,6.858731352611549],[100.57974953383912,6.859119885640031],[100.57939440630739,6.859141938826534],[100.5791357238528,6.859905021442976],[100.57912122640876,6.860260102053108],[100.57933662357674,6.860624913319225],[100.57903768704031,6.861873710851791],[100.57904354613571,6.862066893826752],[100.5793337850231,6.862932681335367],[100.57944495331662,6.863386525812613],[100.57922732688297,6.863930233850906],[100.57882561834205,6.86410387450223],[100.5783778364105,6.864559559269297],[100.57823705422608,6.864627919197199],[100.57734447459352,6.864860583435751],[100.57718838006673,6.865059542976163],[100.57675831434914,6.866115569705236],[100.57632023451639,6.866346737730717],[100.5757877373878,6.866452909922605],[100.57506708764629,6.866538815481865],[100.57487931303329,6.866633366650877],[100.57419126778404,6.867105569202967],[100.57384709289774,6.86728417099398],[100.57360747051581,6.867493801071468],[100.57337788139091,6.867578182516715],[100.5738736132184,6.868996689651317],[100.57438646041646,6.869266501317962],[100.57480544046139,6.869578389446651],[100.57524499600491,6.869817159529735],[100.5754335620381,6.869962729799088],[100.5761256327687,6.870712288940977],[100.57693136808072,6.871064670712585],[100.57713054624709,6.871283254990478],[100.57754028969903,6.871960690666527],[100.57793721291722,6.871917614737145],[100.5785956754303,6.871998982377876],[100.57877383275516,6.872155072543826],[100.57938293702894,6.873082369633027],[100.57974920948955,6.873269120091607],[100.58004164226386,6.873236783799439],[100.57983459768012,6.873822226391025],[100.57992978170263,6.87415606067913],[100.57992050938631,6.874511123843218],[100.57997321777765,6.874657139808359],[100.58032482487232,6.875146804921153],[100.58103783592117,6.875906771604157],[100.58116954472601,6.87622999737592],[100.58117223853053,6.877044564822706],[100.5811484397052,6.877744311162445],[100.5808519556765,6.878131604069486],[100.58057659784838,6.8786128514914],[100.58077163495955,6.879134313712526],[100.58087282133467,6.879703098004637],[100.5812942456365,6.880772045924947],[100.58147313317058,6.881147371087498],[100.58170919328334,6.881438970093998],[100.58213282375938,6.881573271551956],[100.58272349188988,6.881680982441024],[100.58333145973137,6.88225848522988],[100.58353573590455,6.882414485887892],[100.58402762518509,6.882658224119991],[100.5843575391771,6.882902588740213],[100.58473411542865,6.883021312333698],[100.58454722139548,6.883382206910247],[100.58443875332323,6.883768969506079],[100.58441418171729,6.884233747346396],[100.58445864771454,6.88504284077574],[100.584423440549,6.885450244860666],[100.58460776345068,6.88588820245959],[100.58452020307733,6.886280049095951],[100.58468816536167,6.886509218668917],[100.5850758317613,6.886821196486793],[100.58548399058206,6.887013044327475],[100.58642023934641,6.887338841342795],[100.58686550783877,6.887718522309402],[100.58707461075855,6.887754352722817],[100.58776391473008,6.887658129662667],[100.58858982918707,6.887785933884565],[100.58941506047168,6.887730934603988],[100.59019747173694,6.887342020306982],[100.59039506295227,6.887080265732527],[100.59068715915387,6.886922707809907],[100.5912518768182,6.88707741408391],[100.59157589519687,6.887118103572873],[100.59231749204375,6.887042584359217],[100.59268253006701,6.886832526836313],[100.59290129375701,6.886633353424358],[100.593506363543,6.886359843118609],[100.59414265485535,6.886722606062308],[100.5944973481377,6.88667712339797],[100.59527302676426,6.886486126333472],[100.59584886487146,6.886262525415698],[100.59574099616707,6.887160540290937],[100.59583437501732,6.88855666066101],[100.59611351380987,6.889120955162201],[100.5965595140268,6.889850860472142],[100.59745944328104,6.890513069290646],[100.5979340400991,6.891827269411367],[100.59826155992097,6.892912145433033],[100.59834652740606,6.893308658439099],[100.59852546408612,6.893715253672446],[100.59886133688578,6.894152694609251],[100.59881219059463,6.895071758063497],[100.59883703836712,6.896251669714557],[100.59887766889896,6.896597883618731],[100.59909089714283,6.897350803688024],[100.59901579266052,6.898115719339105],[100.59871979986579,6.899136323418553],[100.59819101922074,6.900179857191044],[100.59769216493531,6.900714297882114],[100.59795856270698,6.902258826712495],[100.5980949513007,6.902435929512738],[100.5981275888299,6.902801246106476],[100.59800444426475,6.903480436125083],[100.59802764813425,6.904169532551919],[100.59781077286694,6.90493257301865],[100.59786499880187,6.905527632390961],[100.59772044135265,6.906029334509303],[100.59744993491726,6.906374783028564],[100.59735711040899,6.906751007369579],[100.59767119159281,6.90691702724457],[100.59832058761167,6.907395183437544],[100.59851990235636,6.907624239622642],[100.59875013356576,6.907727887629891],[100.59881389545252,6.908051421786091],[100.59893998520563,6.908249352055278],[100.59952583252164,6.908466713722139],[100.59970387055965,6.908580933133466],[100.60020527459515,6.908537481558151],[100.60012318338498,6.908976322087654],[100.59989467178681,6.909384373446289],[100.6000227596891,6.910198420953517],[100.60003493074258,6.910689200241792],[100.60008835375024,6.911044049485561],[100.60053329208303,6.911293163147752],[100.6007482957799,6.911527318238383],[100.60098459569073,6.911881552580221],[100.60119013865369,6.912408205954441],[100.60142156812337,6.912866876394247],[100.60198850022002,6.913669049584736],[100.60307788027401,6.914448578874716],[100.60325595259786,6.914594167325],[100.60356631050838,6.915224885801833],[100.60411539573506,6.915379620761708],[100.60490000627655,6.9156354495938],[100.60560191023832,6.916168200847489],[100.60604300886571,6.916824603248452],[100.60680948864366,6.917918379412567],[100.60747112489014,6.918897781531034],[100.60783829470377,6.919314220107984],[100.60819459118817,6.919626275242078],[100.60838385897888,6.91997017542317],[100.60891742286955,6.92016672356683],[100.60927329618583,6.920353475362226],[100.6101015846828,6.921165146084904],[100.61059357919476,6.921424574766236],[100.61121131521485,6.921798393240148],[100.61137930465708,6.922027547241869],[100.6117358216609,6.922381365775765],[100.61200773960142,6.922453492677431],[100.61225819877991,6.922358711285669],[100.61294626087283,6.921886445243567],[100.61328042899474,6.92183314734068],[100.61361548736718,6.92201996579935],[100.61405564069699,6.922415266221064],[100.6146004390371,6.92282060752675],[100.61476761023951,6.922830527069841],[100.61518495903134,6.922641154857706],[100.61603184223138,6.922773977791994],[100.61644986565084,6.922783044240018],[100.61631491755458,6.923054993197383],[100.61599183532506,6.923296300924531],[100.61565773445255,6.923391368417695],[100.61521849888324,6.923288441193129],[100.61489484761833,6.923362679213647],[100.6146453476245,6.923739436376094],[100.61423904697726,6.924106238712432],[100.61401978393675,6.924159237991589],[100.6133710954757,6.923900436068482],[100.61308897511925,6.923922277144074],[100.61259860822105,6.924143176257205],[100.61246323560442,6.924268938798851],[100.61223515716134,6.924802297087661],[100.61173618656763,6.925566296897057],[100.61162202063853,6.925806803751773],[100.61148930598408,6.926715658722983],[100.61137549460007,6.927060674374993],[100.61123151859961,6.927729538189754],[100.61105510090096,6.928095559627755],[100.61071359760645,6.929088748664713],[100.61064734585561,6.929574456580466],[100.6106887293513,6.930994513150355],[100.61073269475011,6.931636521921653],[100.61061998527263,6.932284305587162],[100.61038099543931,6.932681910494774],[100.61017557795608,6.933737290250871],[100.60988550813593,6.934474364309847],[100.60965140331317,6.934772776598736],[100.6095791444571,6.935049756204525],[100.60937200944072,6.935577800215293],[100.60935750640114,6.93594336331733],[100.60948488649754,6.936517194183957],[100.60962235902292,6.9369866614929],[100.60959296717597,6.937581998205945],[100.60974095732509,6.938072223206714],[100.6097645817663,6.938876219233652],[100.6097352648407,6.939471465237226],[100.60967407681403,6.939910235180654],[100.60971706872725,6.940265115953253],[100.60964994787273,6.940495066834188],[100.6089998931115,6.941400524598357],[100.60878189799624,6.94182933937735],[100.60845403784502,6.942206362137486],[100.60823875547041,6.943434091083549],[100.60789653256701,6.944218354036149],[100.60770449249765,6.944600159713125],[100.60749641003066,6.944872356494477],[100.60678763598091,6.94538646111989],[100.60620315177376,6.94560776856727],[100.60596376368508,6.945890467812064],[100.60557504040491,6.946826409519049],[100.60549833837216,6.947312153543556],[100.605473692456,6.947745646943163],[100.60560705962824,6.948543938563231],[100.60576992093208,6.948820121651067],[100.6062731019896,6.949288350121253],[100.60654579855357,6.949584953924687],[100.6071442993785,6.950413128364666],[100.60736515456739,6.950824814144745],[100.60745671915146,6.951638976848896],[100.60767821440002,6.952238615478246],[100.60772206051384,6.952844191015219],[100.60779707286429,6.953376521730507],[100.6079989336612,6.954367777573515],[100.60803777405,6.955015047339728],[100.60802917458741,6.955558058597364],[100.60812538902726,6.956202511582605],[100.60855592611397,6.957576855856047],[100.60885247304255,6.957972642153471],[100.60871731032296,6.958184562621838],[100.60857893616966,6.958965512918382],[100.60822055878894,6.959608979530323],[100.60778979903512,6.960471928080029],[100.60759853154966,6.961059859409006],[100.60766303464095,6.961594847224179],[100.60787102596423,6.962061451829946],[100.6079242737896,6.962358889262325],[100.60805336273668,6.962663843747417],[100.60861924475252,6.963131852393565],[100.60883435219932,6.963386880672638],[100.60929175361532,6.964210283628925],[100.60905041260472,6.965453742714499],[100.60906791638536,6.965991421112071],[100.60923624280645,6.966335477685162],[100.60948805921439,6.96663214804183],[100.60973572145589,6.967242181218844],[100.60997357888388,6.968040202568381],[100.61013263924322,6.968707945191388],[100.6102275744544,6.968952984794571],[100.61001078574718,6.969736914791984],[100.60986140341547,6.970374427849658],[100.60979524393615,6.970886263533945],[100.60973305725176,6.971053546628194],[100.6092695461339,6.971504175103528],[100.60887295460365,6.971643848185697],[100.60835940849763,6.971974496249024],[100.60804972617102,6.972325424103944],[100.60778920409766,6.97254039384262],[100.60760761342051,6.972924697488906],[100.6075618656402,6.973295610529552],[100.60739822785992,6.973583298856502],[100.60705221006475,6.97400215506912],[100.6069173636999,6.974308007472485],[100.60750555357603,6.975185751322475],[100.60760039186246,6.975402132860495],[100.6076852754452,6.975959742560147],[100.60769928192246,6.976543630707483],[100.60788803476264,6.97712086626231],[100.60811265948325,6.977625834980032],[100.60837310657696,6.978022193564057],[100.60878453438656,6.978532491760149],[100.60875017187895,6.979068357765987],[100.60884210335662,6.979525591494404],[100.6088245790762,6.979682144874673],[100.60837624100228,6.980011035537169],[100.60816618568884,6.980211188419085],[100.60796778009467,6.980588679118062],[100.60764755299434,6.980999854628458],[100.60743851847894,6.981499249499718],[100.6073959713675,6.98204246656478],[100.60730856782956,6.982430608504234],[100.60707778568174,6.983052035968904],[100.60703735602762,6.984193646789184],[100.60718349770471,6.984769490289532],[100.60757343347318,6.985277872703026],[100.60806386154427,6.985974409306754],[100.60823243402402,6.986627744263608],[100.60836791269499,6.987314371161202],[100.6082805857374,6.987724662566681],[100.60807174036017,6.988279567045015],[100.60785245695621,6.989033853461847],[100.60768994445988,6.990153730850563],[100.60767039639487,6.990940695677893],[100.60780561171876,6.991549754663237],[100.60781807743679,6.991965310706568],[100.60748611045477,6.992611313444282],[100.60730003575891,6.992798547607507],[100.60702901144118,6.992847568875413],[100.60614317172967,6.992796437645923],[100.60516605593943,6.992480724527958],[100.60470745560266,6.992277606910966],[100.60432353019037,6.992766568352887],[100.6041499486856,6.993116310132435],[100.60369948740163,6.993527205851714],[100.60353698821518,6.993581912881659],[100.60281302940713,6.993295438090817],[100.60187633243332,6.994219599033487],[100.60135978484408,6.994684962089343],[100.60109080180392,6.995311943794102],[100.60064790485703,6.996192294287975],[100.60010102026848,6.996603515778688],[100.59977117597865,6.997044104576393],[100.59939084766087,6.99681666799981],[100.59840774070875,6.996518953069482],[100.59787071865136,6.996298104390613],[100.59734083916779,6.996378104967708],[100.59679758740059,6.99662974272881],[100.59692001576845,6.996751195887894],[100.59731572492439,6.99785905548624],[100.597619142277,6.998490150487931],[100.59778391720138,6.999103634577313],[100.59783329331269,6.999446561024],[100.59825830799632,7.000414369351205],[100.59784985532569,7.000782899311884],[100.59767158719245,7.001511913139189],[100.59787801619976,7.001974727913622],[100.5980488385103,7.002588190929391],[100.59797871744466,7.003232578143324],[100.59801645639917,7.003708080397582],[100.59845700776395,7.003911263965207],[100.5989644437532,7.004294761986062],[100.59941219705576,7.004859095106317],[100.59950911567748,7.005027283618445],[100.59935341605828,7.005304729395985],[100.59935409333961,7.005503441236203],[100.59951756143305,7.005731614199476],[100.5997651334501,7.005893323062661],[100.60063964240409,7.006137156261833],[100.60109887289906,7.006520815175038],[100.60165997994737,7.006753689539178],[100.60225113425744,7.006956355245534],[100.60280557261379,7.006984570084798],[100.6035410139004,7.007108449736635],[100.60375277654566,7.007360594398715],[100.60379158474986,7.008124940163576],[100.60369693565487,7.008643021811076],[100.60375163001285,7.008793271705045],[100.60434441445439,7.009471557384161],[100.60471868264514,7.009668902322773],[100.60546173947787,7.01025029927691],[100.60563189640332,7.010665135615618],[100.60577716477862,7.010851147643035],[100.60649855660023,7.012121965607417],[100.6065775225973,7.012320318473336],[100.60730289728326,7.013010078391487],[100.60758740336611,7.013385375960344],[100.60840936690242,7.014122989298349],[100.60975627028841,7.015075504775615],[100.61023324627288,7.015362897827523],[100.61026994577207,7.015531289263907],[100.61006146486821,7.016236359888834],[100.60994985125504,7.017049405000094],[100.60981851771784,7.017423052753886],[100.60965670741892,7.017658392994711],[100.60965786592709,7.017995514152303],[100.61008131353033,7.01849364654747],[100.6104512438935,7.019184708221403],[100.61020075011369,7.019956100734183],[100.6100411002842,7.02084154541203],[100.6092995197975,7.020696637626619],[100.60909471296512,7.020712438106639],[100.60842758875573,7.021190173180127],[100.60823457993197,7.021142738834323],[100.60787191502956,7.020806856830812],[100.60729303777714,7.020664371371125],[100.60708904650228,7.020917846646329],[100.60628881854424,7.021516185418802],[100.60573584089828,7.022005731438671],[100.60532624792401,7.022239839954512],[100.60453802858004,7.022010192734591],[100.60389860118869,7.021795675518471],[100.60362360264195,7.022410566824505],[100.6034074362957,7.022640124989276],[100.60217021578543,7.023800111878752],[100.60125612134125,7.024320993482863],[100.60069102589091,7.024696121949819]]]},"properties":{"id":1,"Area":2321.921,"Name":"ลุ่มน้ำคลองอู่ตะเภา"}}
]}