{
"type": "FeatureCollection",
"name": "main_river",
"crs": { "type": "name", "properties": { "name": "urn:ogc:def:crs:OGC:1.3:CRS84" } },
"features": [
{ "type": "Feature", "properties": { "id": null, "EL_Hash": "w1r2tt1bsx", "ORDERRIVER_Name_T": 6, "HY_Name_T": "ค.ภูมินาถดำริ", "EL_Name": "ค.ภูมินาถดำริt1bsx", "Lat": 7.1467349563300004, "Long": 100.439615836, "Length_km": 1.3265794766900001, "LocalName": "", "ElementA": "w1r2tt1bsx", "ElementB": "w1r2tsknk0", "ReLation": "FlowsTo" }, "geometry": { "type": "MultiLineString", "coordinates": [ [ [ 100.436504655218215, 7.141873683593479 ], [ 100.436617277238483, 7.142449286192925 ], [ 100.437736458564785, 7.14520846510511 ], [ 100.437778691822388, 7.145308731364368 ], [ 100.437873716651978, 7.145386716232681 ], [ 100.439548969203301, 7.146705031863671 ], [ 100.439566566393964, 7.146712458993986 ], [ 100.441269974450364, 7.147432890634583 ], [ 100.442646074760376, 7.14779682002004 ], [ 100.442959304754226, 7.14787851845351 ], [ 100.444645115619949, 7.148067910276553 ], [ 100.445401794818551, 7.148175603666127 ] ] ] } },
{ "type": "Feature", "properties": { "id": null, "EL_Hash": "w1r2t7qc5u", "ORDERRIVER_Name_T": 6, "HY_Name_T": "ค.ภูมินาถดำริ", "EL_Name": "ค.ภูมินาถดำริ7qc5u", "Lat": 7.1371871518900001, "Long": 100.435463396, "Length_km": 1.0617372470799999, "LocalName": "", "ElementA": "w1r2t7qc5u", "ElementB": "w1r2tt1bsx", "ReLation": "FlowsTo" }, "geometry": { "type": "MultiLineString", "coordinates": [ [ [ 100.434843480419417, 7.132444941658034 ], [ 100.434991296821011, 7.135181839179271 ], [ 100.436187905786241, 7.140261996315029 ], [ 100.4363955526361, 7.141320362384979 ], [ 100.436504655218215, 7.141873683593479 ] ] ] } },
{ "type": "Feature", "properties": { "id": null, "EL_Hash": "w1r2t6q3hx", "ORDERRIVER_Name_T": 6, "HY_Name_T": "ค.ภูมินาถดำริ", "EL_Name": "ค.ภูมินาถดำริ6q3hx", "Lat": 7.1317144528199998, "Long": 100.434802616, "Length_km": 0.1618442809, "LocalName": "", "ElementA": "w1r2t6q3hx", "ElementB": "w1r2t7qc5u", "ReLation": "FlowsTo" }, "geometry": { "type": "MultiLineString", "coordinates": [ [ [ 100.434762533342365, 7.13098551055105 ], [ 100.434843480419417, 7.132444941658034 ] ] ] } },
{ "type": "Feature", "properties": { "id": null, "EL_Hash": "w1r2t6n34g", "ORDERRIVER_Name_T": 6, "HY_Name_T": "ค.ภูมินาถดำริ", "EL_Name": "ค.ภูมินาถดำริ6n34g", "Lat": 7.1303160163600001, "Long": 100.434726541, "Length_km": 0.14789441697, "LocalName": "", "ElementA": "w1r2t6n34g", "ElementB": "w1r2t6q3hx", "ReLation": "FlowsTo" }, "geometry": { "type": "MultiLineString", "coordinates": [ [ [ 100.434688625141575, 7.129648627094272 ], [ 100.434762533342365, 7.13098551055105 ] ] ] } },
{ "type": "Feature", "properties": { "id": null, "EL_Hash": "w1r2mkuyf1", "ORDERRIVER_Name_T": 6, "HY_Name_T": "ค.ภูมินาถดำริ", "EL_Name": "ค.ภูมินาถดำริkuyf1", "Lat": 7.1024526892299997, "Long": 100.43264262300001, "Length_km": 6.0383944006499997, "LocalName": "", "ElementA": "w1r2mkuyf1", "ElementB": "w1r2t6n34g", "ReLation": "FlowsTo" }, "geometry": { "type": "MultiLineString", "coordinates": [ [ [ 100.434167748297881, 7.0753154552717 ], [ 100.434192384364806, 7.078698513130382 ], [ 100.434195903802944, 7.079660326506231 ], [ 100.433812285046443, 7.082007299685908 ], [ 100.433252694383285, 7.085460915282586 ], [ 100.433073203038504, 7.086563844134428 ], [ 100.432619195519337, 7.089315595916297 ], [ 100.432587520576149, 7.092806347164552 ], [ 100.432809245178518, 7.09651991232227 ], [ 100.432971139332651, 7.098937443239945 ], [ 100.432738856415867, 7.101046748249528 ], [ 100.432587520576149, 7.102164531362002 ], [ 100.432788128549731, 7.103248892388055 ], [ 100.433326602584074, 7.106242025905176 ], [ 100.433358277527276, 7.107564055101323 ], [ 100.433337160898475, 7.109023486208306 ], [ 100.433836921113368, 7.115143441588225 ], [ 100.433861557180307, 7.115451667496316 ], [ 100.434364836833325, 7.123673500755504 ], [ 100.434656950198374, 7.129043315973564 ], [ 100.434688625141575, 7.129648627094272 ] ] ] } },
{ "type": "Feature", "properties": { "id": null, "EL_Hash": "w1r2jqvcsr", "ORDERRIVER_Name_T": 6, "HY_Name_T": "ค.ภูมินาถดำริ", "EL_Name": "ค.ภูมินาถดำริqvcsr", "Lat": 7.0686292021400003, "Long": 100.434110753, "Length_km": 1.4791997757399999, "LocalName": "", "ElementA": "w1r2jqvcsr", "ElementB": "w1r2mkuyf1", "ReLation": "FlowsTo" }, "geometry": { "type": "MultiLineString", "coordinates": [ [ [ 100.434048087401351, 7.061942907138758 ], [ 100.43406216515389, 7.063461755288264 ], [ 100.434065684592014, 7.063576875808154 ], [ 100.434104398411478, 7.067973736954892 ], [ 100.434150151107218, 7.073057607655808 ], [ 100.434167748297881, 7.0753154552717 ] ] ] } },
{ "type": "Feature", "properties": { "id": null, "EL_Hash": "w1r2je22d6", "ORDERRIVER_Name_T": 6, "HY_Name_T": "ค.ภูมินาถดำริ", "EL_Name": "ค.ภูมินาถดำริe22d6", "Lat": 7.0492042009800002, "Long": 100.43745609, "Length_km": 3.0955722268599999, "LocalName": "", "ElementA": "w1r2je22d6", "ElementB": "w1r2jqvcsr", "ReLation": "FlowsTo" }, "geometry": { "type": "MultiLineString", "coordinates": [ [ [ 100.439503216507575, 7.036159624248722 ], [ 100.439605280213428, 7.038112959521682 ], [ 100.439696785604895, 7.04047478696199 ], [ 100.439714382795557, 7.04285146866293 ], [ 100.439717902233681, 7.043141126745232 ], [ 100.439770693805684, 7.046212245130665 ], [ 100.439756616053145, 7.046884400424211 ], [ 100.438376996304996, 7.048284414488672 ], [ 100.436413149826762, 7.050245176891947 ], [ 100.434850519295694, 7.051771452171769 ], [ 100.434364836833325, 7.052722124852144 ], [ 100.433963620886161, 7.054162988133339 ], [ 100.434019931896287, 7.058979482142899 ], [ 100.434048087401351, 7.061942907138758 ] ] ] } },
{ "type": "Feature", "properties": { "id": null, "EL_Hash": "w1r2j89wnc", "ORDERRIVER_Name_T": 6, "HY_Name_T": "ค.ภูมินาถดำริ", "EL_Name": "ค.ภูมินาถดำริ89wnc", "Lat": 7.0350357457200001, "Long": 100.43936864200001, "Length_km": 0.25198315955, "LocalName": "", "ElementA": "w1r2j89wnc", "ElementB": "w1r2je22d6", "ReLation": "FlowsTo" }, "geometry": { "type": "MultiLineString", "coordinates": [ [ [ 100.438964742473217, 7.033968620805669 ], [ 100.439457463811848, 7.035264655045712 ], [ 100.439503216507575, 7.036159624248722 ] ] ] } },
{ "type": "Feature", "properties": { "id": null, "EL_Hash": "w1r2j80hrq", "ORDERRIVER_Name_T": 6, "HY_Name_T": "ค.ภูมินาถดำริ", "EL_Name": "ค.ภูมินาถดำริ80hrq", "Lat": 7.03201482415, "Long": 100.437331238, "Length_km": 0.5742655979, "LocalName": "", "ElementA": "w1r2j80hrq", "ElementB": "w1r2j89wnc", "ReLation": "FlowsTo" }, "geometry": { "type": "MultiLineString", "coordinates": [ [ [ 100.436145672528653, 7.02989855339281 ], [ 100.43621254185318, 7.030904929550552 ], [ 100.436465941398751, 7.031294853892112 ], [ 100.437588642163192, 7.032226958746699 ], [ 100.438218621589016, 7.03271343578236 ], [ 100.438848601014826, 7.033664108462736 ], [ 100.438964742473217, 7.033968620805669 ] ] ] } },
{ "type": "Feature", "properties": { "id": null, "EL_Hash": "w1prvw0jxd", "ORDERRIVER_Name_T": 6, "HY_Name_T": "ค.ภูมินาถดำริ", "EL_Name": "ค.ภูมินาถดำริw0jxd", "Lat": 7.0212232306800004, "Long": 100.437342241, "Length_km": 1.97257777542, "LocalName": "", "ElementA": "w1prvw0jxd", "ElementB": "w1r2j80hrq", "ReLation": "FlowsTo" }, "geometry": { "type": "MultiLineString", "coordinates": [ [ [ 100.442480661168119, 7.01525225241077 ], [ 100.44269534689424, 7.016321759176193 ], [ 100.442642555322251, 7.017409833767404 ], [ 100.442269494880136, 7.018081989060951 ], [ 100.442044250839629, 7.018416209925146 ], [ 100.441055288724243, 7.018936109047226 ], [ 100.440889875131987, 7.01901038035038 ], [ 100.439869238073413, 7.019470862429937 ], [ 100.438890834272428, 7.019864500336656 ], [ 100.437996896986633, 7.020399253719367 ], [ 100.436884754536592, 7.021799267783827 ], [ 100.43656448566648, 7.022593970727579 ], [ 100.436374436007299, 7.024090537486138 ], [ 100.436268852863307, 7.025891616587632 ], [ 100.43608232264225, 7.028992443494326 ], [ 100.436145672528653, 7.02989855339281 ] ] ] } },
{ "type": "Feature", "properties": { "id": null, "EL_Hash": "w1prvss2fm", "ORDERRIVER_Name_T": 6, "HY_Name_T": "ค.ภูมินาถดำริ", "EL_Name": "ค.ภูมินาถดำริss2fm", "Lat": 7.0121844177600003, "Long": 100.44294866200001, "Length_km": 0.69240753257999998, "LocalName": "", "ElementA": "w1prvss2fm", "ElementB": "w1prvw0jxd", "ReLation": "FlowsTo" }, "geometry": { "type": "MultiLineString", "coordinates": [ [ [ 100.443332365196326, 7.009080307118642 ], [ 100.443205665423534, 7.009771030237978 ], [ 100.44296282419235, 7.012129144113129 ], [ 100.442466583415595, 7.014045343734511 ], [ 100.442456025101194, 7.01512227763025 ], [ 100.442480661168119, 7.01525225241077 ] ] ] } },
{ "type": "Feature", "properties": { "id": null, "EL_Hash": "w1prvem0pf", "ORDERRIVER_Name_T": 6, "HY_Name_T": "ค.ภูมินาถดำริ", "EL_Name": "ค.ภูมินาถดำริem0pf", "Lat": 7.0051689873200003, "Long": 100.444215852, "Length_km": 0.88686331183, "LocalName": "", "ElementA": "w1prvem0pf", "ElementB": "w1prvss2fm", "ReLation": "FlowsTo" }, "geometry": { "type": "MultiLineString", "coordinates": [ [ [ 100.445363080999087, 7.001326383069328 ], [ 100.444905554041796, 7.002934356782619 ], [ 100.444324846749836, 7.004724295188639 ], [ 100.443522414855508, 7.008021941048693 ], [ 100.443332365196326, 7.009080307118642 ] ] ] } },
{ "type": "Feature", "properties": { "id": null, "EL_Hash": "w1prvbf8q0", "ORDERRIVER_Name_T": 6, "HY_Name_T": "ค.ภูมินาถดำริ", "EL_Name": "ค.ภูมินาถดำริbf8q0", "Lat": 6.9914691360800001, "Long": 100.451698991, "Length_km": 2.6436534159899998, "LocalName": "", "ElementA": "w1prvbf8q0", "ElementB": "w1prvem0pf", "ReLation": "FlowsTo" }, "geometry": { "type": "MultiLineString", "coordinates": [ [ [ 100.461770701575333, 6.985332057935036 ], [ 100.460366445760243, 6.985885379143537 ], [ 100.460162318348537, 6.985967077577006 ], [ 100.458891801182503, 6.986472122438456 ], [ 100.458515221302264, 6.986624378609922 ], [ 100.45772686716046, 6.986936318083171 ], [ 100.457631842330869, 6.986977167299905 ], [ 100.456164236629391, 6.987612186941875 ], [ 100.454911316654034, 6.988674266576982 ], [ 100.453570410725348, 6.989740059777247 ], [ 100.453112883768043, 6.990118843423335 ], [ 100.45142707290232, 6.991730530701784 ], [ 100.449797573046723, 6.993550177629066 ], [ 100.448375720040971, 6.994994754475418 ], [ 100.447956906903144, 6.995414387338241 ], [ 100.447066489055487, 6.996587873928079 ], [ 100.446901075463231, 6.997078064528898 ], [ 100.445929710538508, 6.999343339275106 ], [ 100.445764296946251, 6.999915228309395 ], [ 100.445363080999087, 7.001326383069328 ] ] ] } },
{ "type": "Feature", "properties": { "id": null, "EL_Hash": "w1prv1u1uz", "ORDERRIVER_Name_T": 4, "HY_Name_T": "คลอง1ซ-ร.1", "EL_Name": "คลอง1ซ-ร.11u1uz", "Lat": 6.9972605071, "Long": 100.42074474899999, "Length_km": 5.6636704019100002, "LocalName": "", "ElementA": "w1prv1u1uz", "ElementB": "w1prvss2fm", "ReLation": "FlowsTo" }, "geometry": { "type": "MultiLineString", "coordinates": [ [ [ 100.39668573218097, 6.98910132657012 ], [ 100.397716927553958, 6.989327854044741 ], [ 100.399356985723955, 6.989669502039251 ], [ 100.399775798861782, 6.989747486907563 ], [ 100.401253962877661, 6.990063139945969 ], [ 100.402337949822638, 6.990274813159959 ], [ 100.404322912929672, 6.990698159587938 ], [ 100.407222929951303, 6.991277475752542 ], [ 100.408665899585856, 6.991567133834844 ], [ 100.409542239680974, 6.991782520613993 ], [ 100.409961052818815, 6.991879073308093 ], [ 100.410295399441452, 6.992061038000822 ], [ 100.411931938173311, 6.992889163030992 ], [ 100.413107430509754, 6.993513041977489 ], [ 100.414177339702192, 6.994099785272408 ], [ 100.416341794154022, 6.995232422645512 ], [ 100.417830516484287, 6.996019698458949 ], [ 100.419150305784186, 6.996643577405445 ], [ 100.421057841252292, 6.997382576871831 ], [ 100.423004090539862, 6.998180993380741 ], [ 100.424264049391496, 6.998745455284713 ], [ 100.425143908924753, 6.999105671105013 ], [ 100.426104715535075, 6.99949930901173 ], [ 100.427259091242718, 7.000000640308023 ], [ 100.431401469925305, 7.001408081502797 ], [ 100.433330122022213, 7.002618703744213 ], [ 100.434600639188247, 7.003457969469858 ], [ 100.436152711404915, 7.004464345627599 ], [ 100.438021533053558, 7.005648972912911 ], [ 100.439218142018788, 7.006421394465717 ], [ 100.440291570649379, 7.007126971845683 ], [ 100.442192067241223, 7.008348734782572 ], [ 100.443332365196326, 7.009080307118642 ] ] ] } },
{ "type": "Feature", "properties": { "id": null, "EL_Hash": "w1pru2m0cz", "ORDERRIVER_Name_T": 4, "HY_Name_T": "คลอง1ซ-ร.1", "EL_Name": "คลอง1ซ-ร.12m0cz", "Lat": 6.9888470966599998, "Long": 100.389027012, "Length_km": 1.6979660704599999, "LocalName": "", "ElementA": "w1pru2m0cz", "ElementB": "w1prv1u1uz", "ReLation": "FlowsTo" }, "geometry": { "type": "MultiLineString", "coordinates": [ [ [ 100.381404331807303, 6.989034482397281 ], [ 100.381837222697669, 6.988856231269711 ], [ 100.382259555273635, 6.988726256489191 ], [ 100.382966962338372, 6.988778246401399 ], [ 100.383917210634294, 6.988867371965184 ], [ 100.384522553993179, 6.988878512660657 ], [ 100.386560308672202, 6.988871085530342 ], [ 100.38825667785234, 6.988845090574237 ], [ 100.392233642942671, 6.988852517704553 ], [ 100.393426732469777, 6.988833949878765 ], [ 100.394940090866982, 6.988833949878765 ], [ 100.395281476365895, 6.988830236313607 ], [ 100.395911455791705, 6.988941643268339 ], [ 100.396474565892987, 6.989060477353386 ], [ 100.39668573218097, 6.98910132657012 ] ] ] } },
{ "type": "Feature", "properties": { "id": null, "EL_Hash": "w1pmpyjz5n", "ORDERRIVER_Name_T": 4, "HY_Name_T": "คลองก้นสะท้อน", "EL_Name": "คลองก้นสะท้อนyjz5n", "Lat": 6.5381027668299998, "Long": 100.54391765299999, "Length_km": 0.65205314926000002, "LocalName": "", "ElementA": "w1pmpyjz5n", "ElementB": "w1pmpvcv3j", "ReLation": "FlowsTo" }, "geometry": { "type": "MultiLineString", "coordinates": [ [ [ 100.54278112852171, 6.540614062472521 ], [ 100.54278112852171, 6.540450665605582 ], [ 100.542844478408114, 6.540253846652223 ], [ 100.54297469761903, 6.540027319177602 ], [ 100.543428705138197, 6.539633681270884 ], [ 100.543615235359241, 6.539518560750994 ], [ 100.54379824614216, 6.539310601102162 ], [ 100.543854557152287, 6.538980093803126 ], [ 100.543829921085361, 6.538716430676928 ], [ 100.543924945914952, 6.538059129644012 ], [ 100.54392846535309, 6.537646923911505 ], [ 100.543815843332823, 6.536800231055545 ], [ 100.543685624121906, 6.536224628456099 ], [ 100.543632832549903, 6.535938683938954 ], [ 100.543660988054967, 6.535649025856652 ], [ 100.54360467704484, 6.535411357686558 ], [ 100.543442782890722, 6.53526281508025 ] ] ] } },
{ "type": "Feature", "properties": { "id": null, "EL_Hash": "w1pmpyxquf", "ORDERRIVER_Name_T": 4, "HY_Name_T": "คลองก้นสะท้อน", "EL_Name": "คลองก้นสะท้อนyxquf", "Lat": 6.5407856368499999, "Long": 100.546056201, "Length_km": 1.07083562789, "LocalName": "", "ElementA": "w1pmpyxquf", "ElementB": "w1pmpyjz5n", "ReLation": "FlowsTo" }, "geometry": { "type": "MultiLineString", "coordinates": [ [ [ 100.549531410860894, 6.54071432873178 ], [ 100.549358958392375, 6.540740323687884 ], [ 100.54893662581641, 6.540807167860723 ], [ 100.54870786233775, 6.540777459339461 ], [ 100.548577643126833, 6.540680906645361 ], [ 100.548415748972715, 6.540484087692001 ], [ 100.548282010323661, 6.5402909823038 ], [ 100.548282010323661, 6.540194429609699 ], [ 100.54834536021005, 6.53999761065634 ], [ 100.54834536021005, 6.539897344397082 ], [ 100.548278490885522, 6.5398342137894 ], [ 100.548148271674606, 6.5398342137894 ], [ 100.548021571901813, 6.53990105796224 ], [ 100.547567564382646, 6.540198143174857 ], [ 100.547469020114931, 6.540361540041797 ], [ 100.547275451017612, 6.540718042296938 ], [ 100.547113556863493, 6.541011413944397 ], [ 100.546789768555243, 6.541048549595974 ], [ 100.546268891711563, 6.540918574815454 ], [ 100.545811364754258, 6.540628916733152 ], [ 100.545547406894286, 6.540368967172112 ], [ 100.545480537569759, 6.540175861783911 ], [ 100.545417187683356, 6.540012464916972 ], [ 100.545448862626557, 6.539785937442351 ], [ 100.545413668245232, 6.539589118488991 ], [ 100.545346798920704, 6.539425721622051 ], [ 100.545283449034301, 6.539295746841532 ], [ 100.545216579709773, 6.53926603832027 ], [ 100.545118035442059, 6.53926603832027 ], [ 100.545023010612454, 6.539299460406689 ], [ 100.544892791401537, 6.53952598788131 ], [ 100.544762572190621, 6.53972280683467 ], [ 100.544569003093301, 6.539986469960867 ], [ 100.544213539841863, 6.540116444741387 ], [ 100.543854557152287, 6.540183288914226 ], [ 100.543594118730439, 6.540187002479384 ], [ 100.543333680308606, 6.540316977259904 ], [ 100.543108436268085, 6.540547218299682 ], [ 100.542911347732641, 6.540614062472521 ], [ 100.54278112852171, 6.540614062472521 ] ] ] } },
{ "type": "Feature", "properties": { "id": null, "EL_Hash": "w1pt0ng6pw", "ORDERRIVER_Name_T": 4, "HY_Name_T": "คลองก้นสะท้อน", "EL_Name": "คลองก้นสะท้อนng6pw", "Lat": 6.5413633434299996, "Long": 100.551664785, "Length_km": 0.51185907055000002, "LocalName": "", "ElementA": "w1pt0ng6pw", "ElementB": "w1pmpyxquf", "ReLation": "FlowsTo" }, "geometry": { "type": "MultiLineString", "coordinates": [ [ [ 100.553705464486683, 6.541594443674159 ], [ 100.553455584379236, 6.541289931331226 ], [ 100.553247937529378, 6.541122820899129 ], [ 100.55289247427794, 6.541067117421763 ], [ 100.552790410572086, 6.541085685247552 ], [ 100.552607399789167, 6.54118595150681 ], [ 100.552424389006248, 6.541289931331226 ], [ 100.552287130919055, 6.541334494113118 ], [ 100.552054848002285, 6.541330780547961 ], [ 100.551882395533767, 6.541371629764696 ], [ 100.551449504643401, 6.541356775504065 ], [ 100.551153871840228, 6.541252795679648 ], [ 100.550826564093853, 6.54105597672629 ], [ 100.550499256347479, 6.540833162816827 ], [ 100.550140273657902, 6.540669765949887 ], [ 100.54978129096834, 6.540673479515045 ], [ 100.549531410860894, 6.54071432873178 ] ] ] } },
{ "type": "Feature", "properties": { "id": null, "EL_Hash": "w1pt0ps8wu", "ORDERRIVER_Name_T": 4, "HY_Name_T": "คลองก้นสะท้อน", "EL_Name": "คลองก้นสะท้อนps8wu", "Lat": 6.5452129156299996, "Long": 100.55335229000001, "Length_km": 1.1071865784, "LocalName": "", "ElementA": "w1pt0ps8wu", "ElementB": "w1pt0ng6pw", "ReLation": "FlowsTo" }, "geometry": { "type": "MultiLineString", "coordinates": [ [ [ 100.55736568014504, 6.547146223584948 ], [ 100.557091163970668, 6.547205640627471 ], [ 100.55692926981655, 6.547179645671367 ], [ 100.556837764425083, 6.547131369324316 ], [ 100.556693467461628, 6.547008821674112 ], [ 100.556630117575239, 6.54676743993886 ], [ 100.556609000946438, 6.546496349682347 ], [ 100.556443587354181, 6.546073003254367 ], [ 100.556116279607807, 6.5458241943888 ], [ 100.555788971861432, 6.545605094044494 ], [ 100.555257536703351, 6.545389707265347 ], [ 100.554736659859657, 6.545337717353139 ], [ 100.554374157731957, 6.545315435962192 ], [ 100.553955344594129, 6.545248591789353 ], [ 100.553624517409617, 6.545230023963565 ], [ 100.553297209663242, 6.545211456137777 ], [ 100.55310716000406, 6.545148325530095 ], [ 100.553128276632862, 6.545018350749575 ], [ 100.553152912699787, 6.544854953882635 ], [ 100.553283131910717, 6.544676702755065 ], [ 100.553395753930971, 6.544595004321595 ], [ 100.553613959095216, 6.544465029541075 ], [ 100.553899033583988, 6.544342481890871 ], [ 100.554458624247147, 6.544167944328458 ], [ 100.554645154468204, 6.544030542417622 ], [ 100.554701465478331, 6.543874572680997 ], [ 100.554701465478331, 6.543674040162481 ], [ 100.55468034884953, 6.543603482424484 ], [ 100.5545712462674, 6.543454939818176 ], [ 100.554465663123409, 6.543272975125447 ], [ 100.554338963350631, 6.543020452694723 ], [ 100.554250977397302, 6.542741935307894 ], [ 100.554201705263438, 6.542433709399803 ], [ 100.554162991443974, 6.542262885402549 ], [ 100.55401517504238, 6.541939805233826 ], [ 100.553705464486683, 6.541594443674159 ] ] ] } },
{ "type": "Feature", "properties": { "id": null, "EL_Hash": "w1pt0r3104", "ORDERRIVER_Name_T": 4, "HY_Name_T": "คลองก้นสะท้อน", "EL_Name": "คลองก้นสะท้อนr3104", "Lat": 6.5439142324299997, "Long": 100.55923865699999, "Length_km": 0.90785800715999998, "LocalName": "", "ElementA": "w1pt0r3104", "ElementB": "w1pt0ps8wu", "ReLation": "FlowsTo" }, "geometry": { "type": "MultiLineString", "coordinates": [ [ [ 100.562064130052647, 6.541776408366887 ], [ 100.561955027470532, 6.541839538974568 ], [ 100.561793133316414, 6.542014076536981 ], [ 100.56157140871403, 6.542378005922437 ], [ 100.56147638388444, 6.542559970615166 ], [ 100.561219464900731, 6.542916472870306 ], [ 100.56092031265942, 6.543135573214612 ], [ 100.560564849407982, 6.543276688690606 ], [ 100.55990319503897, 6.543272975125447 ], [ 100.559575887292596, 6.543254407299659 ], [ 100.559294332241947, 6.543343532863444 ], [ 100.559178190783555, 6.543454939818176 ], [ 100.55923802123182, 6.543696321553427 ], [ 100.559223943479282, 6.543796587812686 ], [ 100.559252098984359, 6.544030542417622 ], [ 100.559326007185149, 6.544409326063709 ], [ 100.559392876509676, 6.544817818231058 ], [ 100.559385837633414, 6.545081481357256 ], [ 100.559273215613146, 6.545359998744085 ], [ 100.559065568763302, 6.545627375435441 ], [ 100.558703066635601, 6.546032154037632 ], [ 100.558132917658043, 6.54650749037782 ], [ 100.557633157443149, 6.546923409675484 ], [ 100.55736568014504, 6.547146223584948 ] ] ] } },
{ "type": "Feature", "properties": { "id": null, "EL_Hash": "w1r2te04fk", "ORDERRIVER_Name_T": 6, "HY_Name_T": "คลองเกาะน้ำรอบ", "EL_Name": "คลองเกาะน้ำรอบe04fk", "Lat": 7.1361178566300003, "Long": 100.437117497, "Length_km": 1.8628402720499999, "LocalName": "", "ElementA": "w1r2te04fk", "ElementB": "w1r2tt1bsx", "ReLation": "FlowsTo" }, "geometry": { "type": "MultiLineString", "coordinates": [ [ [ 100.434843480419417, 7.132444941658034 ], [ 100.434875155362619, 7.132474650179295 ], [ 100.435205982547131, 7.132634333481077 ], [ 100.435484018159642, 7.132716031914547 ], [ 100.435762053772152, 7.132764308261597 ], [ 100.43612807533799, 7.132730886175178 ], [ 100.436655991057947, 7.132586057134027 ], [ 100.436888273974716, 7.132496931570241 ], [ 100.437124076329638, 7.132459795918664 ], [ 100.437324684303221, 7.132556348612765 ], [ 100.437458422952275, 7.132656614872023 ], [ 100.437630875420794, 7.132853433825383 ], [ 100.437722380812247, 7.133113383386423 ], [ 100.437718861374123, 7.133321343035255 ], [ 100.437623836544532, 7.133551584075033 ], [ 100.437433786885336, 7.133804106505758 ], [ 100.43731412598882, 7.133911799895332 ], [ 100.437159270710964, 7.134008352589433 ], [ 100.436863637907791, 7.13409376458806 ], [ 100.436560966228342, 7.134149468065426 ], [ 100.436261813987045, 7.134205171542792 ], [ 100.436022492193999, 7.134272015715631 ], [ 100.435902831297469, 7.134338859888469 ], [ 100.43573037882895, 7.134502256755409 ], [ 100.435642392875621, 7.13476220631645 ], [ 100.43564591231376, 7.134996160921386 ], [ 100.435716301076411, 7.135237542656638 ], [ 100.435835961972941, 7.135434361609996 ], [ 100.436057686575325, 7.13562375343304 ], [ 100.436307566682771, 7.135787150299979 ], [ 100.436694704877397, 7.13593197934113 ], [ 100.437113518015238, 7.136113944033859 ], [ 100.437285970483757, 7.136214210293117 ], [ 100.437437306323474, 7.136366466464584 ], [ 100.437525292276803, 7.13651872263605 ], [ 100.437578083848791, 7.136704400893936 ], [ 100.437556967220004, 7.137127747321916 ], [ 100.437532331153065, 7.137357988361694 ], [ 100.437511214524264, 7.137684782095573 ], [ 100.437564006096267, 7.137993008003664 ], [ 100.437725900250385, 7.13826038469502 ], [ 100.43802857192982, 7.138538902081849 ], [ 100.438514254392189, 7.138813705903519 ], [ 100.438802848319099, 7.139006811291721 ], [ 100.439073845055347, 7.139233338766342 ], [ 100.439235739209465, 7.139526710413802 ], [ 100.43926037527639, 7.139812654930946 ], [ 100.439182947637462, 7.140046609535882 ], [ 100.439059767302808, 7.140284277705976 ], [ 100.438890834272428, 7.140503378050282 ], [ 100.438612798659918, 7.140644493526275 ], [ 100.438081363501823, 7.140819031088688 ], [ 100.437511214524264, 7.140897015957 ], [ 100.437268373293094, 7.1409935686511 ], [ 100.436895312850993, 7.141175533343828 ], [ 100.436589121733405, 7.141472618556445 ], [ 100.436518732970754, 7.14171028672654 ], [ 100.436504655218215, 7.141873683593479 ] ] ] } },
{ "type": "Feature", "properties": { "id": null, "EL_Hash": "w1r2t6q1mk", "ORDERRIVER_Name_T": 6, "HY_Name_T": "คลองเกาะน้ำรอบ", "EL_Name": "คลองเกาะน้ำรอบ6q1mk", "Lat": 7.1317370591199998, "Long": 100.434493182, "Length_km": 0.18257692399, "LocalName": "", "ElementA": "w1r2t6q1mk", "ElementB": "w1r2t7qc5u", "ReLation": "FlowsTo" }, "geometry": { "type": "MultiLineString", "coordinates": [ [ [ 100.434762533342365, 7.13098551055105 ], [ 100.434642872445835, 7.131156334548305 ], [ 100.434530250425581, 7.131338299241033 ], [ 100.434505614358656, 7.131468274021554 ], [ 100.434491536606117, 7.131731937147752 ], [ 100.43450913379678, 7.131977032448161 ], [ 100.434590080873846, 7.132170137836362 ], [ 100.434688625141575, 7.132314966877513 ], [ 100.434843480419417, 7.132444941658034 ] ] ] } },
{ "type": "Feature", "properties": { "id": null, "EL_Hash": "w1r2t6n8ep", "ORDERRIVER_Name_T": 6, "HY_Name_T": "คลองเกาะน้ำรอบ", "EL_Name": "คลองเกาะน้ำรอบ6n8ep", "Lat": 7.1302515982500001, "Long": 100.435087794, "Length_km": 0.17974163277, "LocalName": "", "ElementA": "w1r2t6n8ep", "ElementB": "w1r2t6q3hx", "ReLation": "FlowsTo" }, "geometry": { "type": "MultiLineString", "coordinates": [ [ [ 100.434688625141575, 7.129648627094272 ], [ 100.434734377837302, 7.12965234065943 ], [ 100.434882194238881, 7.129708044136795 ], [ 100.435001855135411, 7.129826878221842 ], [ 100.435082802212463, 7.130012556479728 ], [ 100.43508984108874, 7.130227943258876 ], [ 100.435061685583676, 7.130428475777393 ], [ 100.435001855135411, 7.130599299774648 ], [ 100.434850519295694, 7.130855535770531 ], [ 100.434762533342365, 7.13098551055105 ] ] ] } },
{ "type": "Feature", "properties": { "id": null, "EL_Hash": "w1r2t6kwvc", "ORDERRIVER_Name_T": 6, "HY_Name_T": "คลองเกาะน้ำรอบ", "EL_Name": "คลองเกาะน้ำรอบ6kwvc", "Lat": 7.1326667303200004, "Long": 100.432455952, "Length_km": 1.11005675515, "LocalName": "", "ElementA": "w1r2t6kwvc", "ElementB": "w1r2t6n34g", "ReLation": "FlowsTo" }, "geometry": { "type": "MultiLineString", "coordinates": [ [ [ 100.428786527392461, 7.134409417626467 ], [ 100.429180704463363, 7.134557960232775 ], [ 100.42943058457081, 7.134654512926875 ], [ 100.429620634229991, 7.134699075708768 ], [ 100.429828281079836, 7.134661940057191 ], [ 100.430014811300893, 7.13459880944951 ], [ 100.430335080170991, 7.134350000583943 ], [ 100.43051809095391, 7.134123473109322 ], [ 100.430609596345377, 7.133919227025648 ], [ 100.430697582298691, 7.13323221747147 ], [ 100.430799646004559, 7.132994549301376 ], [ 100.430993215101878, 7.132782876087385 ], [ 100.43117270644666, 7.132645474176551 ], [ 100.431345158915178, 7.132593484264342 ], [ 100.431573922393824, 7.1325971978295 ], [ 100.431936424521524, 7.132730886175178 ], [ 100.432186304628971, 7.132764308261597 ], [ 100.432320043278025, 7.132756881131282 ], [ 100.432844439559858, 7.132411519571614 ], [ 100.433087280791028, 7.132047590186158 ], [ 100.433171747306233, 7.13179878132059 ], [ 100.433171747306233, 7.131590821671758 ], [ 100.433094319667305, 7.131375434892611 ], [ 100.432981697647037, 7.131163761678621 ], [ 100.432777570235331, 7.130922379943369 ], [ 100.432643831586276, 7.130751555946114 ], [ 100.432587520576149, 7.130599299774648 ], [ 100.432594559452411, 7.130491606385074 ], [ 100.432626234395599, 7.130376485865185 ], [ 100.432823322931057, 7.130142531260248 ], [ 100.432988736523313, 7.130086827782883 ], [ 100.433572963253397, 7.129938285176574 ], [ 100.43395306257176, 7.129789742570265 ], [ 100.434153670545342, 7.129708044136795 ], [ 100.434371875709601, 7.129641199963956 ], [ 100.434540808739982, 7.129630059268483 ], [ 100.434688625141575, 7.129648627094272 ] ] ] } },
{ "type": "Feature", "properties": { "id": null, "EL_Hash": "w1pqze9vnz", "ORDERRIVER_Name_T": 4, "HY_Name_T": "คลองขี้แรด", "EL_Name": "คลองขี้แรดe9vnz", "Lat": 6.8316458149099999, "Long": 100.527599475, "Length_km": 2.3294162167499999, "LocalName": "", "ElementA": "w1pqze9vnz", "ElementB": "w1pqz7gfc5", "ReLation": "FlowsTo" }, "geometry": { "type": "MultiLineString", "coordinates": [ [ [ 100.534781445645308, 6.831152259716902 ], [ 100.534711056882642, 6.831152259716902 ], [ 100.534461176775196, 6.831189395368479 ], [ 100.53414794678136, 6.831319370148999 ], [ 100.533824158473124, 6.831453058494677 ], [ 100.533496850726749, 6.831575606144882 ], [ 100.533275126124366, 6.831727862316348 ], [ 100.533113231970248, 6.831831842140764 ], [ 100.532902065682265, 6.832065796745701 ], [ 100.532708496584945, 6.83226261569906 ], [ 100.532493810858824, 6.832414871870526 ], [ 100.53237063052417, 6.832444580391788 ], [ 100.532226333560715, 6.832452007522103 ], [ 100.532078517159135, 6.832444580391788 ], [ 100.531874389747415, 6.832422299000841 ], [ 100.53173009278396, 6.832362881958318 ], [ 100.53162099020183, 6.832348027697687 ], [ 100.531476693238375, 6.832281183524848 ], [ 100.531293682455455, 6.832247761438428 ], [ 100.531124749425075, 6.83227746995969 ], [ 100.530913583137092, 6.832348027697687 ], [ 100.530765766735499, 6.832426012565999 ], [ 100.53062850864832, 6.832574555172307 ], [ 100.530529964380591, 6.832737952039247 ], [ 100.53024137045368, 6.833224429074908 ], [ 100.530079476299562, 6.833484378635949 ], [ 100.529864790573441, 6.833777750283408 ], [ 100.529643065971058, 6.834063694800553 ], [ 100.529442457997476, 6.834264227319069 ], [ 100.529210175080706, 6.83439420209959 ], [ 100.529062358679113, 6.83440905636022 ], [ 100.528893425648732, 6.834364493578327 ], [ 100.528808959133528, 6.834271654449385 ], [ 100.528759686999663, 6.83410083045213 ], [ 100.528812478571666, 6.833829740195617 ], [ 100.528837114638591, 6.833651489068046 ], [ 100.528808959133528, 6.833428675158583 ], [ 100.528703375989537, 6.833142730641439 ], [ 100.528580195654882, 6.832953338818395 ], [ 100.528393665433839, 6.832797369081771 ], [ 100.528284562851709, 6.832704529952828 ], [ 100.528228251841583, 6.832533705955573 ], [ 100.528193057460257, 6.832392590479579 ], [ 100.528055799373064, 6.832154922309486 ], [ 100.527876308028283, 6.831906113443918 ], [ 100.527724972188551, 6.831716721620875 ], [ 100.527549000281908, 6.831616455361616 ], [ 100.527478611519243, 6.831590460405512 ], [ 100.527418781070978, 6.831590460405512 ], [ 100.527242809164335, 6.831631309622248 ], [ 100.527105551077142, 6.831735289446663 ], [ 100.527045720628877, 6.831872691357499 ], [ 100.527056278943277, 6.832036088224439 ], [ 100.527161862087269, 6.832388876914422 ], [ 100.527175939839807, 6.832708243517986 ], [ 100.527179459277932, 6.833053605077653 ], [ 100.527175939839807, 6.833324695334166 ], [ 100.527151303772868, 6.833510373592053 ], [ 100.527091473324603, 6.833618066981627 ], [ 100.526968292989949, 6.833655202633204 ], [ 100.526852151531557, 6.833580931330049 ], [ 100.526598751985986, 6.833358117420587 ], [ 100.526412221764929, 6.833068459338285 ], [ 100.526334794126001, 6.832823364037875 ], [ 100.526320716373476, 6.832578268737466 ], [ 100.526380546821727, 6.832437153261472 ], [ 100.526538921537721, 6.832244047873271 ], [ 100.526662101872375, 6.832058369615385 ], [ 100.526707854568102, 6.831924681269707 ], [ 100.526714893444378, 6.831802133619503 ], [ 100.526690257377439, 6.831664731708667 ], [ 100.526574115919047, 6.831564465449409 ], [ 100.526391105136128, 6.831471626320465 ], [ 100.526137705590557, 6.831371360061207 ], [ 100.525919500426298, 6.83128594806258 ], [ 100.525634425937525, 6.831193108933637 ], [ 100.525373987515678, 6.831126264760798 ], [ 100.52513818516077, 6.831129978325956 ], [ 100.524944616063451, 6.831144832586586 ], [ 100.524641944384015, 6.831185681803321 ], [ 100.524370947647768, 6.831297088758053 ], [ 100.524071795406456, 6.83146419919015 ], [ 100.523902862376076, 6.831601601100986 ], [ 100.523572035191563, 6.831932108400022 ], [ 100.523371427217981, 6.832258902133902 ], [ 100.523184896996923, 6.832600550128411 ], [ 100.522984289023341, 6.832968193079026 ], [ 100.52280479767856, 6.833309841073536 ], [ 100.522628825771903, 6.833528941417842 ], [ 100.522452853865261, 6.833681197589308 ] ] ] } },
{ "type": "Feature", "properties": { "id": null, "EL_Hash": "w1pqzg5jb1", "ORDERRIVER_Name_T": 4, "HY_Name_T": "คลองขี้แรด", "EL_Name": "คลองขี้แรดg5jb1", "Lat": 6.8289992497699998, "Long": 100.540010193, "Length_km": 1.4925312455199999, "LocalName": "", "ElementA": "w1pqzg5jb1", "ElementB": "w1pqze9vnz", "ReLation": "FlowsTo" }, "geometry": { "type": "MultiLineString", "coordinates": [ [ [ 100.543062683572359, 6.8241261944385 ], [ 100.542830400655575, 6.824074204526291 ], [ 100.542777609083586, 6.824074204526291 ], [ 100.542520690099863, 6.824148475829446 ], [ 100.54234471819322, 6.824274737044808 ], [ 100.542277848868693, 6.824408425390486 ], [ 100.54229896549748, 6.824735219124365 ], [ 100.542330640440682, 6.824965460164144 ], [ 100.542348237631344, 6.82519941476908 ], [ 100.542323601564419, 6.825414801548227 ], [ 100.542284887744955, 6.825581911980325 ], [ 100.542137071343362, 6.825730454586633 ], [ 100.541866074607128, 6.825830720845892 ], [ 100.541774569215661, 6.825886424323258 ], [ 100.541679544386071, 6.82601268553862 ], [ 100.541626752814068, 6.826161228144929 ], [ 100.541630272252206, 6.826365474228603 ], [ 100.541661947195408, 6.826595715268382 ], [ 100.541651388881007, 6.826788820656583 ], [ 100.541545805737016, 6.826900227611315 ], [ 100.541204420238103, 6.826944790393208 ], [ 100.540933423501869, 6.826948503958365 ], [ 100.540852476424803, 6.827004207435731 ], [ 100.540746893280811, 6.827182458563302 ], [ 100.540644829574958, 6.827676362729278 ], [ 100.540620193508019, 6.827899176638741 ], [ 100.540553324183492, 6.828151699069466 ], [ 100.540493493735241, 6.828374512978929 ], [ 100.540292885761644, 6.828708733843124 ], [ 100.540152108236327, 6.828894412101009 ], [ 100.540004291834748, 6.829005819055741 ], [ 100.539821281051829, 6.82907266322858 ], [ 100.539726256222238, 6.829117226010473 ], [ 100.539645309145172, 6.829135793836261 ], [ 100.539522128810518, 6.829180356618154 ], [ 100.539462298362253, 6.829221205834888 ], [ 100.539388390161463, 6.829343753485093 ], [ 100.539342637465737, 6.829547999568768 ], [ 100.539247612636132, 6.829811662694966 ], [ 100.539187782187881, 6.829908215389066 ], [ 100.53909275735829, 6.829949064605801 ], [ 100.539004771404962, 6.829897074693593 ], [ 100.538832318936443, 6.829700255740234 ], [ 100.53869506084925, 6.829451446874667 ], [ 100.538564841638333, 6.829336326354777 ], [ 100.538395908607939, 6.829351180615409 ], [ 100.538314961530887, 6.82942916548372 ], [ 100.538279767149547, 6.829570280959714 ], [ 100.538188261758094, 6.82991935608454 ], [ 100.537994692660774, 6.830123602168214 ], [ 100.537790565249054, 6.83022758199263 ], [ 100.537607554466135, 6.830257290513892 ], [ 100.537470296378956, 6.830279571904838 ], [ 100.537171144137645, 6.830327848251889 ], [ 100.536970536164063, 6.830416973815674 ], [ 100.536657306170213, 6.830602652073559 ], [ 100.536245531908648, 6.830769762505657 ], [ 100.535823199332683, 6.830936872937754 ], [ 100.535383269566054, 6.831092842674378 ], [ 100.535052442381556, 6.831148546151744 ], [ 100.534855353846098, 6.831152259716902 ], [ 100.534792003959708, 6.831152259716902 ], [ 100.534781445645308, 6.831152259716902 ] ] ] } },
{ "type": "Feature", "properties": { "id": null, "EL_Hash": "w1pqzcy88m", "ORDERRIVER_Name_T": 4, "HY_Name_T": "คลองขี้แรด", "EL_Name": "คลองขี้แรดcy88m", "Lat": 6.8212517662699996, "Long": 100.544835427, "Length_km": 1.1981931048400001, "LocalName": "", "ElementA": "w1pqzcy88m", "ElementB": "w1pqzg5jb1", "ReLation": "FlowsTo" }, "geometry": { "type": "MultiLineString", "coordinates": [ [ [ 100.547768172356228, 6.817129837681358 ], [ 100.547609797640249, 6.817178114028409 ], [ 100.547430306295468, 6.817296948113456 ], [ 100.547226178883747, 6.817464058545553 ], [ 100.547113556863493, 6.817634882542809 ], [ 100.547043168100828, 6.817813133670379 ], [ 100.547025570910165, 6.81795796271153 ], [ 100.54703964866269, 6.818128786708785 ], [ 100.547078362482154, 6.818351600618248 ], [ 100.547102998549093, 6.818533565310976 ], [ 100.54708540135843, 6.818644972265708 ], [ 100.547025570910165, 6.818745238524966 ], [ 100.546877754508571, 6.818919776087379 ], [ 100.5466137966486, 6.819072032258846 ], [ 100.546377994293678, 6.819239142690943 ], [ 100.546096439243044, 6.819476810861037 ], [ 100.545941583965188, 6.819580790685452 ], [ 100.545681145543341, 6.819811031725231 ], [ 100.545512212512961, 6.819974428592171 ], [ 100.545339760044428, 6.820156393284899 ], [ 100.545181385328448, 6.820449764932358 ], [ 100.5449103885922, 6.82098451831507 ], [ 100.544847038705811, 6.82119619152906 ], [ 100.544801286010085, 6.821415291873365 ], [ 100.544811844324485, 6.821571261609989 ], [ 100.544847038705811, 6.82174951273756 ], [ 100.544920946906601, 6.821957472386392 ], [ 100.544984296793004, 6.822154291339752 ], [ 100.545008932859929, 6.822458803682684 ], [ 100.544959660726064, 6.822633341245097 ], [ 100.544839999829549, 6.822871009415191 ], [ 100.544692183427955, 6.823049260542762 ], [ 100.544329681300255, 6.82324607949612 ], [ 100.544153709393598, 6.823413189928218 ], [ 100.544065723440269, 6.823713988705993 ], [ 100.544093878945333, 6.82392937548514 ], [ 100.544139631641073, 6.82417447078555 ], [ 100.544114995574134, 6.824393571129855 ], [ 100.543998854115742, 6.82459781721353 ], [ 100.543900309848027, 6.824772354775942 ], [ 100.543660988054967, 6.824891188860989 ], [ 100.543442782890722, 6.824894902426147 ], [ 100.543404069071258, 6.824909756686778 ], [ 100.543319602556068, 6.824761214080469 ], [ 100.543316083117929, 6.82459781721353 ], [ 100.543273849860341, 6.824393571129855 ], [ 100.543062683572359, 6.8241261944385 ] ] ] } },
{ "type": "Feature", "properties": { "id": null, "EL_Hash": "w1pwb0cswk", "ORDERRIVER_Name_T": 4, "HY_Name_T": "คลองขี้แรด", "EL_Name": "คลองขี้แรด0cswk", "Lat": 6.8164401181700001, "Long": 100.549204825, "Length_km": 0.38627187009000002, "LocalName": "", "ElementA": "w1pwb0cswk", "ElementB": "w1pqzcy88m", "ReLation": "FlowsTo" }, "geometry": { "type": "MultiLineString", "coordinates": [ [ [ 100.550087482085914, 6.81562955735764 ], [ 100.55004876826645, 6.815555286054487 ], [ 100.549922068493657, 6.815425311273966 ], [ 100.549753135463277, 6.8153696077966 ], [ 100.549622916252346, 6.815377034926916 ], [ 100.549520852546493, 6.815455019795228 ], [ 100.549453983221966, 6.815555286054487 ], [ 100.549390633335562, 6.815707542225953 ], [ 100.549309686258511, 6.815900647614154 ], [ 100.549281530753447, 6.816075185176567 ], [ 100.549218180867044, 6.816375983954342 ], [ 100.549172428171318, 6.816602511428963 ], [ 100.549109078284928, 6.816747340470114 ], [ 100.548975339635874, 6.816877315250634 ], [ 100.548824003796142, 6.816929305162842 ], [ 100.54863395413696, 6.816985008640208 ], [ 100.548320724143124, 6.817003576465996 ], [ 100.547930066510361, 6.81707784776915 ], [ 100.547768172356228, 6.817129837681358 ] ] ] } },
{ "type": "Feature", "properties": { "id": null, "EL_Hash": "w1pwb1jqqt", "ORDERRIVER_Name_T": 4, "HY_Name_T": "คลองขี้แรด", "EL_Name": "คลองขี้แรด1jqqt", "Lat": 6.8181190756500003, "Long": 100.554371676, "Length_km": 1.2926137231599999, "LocalName": "", "ElementA": "w1pwb1jqqt", "ElementB": "w1pwb0cswk", "ReLation": "FlowsTo" }, "geometry": { "type": "MultiLineString", "coordinates": [ [ [ 100.558984621686236, 6.82051289554004 ], [ 100.558794572027054, 6.820590880408352 ], [ 100.558576366862809, 6.820624302494771 ], [ 100.55828425349776, 6.820594593973509 ], [ 100.558059009457253, 6.820535176930986 ], [ 100.557900634741259, 6.820416342845939 ], [ 100.557809129349806, 6.820234378153211 ], [ 100.55772818227274, 6.819996709983117 ], [ 100.557590924185561, 6.819796177464601 ], [ 100.557414952278904, 6.819580790685452 ], [ 100.557284733067988, 6.819380258166936 ], [ 100.557210824867184, 6.819198293474208 ], [ 100.557140436104532, 6.819027469476953 ], [ 100.557084125094391, 6.818919776087379 ], [ 100.556953905883475, 6.818845504784225 ], [ 100.556770895100556, 6.818800942002332 ], [ 100.556503417802446, 6.818778660611386 ], [ 100.556137396236608, 6.818867786175171 ], [ 100.555933268824887, 6.818878926870644 ], [ 100.555736180289443, 6.81885293191454 ], [ 100.555570766697187, 6.818782374176544 ], [ 100.555405353104931, 6.818633831570235 ], [ 100.555232900636412, 6.818500143224557 ], [ 100.554905592890051, 6.818440726182033 ], [ 100.554666271096991, 6.818366454878879 ], [ 100.55452197413355, 6.818281042880251 ], [ 100.554384716046357, 6.818139927404258 ], [ 100.554300249531167, 6.817995098363107 ], [ 100.554201705263438, 6.817879977843218 ], [ 100.554071486052507, 6.81777971158396 ], [ 100.553906072460265, 6.817701726715647 ], [ 100.553663231229081, 6.817683158889858 ], [ 100.553342962358968, 6.817683158889858 ], [ 100.55282912439155, 6.817813133670379 ], [ 100.552617958103568, 6.817831701496168 ], [ 100.552255455975867, 6.817816847235536 ], [ 100.551745137446574, 6.817724008106594 ], [ 100.551143313525827, 6.817527189153235 ], [ 100.550861758475179, 6.817430636459134 ], [ 100.550611878367732, 6.817170686898094 ], [ 100.550499256347479, 6.817007290031154 ], [ 100.550471100842415, 6.816858747424845 ], [ 100.550446464775476, 6.816669355601801 ], [ 100.550471100842415, 6.816539380821282 ], [ 100.550499256347479, 6.816439114562023 ], [ 100.550488698033078, 6.816375983954342 ], [ 100.550460542528015, 6.816309139781503 ], [ 100.550386634327225, 6.816220014217718 ], [ 100.550323284440822, 6.816149456479721 ], [ 100.55021770129683, 6.816075185176567 ], [ 100.550157870848565, 6.815974918917308 ], [ 100.550140273657902, 6.815837517006473 ], [ 100.550126195905378, 6.815707542225953 ], [ 100.550087482085914, 6.81562955735764 ] ] ] } },
{ "type": "Feature", "properties": { "id": null, "EL_Hash": "w1pwb3crme", "ORDERRIVER_Name_T": 4, "HY_Name_T": "คลองขี้แรด", "EL_Name": "คลองขี้แรด3crme", "Lat": 6.8223988668600004, "Long": 100.55982059900001, "Length_km": 0.56481620823000001, "LocalName": "", "ElementA": "w1pwb3crme", "ElementB": "w1pwb1jqqt", "ReLation": "FlowsTo" }, "geometry": { "type": "MultiLineString", "coordinates": [ [ [ 100.561296892539644, 6.824100199482396 ], [ 100.561247620405794, 6.824025928179241 ], [ 100.561237062091394, 6.823944229745772 ], [ 100.561237062091394, 6.823851390616828 ], [ 100.561254659282056, 6.823713988705993 ], [ 100.561240581529518, 6.823598868186103 ], [ 100.561201867710054, 6.823420617058533 ], [ 100.561113881756739, 6.823301782973486 ], [ 100.560973104231408, 6.823186662453597 ], [ 100.560768976819688, 6.823082682629181 ], [ 100.560445188511451, 6.822945280718345 ], [ 100.560269216604809, 6.822926712892556 ], [ 100.560065089193088, 6.822871009415191 ], [ 100.55990319503897, 6.822707612548252 ], [ 100.559839845152567, 6.822573924202573 ], [ 100.559818728523766, 6.822369678118899 ], [ 100.559801131333103, 6.822195140556486 ], [ 100.559790573018702, 6.822016889428916 ], [ 100.559794092456841, 6.821842351866503 ], [ 100.559825767400042, 6.821712377085983 ], [ 100.559920792229633, 6.821600970131251 ], [ 100.559966544925359, 6.821489563176519 ], [ 100.55997710323976, 6.821341020570211 ], [ 100.559920792229633, 6.821166483007798 ], [ 100.559850403466967, 6.821010513271174 ], [ 100.55970962594165, 6.820795126492026 ], [ 100.559558290101933, 6.820635443190245 ], [ 100.559364721004613, 6.820509181974883 ], [ 100.559132438087829, 6.820490614149094 ], [ 100.558984621686236, 6.82051289554004 ] ] ] } },
{ "type": "Feature", "properties": { "id": null, "EL_Hash": "w1pwb67170", "ORDERRIVER_Name_T": 4, "HY_Name_T": "คลองขี้แรด", "EL_Name": "คลองขี้แรด67170", "Lat": 6.82410003653, "Long": 100.56212067, "Length_km": 0.18449002167, "LocalName": "", "ElementA": "w1pwb67170", "ElementB": "w1pwb3crme", "ReLation": "FlowsTo" }, "geometry": { "type": "MultiLineString", "coordinates": [ [ [ 100.562891198013915, 6.824345294782804 ], [ 100.562630759592068, 6.824189325046181 ], [ 100.562458307123549, 6.824107626612711 ], [ 100.562303451845708, 6.82409277235208 ], [ 100.562092285557725, 6.824100199482396 ], [ 100.561867041517203, 6.8241261944385 ], [ 100.561574928152154, 6.824152189394604 ], [ 100.561437670064976, 6.824144762264288 ], [ 100.561296892539644, 6.824100199482396 ] ] ] } },
{ "type": "Feature", "properties": { "id": null, "EL_Hash": "w1pwb6y093", "ORDERRIVER_Name_T": 4, "HY_Name_T": "คลองขี้แรด", "EL_Name": "คลองขี้แรด6y093", "Lat": 6.8267244928400004, "Long": 100.56616098000001, "Length_km": 1.1783596198699999, "LocalName": "", "ElementA": "w1pwb6y093", "ElementB": "w1pwb67170", "ReLation": "FlowsTo" }, "geometry": { "type": "MultiLineString", "coordinates": [ [ [ 100.569493663951505, 6.826023826234094 ], [ 100.56944439181764, 6.825986690582516 ], [ 100.569303614292323, 6.825919846409677 ], [ 100.56916635620513, 6.825908705714204 ], [ 100.569022059241675, 6.825904992149046 ], [ 100.568898878907021, 6.825912419279362 ], [ 100.568824970706231, 6.825942127800624 ], [ 100.568705309809701, 6.82596440919157 ], [ 100.568508221274257, 6.825994117712831 ], [ 100.568420235320929, 6.826038680494724 ], [ 100.568339288243862, 6.826086956841775 ], [ 100.568279457795612, 6.82617608240556 ], [ 100.568251302290548, 6.826276348664818 ], [ 100.568268899481211, 6.826398896315023 ], [ 100.568261860604949, 6.826473167618177 ], [ 100.568237224538009, 6.826569720312278 ], [ 100.568124602517756, 6.826681127267009 ], [ 100.568057733193228, 6.82674425787469 ], [ 100.568050694316966, 6.826751685005006 ], [ 100.567987344430563, 6.826766539265637 ], [ 100.567825450276445, 6.826747971439849 ], [ 100.567674114436727, 6.826721976483745 ], [ 100.567427753767404, 6.826684840832167 ], [ 100.567047654449041, 6.826595715268382 ], [ 100.566973746248252, 6.826606855963855 ], [ 100.566871682542384, 6.826655132310905 ], [ 100.566818890970396, 6.826751685005006 ], [ 100.56683296872292, 6.826837097003634 ], [ 100.566875201980523, 6.82690765474163 ], [ 100.566966707371989, 6.826993066740258 ], [ 100.56706173220158, 6.827067338043412 ], [ 100.567139159840508, 6.82716760430267 ], [ 100.56714619871677, 6.827256729866455 ], [ 100.567128601526107, 6.827342141865083 ], [ 100.567068771077842, 6.827405272472764 ], [ 100.566945590743188, 6.827427553863711 ], [ 100.566780177150932, 6.827382991081818 ], [ 100.566614763558675, 6.82728272482256 ], [ 100.566375441765629, 6.827056197347939 ], [ 100.56622762536405, 6.826874232655211 ], [ 100.566072770086194, 6.826525157530385 ], [ 100.566002381323528, 6.826328338577026 ], [ 100.565956628627802, 6.826172368840402 ], [ 100.565953109189664, 6.825990404147674 ], [ 100.565935511999001, 6.82575273597758 ], [ 100.565889759303275, 6.825663610413795 ], [ 100.565791215035546, 6.825578198415167 ], [ 100.565724345711018, 6.825544776328748 ], [ 100.565639879195828, 6.825537349198433 ], [ 100.565558932118762, 6.825548489893905 ], [ 100.565485023917972, 6.825589339110641 ], [ 100.565425193469707, 6.825659896848637 ], [ 100.565365363021442, 6.825700746065372 ], [ 100.565323129763854, 6.825726741021476 ], [ 100.565249221563064, 6.825734168151792 ], [ 100.565175313362261, 6.825730454586633 ], [ 100.565045094151344, 6.825711886760845 ], [ 100.564964147074278, 6.82571931389116 ], [ 100.564855044492163, 6.825763876673053 ], [ 100.564714266966831, 6.825819580150419 ], [ 100.564545333936451, 6.825875283627784 ], [ 100.564253220571402, 6.8258827107581 ], [ 100.564140598551148, 6.825856715801996 ], [ 100.564045573721558, 6.825808439454946 ], [ 100.563996301587693, 6.825749022412422 ], [ 100.56389423788184, 6.825656183283479 ], [ 100.563778096423448, 6.825611620501586 ], [ 100.563619721707454, 6.825570771284852 ], [ 100.563415594295748, 6.825630188327375 ], [ 100.563334647218682, 6.825596766240956 ], [ 100.563257219579754, 6.825511354242328 ], [ 100.563257219579754, 6.825399947287597 ], [ 100.563274816770416, 6.825318248854127 ], [ 100.563288894522955, 6.825191987638765 ], [ 100.563285375084817, 6.825095434944664 ], [ 100.563288894522955, 6.824898615991305 ], [ 100.56321850576029, 6.824716651298576 ], [ 100.563084767111235, 6.824519832345217 ], [ 100.562891198013915, 6.824345294782804 ] ] ] } },
{ "type": "Feature", "properties": { "id": null, "EL_Hash": "w1pmw2hpv5", "ORDERRIVER_Name_T": 4, "HY_Name_T": "คลองชัน", "EL_Name": "คลองชัน2hpv5", "Lat": 6.5931444591400004, "Long": 100.47568354400001, "Length_km": 0.95420938108999998, "LocalName": "", "ElementA": "w1pmw2hpv5", "ElementB": "w1pmw2uxgc", "ReLation": "FlowsTo" }, "geometry": { "type": "MultiLineString", "coordinates": [ [ [ 100.475595054561921, 6.589733388813657 ], [ 100.475588015685659, 6.589896785680597 ], [ 100.475577457371259, 6.590026760461116 ], [ 100.47552466579927, 6.590245860805422 ], [ 100.475485951979806, 6.59033127280405 ], [ 100.475422602093403, 6.590457534019412 ], [ 100.475383888273939, 6.590568940974143 ], [ 100.475366291083276, 6.590736051406241 ], [ 100.475376849397676, 6.590899448273181 ], [ 100.475464835351005, 6.591073985835593 ], [ 100.475464835351005, 6.591203960616113 ], [ 100.475464835351005, 6.591367357483053 ], [ 100.475570418494996, 6.591853834518714 ], [ 100.475588015685659, 6.59195781434313 ], [ 100.47559857400006, 6.59212121121007 ], [ 100.475563379618734, 6.592214050339012 ], [ 100.475471874227267, 6.592306889467956 ], [ 100.47521143580542, 6.592473999900053 ], [ 100.475014347269976, 6.592566839028995 ], [ 100.474950997383573, 6.59264111033215 ], [ 100.474940439069172, 6.59272280876562 ], [ 100.474989711203037, 6.592797080068774 ], [ 100.475063619403841, 6.592860210676456 ], [ 100.475176241424094, 6.592904773458348 ], [ 100.475345174454475, 6.592930768414452 ], [ 100.475588015685659, 6.592986471891818 ], [ 100.475679521077112, 6.593105305976865 ], [ 100.475690079391512, 6.593224140061912 ], [ 100.475654885010186, 6.593298411365066 ], [ 100.475531704675532, 6.593354114842432 ], [ 100.475288863444348, 6.593335547016643 ], [ 100.475074177718241, 6.593283557104435 ], [ 100.474880608620921, 6.593313265625697 ], [ 100.474803180981993, 6.593331833451486 ], [ 100.474701117276126, 6.593424672580428 ], [ 100.47458145637961, 6.593461808232005 ], [ 100.47445123716868, 6.593461808232005 ], [ 100.474384367844152, 6.593480376057794 ], [ 100.474338615148426, 6.593580642317053 ], [ 100.474313979081501, 6.593840591878093 ], [ 100.474268226385774, 6.593985420919244 ], [ 100.474194318184971, 6.59408940074366 ], [ 100.473979632458864, 6.594245370480285 ], [ 100.473888127067397, 6.594338209609227 ], [ 100.473842374371671, 6.594468184389747 ], [ 100.473859971562334, 6.594575877779321 ], [ 100.473937399201262, 6.594687284734053 ], [ 100.473983151896988, 6.594742988211419 ], [ 100.474095773917256, 6.594757842472049 ], [ 100.474215434813772, 6.594702138994684 ], [ 100.474289343014561, 6.594627867691529 ], [ 100.474328056834025, 6.59460929986574 ], [ 100.474401965034829, 6.594657576212791 ], [ 100.474447717730555, 6.594776410297838 ], [ 100.474440678854293, 6.594976942816355 ], [ 100.47449698986442, 6.595478274112646 ] ] ] } },
{ "type": "Feature", "properties": { "id": null, "EL_Hash": "w1pmqrjysr", "ORDERRIVER_Name_T": 4, "HY_Name_T": "คลองชัน", "EL_Name": "คลองชันrjysr", "Lat": 6.5874612149600003, "Long": 100.478054955, "Length_km": 1.8937861066, "LocalName": "", "ElementA": "w1pmqrjysr", "ElementB": "w1pmw2hpv5", "ReLation": "FlowsTo" }, "geometry": { "type": "MultiLineString", "coordinates": [ [ [ 100.478787184948601, 6.581953469808238 ], [ 100.479103934380575, 6.582209705804121 ], [ 100.47923767302963, 6.582376816236217 ], [ 100.47932213954482, 6.582577348754734 ], [ 100.479332697859221, 6.582670187883678 ], [ 100.479293984039757, 6.582770454142936 ], [ 100.479033545617909, 6.583000695182714 ], [ 100.478794223824863, 6.583223509092178 ], [ 100.478477474392889, 6.583483458653218 ], [ 100.478414124506486, 6.583576297782161 ], [ 100.478396527315823, 6.583695131867207 ], [ 100.478459877202226, 6.583776830300677 ], [ 100.478470435516627, 6.583839960908358 ], [ 100.47845283832595, 6.583914232211513 ], [ 100.47846339664035, 6.584014498470771 ], [ 100.478480993831027, 6.584118478295188 ], [ 100.478480993831027, 6.584181608902869 ], [ 100.47846339664035, 6.584200176728658 ], [ 100.478407085630224, 6.584189036033184 ], [ 100.478287424733708, 6.584107337599714 ], [ 100.478153686084653, 6.584062774817822 ], [ 100.478034025188123, 6.584092483339083 ], [ 100.477995311368659, 6.584111051164871 ], [ 100.477903805977206, 6.58421131742413 ], [ 100.477847494967079, 6.584248453075707 ], [ 100.477773586766276, 6.584192749598341 ], [ 100.477699678565486, 6.584166754642237 ], [ 100.477643367555359, 6.584177895337711 ], [ 100.477625770364696, 6.584278161596969 ], [ 100.477643367555359, 6.584426704203278 ], [ 100.47773839238495, 6.584645804547583 ], [ 100.477805261709477, 6.584727502981053 ], [ 100.47790732541533, 6.584902040543466 ], [ 100.477900286539068, 6.585084005236194 ], [ 100.477889728224667, 6.585150849409033 ], [ 100.478023466873722, 6.585306819145657 ], [ 100.478114972265189, 6.585340241232077 ], [ 100.478283905295569, 6.585403371839758 ], [ 100.478600654727543, 6.585466502447439 ], [ 100.478871651463791, 6.585473929577755 ], [ 100.479001870674708, 6.585574195837013 ], [ 100.479022987303509, 6.585685602791744 ], [ 100.478994831798445, 6.585804436876791 ], [ 100.478847015396852, 6.585945552352785 ], [ 100.478604174165682, 6.586038391481727 ], [ 100.478410605068362, 6.586205501913825 ], [ 100.478241672037967, 6.586398607302026 ], [ 100.478104413950788, 6.586528582082546 ], [ 100.478012908559322, 6.586628848341805 ], [ 100.477900286539068, 6.586758823122325 ], [ 100.477910844853469, 6.58697792346663 ], [ 100.47802698631186, 6.587408697024926 ], [ 100.478146647208376, 6.587620370238915 ], [ 100.478280385857431, 6.587713209367858 ], [ 100.478428202259025, 6.587913741886375 ], [ 100.478466916078489, 6.588095706579104 ], [ 100.478470435516627, 6.588307379793093 ], [ 100.478442280011564, 6.588392791791721 ], [ 100.478375410687036, 6.588474490225191 ], [ 100.478086816760126, 6.588578470049606 ], [ 100.477780625642538, 6.588541334398029 ], [ 100.477312540370846, 6.588433641008455 ], [ 100.476724794202639, 6.588181118577731 ], [ 100.476545302857843, 6.588173691447415 ], [ 100.476408044770665, 6.588181118577731 ], [ 100.476305981064797, 6.58824796275057 ], [ 100.476260228369071, 6.588422500312983 ], [ 100.476249670054671, 6.588660168483076 ], [ 100.476327097693598, 6.589046379259479 ], [ 100.476478433533316, 6.589284047429573 ], [ 100.476731833078901, 6.589466012122301 ], [ 100.476855013413555, 6.58961455472861 ], [ 100.476918363299944, 6.589796519421338 ], [ 100.476950038243146, 6.590056468982379 ], [ 100.477006349253273, 6.590282996456999 ], [ 100.47698875206261, 6.590349840629838 ], [ 100.476876130042356, 6.590405544107204 ], [ 100.476700158135699, 6.590398116976888 ], [ 100.476390447579988, 6.590390689846573 ], [ 100.476186320168281, 6.590353554194996 ], [ 100.476130009158155, 6.590253287935737 ], [ 100.476119450843754, 6.590078750373324 ], [ 100.476126489720016, 6.589655403945345 ], [ 100.47607017870989, 6.589324896646308 ], [ 100.475975153880299, 6.58914293195358 ], [ 100.475918842870172, 6.589131791258106 ], [ 100.475823818040567, 6.589161499779369 ], [ 100.475749909839777, 6.589298901690204 ], [ 100.475595054561921, 6.589733388813657 ] ] ] } },
{ "type": "Feature", "properties": { "id": null, "EL_Hash": "w1pmqmv8mq", "ORDERRIVER_Name_T": 4, "HY_Name_T": "คลองชัน", "EL_Name": "คลองชันmv8mq", "Lat": 6.5795131228499999, "Long": 100.477755876, "Length_km": 1.46012008428, "LocalName": "", "ElementA": "w1pmqmv8mq", "ElementB": "w1pmqrjysr", "ReLation": "FlowsTo" }, "geometry": { "type": "MultiLineString", "coordinates": [ [ [ 100.476327097693598, 6.576104604684832 ], [ 100.476337656007999, 6.576323705029138 ], [ 100.476365811513062, 6.576509383287023 ], [ 100.476478433533316, 6.576609649546282 ], [ 100.476534744543443, 6.576721056501013 ], [ 100.47651714735278, 6.576858458411849 ], [ 100.476334136569861, 6.577058990930365 ], [ 100.476091295338691, 6.577448915271926 ], [ 100.476038503766688, 6.577567749356973 ], [ 100.476056100957351, 6.577679156311705 ], [ 100.476112411967478, 6.577742286919386 ], [ 100.476207436797068, 6.577760854745174 ], [ 100.476383408703725, 6.577731146223912 ], [ 100.476439719713852, 6.577738573354228 ], [ 100.476485472409578, 6.577812844657382 ], [ 100.476485472409578, 6.577924251612114 ], [ 100.47643268083759, 6.578035658566845 ], [ 100.476263747807209, 6.578165633347366 ], [ 100.475975153880299, 6.57832160308399 ], [ 100.475742870963515, 6.578507281341875 ], [ 100.475651365572048, 6.578600120470819 ], [ 100.475559860180596, 6.578811793684809 ], [ 100.475514107484869, 6.579086597506479 ], [ 100.475507068608593, 6.579253707938577 ], [ 100.475514107484869, 6.579327979241731 ], [ 100.475580976809397, 6.57937996915394 ], [ 100.47576750703044, 6.579461667587409 ], [ 100.476179281292005, 6.579561933846668 ], [ 100.476534744543443, 6.579632491584664 ], [ 100.4767212747645, 6.579576788107298 ], [ 100.476851493975417, 6.579502516804144 ], [ 100.477038024196474, 6.579435672631305 ], [ 100.477298462618322, 6.579428245500989 ], [ 100.477446279019901, 6.579424531935832 ], [ 100.477625770364696, 6.579450526891936 ], [ 100.477819339462002, 6.579543366020879 ], [ 100.477981233616134, 6.579617637324033 ], [ 100.478343735743834, 6.579651059410453 ], [ 100.478790704386725, 6.579703049322661 ], [ 100.479191920333889, 6.579784747756131 ], [ 100.479184881457627, 6.579929576797282 ], [ 100.479110973256837, 6.580278651922107 ], [ 100.479075778875512, 6.580646294872721 ], [ 100.478994831798445, 6.580887676607973 ], [ 100.478973715169644, 6.580939666520181 ], [ 100.478892768092592, 6.581117917647751 ], [ 100.478734393376598, 6.581255319558587 ], [ 100.478530265964878, 6.58134815868753 ], [ 100.478252230352368, 6.581322163731426 ], [ 100.477720795194287, 6.581337017992056 ], [ 100.477439240143639, 6.581385294339107 ], [ 100.477235112731918, 6.581448424946788 ], [ 100.477143607340466, 6.581622962509201 ], [ 100.47718232115993, 6.581771505115509 ], [ 100.477273826551382, 6.581853203548979 ], [ 100.477499070591904, 6.581879198505083 ], [ 100.477805261709477, 6.581823495027717 ], [ 100.478319099676895, 6.581864344244453 ], [ 100.478628810232607, 6.581908907026345 ], [ 100.478787184948601, 6.581953469808238 ] ] ] } },
{ "type": "Feature", "properties": { "id": null, "EL_Hash": "w1pmqkuq39", "ORDERRIVER_Name_T": 4, "HY_Name_T": "คลองชัน", "EL_Name": "คลองชันkuq39", "Lat": 6.57502734922, "Long": 100.475878857, "Length_km": 0.31024626949, "LocalName": "", "ElementA": "w1pmqkuq39", "ElementB": "w1pmqmv8mq", "ReLation": "FlowsTo" }, "geometry": { "type": "MultiLineString", "coordinates": [ [ [ 100.475904765117633, 6.573835616373467 ], [ 100.476010348261624, 6.574099279499665 ], [ 100.476077217586152, 6.574225540715027 ], [ 100.476098334214953, 6.574370369756178 ], [ 100.476027945452287, 6.574522625927644 ], [ 100.475873090174431, 6.574671168533953 ], [ 100.475774545906717, 6.57483827896605 ], [ 100.475778065344841, 6.574971967311728 ], [ 100.475844934669368, 6.575027670789094 ], [ 100.476017387137887, 6.575031384354252 ], [ 100.476221514549607, 6.575127937048352 ], [ 100.476295422750397, 6.575198494786349 ], [ 100.476362292074924, 6.575324756001711 ], [ 100.476365811513062, 6.575462157912547 ], [ 100.47632357825546, 6.575588419127909 ], [ 100.47632357825546, 6.575781524516111 ], [ 100.476355253198662, 6.575885504340526 ], [ 100.476327097693598, 6.576104604684832 ] ] ] } },
{ "type": "Feature", "properties": { "id": null, "EL_Hash": "w1pmqk5ygn", "ORDERRIVER_Name_T": 4, "HY_Name_T": "คลองชัน", "EL_Name": "คลองชันk5ygn", "Lat": 6.5710156947099998, "Long": 100.47525793600001, "Length_km": 0.85929166856000005, "LocalName": "", "ElementA": "w1pmqk5ygn", "ElementB": "w1pmqkuq39", "ReLation": "FlowsTo" }, "geometry": { "type": "MultiLineString", "coordinates": [ [ [ 100.475799181973642, 6.567526269170504 ], [ 100.475619690628861, 6.567719374558705 ], [ 100.475362771645138, 6.567942188468168 ], [ 100.475257188501146, 6.568087017509319 ], [ 100.475169202547832, 6.568369248461305 ], [ 100.475183280300357, 6.568606916631399 ], [ 100.475317018949411, 6.568974559582013 ], [ 100.47533109670195, 6.569331061837154 ], [ 100.475243110748622, 6.569513026529883 ], [ 100.475134008166492, 6.569624433484615 ], [ 100.475102333223305, 6.569769262525766 ], [ 100.475130488728368, 6.569902950871443 ], [ 100.475197358052895, 6.570122051215749 ], [ 100.475257188501146, 6.570318870169108 ], [ 100.475243110748622, 6.570519402687625 ], [ 100.475172721985956, 6.570682799554564 ], [ 100.475155124795293, 6.570827628595715 ], [ 100.475232552434221, 6.570991025462654 ], [ 100.475334616140074, 6.571087578156755 ], [ 100.475327577263812, 6.571206412241802 ], [ 100.475257188501146, 6.571425512586107 ], [ 100.475112891537705, 6.571581482322731 ], [ 100.474915803002247, 6.571874853970192 ], [ 100.474708156152403, 6.572205361269228 ], [ 100.474546261998285, 6.572435602309007 ], [ 100.474525145369483, 6.5726732704791 ], [ 100.474563859188947, 6.572780963868674 ], [ 100.474729272781204, 6.572896084388564 ], [ 100.474894686373446, 6.572899797953721 ], [ 100.475035463898777, 6.572888657258249 ], [ 100.475207916367296, 6.572933220040141 ], [ 100.47532053838755, 6.572992637082664 ], [ 100.475500029732331, 6.573237732383074 ], [ 100.475707676582189, 6.573557098986638 ], [ 100.475904765117633, 6.573835616373467 ] ] ] } },
{ "type": "Feature", "properties": { "id": null, "EL_Hash": "w1pmq6k9ty", "ORDERRIVER_Name_T": 4, "HY_Name_T": "คลองชัน", "EL_Name": "คลองชัน6k9ty", "Lat": 6.5605057142399996, "Long": 100.476405829, "Length_km": 1.76334742962, "LocalName": "", "ElementA": "w1pmq6k9ty", "ElementB": "w1pmqk5ygn", "ReLation": "FlowsTo" }, "geometry": { "type": "MultiLineString", "coordinates": [ [ [ 100.473666402465014, 6.555048690240572 ], [ 100.473705116284478, 6.555104393717937 ], [ 100.474106332231642, 6.555368056844135 ], [ 100.474532184245746, 6.555605725014229 ], [ 100.47485949199212, 6.555828538923692 ], [ 100.474989711203037, 6.5558805288359 ], [ 100.475176241424094, 6.555995649355789 ], [ 100.475334616140074, 6.556211036134937 ], [ 100.475355732768875, 6.55640042795798 ], [ 100.475341655016351, 6.556634382562916 ], [ 100.475281824568086, 6.556816347255645 ], [ 100.475172721985956, 6.556964889861954 ], [ 100.474943958507311, 6.557124573163735 ], [ 100.474651845142276, 6.557265688639728 ], [ 100.474592014694011, 6.557373382029303 ], [ 100.474539223122008, 6.557611050199396 ], [ 100.474549781436409, 6.55771874358897 ], [ 100.474672961771063, 6.557845004804332 ], [ 100.474831336487057, 6.557948984628749 ], [ 100.475116410975829, 6.558071532278953 ], [ 100.475580976809397, 6.558238642711051 ], [ 100.475837895793106, 6.558298059753574 ], [ 100.475985712194699, 6.558275778362628 ], [ 100.476098334214953, 6.558301773318732 ], [ 100.476182800730143, 6.558398326012833 ], [ 100.476193359044544, 6.558543155053984 ], [ 100.476214475673345, 6.558706551920923 ], [ 100.476309500502936, 6.558806818180182 ], [ 100.476376369827463, 6.558914511569755 ], [ 100.476383408703725, 6.558981355742595 ], [ 100.476439719713852, 6.559215310347531 ], [ 100.476453797466391, 6.559378707214471 ], [ 100.476411564208789, 6.559597807558776 ], [ 100.4763482143224, 6.559779772251503 ], [ 100.476344694884261, 6.559950596248759 ], [ 100.476411564208789, 6.560132560941487 ], [ 100.476404525332526, 6.560240254331061 ], [ 100.476369330951201, 6.560377656241896 ], [ 100.476408044770665, 6.560511344587574 ], [ 100.476453797466391, 6.560574475195255 ], [ 100.476450278028253, 6.560812143365349 ], [ 100.476397486456264, 6.561012675883866 ], [ 100.476390447579988, 6.561146364229544 ], [ 100.476496030723979, 6.561317188226799 ], [ 100.47662624993491, 6.561488012224054 ], [ 100.476802221841552, 6.561621700569732 ], [ 100.476907804985544, 6.561781383871514 ], [ 100.476911324423682, 6.56191878578235 ], [ 100.476883168918619, 6.562019052041608 ], [ 100.47683037734663, 6.56211189117055 ], [ 100.476668483192498, 6.562312423689067 ], [ 100.476615691620509, 6.562379267861907 ], [ 100.476425641961328, 6.562579800380423 ], [ 100.476309500502936, 6.562765478638309 ], [ 100.476182800730143, 6.563047709590296 ], [ 100.476059620395489, 6.563274237064917 ], [ 100.475939959498959, 6.563415352540909 ], [ 100.475880129050708, 6.563523045930483 ], [ 100.475862531860031, 6.563615885059426 ], [ 100.475918842870172, 6.563742146274789 ], [ 100.475996270509086, 6.563857266794678 ], [ 100.476144086910679, 6.564046658617722 ], [ 100.476256708930933, 6.56409864852993 ], [ 100.476334136569861, 6.564224909745292 ], [ 100.476344694884261, 6.56435859809097 ], [ 100.476291903312273, 6.564470005045702 ], [ 100.476193359044544, 6.564614834086853 ], [ 100.476158164663218, 6.564770803823476 ], [ 100.476182800730143, 6.565105024687671 ], [ 100.476207436797068, 6.565639778070382 ], [ 100.476175761853881, 6.565777179981218 ], [ 100.476140567472541, 6.565903441196581 ], [ 100.476151125786942, 6.56606683806352 ], [ 100.476189839606405, 6.566222807800145 ], [ 100.476256708930933, 6.566330501189718 ], [ 100.476305981064797, 6.5664901844915 ], [ 100.476302461626673, 6.56670185770549 ], [ 100.476228553425869, 6.566891249528534 ], [ 100.476013867699763, 6.567184621175993 ], [ 100.475869570736307, 6.567388867259668 ], [ 100.475799181973642, 6.567526269170504 ] ] ] } },
{ "type": "Feature", "properties": { "id": null, "EL_Hash": "w1pmq2uep0", "ORDERRIVER_Name_T": 4, "HY_Name_T": "คลองชัน", "EL_Name": "คลองชัน2uep0", "Lat": 6.5524869881100001, "Long": 100.47645839099999, "Length_km": 1.79404392264, "LocalName": "", "ElementA": "w1pmq2uep0", "ElementB": "w1pmq6k9ty", "ReLation": "FlowsTo" }, "geometry": { "type": "MultiLineString", "coordinates": [ [ [ 100.476946518805008, 6.548082042004692 ], [ 100.476742391393302, 6.548030052092484 ], [ 100.476661444316235, 6.548067187744062 ], [ 100.476598094429846, 6.548148886177531 ], [ 100.476580497239183, 6.548286288088367 ], [ 100.476763508022088, 6.548728202342136 ], [ 100.476749430269564, 6.54898072477286 ], [ 100.476791663527166, 6.549270382855162 ], [ 100.476960596557547, 6.549541473111676 ], [ 100.477009868691411, 6.549723437804404 ], [ 100.476967635433809, 6.549894261801659 ], [ 100.47683037734663, 6.550031663712494 ], [ 100.476619211058647, 6.55005394510344 ], [ 100.476471394657054, 6.550020523017021 ], [ 100.476397486456264, 6.549823704063662 ], [ 100.476284864435996, 6.549344654158316 ], [ 100.476200397920806, 6.549210965812638 ], [ 100.476091295338691, 6.549184970856534 ], [ 100.475915323432034, 6.549233247203585 ], [ 100.475763987592316, 6.549426352591786 ], [ 100.475619690628861, 6.549563754502621 ], [ 100.475362771645138, 6.549704869978615 ], [ 100.475243110748622, 6.549797709107558 ], [ 100.475155124795293, 6.549972246669971 ], [ 100.475151605357155, 6.550187633449118 ], [ 100.475179760862233, 6.550332462490269 ], [ 100.475193838614757, 6.550507000052682 ], [ 100.475176241424094, 6.550670396919622 ], [ 100.475123449852092, 6.550833793786561 ], [ 100.475144566480893, 6.550967482132239 ], [ 100.47524663018676, 6.551093743347602 ], [ 100.475426121531541, 6.551182868911387 ], [ 100.475595054561921, 6.551442818472427 ], [ 100.475746390401653, 6.551639637425786 ], [ 100.475989231632823, 6.551869878465564 ], [ 100.476249670054671, 6.552129828026604 ], [ 100.476337656007999, 6.55238235045733 ], [ 100.47655234173412, 6.552568028715216 ], [ 100.476767027460227, 6.552720284886682 ], [ 100.476869091166094, 6.552816837580782 ], [ 100.476907804985544, 6.552972807317407 ], [ 100.476872610604218, 6.553043365055403 ], [ 100.476774066336489, 6.553128777054031 ], [ 100.476545302857843, 6.553169626270765 ], [ 100.4763587726368, 6.55316219914045 ], [ 100.47608073702429, 6.553047078620561 ], [ 100.475897726241371, 6.553032224359931 ], [ 100.475679521077112, 6.553091641402454 ], [ 100.475239591310483, 6.553307028181601 ], [ 100.475095294347028, 6.553448143657595 ], [ 100.474986191764913, 6.553630108350323 ], [ 100.474972114012374, 6.553838067999155 ], [ 100.475010827831838, 6.554008891996411 ], [ 100.475063619403841, 6.554272555122608 ], [ 100.474965075136112, 6.554484228336598 ], [ 100.474803180981993, 6.554614203117118 ], [ 100.474616650760936, 6.554632770942907 ], [ 100.474468834359357, 6.554473087641125 ], [ 100.474405484472953, 6.554083163299564 ], [ 100.474454756606818, 6.5536672440019 ], [ 100.474359731777227, 6.553477852178856 ], [ 100.474211915375633, 6.553433289396964 ], [ 100.473909243696198, 6.553566977742642 ], [ 100.473691038531953, 6.553652389741269 ], [ 100.47355378044476, 6.553734088174739 ], [ 100.473581935949824, 6.553852922259786 ], [ 100.473722713475141, 6.553949474953886 ], [ 100.474000749087651, 6.55417228886335 ], [ 100.474095773917256, 6.554343112860605 ], [ 100.474102812793518, 6.554614203117118 ], [ 100.474032424030852, 6.554781313549215 ], [ 100.473849413247933, 6.55485558485237 ], [ 100.473694557970077, 6.554948423981313 ], [ 100.473666402465014, 6.555048690240572 ] ] ] } },
{ "type": "Feature", "properties": { "id": null, "EL_Hash": "w1pqyx9y0z", "ORDERRIVER_Name_T": 4, "HY_Name_T": "คลองตง", "EL_Name": "คลองตงx9y0z", "Lat": 6.85379434681, "Long": 100.483396046, "Length_km": 7.9928524970200003, "LocalName": "", "ElementA": "w1pqyx9y0z", "ElementB": "w1prn0kf8d", "ReLation": "FlowsTo" }, "geometry": { "type": "MultiLineString", "coordinates": [ [ [ 100.500656973507319, 6.8358424925111 ], [ 100.500185368797489, 6.835838778945942 ], [ 100.499998838576445, 6.835801643294364 ], [ 100.499826386107927, 6.835757080512472 ], [ 100.499629297572469, 6.835779361903418 ], [ 100.498728321410411, 6.836202708331398 ], [ 100.49778863142889, 6.836815446582422 ], [ 100.495398932936553, 6.840142800963737 ], [ 100.495138494514705, 6.841115755035059 ], [ 100.49499419755125, 6.841832473110498 ], [ 100.494839342273409, 6.842029292063858 ], [ 100.494645773176089, 6.842222397452059 ], [ 100.494434606888106, 6.842352372232579 ], [ 100.494216401723861, 6.842467492752468 ], [ 100.494107299141731, 6.842515769099519 ], [ 100.493980599368939, 6.842608608228462 ], [ 100.493822224652959, 6.84274229657414 ], [ 100.493611058364976, 6.8426754524013 ], [ 100.493431567020181, 6.84244892492668 ], [ 100.493410450391394, 6.842129558323117 ], [ 100.493463241963383, 6.841832473110498 ], [ 100.493410450391394, 6.84158737781009 ], [ 100.492935326243426, 6.841583664244932 ], [ 100.490612497075617, 6.844461677242163 ], [ 100.490433005730836, 6.844606506283314 ], [ 100.490218320004715, 6.844807038801831 ], [ 100.48992620663968, 6.845089269753817 ], [ 100.489908609449017, 6.845408636357381 ], [ 100.489855817877014, 6.845668585918421 ], [ 100.489859337315153, 6.845906254088515 ], [ 100.489961401021006, 6.846162490084398 ], [ 100.490063464726859, 6.846340741211968 ], [ 100.490165528432726, 6.846478143122804 ], [ 100.490186645061527, 6.846578409382063 ], [ 100.490130334051386, 6.846697243467109 ], [ 100.490070503603135, 6.846778941900579 ], [ 100.489993075964207, 6.846819791117314 ], [ 100.489873415067677, 6.846819791117314 ], [ 100.489810065181288, 6.84676037407479 ], [ 100.489750234733023, 6.846741806249002 ], [ 100.489690404284758, 6.846704670597425 ], [ 100.489535549006902, 6.846827218247629 ], [ 100.489535549006902, 6.846983187984254 ], [ 100.489598898893306, 6.847142871286035 ], [ 100.489679845970358, 6.847261705371082 ], [ 100.489700962599159, 6.847339690239394 ], [ 100.489641132150894, 6.847399107281918 ], [ 100.489563704511966, 6.847380539456129 ], [ 100.489440524177311, 6.847302554587817 ], [ 100.489282149461332, 6.847187434067928 ], [ 100.489081541487749, 6.847228283284663 ], [ 100.488986516658159, 6.847332263109079 ], [ 100.488968919467482, 6.847469665019915 ], [ 100.489070983173349, 6.847666483973273 ], [ 100.489151930250401, 6.847785318058321 ], [ 100.489194163508003, 6.847863302926632 ], [ 100.489151930250401, 6.847904152143368 ], [ 100.489074502611473, 6.847904152143368 ], [ 100.488954841714957, 6.847848448666002 ], [ 100.488852778009104, 6.847829880840213 ], [ 100.488712000483773, 6.847751895971901 ], [ 100.488553625767793, 6.8476553432778 ], [ 100.488353017794211, 6.847599639800435 ], [ 100.48823335689768, 6.847681338233905 ], [ 100.488155929258753, 6.847781604493163 ], [ 100.488180565325692, 6.847941287794945 ], [ 100.488279109593407, 6.848056408314834 ], [ 100.488419887118738, 6.848115825357358 ], [ 100.488638092282983, 6.848089830401253 ], [ 100.488838700256565, 6.848067549010307 ], [ 100.488958361153095, 6.848227232312089 ], [ 100.488961880591219, 6.848305217180402 ], [ 100.488961880591219, 6.848483468307972 ], [ 100.489025230477623, 6.848620870218808 ], [ 100.489187124631741, 6.848698855087119 ], [ 100.489306785528257, 6.848735990738696 ], [ 100.489327902157058, 6.848817689172166 ], [ 100.489246955079992, 6.848917955431425 ], [ 100.489169527441078, 6.848936523257213 ], [ 100.489070983173349, 6.84894023682237 ], [ 100.488930205648018, 6.848921668996582 ], [ 100.488652170035508, 6.848847397693428 ], [ 100.488349498356072, 6.848732277173538 ], [ 100.488050346114761, 6.848617156653649 ], [ 100.487849738141179, 6.848461186917025 ], [ 100.487490755451617, 6.848368347788083 ], [ 100.487033228494312, 6.848316357875874 ], [ 100.486734076253001, 6.848320071441032 ], [ 100.486434924011704, 6.848405483439659 ], [ 100.486258952105047, 6.848386915613871 ], [ 100.486097057950929, 6.848409197004817 ], [ 100.485942202673073, 6.848509463264076 ], [ 100.485822541776542, 6.84863201091428 ], [ 100.485667686498701, 6.848754558564485 ], [ 100.485548025602171, 6.848854824823744 ], [ 100.485470597963243, 6.848955091083002 ], [ 100.485393170324315, 6.849055357342261 ], [ 100.485393170324315, 6.849114774384784 ], [ 100.485414286953116, 6.849155623601519 ], [ 100.48545300077258, 6.849192759253095 ], [ 100.485632492117361, 6.849211327078884 ], [ 100.485716958632551, 6.84934872898972 ], [ 100.485797905709617, 6.849426713858032 ], [ 100.486033708064525, 6.84944528168382 ], [ 100.486156888399194, 6.849500985161186 ], [ 100.486255432666908, 6.849519552986975 ], [ 100.486315263115173, 6.849578970029499 ], [ 100.486315263115173, 6.849638387072022 ], [ 100.486318782553312, 6.849697804114546 ], [ 100.486280068733848, 6.849757221157069 ], [ 100.486121694017854, 6.849838919590539 ], [ 100.485921086044272, 6.849842633155697 ], [ 100.485745114137615, 6.849924331589166 ], [ 100.485625453241099, 6.850028311413582 ], [ 100.485590258859773, 6.850187994715364 ], [ 100.48545300077258, 6.850329110191358 ], [ 100.485217198417658, 6.850589059752398 ], [ 100.485002512691551, 6.850752456619337 ], [ 100.484826540784894, 6.85089357209533 ], [ 100.484710399326502, 6.851094104613847 ], [ 100.484710399326502, 6.851313204958153 ], [ 100.484752632584105, 6.851472888259934 ], [ 100.484759671460367, 6.851747692081606 ], [ 100.484759671460367, 6.851929656774334 ], [ 100.484745593707842, 6.852085626510958 ], [ 100.484724477079041, 6.852148757118639 ], [ 100.484706879888378, 6.852167324944427 ], [ 100.484428844275868, 6.852252736943055 ], [ 100.484189522482822, 6.852315867550736 ], [ 100.484094497653217, 6.852456983026729 ], [ 100.484076900462554, 6.852594384937565 ], [ 100.484076900462554, 6.852754068239348 ], [ 100.484080419900693, 6.852832053107659 ], [ 100.483981875632963, 6.852895183715341 ], [ 100.483781267659381, 6.852917465106287 ], [ 100.483644009572188, 6.852980595713968 ], [ 100.483584179123937, 6.853040012756492 ], [ 100.483510270923134, 6.853259113100797 ], [ 100.483453959913007, 6.853500494836049 ], [ 100.483573620809537, 6.853597047530149 ], [ 100.483636970695926, 6.85369360022425 ], [ 100.483577140247661, 6.853756730831931 ], [ 100.483380051712217, 6.853797580048666 ], [ 100.483161846547972, 6.853901559873082 ], [ 100.482943641383713, 6.853964690480764 ], [ 100.482704319590667, 6.853968404045921 ], [ 100.482486114426422, 6.853972117611079 ], [ 100.482362934091768, 6.853753017266773 ], [ 100.482380531282431, 6.853615615355938 ], [ 100.482398128473093, 6.853437364228367 ], [ 100.482398128473093, 6.853296248752374 ], [ 100.482313661957903, 6.853177414667327 ], [ 100.482194001061387, 6.853002877104914 ], [ 100.481891329381938, 6.852728073283243 ], [ 100.481507710625436, 6.852434701635784 ], [ 100.481222636136664, 6.851944511034965 ], [ 100.481180402879062, 6.851825676949918 ], [ 100.481117052992673, 6.851647425822347 ], [ 100.4811733640028, 6.851465461129619 ], [ 100.481293024899315, 6.851365194870361 ], [ 100.48138804972892, 6.851146094526055 ], [ 100.481366933100119, 6.85092699418175 ], [ 100.481145208497736, 6.850793305836072 ], [ 100.480884770075889, 6.85079701940123 ], [ 100.480648967720981, 6.850860150008911 ], [ 100.480413165366059, 6.851023546875851 ], [ 100.480135129753549, 6.851146094526055 ], [ 100.479740952682647, 6.851409757652253 ], [ 100.479586097404791, 6.851550873128247 ], [ 100.479427722688811, 6.851654852952663 ], [ 100.479251750782154, 6.851814536254444 ], [ 100.479153206514425, 6.851937083904649 ], [ 100.47923767302963, 6.852211887726321 ], [ 100.479279906287218, 6.852330721811367 ], [ 100.479241192467754, 6.852390138853891 ], [ 100.479198959210166, 6.852393852419048 ], [ 100.479040584494172, 6.852393852419048 ], [ 100.478822379329927, 6.852319581115895 ], [ 100.478558421469941, 6.852085626510958 ], [ 100.478396527315823, 6.851907375383387 ], [ 100.478255749790506, 6.851651139387505 ], [ 100.478093855636388, 6.851614003735928 ], [ 100.477858053281466, 6.851636285126874 ], [ 100.477601134297757, 6.851781114168025 ], [ 100.477245671046319, 6.852104194336746 ], [ 100.477069699139676, 6.852185892770216 ], [ 100.476851493975417, 6.852289872594633 ], [ 100.47679518296529, 6.85249040511315 ], [ 100.476798702403428, 6.852609239198197 ], [ 100.476798702403428, 6.852768922499978 ], [ 100.476883168918619, 6.852965741453337 ], [ 100.476925402176221, 6.853062294147438 ], [ 100.476865571727956, 6.853125424755119 ], [ 100.476707197011962, 6.853147706146065 ], [ 100.476429161399452, 6.853169987537012 ], [ 100.47607017870989, 6.853155133276381 ], [ 100.475711196020313, 6.853062294147438 ], [ 100.475056580527564, 6.853073434842911 ], [ 100.474838375363319, 6.853155133276381 ], [ 100.474658884018538, 6.853277680926586 ], [ 100.47446179548308, 6.853240545275009 ], [ 100.474359731777227, 6.853084575538384 ], [ 100.474257668071374, 6.852906324410814 ], [ 100.474254148633236, 6.852746641109032 ], [ 100.474187279308708, 6.852349289637156 ], [ 100.474085215602855, 6.852193319900532 ], [ 100.473944438077524, 6.852015068772961 ], [ 100.473705116284478, 6.851940797469807 ], [ 100.473226472698386, 6.851907375383387 ], [ 100.472888606637611, 6.851992787382015 ], [ 100.472455715747245, 6.852137616423166 ], [ 100.472040422047556, 6.85224530981274 ], [ 100.471604011719052, 6.852371571028103 ], [ 100.471350612173481, 6.852672369805878 ], [ 100.471174640266824, 6.852936032932075 ], [ 100.471054979370294, 6.852954600757864 ], [ 100.470896604654314, 6.852958314323022 ], [ 100.470755827128997, 6.852820912412186 ], [ 100.47065376342313, 6.852583244242092 ], [ 100.470646724546867, 6.85232700824621 ], [ 100.470643205108729, 6.852048490859381 ], [ 100.470657282861268, 6.851710556430028 ], [ 100.470692477242594, 6.85135034060973 ], [ 100.470769904881521, 6.851131240265424 ], [ 100.470984590607642, 6.850930707746908 ], [ 100.47122039296255, 6.850785878705757 ], [ 100.471656803291054, 6.850581632622082 ], [ 100.47197003328489, 6.850336537321673 ], [ 100.472184719011011, 6.850154572628945 ], [ 100.472244549459262, 6.850017170718109 ], [ 100.472202316201674, 6.849857487416327 ], [ 100.47207913586702, 6.849679236288757 ], [ 100.471734230929982, 6.849229894904673 ], [ 100.471551220147063, 6.849033075951314 ], [ 100.47120983464815, 6.848880819779847 ], [ 100.470854371396712, 6.848865965519217 ], [ 100.470593932974865, 6.848929096126898 ], [ 100.470358130619957, 6.849010794560368 ], [ 100.470199755903977, 6.848995940299737 ], [ 100.470037861749844, 6.848977372473948 ], [ 100.469978031301594, 6.848899387605636 ], [ 100.469897084224527, 6.848799121346378 ], [ 100.469893564786389, 6.848639438044596 ], [ 100.469911161977066, 6.84850203613376 ], [ 100.469928759167729, 6.848301503615243 ], [ 100.469847812090663, 6.848104684661885 ], [ 100.46962608748828, 6.847970996316207 ], [ 100.469386765695234, 6.847952428490418 ], [ 100.46918967715979, 6.848097257531569 ], [ 100.469073535701398, 6.848256940833351 ], [ 100.46887644716594, 6.848398056309344 ], [ 100.468739189078761, 6.848580021002072 ], [ 100.468721591888098, 6.848717422912908 ], [ 100.468703994697421, 6.848780553520589 ], [ 100.468528022790778, 6.848899387605636 ], [ 100.468390764703585, 6.849062784472576 ], [ 100.468211273358804, 6.849125915080257 ], [ 100.468151442910539, 6.849125915080257 ], [ 100.468091612462274, 6.849085065863522 ], [ 100.468070495833473, 6.84900708099521 ], [ 100.468010665385222, 6.848947663952687 ], [ 100.467912121117493, 6.848929096126898 ], [ 100.467655202133784, 6.849014508125525 ], [ 100.467475710788989, 6.849096206558995 ], [ 100.467236388995943, 6.849118487949942 ], [ 100.467039300460499, 6.849241035600146 ], [ 100.466821095296254, 6.849285598382039 ], [ 100.466704953837862, 6.849385864641297 ], [ 100.466648642827735, 6.849604964985603 ], [ 100.466711992714124, 6.849842633155697 ], [ 100.466733109342925, 6.850002316457478 ], [ 100.466817575858116, 6.850139718368314 ], [ 100.466877406306381, 6.850217703236626 ], [ 100.466954833945309, 6.85019542184568 ], [ 100.467014664393574, 6.850035738543898 ], [ 100.467049858774899, 6.849876055242116 ], [ 100.467166000233291, 6.849697804114546 ], [ 100.467384205397536, 6.849612392115918 ], [ 100.467524982922853, 6.849612392115918 ], [ 100.467584813371118, 6.849630959941706 ], [ 100.467704474267649, 6.849690376984229 ], [ 100.467887485050568, 6.849965180805901 ], [ 100.467929718308156, 6.850180567585049 ], [ 100.467855810107366, 6.850499934188613 ], [ 100.467722071458311, 6.850882431399858 ], [ 100.467426438655139, 6.851105245309321 ], [ 100.466972431135972, 6.851290923567206 ], [ 100.466715512152263, 6.851394903391623 ], [ 100.466539540245606, 6.851454320434146 ], [ 100.466145363174704, 6.851699415734555 ], [ 100.465518903187018, 6.85211533503222 ] ] ] } },
{ "type": "Feature", "properties": { "id": null, "EL_Hash": "w1pqyursp4", "ORDERRIVER_Name_T": 4, "HY_Name_T": "คลองตง", "EL_Name": "คลองตงursp4", "Lat": 6.8355682989800002, "Long": 100.502545324, "Length_km": 0.77136984271999998, "LocalName": "", "ElementA": "w1pqyursp4", "ElementB": "w1pqyx9y0z", "ReLation": "FlowsTo" }, "geometry": { "type": "MultiLineString", "coordinates": [ [ [ 100.504468525005407, 6.833447242984372 ], [ 100.504454447252883, 6.833369258116059 ], [ 100.504331266918214, 6.83320586124912 ], [ 100.504162333887834, 6.833146444206596 ], [ 100.50403915355318, 6.833153871336912 ], [ 100.503782234569471, 6.833320981769009 ], [ 100.503546432214549, 6.833551222808787 ], [ 100.503335265926566, 6.833800031674355 ], [ 100.503250799411376, 6.833981996367083 ], [ 100.503183930086848, 6.834104544017288 ], [ 100.503050191437794, 6.834412769925378 ], [ 100.502944608293802, 6.834646724530314 ], [ 100.502849583464211, 6.834910387656512 ], [ 100.502751039196482, 6.835177764347868 ], [ 100.502589145042364, 6.835497130951432 ], [ 100.502476523022111, 6.835675382079002 ], [ 100.502370939878119, 6.835868487467204 ], [ 100.502321667744255, 6.83592419094457 ], [ 100.502240720667189, 6.836087587811509 ], [ 100.502089384827471, 6.836288120330026 ], [ 100.501892296292027, 6.83647751215307 ], [ 100.501681130004044, 6.836611200498747 ], [ 100.501462924839785, 6.836722607453479 ], [ 100.50135382225767, 6.836774597365687 ], [ 100.501230641923016, 6.83686743649463 ], [ 100.501068747768883, 6.837001124840308 ], [ 100.500861100919039, 6.836930567102311 ], [ 100.500681609574258, 6.836704039627691 ], [ 100.500660492945457, 6.836384673024126 ], [ 100.500709765079321, 6.836091301376666 ], [ 100.500656973507319, 6.8358424925111 ] ] ] } },
{ "type": "Feature", "properties": { "id": null, "EL_Hash": "w1pqz5m54z", "ORDERRIVER_Name_T": 4, "HY_Name_T": "คลองตง", "EL_Name": "คลองตง5m54z", "Lat": 6.8299322359700003, "Long": 100.50992049600001, "Length_km": 3.3557331351499999, "LocalName": "", "ElementA": "w1pqz5m54z", "ElementB": "w1pqyursp4", "ReLation": "FlowsTo" }, "geometry": { "type": "MultiLineString", "coordinates": [ [ [ 100.514467248741383, 6.835586256515217 ], [ 100.514396859978717, 6.835560261559113 ], [ 100.514242004700861, 6.83550084451659 ], [ 100.514104746613683, 6.835452568169539 ], [ 100.514013241222216, 6.83530402556323 ], [ 100.513992124593429, 6.835188905043341 ], [ 100.513992124593429, 6.835107206609871 ], [ 100.513999163469691, 6.835006940350613 ], [ 100.51405195504168, 6.834917814786828 ], [ 100.514192732567011, 6.834847257048831 ], [ 100.514361665597391, 6.834732136528942 ], [ 100.514484845932046, 6.834546458271056 ], [ 100.514551715256573, 6.83436078001317 ], [ 100.514569312447236, 6.834152820364338 ], [ 100.514505962560847, 6.833933720020033 ], [ 100.514442612674458, 6.833833453760774 ], [ 100.514273679644063, 6.8337257603712 ], [ 100.513985085717152, 6.833606926286153 ], [ 100.513795036057971, 6.83354750924363 ], [ 100.513714088980919, 6.833528941417842 ], [ 100.513541636512386, 6.833488092201106 ], [ 100.513414936739608, 6.833488092201106 ], [ 100.513351586853204, 6.833528941417842 ], [ 100.513267120338014, 6.833673770458993 ], [ 100.51321784820415, 6.833829740195617 ], [ 100.513105226183896, 6.833948574280663 ], [ 100.512982045849242, 6.833933720020033 ], [ 100.51286590439085, 6.833855735151721 ], [ 100.512841268323911, 6.833811172369828 ], [ 100.512795515628184, 6.833603212720996 ], [ 100.51278143787566, 6.833488092201106 ], [ 100.512718087989256, 6.833398966637321 ], [ 100.512644179788467, 6.833354403855429 ], [ 100.512549154958876, 6.833246710465855 ], [ 100.512499882825011, 6.833176152727858 ], [ 100.512485805072487, 6.833061032207969 ], [ 100.512485805072487, 6.832968193079026 ], [ 100.512531557768213, 6.83291248960166 ], [ 100.512619543721542, 6.83291248960166 ], [ 100.512742724056196, 6.832938484557764 ], [ 100.512918695962838, 6.832934770992606 ], [ 100.513087628993233, 6.832871640384925 ], [ 100.513242484271089, 6.832737952039247 ], [ 100.513316392471879, 6.832626545084516 ], [ 100.513351586853204, 6.832518851694942 ], [ 100.513355106291343, 6.832381449784107 ], [ 100.513295275843078, 6.832281183524848 ], [ 100.513186173260962, 6.832225480047482 ], [ 100.512967968096703, 6.832214339352009 ], [ 100.512728646303657, 6.832218052917167 ], [ 100.512482285634349, 6.832173490135275 ], [ 100.512204250021838, 6.832091791701805 ], [ 100.512049394743983, 6.832088078136647 ], [ 100.511926214409328, 6.832143781614013 ], [ 100.511700970368807, 6.832158635874643 ], [ 100.511598906662954, 6.832110359527593 ], [ 100.511401818127496, 6.831998952572862 ], [ 100.511176574086988, 6.831946962660654 ], [ 100.510916135665141, 6.83193582196518 ], [ 100.510712008253421, 6.831943249095496 ], [ 100.510360064440121, 6.831980384747073 ], [ 100.510141859275876, 6.831980384747073 ], [ 100.510046834446285, 6.831950676225811 ], [ 100.509965887369219, 6.831876404922657 ], [ 100.509990523436159, 6.831713008055718 ], [ 100.510131300961476, 6.831553324753935 ], [ 100.510335428373196, 6.831401068582469 ], [ 100.510634580614493, 6.831263666671633 ], [ 100.510831669149951, 6.831233958150372 ], [ 100.511067471504859, 6.831274807367107 ], [ 100.511254001725916, 6.831345365105103 ], [ 100.511517959585888, 6.831356505800576 ], [ 100.511788956322135, 6.83121910388974 ], [ 100.511950850476254, 6.83104085276217 ], [ 100.512017719800781, 6.830892310155861 ], [ 100.51204235586772, 6.830769762505657 ], [ 100.511979005981317, 6.830613792769033 ], [ 100.511869903399202, 6.83047267729304 ], [ 100.511732645312009, 6.83032413468673 ], [ 100.511595387224816, 6.830249863383576 ], [ 100.511370143184308, 6.830134742863687 ], [ 100.510975966113406, 6.830056757995375 ], [ 100.51073664432036, 6.829997340952851 ], [ 100.510444530955311, 6.829945351040643 ], [ 100.510286156239331, 6.829926783214855 ], [ 100.510110184332675, 6.829930496780013 ], [ 100.509969406807357, 6.829937923910328 ], [ 100.509860304225228, 6.829926783214855 ], [ 100.5097828765863, 6.829897074693593 ], [ 100.509716007261773, 6.829859939042016 ], [ 100.509628021308444, 6.829815376260123 ], [ 100.509550593669516, 6.82977081347823 ], [ 100.509476685468726, 6.829759672782758 ], [ 100.509381660639136, 6.829759672782758 ], [ 100.509279596933283, 6.829807949129808 ], [ 100.509191610979954, 6.829871079737489 ], [ 100.509138819407951, 6.829960205301274 ], [ 100.509054352892761, 6.830216441297157 ], [ 100.508952289186908, 6.830483817988513 ], [ 100.508839667166654, 6.830688064072187 ], [ 100.508698889641323, 6.830881169460389 ], [ 100.508575709306669, 6.830970295024174 ], [ 100.508368062456825, 6.831033425631855 ], [ 100.508258959874695, 6.83102599850154 ], [ 100.508160415606966, 6.830959154328701 ], [ 100.508079468529914, 6.830818038852708 ], [ 100.508016118643511, 6.830680636941872 ], [ 100.507864782803793, 6.83056922998714 ], [ 100.507745121907277, 6.830561802856825 ], [ 100.507681772020874, 6.830591511378087 ], [ 100.507621941572609, 6.830684350507029 ], [ 100.507636019325147, 6.830836606678496 ], [ 100.507713446964075, 6.831018571371224 ], [ 100.507857743927531, 6.831200536063952 ], [ 100.507892938308856, 6.831330510844472 ], [ 100.507868302241931, 6.831453058494677 ], [ 100.507716966402214, 6.831453058494677 ], [ 100.507526916743018, 6.831326797279314 ], [ 100.507407255846502, 6.831137405456271 ], [ 100.507350944836375, 6.830925732242281 ], [ 100.507336867083836, 6.830743767549553 ], [ 100.507294633826248, 6.830546948596194 ], [ 100.507231283939845, 6.83039097885957 ], [ 100.50712218135773, 6.830275858339681 ], [ 100.507034195404401, 6.830261004079049 ], [ 100.506925092822271, 6.830312993991257 ], [ 100.506879340126545, 6.830387265294412 ], [ 100.506865262374006, 6.830476390858197 ], [ 100.506865262374006, 6.830598938508402 ], [ 100.506868781812145, 6.830758621810184 ], [ 100.506773756982554, 6.830929445807438 ], [ 100.506678732152963, 6.831033425631855 ], [ 100.506590746199635, 6.831111410500167 ], [ 100.506559071256433, 6.831233958150372 ], [ 100.506573149008972, 6.83133422440963 ], [ 100.506675212714825, 6.831434490668888 ], [ 100.506780795858816, 6.831508761972043 ], [ 100.506882859564669, 6.83172414875119 ], [ 100.506900456755346, 6.831928394834865 ], [ 100.506974364956136, 6.832132640918539 ], [ 100.507079948100127, 6.832247761438428 ], [ 100.507234803377983, 6.832414871870526 ], [ 100.507312231016911, 6.83248914317368 ], [ 100.507347425398237, 6.832611690823885 ], [ 100.507319269893173, 6.832715670648301 ], [ 100.507245361692384, 6.832823364037875 ], [ 100.507160895177179, 6.832938484557764 ], [ 100.507058831471326, 6.83312416281565 ], [ 100.506984923270537, 6.833350690290271 ], [ 100.506879340126545, 6.833540082113315 ], [ 100.506752640353753, 6.833670056893835 ], [ 100.506576668447096, 6.833800031674355 ], [ 100.506386618787914, 6.834000564192872 ], [ 100.506231763510058, 6.834171388190127 ], [ 100.506017077783952, 6.834334785057067 ], [ 100.50590093632556, 6.834464759837586 ], [ 100.505819989248494, 6.834657865225788 ], [ 100.505746081047704, 6.834802694266939 ], [ 100.505654575656237, 6.834917814786828 ], [ 100.505464525997056, 6.834999513220298 ], [ 100.50522520420401, 6.834969804699035 ], [ 100.505006999039765, 6.834821262092727 ], [ 100.504897896457635, 6.834732136528942 ], [ 100.504820468818707, 6.834654151660629 ], [ 100.50479935218992, 6.834557598966529 ], [ 100.50479935218992, 6.834509322619478 ], [ 100.504827507694984, 6.83444247844664 ], [ 100.504866221514447, 6.834412769925378 ], [ 100.504968285220301, 6.834319930796435 ], [ 100.505091465554955, 6.834223378102335 ], [ 100.505168893193883, 6.834085976191499 ], [ 100.505182970946422, 6.833981996367083 ], [ 100.50516185431762, 6.833833453760774 ], [ 100.505133698812557, 6.833788890978882 ], [ 100.505084426678692, 6.833688624719623 ], [ 100.504961246344038, 6.833614353416468 ], [ 100.504880299266972, 6.833621780546784 ], [ 100.504792313313644, 6.833684911154466 ], [ 100.504746560617917, 6.833881730107825 ], [ 100.504658574664589, 6.834037699844449 ], [ 100.504556510958736, 6.834093403321814 ], [ 100.504440369500344, 6.833993137062556 ], [ 100.50441221399528, 6.833855735151721 ], [ 100.50448612219607, 6.833688624719623 ], [ 100.504482602757946, 6.833525227852684 ], [ 100.504468525005407, 6.833447242984372 ] ] ] } },
{ "type": "Feature", "properties": { "id": null, "EL_Hash": "w1pqz7gfc5", "ORDERRIVER_Name_T": 4, "HY_Name_T": "คลองตง", "EL_Name": "คลองตง7gfc5", "Lat": 6.8326160618999996, "Long": 100.519119496, "Length_km": 1.25725604621, "LocalName": "", "ElementA": "w1pqz7gfc5", "ElementB": "w1pqz5m54z", "ReLation": "FlowsTo" }, "geometry": { "type": "MultiLineString", "coordinates": [ [ [ 100.522452853865261, 6.833681197589308 ], [ 100.52232263465433, 6.833714619675727 ], [ 100.522139623871411, 6.833636634807415 ], [ 100.52196013252663, 6.833454670114687 ], [ 100.52180175781065, 6.833135303511123 ], [ 100.521685616352258, 6.832893921775872 ], [ 100.521544838826927, 6.832444580391788 ], [ 100.521474450064275, 6.832221766482324 ], [ 100.521439255682935, 6.831991525442546 ], [ 100.521382944672808, 6.831794706489188 ], [ 100.52134071141522, 6.831616455361616 ], [ 100.521291439281356, 6.831460485624993 ], [ 100.521178817261102, 6.831326797279314 ], [ 100.521023961983246, 6.831241385280687 ], [ 100.520826873447788, 6.831185681803321 ], [ 100.520724809741935, 6.831159686847217 ], [ 100.520538279520878, 6.831129978325956 ], [ 100.520316554918494, 6.831144832586586 ], [ 100.520179296831316, 6.831241385280687 ], [ 100.520017402677198, 6.831438204234046 ], [ 100.519802716951077, 6.831746430142137 ], [ 100.519588031224956, 6.832095505266962 ], [ 100.51934870943191, 6.832396304044737 ], [ 100.519091790448201, 6.832645112910305 ], [ 100.518863026969555, 6.832856786124294 ], [ 100.518433655517327, 6.833049891512496 ], [ 100.518000764626962, 6.833242996900697 ], [ 100.517620665308584, 6.83338411237669 ], [ 100.517275760371547, 6.833480665070791 ], [ 100.516881583300645, 6.833573504199734 ], [ 100.516666897574538, 6.833670056893835 ], [ 100.516329031513763, 6.833863162282036 ], [ 100.515984126576726, 6.834119398277918 ], [ 100.515748324221818, 6.834345925752539 ], [ 100.515519560743158, 6.834591021052948 ], [ 100.515294316702651, 6.83488067913525 ], [ 100.515047956033328, 6.835181477913026 ], [ 100.514864945250423, 6.835400578257331 ], [ 100.514696012220028, 6.835556547993956 ], [ 100.51453411806591, 6.835586256515217 ], [ 100.514467248741383, 6.835586256515217 ] ] ] } },
{ "type": "Feature", "properties": { "id": null, "EL_Hash": "w1prkfpx85", "ORDERRIVER_Name_T": 4, "HY_Name_T": "คลองต้นยูง", "EL_Name": "คลองต้นยูงfpx85", "Lat": 6.9117084067699999, "Long": 100.414356815, "Length_km": 2.7638464218199998, "LocalName": "", "ElementA": "w1prkfpx85", "ElementB": "w1prmkdy97", "ReLation": "FlowsTo" }, "geometry": { "type": "MultiLineString", "coordinates": [ [ [ 100.40982731416976, 6.903689327942606 ], [ 100.409869547427348, 6.903808162027654 ], [ 100.409834353046023, 6.903915855417227 ], [ 100.409890664056149, 6.904198086369214 ], [ 100.410080713715331, 6.904703131230664 ], [ 100.410351710451579, 6.905130191223801 ], [ 100.410450254719308, 6.905334437307475 ], [ 100.410545279548899, 6.905575819042728 ], [ 100.410700134826754, 6.905798632952191 ], [ 100.41081979572327, 6.90596202981913 ], [ 100.41089370392406, 6.906225692945329 ], [ 100.410904262238461, 6.906626757982361 ], [ 100.411101350773919, 6.906871853282771 ], [ 100.411199895041648, 6.906953551716241 ], [ 100.411238608861112, 6.90711694858318 ], [ 100.411273803242437, 6.907298913275909 ], [ 100.411330114252564, 6.907480877968637 ], [ 100.411449775149094, 6.907603425618841 ], [ 100.411766524581054, 6.907688837617469 ], [ 100.412350751311152, 6.907699978312943 ], [ 100.412751967258316, 6.907688837617469 ], [ 100.413234130282547, 6.90773711396452 ], [ 100.413776123755028, 6.907770536050939 ], [ 100.413814837574492, 6.907789103876728 ], [ 100.413811318136354, 6.907930219352721 ], [ 100.41380779869823, 6.908153033262184 ], [ 100.413765565440627, 6.9083535657807 ], [ 100.413842993079555, 6.908472399865747 ], [ 100.414057678805676, 6.908717495166157 ], [ 100.414297000598722, 6.908784339338996 ], [ 100.414501128010428, 6.908706354470683 ], [ 100.414719333174688, 6.908791766469311 ], [ 100.415060718673587, 6.908821474990573 ], [ 100.415138146312515, 6.908921741249832 ], [ 100.415095913054927, 6.909140841594137 ], [ 100.415131107436252, 6.909322806286865 ], [ 100.415250768332768, 6.909367369068757 ], [ 100.415328195971696, 6.909449067502227 ], [ 100.415349312600497, 6.909508484544751 ], [ 100.415222612827705, 6.909686735672321 ], [ 100.41507831586425, 6.909905836016627 ], [ 100.414877707890668, 6.909980107319781 ], [ 100.414772124746676, 6.910098941404828 ], [ 100.414708774860287, 6.910358890965869 ], [ 100.41464190553576, 6.910659689743643 ], [ 100.414560958458694, 6.910719106786167 ], [ 100.414318117227523, 6.910793378089322 ], [ 100.414131587006466, 6.910990197042681 ], [ 100.41417030082593, 6.911112744692885 ], [ 100.414247728464858, 6.911213010952143 ], [ 100.41432867554191, 6.911335558602348 ], [ 100.414325156103786, 6.91149524190413 ], [ 100.414377947675774, 6.91183688989864 ], [ 100.414553919582431, 6.912022568156526 ], [ 100.414715813736549, 6.912067130938419 ], [ 100.414814358004278, 6.912107980155153 ], [ 100.414870669014405, 6.912208246414412 ], [ 100.415007927101598, 6.912412492498087 ], [ 100.415120549121852, 6.912757854057754 ], [ 100.415219093389581, 6.912921250924693 ], [ 100.415335234847973, 6.913080934226476 ], [ 100.415532323383417, 6.913326029526885 ], [ 100.415725892480737, 6.913793938736758 ], [ 100.415743489671399, 6.913894204996016 ], [ 100.415901864387394, 6.913998184820432 ], [ 100.41620101662869, 6.91408359681906 ], [ 100.416559999318267, 6.914213571599579 ], [ 100.416838034930777, 6.914436385509043 ], [ 100.416915462569705, 6.914499516116724 ], [ 100.41721813424914, 6.914365827771046 ], [ 100.417563039186177, 6.914373254901362 ], [ 100.417661583453906, 6.914373254901362 ], [ 100.417823477608025, 6.914376968466519 ], [ 100.418076877153609, 6.914685194374609 ], [ 100.418214135240802, 6.914807742024815 ], [ 100.418354912766119, 6.914948857500808 ], [ 100.418390107147445, 6.915071405151012 ], [ 100.41844993759571, 6.915093686541959 ], [ 100.418552001301563, 6.915034269499436 ], [ 100.418879309047938, 6.914781747068711 ], [ 100.418956736686866, 6.91486344550218 ], [ 100.418998969944468, 6.914904294718915 ], [ 100.419097514212183, 6.914904294718915 ], [ 100.419238291737514, 6.914867159067338 ], [ 100.419379069262831, 6.914930289675019 ], [ 100.419495210721223, 6.915134535758694 ], [ 100.419512807911886, 6.91525336984374 ], [ 100.419548002293226, 6.915476183753204 ], [ 100.419607832741477, 6.915557882186674 ], [ 100.419727493638007, 6.915520746535096 ], [ 100.419910504420926, 6.915383344624261 ], [ 100.420093515203845, 6.915405626015207 ], [ 100.420371550816355, 6.915554168621516 ], [ 100.420512328341673, 6.915535600795727 ], [ 100.420593275418739, 6.91541676671068 ], [ 100.420716455753393, 6.915361063233314 ], [ 100.42085723327871, 6.915401912450049 ], [ 100.420917063726975, 6.915442761666784 ], [ 100.421114152262419, 6.915609872098882 ], [ 100.421311240797877, 6.915713851923297 ], [ 100.421469615513857, 6.915795550356767 ], [ 100.421568159781586, 6.915899530181184 ], [ 100.421585756972249, 6.91618176113317 ], [ 100.421821559327171, 6.91634515800011 ], [ 100.42195881741435, 6.916530836257996 ], [ 100.422138308759145, 6.916534549823154 ], [ 100.422486733134306, 6.916319163044006 ], [ 100.422652146726563, 6.916122344090646 ], [ 100.422870351890808, 6.916226323915063 ], [ 100.422905546272148, 6.916386007216845 ], [ 100.422940740653473, 6.916649670343043 ], [ 100.423102634807591, 6.916653383908201 ] ] ] } },
{ "type": "Feature", "properties": { "id": null, "EL_Hash": "w1prdxbv9t", "ORDERRIVER_Name_T": 4, "HY_Name_T": "คลองต่อ", "EL_Name": "คลองต่อxbv9t", "Lat": 6.9869062093999998, "Long": 100.30627658500001, "Length_km": 1.84683557453, "LocalName": "", "ElementA": "w1prdxbv9t", "ElementB": "w1prdyd4k1", "ReLation": "FlowsTo" }, "geometry": { "type": "MultiLineString", "coordinates": [ [ [ 100.302941978069242, 6.990601606893838 ], [ 100.303065158403896, 6.990560757677104 ], [ 100.30321297480549, 6.990583039068049 ], [ 100.30329744132068, 6.990709300283412 ], [ 100.30329744132068, 6.990898692106455 ], [ 100.303315038511343, 6.991065802538553 ], [ 100.303378388397746, 6.991128933146234 ], [ 100.303483971541738, 6.991128933146234 ], [ 100.303610671314516, 6.991110365320446 ], [ 100.303652904572118, 6.990961822714137 ], [ 100.303652904572118, 6.990898692106455 ], [ 100.303800720973712, 6.990880124280667 ], [ 100.303811279288112, 6.990887551410983 ], [ 100.303923901308366, 6.990965536279295 ], [ 100.304050601081158, 6.990880124280667 ], [ 100.304198417482738, 6.990839275063932 ], [ 100.30432511725553, 6.990861556454878 ], [ 100.304494050285911, 6.990924687062559 ], [ 100.304596113991778, 6.990946968453506 ], [ 100.304743930393357, 6.990969249844452 ], [ 100.304976213310141, 6.990720440978885 ], [ 100.304979732748279, 6.990427069331425 ], [ 100.305043082634668, 6.990070567076285 ], [ 100.305021966005867, 6.98989974307903 ], [ 100.304941018928815, 6.989480110216207 ], [ 100.304754488707758, 6.989186738568748 ], [ 100.30471225545017, 6.989082758744331 ], [ 100.304758008145896, 6.988726256489191 ], [ 100.304800241403498, 6.988577713882882 ], [ 100.304715774888294, 6.988432884841731 ], [ 100.304613711182441, 6.988410603450784 ], [ 100.304550361296052, 6.98830291006121 ], [ 100.30459259455364, 6.988094950412378 ], [ 100.304782644212821, 6.987990970587962 ], [ 100.305078277016008, 6.987931553545438 ], [ 100.305285923865853, 6.987868422937757 ], [ 100.305391507009844, 6.987742161722395 ], [ 100.305416143076769, 6.987534202073563 ], [ 100.305521726220761, 6.987322528859573 ], [ 100.305585076107164, 6.987199981209368 ], [ 100.305440779143709, 6.987029157212113 ], [ 100.305440779143709, 6.986966026604432 ], [ 100.305504129030098, 6.986925177387698 ], [ 100.305817359023948, 6.986906609561909 ], [ 100.306049641940717, 6.986802629737492 ], [ 100.306197458342311, 6.986824911128439 ], [ 100.306299522048164, 6.986928890952855 ], [ 100.306362871934567, 6.987055152168217 ], [ 100.306468455078559, 6.987140564166845 ], [ 100.306612752042014, 6.987203694774526 ], [ 100.306781685072394, 6.987207408339684 ], [ 100.307056201246766, 6.987185126948738 ], [ 100.307306081354213, 6.987144277732003 ], [ 100.307559480899798, 6.987062579298533 ], [ 100.307791763816581, 6.987003162256009 ], [ 100.307918463589374, 6.986876901040647 ], [ 100.307981813475763, 6.986687509217603 ], [ 100.308045163362152, 6.986561248002241 ], [ 100.308150746506143, 6.986457268177825 ], [ 100.308298562907737, 6.986353288353409 ], [ 100.308611792901573, 6.986293871310886 ], [ 100.308699778854901, 6.986149042269735 ], [ 100.30859419571091, 6.985896519839009 ], [ 100.308555481891446, 6.985707128015965 ], [ 100.308618831777849, 6.98560314819155 ], [ 100.308682181664238, 6.985558585409657 ], [ 100.308826478627694, 6.98560314819155 ], [ 100.309058761544478, 6.985751690797859 ], [ 100.309164344688469, 6.985751690797859 ], [ 100.309245291765521, 6.985710841581124 ], [ 100.309312161090048, 6.985606861756708 ], [ 100.30935439434765, 6.98543975132461 ], [ 100.309438860862841, 6.985395188542718 ], [ 100.309583157826296, 6.985376620716929 ], [ 100.309752090856676, 6.985421183498822 ], [ 100.309921023887071, 6.985376620716929 ], [ 100.310111073546253, 6.985398902107876 ], [ 100.310318720396097, 6.985465746280714 ], [ 100.310526367245956, 6.985718268711439 ], [ 100.310631950389947, 6.985885379143537 ], [ 100.310822000049129, 6.985803680710067 ], [ 100.31092758319312, 6.985636570277969 ], [ 100.310948699821921, 6.985280068022829 ], [ 100.310952219260045, 6.985027545592104 ], [ 100.311015569146448, 6.984860435160006 ], [ 100.310994452517647, 6.984607912729281 ], [ 100.311040205213374, 6.984481651513919 ], [ 100.311040205213374, 6.98425141047414 ], [ 100.310913505440581, 6.984165998475513 ], [ 100.31085367499233, 6.983998888043415 ], [ 100.310906466564319, 6.983917189609945 ] ] ] } },
{ "type": "Feature", "properties": { "id": null, "EL_Hash": "w1prf2vq1f", "ORDERRIVER_Name_T": 4, "HY_Name_T": "คลองต่อ", "EL_Name": "คลองต่อ2vq1f", "Lat": 6.9924671183699996, "Long": 100.301476231, "Length_km": 0.74699442777000002, "LocalName": "", "ElementA": "w1prf2vq1f", "ElementB": "w1prdxbv9t", "ReLation": "FlowsTo" }, "geometry": { "type": "MultiLineString", "coordinates": [ [ [ 100.298866468711182, 6.992729479729211 ], [ 100.298912221406908, 6.992748047554999 ], [ 100.299077634999165, 6.992788896771734 ], [ 100.299309917915949, 6.992770328945945 ], [ 100.299475331508191, 6.992874308770362 ], [ 100.299661861729248, 6.993000569985724 ], [ 100.299806158692704, 6.992982002159936 ], [ 100.299953975094297, 6.992855740944573 ], [ 100.300084194305214, 6.992547515036482 ], [ 100.300158102506003, 6.992220721302603 ], [ 100.300305918907597, 6.992075892261452 ], [ 100.30051708519558, 6.992098173652399 ], [ 100.300643784968372, 6.992183585651026 ], [ 100.300914781704606, 6.992332128257335 ], [ 100.301041481477398, 6.992354409648281 ], [ 100.301185778440853, 6.992480670863643 ], [ 100.301333594842447, 6.99250295225459 ], [ 100.301502527872827, 6.992462103037855 ], [ 100.30154476113043, 6.992417540255962 ], [ 100.301523644501628, 6.992354409648281 ], [ 100.301375828100035, 6.992250429823865 ], [ 100.301379347538173, 6.992165017825237 ], [ 100.301463814053363, 6.992083319391767 ], [ 100.301650344274421, 6.992042470175033 ], [ 100.301777044047213, 6.992042470175033 ], [ 100.301963574268257, 6.992231861998077 ], [ 100.302048040783447, 6.992276424779969 ], [ 100.302238090442643, 6.992023902349244 ], [ 100.302449256730625, 6.991856791917147 ], [ 100.302681539647395, 6.991734244266942 ], [ 100.302766006162599, 6.99160798305158 ], [ 100.302769525600723, 6.991418591228536 ], [ 100.302853992115914, 6.991273762187385 ], [ 100.302980691888706, 6.991210631579704 ], [ 100.303022925146308, 6.991084370364342 ], [ 100.303044041775109, 6.990939541323191 ], [ 100.302980691888706, 6.990813280107828 ], [ 100.302899744811654, 6.990687018892466 ], [ 100.302941978069242, 6.990601606893838 ] ] ] } },
{ "type": "Feature", "properties": { "id": null, "EL_Hash": "w1prvf9sv6", "ORDERRIVER_Name_T": 6, "HY_Name_T": "คลองต่ำ", "EL_Name": "คลองต่ำf9sv6", "Lat": 7.0018679648899997, "Long": 100.45029182, "Length_km": 1.2349303888800001, "LocalName": "", "ElementA": "w1prvf9sv6", "ElementB": "w1prvu6yer", "ReLation": "FlowsTo" }, "geometry": { "type": "MultiLineString", "coordinates": [ [ [ 100.445363080999087, 7.001326383069328 ], [ 100.445370119875349, 7.001326383069328 ], [ 100.445577766725208, 7.00128924741775 ], [ 100.445704466497986, 7.001318955939012 ], [ 100.445905074471582, 7.001408081502797 ], [ 100.446091604692626, 7.001519488457529 ], [ 100.446320368171271, 7.001560337674264 ], [ 100.446749739623513, 7.001512061327213 ], [ 100.446925711530156, 7.001304101678381 ], [ 100.447105202874937, 7.001200121853965 ], [ 100.447154475008801, 7.001200121853965 ], [ 100.447270616467193, 7.001248398201016 ], [ 100.44752049657464, 7.001400654372482 ], [ 100.44764015747117, 7.001463784980163 ], [ 100.447847804321015, 7.001519488457529 ], [ 100.447932270836205, 7.001512061327213 ], [ 100.448062490047135, 7.001378372981535 ], [ 100.448132878809787, 7.00127439315712 ], [ 100.448277175773242, 7.001222403244912 ], [ 100.44843906992736, 7.001214976114596 ], [ 100.448576328014553, 7.001222403244912 ], [ 100.448674872282282, 7.001270679591962 ], [ 100.448720624978009, 7.001448930719532 ], [ 100.448819169245738, 7.001545483413633 ], [ 100.449153515868375, 7.00171259384573 ], [ 100.449375240470758, 7.00174601593215 ], [ 100.44966031495953, 7.001849995756566 ], [ 100.449839806304311, 7.001887131408143 ], [ 100.449984103267766, 7.001864850017196 ], [ 100.450103764164297, 7.001824000800462 ], [ 100.45021638618455, 7.001824000800462 ], [ 100.450311411014141, 7.001879704277828 ], [ 100.450402916405608, 7.002046814709924 ], [ 100.450716146399444, 7.002533291745586 ], [ 100.450804132352772, 7.002663266526106 ], [ 100.451018818078893, 7.002830376958204 ], [ 100.451430592340458, 7.002919502521989 ], [ 100.451645278066565, 7.002949211043251 ], [ 100.451810691658821, 7.003016055216089 ], [ 100.45187404154521, 7.003127462170821 ], [ 100.451881080421487, 7.003264864081657 ], [ 100.451867002668948, 7.00353595433817 ], [ 100.451937391431613, 7.003732773291529 ], [ 100.452060571766268, 7.003885029462995 ], [ 100.452222465920386, 7.003940732940361 ], [ 100.452366762883841, 7.00395930076615 ], [ 100.452458268275308, 7.003836753115944 ], [ 100.452458268275308, 7.003376271036388 ], [ 100.452525137599835, 7.003309426863549 ], [ 100.452637759620089, 7.003309426863549 ], [ 100.452729265011541, 7.003342848949968 ], [ 100.452845406469933, 7.003480250860804 ], [ 100.452848925908071, 7.003524813642697 ], [ 100.452915795232599, 7.003743913987002 ], [ 100.452972106242726, 7.004230391022663 ], [ 100.452943950737662, 7.00452747623528 ], [ 100.452933392423262, 7.004657451015801 ] ] ] } },
{ "type": "Feature", "properties": { "id": null, "EL_Hash": "w1prv3ewuy", "ORDERRIVER_Name_T": 4, "HY_Name_T": "คลองต่ำ", "EL_Name": "คลองต่ำ3ewuy", "Lat": 6.9967380169300002, "Long": 100.43104149200001, "Length_km": 3.5909597847299999, "LocalName": "", "ElementA": "w1prv3ewuy", "ElementB": "w1prvem0pf", "ReLation": "FlowsTo" }, "geometry": { "type": "MultiLineString", "coordinates": [ [ [ 100.424383710288026, 6.986646660000869 ], [ 100.424510410060805, 6.986873187475489 ], [ 100.424640629271735, 6.987036584342428 ], [ 100.424703979158124, 6.987244543991261 ], [ 100.424855314997842, 6.987575051290298 ], [ 100.425003131399436, 6.987738448157238 ], [ 100.425108714543427, 6.987801578764919 ], [ 100.425154467239153, 6.98802810623954 ], [ 100.425157986677291, 6.988236065888372 ], [ 100.425161506115415, 6.988444025537204 ], [ 100.425186142182355, 6.98862970379509 ], [ 100.425249492068744, 6.988774532836241 ], [ 100.425376191841536, 6.988793100662029 ], [ 100.425770368912438, 6.988830236313607 ], [ 100.426206779240943, 6.98884137700908 ], [ 100.426333479013721, 6.988967638224442 ], [ 100.426586878559306, 6.989023341701808 ], [ 100.426854355857415, 6.98901962813665 ], [ 100.427128872031787, 6.989119894395909 ], [ 100.427213338546991, 6.989283291262848 ], [ 100.427195741356314, 6.989535813693573 ], [ 100.427178144165651, 6.989721491951459 ], [ 100.42718166360379, 6.98986632099261 ], [ 100.427287246747781, 6.990033431424707 ], [ 100.4274596992163, 6.990278526725117 ], [ 100.427607515617893, 6.990590466198365 ], [ 100.427593437865355, 6.990880124280667 ], [ 100.427368193824833, 6.991195777319073 ], [ 100.427206299670715, 6.991407450533063 ], [ 100.427040886078473, 6.991615410181895 ], [ 100.426981055630208, 6.991782520613993 ], [ 100.426984575068332, 6.991827083395885 ], [ 100.426907147429418, 6.99224300269355 ], [ 100.426847316981153, 6.992473243733328 ], [ 100.426731175522761, 6.993015424246355 ], [ 100.426734694960885, 6.993327363719603 ], [ 100.426762850465963, 6.99365787101864 ], [ 100.426787486532888, 6.9939512426661 ], [ 100.426815642037951, 6.994322599181872 ], [ 100.427005691697133, 6.994571408047438 ], [ 100.427237974613917, 6.994690242132486 ], [ 100.42734003831977, 6.994690242132486 ], [ 100.427547685169628, 6.994664247176382 ], [ 100.427670865504282, 6.994519418135231 ], [ 100.427769409772011, 6.994226046487771 ], [ 100.427892590106666, 6.994099785272408 ], [ 100.42801577044132, 6.993969810491889 ], [ 100.428244533919965, 6.993843549276526 ], [ 100.428388830883421, 6.993798986494633 ], [ 100.428554244475677, 6.993817554320422 ], [ 100.428659827619668, 6.993899252753891 ], [ 100.428790046830585, 6.994270609269663 ], [ 100.429046965814308, 6.994745945609852 ], [ 100.429258132102291, 6.994972473084472 ], [ 100.429409467942008, 6.995176719168146 ], [ 100.429451701199596, 6.995321548209297 ], [ 100.429775489507847, 6.995941713590637 ], [ 100.429965539167029, 6.996186808891046 ], [ 100.430324521856591, 6.99647275340819 ], [ 100.43070110173683, 6.996610155319026 ], [ 100.431077681617069, 6.996751270795019 ], [ 100.43137683385838, 6.997182044353314 ], [ 100.431651350032752, 6.997553400869086 ], [ 100.431855477444472, 6.997727938431499 ], [ 100.432154629685783, 6.997713084170868 ], [ 100.432320043278025, 6.997646239998029 ], [ 100.432548806756685, 6.997642526432871 ], [ 100.432671987091339, 6.997642526432871 ], [ 100.432988736523313, 6.997779928343707 ], [ 100.433217500001959, 6.997902475993912 ], [ 100.433555366062734, 6.998229269727791 ], [ 100.433981218076823, 6.998637761895139 ], [ 100.434153670545342, 6.999012831976069 ], [ 100.434551367054382, 6.999295062928056 ], [ 100.43482236379063, 6.999332198579634 ], [ 100.435322124005523, 6.999283922232583 ], [ 100.436113997585451, 6.999332198579634 ], [ 100.436427227579287, 6.999328485014475 ], [ 100.436677107686734, 6.999347052840264 ], [ 100.436810846335788, 6.999465886925311 ], [ 100.437074804195774, 6.999751831442455 ], [ 100.437219101159229, 6.999855811266872 ], [ 100.437567525534405, 7.000000640308023 ], [ 100.4374830590192, 7.000000640308023 ], [ 100.439214622580664, 7.000342288302532 ], [ 100.439900913016601, 7.000531680125576 ], [ 100.440615358957615, 7.000617092124203 ], [ 100.440851161312523, 7.00076934829567 ], [ 100.441336843774891, 7.000999589335448 ], [ 100.441738059722056, 7.001088714899233 ], [ 100.442378597462266, 7.001367232286063 ], [ 100.442786852285707, 7.001526915587844 ], [ 100.443156393289669, 7.00163089541226 ], [ 100.443550570360571, 7.001656890368364 ], [ 100.443814528220543, 7.001656890368364 ], [ 100.444043291699202, 7.001638322542576 ], [ 100.444550090790358, 7.001471212110479 ], [ 100.44483516527913, 7.001352378025432 ], [ 100.445049851005251, 7.001352378025432 ], [ 100.445285653360159, 7.001367232286063 ], [ 100.445363080999087, 7.001326383069328 ] ] ] } },
{ "type": "Feature", "properties": { "id": null, "EL_Hash": "w1prtnvv0z", "ORDERRIVER_Name_T": 4, "HY_Name_T": "คลองต่ำ", "EL_Name": "คลองต่ำnvv0z", "Lat": 6.9813366676899999, "Long": 100.422968475, "Length_km": 0.49174294098, "LocalName": "", "ElementA": "w1prtnvv0z", "ElementB": "w1prtpw2vk", "ReLation": "FlowsTo" }, "geometry": { "type": "MultiLineString", "coordinates": [ [ [ 100.421054321814168, 6.980794081312305 ], [ 100.421276046416537, 6.980872066180617 ], [ 100.421547043152785, 6.980994613830822 ], [ 100.42180044269837, 6.981239709131231 ], [ 100.421948259099949, 6.981280558347966 ], [ 100.422092556063404, 6.981254563391862 ], [ 100.422113672692205, 6.981191432784181 ], [ 100.422152386511669, 6.981109734350711 ], [ 100.422296683475125, 6.981065171568819 ], [ 100.422528966391909, 6.98114315643713 ], [ 100.422947779529736, 6.981302839738913 ], [ 100.423074479302528, 6.981488517996798 ], [ 100.423074479302528, 6.981533080778691 ], [ 100.423056882111865, 6.981781889644258 ], [ 100.422958337844136, 6.981989849293091 ], [ 100.422835157509482, 6.982179241116134 ], [ 100.422733093803629, 6.982327783722442 ], [ 100.422588796840174, 6.982431763546859 ], [ 100.42236707223779, 6.982832828583892 ], [ 100.42236707223779, 6.982892245626416 ], [ 100.422462097067381, 6.983297024228607 ] ] ] } },
{ "type": "Feature", "properties": { "id": null, "EL_Hash": "w1prsy7z9z", "ORDERRIVER_Name_T": 4, "HY_Name_T": "คลองต่ำ", "EL_Name": "คลองต่ำy7z9z", "Lat": 6.9790206388699998, "Long": 100.40928561299999, "Length_km": 3.1746852740399998, "LocalName": "", "ElementA": "w1prsy7z9z", "ElementB": "w1prtnvv0z", "ReLation": "FlowsTo" }, "geometry": { "type": "MultiLineString", "coordinates": [ [ [ 100.399789876614321, 6.975075190969419 ], [ 100.399913056948975, 6.974930361928268 ], [ 100.399909537510837, 6.974844949929641 ], [ 100.399930654139638, 6.974722402279436 ], [ 100.3999271347015, 6.974596141064073 ], [ 100.399948251330301, 6.974514442630604 ], [ 100.399986965149765, 6.974451312022922 ], [ 100.400113664922557, 6.974447598457765 ], [ 100.400219248066549, 6.974610995324705 ], [ 100.400574711317986, 6.974774392191645 ], [ 100.401141340857407, 6.974993492535949 ], [ 100.401475687480044, 6.975153175837732 ], [ 100.401707970396828, 6.975357421921406 ], [ 100.401936733875473, 6.975375989747194 ], [ 100.402249963869309, 6.975286864183409 ], [ 100.402478727347955, 6.975323999834987 ], [ 100.402605427120747, 6.975405698268457 ], [ 100.40273212689354, 6.975550527309608 ], [ 100.402795476779929, 6.975736205567493 ], [ 100.402693413074076, 6.975862466782855 ], [ 100.402633582625811, 6.976029577214953 ], [ 100.402700451950338, 6.976215255472839 ], [ 100.402886982171395, 6.976274672515363 ], [ 100.403013681944188, 6.976274672515363 ], [ 100.40317909553643, 6.976207828342523 ], [ 100.403281159242297, 6.976185546951577 ], [ 100.403488806092142, 6.976140984169684 ], [ 100.403636622493735, 6.976222682603154 ], [ 100.403826672152917, 6.976467777903563 ], [ 100.403872424848643, 6.976657169726607 ], [ 100.404041357879038, 6.976879983636071 ], [ 100.404231407538219, 6.977065661893956 ], [ 100.404358107311012, 6.977147360327426 ], [ 100.40448480708379, 6.977292189368577 ], [ 100.404653740114185, 6.977474154061305 ], [ 100.4047628426963, 6.977682113710137 ], [ 100.404783959325101, 6.977722962926872 ], [ 100.404783959325101, 6.977826942751288 ], [ 100.404829712020828, 6.978012621009174 ], [ 100.404917697974156, 6.97819829926706 ], [ 100.405146461452802, 6.978298565526319 ], [ 100.405378744369585, 6.978461962393258 ], [ 100.405463210884776, 6.978669922042091 ], [ 100.405614546724507, 6.97883331890903 ], [ 100.40577996031675, 6.978911303777342 ], [ 100.405927776718343, 6.979056132818493 ], [ 100.405973529414069, 6.979200961859644 ], [ 100.406019282109796, 6.979427489334265 ], [ 100.406103748625, 6.979594599766362 ], [ 100.406272681655381, 6.979780278024248 ], [ 100.406607028278017, 6.979876830718348 ], [ 100.406730208612672, 6.97972828811204 ], [ 100.406811155689738, 6.979498047072261 ], [ 100.406913219395591, 6.97943491646458 ], [ 100.407015283101458, 6.979371785856899 ], [ 100.4071806966937, 6.979327223075006 ], [ 100.407303877028369, 6.979178680468697 ], [ 100.407427057363023, 6.979033851427547 ], [ 100.407490407249412, 6.9790115700366 ], [ 100.407550237697677, 6.979052419253335 ], [ 100.407553757135815, 6.979156399077751 ], [ 100.407638223651006, 6.979319795944691 ], [ 100.407786040052585, 6.979464624985842 ], [ 100.407933856454179, 6.979501760637419 ], [ 100.40803943959817, 6.979624308287624 ], [ 100.40820837262855, 6.97980998654551 ], [ 100.408356189030144, 6.979850835762244 ], [ 100.408416019478409, 6.979765423763617 ], [ 100.408496966555461, 6.979576031940574 ], [ 100.40867997733838, 6.979427489334265 ], [ 100.408887624188239, 6.979278946727956 ], [ 100.40903192115168, 6.979152685512593 ], [ 100.409320515078591, 6.979004142906285 ], [ 100.409507045299648, 6.978874168125765 ], [ 100.409774522597758, 6.978848173169661 ], [ 100.409964572256939, 6.979033851427547 ], [ 100.410154621916121, 6.979052419253335 ], [ 100.410298918879576, 6.979007856471442 ], [ 100.410524162920098, 6.978922444472815 ], [ 100.410671979321691, 6.978877881690923 ], [ 100.410879626171536, 6.97883331890903 ], [ 100.411023923134991, 6.978892735951553 ], [ 100.411192856165371, 6.978974434385023 ], [ 100.411298439309363, 6.979115549861016 ], [ 100.41148496953042, 6.97909326847007 ], [ 100.411755966266668, 6.979048705688178 ], [ 100.411858029972521, 6.978981861515338 ], [ 100.412086793451166, 6.978981861515338 ], [ 100.412442256702604, 6.97899671577597 ], [ 100.412649903552449, 6.978907590212184 ], [ 100.412751967258316, 6.978866740995449 ], [ 100.412896264221772, 6.978863027430291 ], [ 100.413065197252152, 6.97896329368955 ], [ 100.413339713426538, 6.979085841339755 ], [ 100.413631826791573, 6.979186107599013 ], [ 100.413839473641417, 6.979264092467325 ], [ 100.414089353748864, 6.979282660293114 ], [ 100.41465246385016, 6.979375499422057 ], [ 100.414926980024532, 6.97951661489805 ], [ 100.415095913054927, 6.979620594722466 ], [ 100.415303559904771, 6.979676298199831 ], [ 100.415511206754616, 6.979654016808886 ], [ 100.415613270460483, 6.979609454026993 ], [ 100.415613270460483, 6.979550036984469 ], [ 100.415571037202881, 6.979486906376788 ], [ 100.415571037202881, 6.979446057160054 ], [ 100.415525284507154, 6.979301228118902 ], [ 100.415546401135956, 6.979215816120275 ], [ 100.415627348213008, 6.97917496690354 ], [ 100.415775164614601, 6.979171253338382 ], [ 100.416063758541512, 6.979145258382278 ], [ 100.416292522020157, 6.979037564992704 ], [ 100.416644465833457, 6.978948439428919 ], [ 100.416788762796912, 6.978822178213557 ], [ 100.416890826502765, 6.978736766214929 ], [ 100.417119589981425, 6.978733052649772 ], [ 100.417372989526996, 6.978855600299976 ], [ 100.417394106155797, 6.979000429341127 ], [ 100.417376508965134, 6.979126690556489 ], [ 100.417376508965134, 6.979189821164171 ], [ 100.417380028403258, 6.979293800988587 ], [ 100.41742226166086, 6.979394067247846 ], [ 100.417527844804852, 6.97951661489805 ], [ 100.417629908510705, 6.979475765681315 ], [ 100.417710855587771, 6.979349504465953 ], [ 100.417858671989364, 6.979264092467325 ], [ 100.418024085581607, 6.979301228118902 ], [ 100.418108552096811, 6.979486906376788 ], [ 100.418112071534935, 6.979676298199831 ], [ 100.418221174117065, 6.979861976457718 ], [ 100.418432340405047, 6.980043941150446 ], [ 100.41855904017784, 6.980270468625067 ], [ 100.418749089837021, 6.98032988566759 ], [ 100.419058800392719, 6.980263041494752 ], [ 100.419329797128967, 6.980237046538647 ], [ 100.419474094092422, 6.980255614364436 ], [ 100.419621910494016, 6.980255614364436 ], [ 100.419787324086272, 6.980251900799278 ], [ 100.419935140487851, 6.980311317841801 ], [ 100.420185020595298, 6.980393016275271 ], [ 100.420456017331546, 6.980407870535903 ], [ 100.420769247325381, 6.980548986011896 ], [ 100.420836116649909, 6.980712382878835 ], [ 100.421054321814168, 6.980794081312305 ] ] ] } },
{ "type": "Feature", "properties": { "id": null, "EL_Hash": "w1prstsqup", "ORDERRIVER_Name_T": 4, "HY_Name_T": "คลองต่ำ", "EL_Name": "คลองต่ำtsqup", "Lat": 6.9747720738899996, "Long": 100.399079215, "Length_km": 0.20670731312000001, "LocalName": "", "ElementA": "w1prstsqup", "ElementB": "w1prsy7z9z", "ReLation": "FlowsTo" }, "geometry": { "type": "MultiLineString", "coordinates": [ [ [ 100.39901911966318, 6.973842287337057 ], [ 100.399022639101318, 6.974027965594943 ], [ 100.399026158539442, 6.974109664028413 ], [ 100.39902967797758, 6.974466166283554 ], [ 100.399100066740246, 6.974900653407007 ], [ 100.399311233028229, 6.975127180881628 ], [ 100.399539996506874, 6.975164316533204 ], [ 100.399789876614321, 6.975075190969419 ] ] ] } },
{ "type": "Feature", "properties": { "id": null, "EL_Hash": "w1prstduxx", "ORDERRIVER_Name_T": 4, "HY_Name_T": "คลองต่ำ", "EL_Name": "คลองต่ำtduxx", "Lat": 6.97438657978, "Long": 100.397173245, "Length_km": 0.49560123585, "LocalName": "", "ElementA": "w1prstduxx", "ElementB": "w1prstsqup", "ReLation": "FlowsTo" }, "geometry": { "type": "MultiLineString", "coordinates": [ [ [ 100.395622861864794, 6.973307533954346 ], [ 100.395654536807996, 6.973370664562027 ], [ 100.395735483885048, 6.973370664562027 ], [ 100.395939611296768, 6.973470930821285 ], [ 100.395999441745033, 6.973552629254755 ], [ 100.396062791631422, 6.973693744730748 ], [ 100.395999441745033, 6.973834860206741 ], [ 100.396041675002621, 6.973938840031158 ], [ 100.396122622079687, 6.973957407856946 ], [ 100.396245802414342, 6.973916558640211 ], [ 100.396365463310872, 6.973916558640211 ], [ 100.396449929826062, 6.973935126465999 ], [ 100.39661182398018, 6.974180221766409 ], [ 100.396735004314834, 6.974221070983144 ], [ 100.397079909251872, 6.974261920199879 ], [ 100.397284036663592, 6.974533010456392 ], [ 100.397410736436385, 6.974614708889862 ], [ 100.397699330363295, 6.974525583326077 ], [ 100.398072390805396, 6.974377040719768 ], [ 100.398441931809359, 6.974039106290416 ], [ 100.398688292478681, 6.97380515168548 ], [ 100.398881861575987, 6.973756875338429 ], [ 100.39901911966318, 6.973842287337057 ] ] ] } },
{ "type": "Feature", "properties": { "id": null, "EL_Hash": "w1prst92bd", "ORDERRIVER_Name_T": 4, "HY_Name_T": "คลองต่ำ", "EL_Name": "คลองต่ำt92bd", "Lat": 6.97371423399, "Long": 100.394806692, "Length_km": 0.20164391623, "LocalName": "", "ElementA": "w1prst92bd", "ElementB": "w1prstduxx", "ReLation": "FlowsTo" }, "geometry": { "type": "MultiLineString", "coordinates": [ [ [ 100.394007439761722, 6.974113377593571 ], [ 100.39419396998278, 6.974098523332939 ], [ 100.394577588739281, 6.97385342803253 ], [ 100.394721885702737, 6.973753161773272 ], [ 100.394904896485656, 6.973671463339802 ], [ 100.395045674010973, 6.973608332732121 ], [ 100.395189970974428, 6.973526634298651 ], [ 100.395309631870958, 6.973467217256127 ], [ 100.395622861864794, 6.973307533954346 ] ] ] } },
{ "type": "Feature", "properties": { "id": null, "EL_Hash": "w1prsjhwvr", "ORDERRIVER_Name_T": 4, "HY_Name_T": "คลองต่ำ", "EL_Name": "คลองต่ำjhwvr", "Lat": 6.9720216947700004, "Long": 100.377506254, "Length_km": 5.5354831339699997, "LocalName": "", "ElementA": "w1prsjhwvr", "ElementB": "w1prst92bd", "ReLation": "FlowsTo" }, "geometry": { "type": "MultiLineString", "coordinates": [ [ [ 100.361403364897214, 6.972349434143654 ], [ 100.361586375680133, 6.972349434143654 ], [ 100.362174121848355, 6.97198179119304 ], [ 100.362216355105957, 6.971959509802094 ], [ 100.362297302183009, 6.97206348962651 ], [ 100.362339535440611, 6.972223172928292 ], [ 100.362420482517663, 6.972327152752708 ], [ 100.36270555700645, 6.972468268228702 ], [ 100.362888567789369, 6.972386569795232 ], [ 100.363110292391738, 6.972323439187551 ], [ 100.363314419803459, 6.972223172928292 ], [ 100.36353966384398, 6.972200891537345 ], [ 100.363641727549833, 6.972241740754081 ], [ 100.363659324740496, 6.972382856230074 ], [ 100.363659324740496, 6.972464554663544 ], [ 100.363662844178634, 6.972605670139536 ], [ 100.363680441369297, 6.972791348397423 ], [ 100.363701557998098, 6.972973313090151 ], [ 100.363641727549833, 6.97307357934941 ], [ 100.363560780472767, 6.973055011523621 ], [ 100.363458716766914, 6.973136709957091 ], [ 100.363398886318649, 6.973300106824031 ], [ 100.363500950024516, 6.973359523866554 ], [ 100.363641727549833, 6.973359523866554 ], [ 100.363764907884487, 6.973359523866554 ], [ 100.363947918667407, 6.973296393258872 ], [ 100.364232993156179, 6.973277825433084 ], [ 100.364514548206827, 6.973236976216349 ], [ 100.364535664835628, 6.97307357934941 ], [ 100.364496951016164, 6.972932463873416 ], [ 100.364577898093216, 6.972787634832265 ], [ 100.364739792247349, 6.972705936398795 ], [ 100.364922803030268, 6.972705936398795 ], [ 100.365105813813173, 6.972806202658053 ], [ 100.365186760890239, 6.972869333265735 ], [ 100.365309941224893, 6.972988167350782 ], [ 100.365598535151804, 6.973136709957091 ], [ 100.365675962790732, 6.973151564217721 ], [ 100.365897687393115, 6.973129282826775 ], [ 100.365999751098968, 6.97325183047698 ], [ 100.365978634470167, 6.973352096736238 ], [ 100.36583785694485, 6.973515493603178 ], [ 100.365816740316049, 6.973719739686852 ], [ 100.365897687393115, 6.973860855162846 ], [ 100.366063100985372, 6.97390170437958 ], [ 100.366122931433623, 6.974061387681362 ], [ 100.366041984356571, 6.974247065939248 ], [ 100.36592232346004, 6.974429030631977 ], [ 100.365858973573651, 6.974610995324705 ], [ 100.366003270537107, 6.974792960017433 ], [ 100.366144048062424, 6.974874658450902 ], [ 100.366288345025879, 6.974915507667637 ], [ 100.366531186257063, 6.974915507667637 ], [ 100.366774027488248, 6.974874658450902 ], [ 100.367020388157556, 6.974833809234168 ], [ 100.367161165682873, 6.974792960017433 ], [ 100.367344176465792, 6.974792960017433 ], [ 100.36750607061991, 6.974893226276691 ], [ 100.367731314660432, 6.975156889402889 ], [ 100.367914325443351, 6.975216306445413 ], [ 100.368136050045734, 6.975234874271202 ], [ 100.36852318824036, 6.975316572704671 ], [ 100.36872731565208, 6.97533514053046 ], [ 100.369093337217919, 6.975294291313725 ], [ 100.369336178449103, 6.975316572704671 ], [ 100.36947695597442, 6.975234874271202 ], [ 100.369659966757339, 6.975130894446785 ], [ 100.369740913834391, 6.975130894446785 ], [ 100.36986409416906, 6.975112326620996 ], [ 100.369966157874913, 6.97512346731647 ], [ 100.370004871694377, 6.975130894446785 ], [ 100.370128052029031, 6.975049196013315 ], [ 100.370208999106097, 6.974948929754057 ], [ 100.370187882477296, 6.974785532887117 ], [ 100.37010693540023, 6.974644417411124 ], [ 100.370145649219694, 6.974421603501661 ], [ 100.37022659629676, 6.974258206634722 ], [ 100.370307543373812, 6.973953694291788 ], [ 100.370388490450878, 6.973730880382325 ], [ 100.370550384604996, 6.973727166817167 ], [ 100.37065244831085, 6.973972262117577 ], [ 100.370775628645518, 6.974094809767782 ], [ 100.370916406170835, 6.974195076027041 ], [ 100.371141650211342, 6.974377040719768 ], [ 100.371405608071328, 6.974518156195762 ], [ 100.3716906825601, 6.974559005412496 ], [ 100.37189480997182, 6.97453672402155 ], [ 100.37207782075474, 6.974559005412496 ], [ 100.372158767831792, 6.974477306979026 ], [ 100.372158767831792, 6.974354759328822 ], [ 100.372197481651256, 6.974232211678618 ], [ 100.372239714908858, 6.974131945419359 ], [ 100.372401609062976, 6.974068814811678 ], [ 100.372584619845895, 6.973946267161473 ], [ 100.372767630628815, 6.973864568728003 ], [ 100.372806344448279, 6.97396854855242 ], [ 100.372785227819477, 6.974068814811678 ], [ 100.372704280742425, 6.974150513245148 ], [ 100.37264445029416, 6.974232211678618 ], [ 100.37264445029416, 6.974291628721141 ], [ 100.372707800180549, 6.974354759328822 ], [ 100.372929524782933, 6.974373327154611 ], [ 100.373397610054624, 6.974473593413869 ], [ 100.373640451285809, 6.974492161239658 ], [ 100.373925525774581, 6.974514442630604 ], [ 100.374210600263368, 6.974551578282181 ], [ 100.374330261159884, 6.974451312022922 ], [ 100.374330261159884, 6.974269347330194 ], [ 100.374372494417486, 6.974128231854201 ], [ 100.374492155314002, 6.974046533420731 ], [ 100.374636452277457, 6.974024252029785 ], [ 100.374819463060376, 6.97398340281305 ], [ 100.37504118766276, 6.97390170437958 ], [ 100.375083420920362, 6.973779156729376 ], [ 100.375083420920362, 6.973678890470118 ], [ 100.374960240585693, 6.973496925777389 ], [ 100.374896890699304, 6.973392945952973 ], [ 100.374918007328105, 6.97333352891045 ], [ 100.37504118766276, 6.973151564217721 ], [ 100.37516084855929, 6.973047584393306 ], [ 100.375322742713408, 6.972928750308259 ], [ 100.37548815630565, 6.972865619700578 ], [ 100.375688764279246, 6.972925036743101 ], [ 100.375833061242687, 6.972947318134047 ], [ 100.376033669216284, 6.972906468917312 ], [ 100.376177966179739, 6.972761639876161 ], [ 100.376276510447454, 6.972579675183432 ], [ 100.376459521230373, 6.972457127533228 ], [ 100.376582701565027, 6.97243855970744 ], [ 100.376888892682601, 6.972434846142281 ], [ 100.377029670207932, 6.972353147708812 ], [ 100.377131733913785, 6.9722751628405 ], [ 100.377353458516168, 6.972048635365879 ], [ 100.37757870255669, 6.972007786149145 ], [ 100.377860257607324, 6.971825821456416 ], [ 100.378145332096096, 6.971744123022947 ], [ 100.378532470290736, 6.971744123022947 ], [ 100.378673247816053, 6.971744123022947 ], [ 100.378814025341384, 6.971740409457789 ], [ 100.378937205676039, 6.971740409457789 ], [ 100.379099099830157, 6.971740409457789 ], [ 100.379831142961834, 6.971822107891258 ], [ 100.380095100821805, 6.971636429633373 ], [ 100.38015493127007, 6.97147674633159 ], [ 100.380278111604724, 6.971331917290439 ], [ 100.380461122387644, 6.971354198681386 ], [ 100.380601899912961, 6.971372766507175 ], [ 100.380848260582283, 6.971454464940644 ], [ 100.380950324288136, 6.971577012590849 ], [ 100.381010154736401, 6.971677278850107 ], [ 100.381031271365202, 6.971840675717047 ], [ 100.381091101813453, 6.971877811368624 ], [ 100.381214282148122, 6.971796112935154 ], [ 100.381274112596373, 6.971718128066843 ], [ 100.381393773492903, 6.971554731199903 ], [ 100.381478240008093, 6.971532449808956 ], [ 100.381576784275822, 6.971573299025692 ], [ 100.381721081239277, 6.971632716068215 ], [ 100.381882975393395, 6.971632716068215 ], [ 100.382065986176315, 6.971654997459162 ], [ 100.382248996959234, 6.971654997459162 ], [ 100.382389774484551, 6.971573299025692 ], [ 100.382717082230926, 6.971450751375486 ], [ 100.382857859756243, 6.971328203725282 ], [ 100.382998637281574, 6.971146239032554 ], [ 100.383181648064493, 6.971064540599084 ], [ 100.383325945027948, 6.971042259208137 ], [ 100.383466722553266, 6.971001409991403 ], [ 100.383586383449781, 6.970819445298675 ], [ 100.383730680413237, 6.970596631389212 ], [ 100.383850341309767, 6.970474083739007 ], [ 100.384012235463885, 6.970410953131325 ], [ 100.384195246246804, 6.970392385305537 ], [ 100.38433954321026, 6.970269837655332 ], [ 100.38433954321026, 6.970165857830916 ], [ 100.384420490287312, 6.970065591571657 ], [ 100.384684448147297, 6.970024742354923 ], [ 100.385029353084335, 6.970002460963976 ], [ 100.385497438356026, 6.969943043921453 ], [ 100.385617099252556, 6.96998017957303 ], [ 100.385800110035476, 6.970102727223235 ], [ 100.386064067895447, 6.970184425656704 ], [ 100.386349142384219, 6.970202993482493 ], [ 100.38655326979594, 6.970162144265759 ], [ 100.386796111027124, 6.970162144265759 ], [ 100.387081185515896, 6.970162144265759 ], [ 100.387183249221764, 6.970080445832289 ], [ 100.387162132592962, 6.969957898182084 ], [ 100.387060068887095, 6.969775933489355 ], [ 100.386979121810043, 6.969653385839151 ], [ 100.386979121810043, 6.9694120041039 ], [ 100.386996719000706, 6.96924860723696 ], [ 100.387141015964161, 6.96924860723696 ], [ 100.387243079670014, 6.969308024279483 ], [ 100.387426090452934, 6.969430571929688 ], [ 100.387609101235853, 6.969571687405681 ], [ 100.387690048312919, 6.969712802881674 ], [ 100.387851942467037, 6.970058164441342 ], [ 100.387975122801691, 6.970139862874812 ], [ 100.388158133584611, 6.970158430700601 ], [ 100.388277794481127, 6.970099013658078 ], [ 100.388443208073383, 6.970035883050396 ], [ 100.388626218856302, 6.969995033833661 ], [ 100.38878811301042, 6.970117581483866 ], [ 100.388826826829884, 6.970158430700601 ], [ 100.388890176716288, 6.970217847743124 ], [ 100.388911293345075, 6.970318114002382 ], [ 100.388890176716288, 6.970381244610063 ], [ 100.38897112379334, 6.970440661652587 ], [ 100.389052070870406, 6.970440661652587 ], [ 100.389133017947458, 6.970462943043533 ], [ 100.389213965024524, 6.970422093826799 ], [ 100.389294912101576, 6.970358963219118 ], [ 100.389337145359178, 6.970358963219118 ], [ 100.389375859178642, 6.97050007869511 ], [ 100.389316028730377, 6.970644907736261 ], [ 100.389316028730377, 6.970763741821309 ], [ 100.389298431539714, 6.971031118512665 ], [ 100.389439209065031, 6.971008837121718 ], [ 100.389541272770899, 6.970867721645725 ], [ 100.389660933667415, 6.97082687242899 ], [ 100.389703166925017, 6.97074517399552 ], [ 100.389784114002069, 6.970786023212255 ], [ 100.389784114002069, 6.97082687242899 ], [ 100.38980523063087, 6.970867721645725 ], [ 100.389826347259671, 6.970986555730772 ], [ 100.389843944450334, 6.971027404947507 ], [ 100.389907294336737, 6.971068254164241 ], [ 100.390030474671391, 6.971127671206765 ], [ 100.390030474671391, 6.971190801814446 ], [ 100.390030474671391, 6.971272500247916 ], [ 100.39000935804259, 6.97139504789812 ], [ 100.389988241413789, 6.971495314157379 ], [ 100.39000935804259, 6.971595580416638 ], [ 100.389949527594325, 6.971699560241054 ], [ 100.389886177707936, 6.971740409457789 ], [ 100.389907294336737, 6.971799826500312 ], [ 100.39000935804259, 6.971840675717047 ], [ 100.390234602083112, 6.971818394326101 ], [ 100.390315549160164, 6.971918660585359 ], [ 100.390354262979628, 6.972122906669034 ], [ 100.390357782417766, 6.972264022145027 ], [ 100.390498559943083, 6.972468268228702 ], [ 100.390600623648936, 6.972509117445436 ], [ 100.390681570726002, 6.972509117445436 ], [ 100.390723803983605, 6.972445986837755 ], [ 100.390804751060656, 6.972405137621021 ], [ 100.390885698137723, 6.972445986837755 ], [ 100.390885698137723, 6.972468268228702 ], [ 100.390966645214775, 6.972627951530483 ], [ 100.391008878472377, 6.972731931354899 ], [ 100.391068708920642, 6.972772780571634 ], [ 100.391170772626495, 6.972813629788369 ], [ 100.391272836332348, 6.972850765439946 ], [ 100.391332666780613, 6.972973313090151 ], [ 100.391311550151812, 6.973036443697832 ], [ 100.391272836332348, 6.973095860740355 ], [ 100.391213005884097, 6.97315527778288 ], [ 100.39123060307476, 6.973300106824031 ], [ 100.39123060307476, 6.9733818052575 ], [ 100.391234122512884, 6.973563769950228 ], [ 100.391234122512884, 6.973704885426221 ], [ 100.391293952961149, 6.973846000902214 ], [ 100.391455847115267, 6.973868282293161 ], [ 100.391617741269386, 6.97388685011895 ], [ 100.391821868681106, 6.97388685011895 ], [ 100.39194504901576, 6.97388685011895 ], [ 100.39214917642748, 6.973946267161473 ], [ 100.392268837324011, 6.973946267161473 ], [ 100.392311070581599, 6.974027965594943 ], [ 100.392311070581599, 6.974046533420731 ], [ 100.392268837324011, 6.974191362461882 ], [ 100.392268837324011, 6.974432744197134 ], [ 100.392272356762135, 6.974573859673128 ], [ 100.3923321872104, 6.974655558106598 ], [ 100.392413134287452, 6.974655558106598 ], [ 100.392494081364518, 6.974596141064073 ], [ 100.392634858889835, 6.974533010456392 ], [ 100.392719325405039, 6.974514442630604 ], [ 100.392800272482091, 6.974533010456392 ], [ 100.39289881674982, 6.974451312022922 ], [ 100.392941050007408, 6.974351045763664 ], [ 100.39296216663621, 6.97422849811346 ], [ 100.393064230342077, 6.97422849811346 ], [ 100.393183891238593, 6.974287915155983 ], [ 100.393307071573247, 6.974410462806188 ], [ 100.393490082356166, 6.974510729065447 ], [ 100.393673093139085, 6.974451312022922 ], [ 100.393694209767887, 6.974388181415241 ], [ 100.393673093139085, 6.974247065939248 ], [ 100.393690690329748, 6.974105950463255 ], [ 100.393754040216152, 6.974024252029785 ], [ 100.393873701112668, 6.974024252029785 ], [ 100.393975764818535, 6.97406510124652 ], [ 100.394007439761722, 6.974113377593571 ] ] ] } },
{ "type": "Feature", "properties": { "id": null, "EL_Hash": "w1pretpnqb", "ORDERRIVER_Name_T": 4, "HY_Name_T": "คลองต่ำ", "EL_Name": "คลองต่ำtpnqb", "Lat": 6.9719006133799999, "Long": 100.35903084500001, "Length_km": 0.7851518197, "LocalName": "", "ElementA": "w1pretpnqb", "ElementB": "w1prsjhwvr", "ReLation": "FlowsTo" }, "geometry": { "type": "MultiLineString", "coordinates": [ [ [ 100.359323376960589, 6.969690521490728 ], [ 100.359407843475779, 6.96975365209841 ], [ 100.359407843475779, 6.969835350531879 ], [ 100.35934449358939, 6.969954184616927 ], [ 100.359284663141125, 6.970076732267131 ], [ 100.359182599435272, 6.970199279917336 ], [ 100.35904182190994, 6.970240129134071 ], [ 100.358999588652352, 6.970362676784275 ], [ 100.359020705281154, 6.970444375217745 ], [ 100.359143885615808, 6.97048522443448 ], [ 100.359326896398727, 6.970503792260269 ], [ 100.359467673924044, 6.970503792260269 ], [ 100.359671801335764, 6.970522360086057 ], [ 100.359692917964566, 6.970626339910473 ], [ 100.359692917964566, 6.970685756952997 ], [ 100.359611970887499, 6.970786023212255 ], [ 100.359569737629897, 6.97082687242899 ], [ 100.359471193362182, 6.970949420079195 ], [ 100.359390246285116, 6.971094249120346 ], [ 100.359390246285116, 6.971175947553816 ], [ 100.359411362913917, 6.971276213813073 ], [ 100.35942896010458, 6.971357912246543 ], [ 100.359390246285116, 6.971417329289067 ], [ 100.359326896398727, 6.971417329289067 ], [ 100.359245949321661, 6.971398761463279 ], [ 100.359186118873396, 6.971317063029809 ], [ 100.359126288425145, 6.971317063029809 ], [ 100.359062938538742, 6.971562158330218 ], [ 100.359024224719278, 6.971844389282205 ], [ 100.359045341348079, 6.972026353974933 ], [ 100.359147405053932, 6.972189750841872 ], [ 100.3592705853886, 6.972393996925547 ], [ 100.359372649094453, 6.97245341396807 ], [ 100.35945359617152, 6.972412564751336 ], [ 100.359492309990969, 6.97229001710113 ], [ 100.359534543248571, 6.972130333799349 ], [ 100.359573257068035, 6.971966936932409 ], [ 100.359675320773889, 6.971903806324728 ], [ 100.35981609829922, 6.971903806324728 ], [ 100.359837214928021, 6.972085771017456 ], [ 100.359819617737344, 6.972167469450926 ], [ 100.359819617737344, 6.97229001710113 ], [ 100.360023745149064, 6.972471981793859 ], [ 100.360185639303182, 6.972431132577124 ], [ 100.360368650086102, 6.9723717155346 ], [ 100.360611491317286, 6.972349434143654 ], [ 100.360833215919669, 6.972349434143654 ], [ 100.361139407037243, 6.972349434143654 ], [ 100.361403364897214, 6.972349434143654 ] ] ] } },
{ "type": "Feature", "properties": { "id": null, "EL_Hash": "w1pret48m9", "ORDERRIVER_Name_T": 4, "HY_Name_T": "คลองต่ำ", "EL_Name": "คลองต่ำt48m9", "Lat": 6.9708773581100001, "Long": 100.35279941100001, "Length_km": 2.1739941046000002, "LocalName": "", "ElementA": "w1pret48m9", "ElementB": "w1pretpnqb", "ReLation": "FlowsTo" }, "geometry": { "type": "MultiLineString", "coordinates": [ [ [ 100.345942473178766, 6.966975905360436 ], [ 100.346125483961686, 6.967016754577172 ], [ 100.346269780925141, 6.967016754577172 ], [ 100.346533738785112, 6.96703532240296 ], [ 100.346734346758694, 6.967057603793906 ], [ 100.346899760350951, 6.967057603793906 ], [ 100.347019421247467, 6.967135588662218 ], [ 100.347103887762671, 6.967380683962627 ], [ 100.347184834839723, 6.967503231612833 ], [ 100.347265781916789, 6.967867160998289 ], [ 100.347410078880245, 6.968193954732168 ], [ 100.347448792699709, 6.968275653165637 ], [ 100.347878164151936, 6.968862396460557 ], [ 100.348022461115391, 6.969066642544232 ], [ 100.348022461115391, 6.969207758020225 ], [ 100.34800134448659, 6.9694120041039 ], [ 100.348061174934855, 6.969571687405681 ], [ 100.348124524821245, 6.969593968796628 ], [ 100.348265302346576, 6.969634818013363 ], [ 100.348571493464149, 6.969735084272621 ], [ 100.348754504247069, 6.969853918357668 ], [ 100.348775620875855, 6.969998747398819 ], [ 100.348856567952922, 6.970158430700601 ], [ 100.349000864916377, 6.970262410525017 ], [ 100.349201472889959, 6.970462943043533 ], [ 100.349303536595812, 6.970503792260269 ], [ 100.349426716930481, 6.97048522443448 ], [ 100.349465430749945, 6.97040352600101 ], [ 100.349465430749945, 6.970340395393329 ], [ 100.349486547378731, 6.970258696959859 ], [ 100.349588611084599, 6.970240129134071 ], [ 100.349669558161651, 6.970340395393329 ], [ 100.349732908048054, 6.970444375217745 ], [ 100.349996865908025, 6.970604058519527 ], [ 100.350218590510408, 6.970604058519527 ], [ 100.350464951179717, 6.970544641477003 ], [ 100.350746506230365, 6.970540927911846 ], [ 100.351175877682593, 6.97058177712858 ], [ 100.351256824759659, 6.970641194171104 ], [ 100.351337771836711, 6.970763741821309 ], [ 100.351499665990843, 6.970722892604574 ], [ 100.351601729696696, 6.970518646520899 ], [ 100.351844570927881, 6.970436948087429 ], [ 100.351946634633734, 6.97050007869511 ], [ 100.352108528787852, 6.97058177712858 ], [ 100.352210592493705, 6.970682043387839 ], [ 100.35229505900891, 6.970823158863833 ], [ 100.352376006085962, 6.97092342512309 ], [ 100.352516783611279, 6.97100512355656 ], [ 100.352618847317146, 6.971027404947507 ], [ 100.352720911022999, 6.970904857297302 ], [ 100.352844091357653, 6.970864008080567 ], [ 100.353027102140572, 6.970864008080567 ], [ 100.353146763037103, 6.970901143732144 ], [ 100.353269943371757, 6.970982842165614 ], [ 100.353269943371757, 6.971105389815818 ], [ 100.353269943371757, 6.971205656075077 ], [ 100.353329773820022, 6.971309635899493 ], [ 100.353452954154676, 6.971350485116228 ], [ 100.353657081566396, 6.971350485116228 ], [ 100.353861208978103, 6.971369052942017 ], [ 100.354104050209287, 6.971369052942017 ], [ 100.354287060992206, 6.971328203725282 ], [ 100.354470071775125, 6.971265073117601 ], [ 100.354610849300443, 6.971246505291812 ], [ 100.354734029635097, 6.971224223900866 ], [ 100.354836093340964, 6.971205656075077 ], [ 100.355121167829736, 6.97120194250992 ], [ 100.355240828726266, 6.971183374684131 ], [ 100.355385125689722, 6.971161093293184 ], [ 100.35554701984384, 6.971101676250661 ], [ 100.355670200178494, 6.970979128600456 ], [ 100.355687797369157, 6.970838013124463 ], [ 100.355627966920892, 6.970693184083312 ], [ 100.355483669957437, 6.970552068607319 ], [ 100.355381606251584, 6.97047037017385 ], [ 100.355381606251584, 6.970351536088802 ], [ 100.355525903215039, 6.97030697330691 ], [ 100.355687797369157, 6.970266124090174 ], [ 100.35578986107501, 6.970288405481121 ], [ 100.35599398848673, 6.970410953131325 ], [ 100.356113649383261, 6.970429520957114 ], [ 100.356338893423768, 6.970448088782903 ], [ 100.356440957129635, 6.97047037017385 ], [ 100.356560618026151, 6.970448088782903 ], [ 100.356641565103217, 6.97038867174038 ], [ 100.356764745437872, 6.970407239566168 ], [ 100.35680697869546, 6.970488937999638 ], [ 100.35692663959199, 6.970693184083312 ], [ 100.35701110610718, 6.970771168951624 ], [ 100.357173000261298, 6.970793450342571 ], [ 100.357356011044217, 6.970771168951624 ], [ 100.357517905198335, 6.970752601125835 ], [ 100.357560138455938, 6.970689470518154 ], [ 100.357475671940747, 6.970529787216373 ], [ 100.357415841492482, 6.970344108958487 ], [ 100.357352491606093, 6.970202993482493 ], [ 100.35737360823488, 6.97014357643997 ], [ 100.357496788569534, 6.970121295049023 ], [ 100.357658682723667, 6.97014357643997 ], [ 100.357739629800719, 6.970221561308282 ], [ 100.357862810135373, 6.970325541132698 ], [ 100.358024704289491, 6.970366390349433 ], [ 100.358126767995358, 6.970344108958487 ], [ 100.358126767995358, 6.970221561308282 ], [ 100.358084534737756, 6.970139862874812 ], [ 100.358066937547093, 6.970058164441342 ], [ 100.358024704289491, 6.969957898182084 ], [ 100.358024704289491, 6.969857631922825 ], [ 100.358267545520675, 6.969775933489355 ], [ 100.358471672932396, 6.969712802881674 ], [ 100.358591333828912, 6.969653385839151 ], [ 100.358756747421168, 6.96959025523147 ], [ 100.358918641575286, 6.969571687405681 ], [ 100.359080535729404, 6.969549406014735 ], [ 100.359242429883537, 6.969631104448204 ], [ 100.359323376960589, 6.969690521490728 ] ] ] } },
{ "type": "Feature", "properties": { "id": null, "EL_Hash": "w1prekjkmf", "ORDERRIVER_Name_T": 4, "HY_Name_T": "คลองต่ำ", "EL_Name": "คลองต่ำkjkmf", "Lat": 6.9660749713100003, "Long": 100.345601148, "Length_km": 0.21503796687000001, "LocalName": "", "ElementA": "w1prekjkmf", "ElementB": "w1pret48m9", "ReLation": "FlowsTo" }, "geometry": { "type": "MultiLineString", "coordinates": [ [ [ 100.345055574769233, 6.965304801039464 ], [ 100.3451470801607, 6.965353077386514 ], [ 100.345249143866553, 6.965639021903658 ], [ 100.345411038020671, 6.965820986596386 ], [ 100.345534218355326, 6.965943534246591 ], [ 100.345678515318781, 6.966225765198577 ], [ 100.345717229138245, 6.966470860498987 ], [ 100.345801695653435, 6.96661197597498 ], [ 100.345942473178766, 6.966975905360436 ] ] ] } },
{ "type": "Feature", "properties": { "id": null, "EL_Hash": "w1pre54uqt", "ORDERRIVER_Name_T": 4, "HY_Name_T": "คลองต่ำ", "EL_Name": "คลองต่ำ54uqt", "Lat": 6.9605974027500004, "Long": 100.331212752, "Length_km": 3.7891684679200002, "LocalName": "", "ElementA": "w1pre54uqt", "ElementB": "w1prekjkmf", "ReLation": "FlowsTo" }, "geometry": { "type": "MultiLineString", "coordinates": [ [ [ 100.317850318000808, 6.961806622660893 ], [ 100.318121314737056, 6.961684075010688 ], [ 100.318543647313021, 6.961516964578591 ], [ 100.318670347085813, 6.961498396752803 ], [ 100.318962460450862, 6.961665507184899 ], [ 100.319106757414303, 6.961962592397517 ], [ 100.319296807073499, 6.962048004396145 ], [ 100.319402390217491, 6.962048004396145 ], [ 100.319610037067335, 6.962025723005199 ], [ 100.319757853468928, 6.962048004396145 ], [ 100.319990136385698, 6.962177979176665 ], [ 100.320240016493145, 6.9622188283934 ], [ 100.320514532667531, 6.962222541958558 ], [ 100.320869995918969, 6.962140843525088 ], [ 100.32114451209334, 6.962118562134141 ], [ 100.32160555848877, 6.962018295874883 ], [ 100.321922307920744, 6.961914316050467 ], [ 100.322404470944974, 6.961814049791208 ], [ 100.322594520604156, 6.961665507184899 ], [ 100.322763453634536, 6.961561527360484 ], [ 100.32291127003613, 6.961583808751429 ], [ 100.323097800257187, 6.961606090142376 ], [ 100.323161150143576, 6.961691502141004 ], [ 100.323245616658767, 6.961903175354994 ], [ 100.323389913622222, 6.961944024571729 ], [ 100.323537730023816, 6.961903175354994 ], [ 100.323748896311798, 6.961947738136886 ], [ 100.32391430990404, 6.961906888920152 ], [ 100.324019893048032, 6.961947738136886 ], [ 100.324083242934435, 6.961970019527833 ], [ 100.324209942707228, 6.961970019527833 ], [ 100.324396472928271, 6.961992300918779 ], [ 100.324502056072262, 6.962077712917407 ], [ 100.324670989102657, 6.962118562134141 ], [ 100.324818805504236, 6.962099994308352 ], [ 100.324963102467692, 6.962122275699299 ], [ 100.325026452354095, 6.962207687697926 ], [ 100.325153152126873, 6.962289386131396 ], [ 100.325216502013276, 6.962289386131396 ], [ 100.325381915605519, 6.962248536914662 ], [ 100.325571965264714, 6.962207687697926 ], [ 100.325783131552697, 6.962211401263084 ], [ 100.325990778402542, 6.962170552046349 ], [ 100.326476460864896, 6.962129702829614 ], [ 100.326768574229945, 6.962025723005199 ], [ 100.326979740517928, 6.96200715517941 ], [ 100.327127556919521, 6.962029436570356 ], [ 100.327292970511763, 6.962114848568984 ], [ 100.327461903542158, 6.962092567178037 ], [ 100.327567486686149, 6.962033150135514 ], [ 100.327778652974132, 6.961802909095735 ], [ 100.328074285777305, 6.96169892927132 ], [ 100.328429749028743, 6.961773200574473 ], [ 100.328552929363397, 6.961750919183527 ], [ 100.32857052655406, 6.96155038666501 ], [ 100.32857052655406, 6.961386989798071 ], [ 100.32857052655406, 6.961205025105342 ], [ 100.32857052655406, 6.961060196064191 ], [ 100.32857052655406, 6.96090051276241 ], [ 100.328588123744723, 6.960714834504524 ], [ 100.328753537336979, 6.960551437637585 ], [ 100.32893302868176, 6.960369472944857 ], [ 100.32893302868176, 6.960165226861181 ], [ 100.328894314862296, 6.959901563734983 ], [ 100.328954145310561, 6.959719599042256 ], [ 100.329035092387628, 6.959619332782998 ], [ 100.329175869912945, 6.959474503741847 ], [ 100.329277933618798, 6.959455935916058 ], [ 100.329460944401717, 6.959433654525111 ], [ 100.329622838555849, 6.95953392078437 ], [ 100.329686188442238, 6.959678749825521 ], [ 100.329809368776893, 6.959920131560772 ], [ 100.329890315853959, 6.960083528427711 ], [ 100.329911432482746, 6.960165226861181 ], [ 100.329992379559812, 6.96034719155391 ], [ 100.330052210008077, 6.960529156246638 ], [ 100.33015427371393, 6.960651703896843 ], [ 100.330481581460305, 6.960815100763782 ], [ 100.330601242356835, 6.960815100763782 ], [ 100.330664592243224, 6.960711120939366 ], [ 100.330763136510953, 6.960629422505896 ], [ 100.330946147293872, 6.960570005463373 ], [ 100.331150274705578, 6.960588573289161 ], [ 100.331294571669034, 6.96060714111495 ], [ 100.331456465823152, 6.960670271722631 ], [ 100.332065328620175, 6.960852236415359 ], [ 100.332188508954829, 6.960770537981889 ], [ 100.332269456031895, 6.960566291898215 ], [ 100.332389116928411, 6.960321196597806 ], [ 100.332512297263065, 6.960180081121813 ], [ 100.332653074788396, 6.960157799730866 ], [ 100.332797371751852, 6.960198648947602 ], [ 100.33295926590597, 6.960280347381071 ], [ 100.333121160060088, 6.960362045814541 ], [ 100.33340623454886, 6.960503161290534 ], [ 100.333712425666434, 6.960584859724004 ], [ 100.334504299246376, 6.960603427549793 ], [ 100.334951267889267, 6.960521729116323 ], [ 100.33501461777567, 6.960376900075172 ], [ 100.335134278672186, 6.960276633815913 ], [ 100.335338406083906, 6.960276633815913 ], [ 100.335623480572679, 6.960295201641702 ], [ 100.335926152252128, 6.960295201641702 ], [ 100.336130279663834, 6.960232071034021 ], [ 100.336313290446753, 6.960272920250755 ], [ 100.336517417858474, 6.96031376946749 ], [ 100.336739142460857, 6.960272920250755 ], [ 100.336883439424312, 6.960272920250755 ], [ 100.336964386501364, 6.960332337293279 ], [ 100.337066450207232, 6.960514301986008 ], [ 100.337066450207232, 6.960618281810423 ], [ 100.337168513913085, 6.96081881432894 ], [ 100.337291694247739, 6.960922794153356 ], [ 100.337411355144269, 6.960941361979144 ], [ 100.337594365927188, 6.96098221119588 ], [ 100.337657715813577, 6.960959929804933 ], [ 100.33775977951943, 6.960919080588198 ], [ 100.33794279030235, 6.960941361979144 ], [ 100.33806245119888, 6.961000779021668 ], [ 100.338185631533534, 6.961060196064191 ], [ 100.338347525687652, 6.961182743714397 ], [ 100.338470706022306, 6.961305291364601 ], [ 100.338713547253491, 6.961528105274065 ], [ 100.338798013768681, 6.961628371533322 ], [ 100.338917674665211, 6.961769487009316 ], [ 100.339002141180401, 6.96189203465952 ], [ 100.339121802076932, 6.962033150135514 ], [ 100.339287215669174, 6.962155697785718 ], [ 100.339470226452093, 6.962237396219188 ], [ 100.339508940271557, 6.962400793086128 ], [ 100.339589887348623, 6.962482491519598 ], [ 100.339794014760329, 6.962560476387909 ], [ 100.339917195094998, 6.962683024038115 ], [ 100.340142439135505, 6.962805571688319 ], [ 100.340240983403234, 6.962887270121789 ], [ 100.340628121597874, 6.963128651857041 ], [ 100.340751301932528, 6.963228918116299 ], [ 100.340934312715447, 6.96329204872398 ], [ 100.341015259792499, 6.963370033592292 ], [ 100.341240503833021, 6.963533430459232 ], [ 100.341342567538874, 6.963674545935225 ], [ 100.34142351461594, 6.963778525759642 ], [ 100.341546694950594, 6.963837942802165 ], [ 100.341648758656447, 6.963897359844688 ], [ 100.341648758656447, 6.96396049045237 ], [ 100.341810652810565, 6.964042188885839 ], [ 100.341951430335897, 6.964038475320682 ], [ 100.342155557747603, 6.964079324537416 ], [ 100.342215388195868, 6.964120173754151 ], [ 100.342215388195868, 6.964142455145097 ], [ 100.342176674376404, 6.964242721404356 ], [ 100.342176674376404, 6.96430213844688 ], [ 100.342197791005205, 6.964365269054561 ], [ 100.342338568530522, 6.964446967488031 ], [ 100.342521579313441, 6.964547233747289 ], [ 100.342644759648095, 6.964606650789812 ], [ 100.342704590096361, 6.964710630614229 ], [ 100.342789056611551, 6.964810896873487 ], [ 100.342950950765669, 6.964829464699275 ], [ 100.343133961548588, 6.964851746090222 ], [ 100.343295855702706, 6.965052278608739 ], [ 100.343478866485626, 6.965174826258943 ], [ 100.343661877268545, 6.965193394084732 ], [ 100.343806174232, 6.965193394084732 ], [ 100.343887121309066, 6.965256524692413 ], [ 100.343989185014919, 6.965334509560725 ], [ 100.344070132091986, 6.965579604861134 ], [ 100.344210909617303, 6.965598172686923 ], [ 100.344274259503706, 6.965497906427665 ], [ 100.344312973323156, 6.96537535877746 ], [ 100.344436153657824, 6.965315941734937 ], [ 100.344619164440743, 6.96529366034399 ], [ 100.344802175223663, 6.965252811127256 ], [ 100.344964069377781, 6.965252811127256 ], [ 100.345055574769233, 6.965304801039464 ] ] ] } },
{ "type": "Feature", "properties": { "id": null, "EL_Hash": "w1prdesgcs", "ORDERRIVER_Name_T": 4, "HY_Name_T": "คลองต่ำ", "EL_Name": "คลองต่ำesgcs", "Lat": 6.9632526409100004, "Long": 100.311767429, "Length_km": 2.4175449592799998, "LocalName": "", "ElementA": "w1prdesgcs", "ElementB": "w1pre54uqt", "ReLation": "FlowsTo" }, "geometry": { "type": "MultiLineString", "coordinates": [ [ [ 100.305845514529011, 6.956789596132816 ], [ 100.305863111719674, 6.956941852304283 ], [ 100.305863111719674, 6.957164666213745 ], [ 100.305803281271409, 6.957476605686994 ], [ 100.305803281271409, 6.957769977334453 ], [ 100.305863111719674, 6.958044781156125 ], [ 100.306049641940717, 6.958256454370114 ], [ 100.306366391372691, 6.958319584977795 ], [ 100.306616271480138, 6.958386429150635 ], [ 100.306764087881731, 6.958553539582732 ], [ 100.306802801701195, 6.958824629839246 ], [ 100.306845034958783, 6.959121715051863 ], [ 100.306718335186005, 6.959307393309749 ], [ 100.306672582490265, 6.959519066523739 ], [ 100.306757049005469, 6.959875568778879 ], [ 100.30681687945372, 6.960254352424966 ], [ 100.306897826530786, 6.960714834504524 ], [ 100.307168823267034, 6.961093618150612 ], [ 100.30739758674568, 6.961264442147867 ], [ 100.308006449542688, 6.961286723538812 ], [ 100.308196499201884, 6.961309004929759 ], [ 100.308383029422927, 6.961353567711652 ], [ 100.308632909530374, 6.961606090142376 ], [ 100.308844075818357, 6.961669220750057 ], [ 100.30899189221995, 6.961817763356366 ], [ 100.309009489410613, 6.961966305962675 ], [ 100.308903906266622, 6.962278245435924 ], [ 100.308900386828483, 6.962530767866648 ], [ 100.309174903002869, 6.962742441080638 ], [ 100.309530366254307, 6.962850134470211 ], [ 100.309738013104152, 6.962935546468839 ], [ 100.310600275446745, 6.962916978643051 ], [ 100.311145788357365, 6.962920692208209 ], [ 100.311378071274149, 6.962942973599155 ], [ 100.311606834752794, 6.963050666988728 ], [ 100.311772248345051, 6.963262340202719 ], [ 100.311983414633033, 6.963596561066913 ], [ 100.312106594967688, 6.963893646279531 ], [ 100.312187542044754, 6.964142455145097 ], [ 100.312314241817532, 6.964272429925618 ], [ 100.312648588440183, 6.964272429925618 ], [ 100.312986454500944, 6.964253862099829 ], [ 100.313113154273736, 6.964231580708883 ], [ 100.313320801123581, 6.964109033058678 ], [ 100.313531967411564, 6.963919641235634 ], [ 100.313535486849702, 6.96358542037144 ], [ 100.313535486849702, 6.963440591330289 ], [ 100.313619953364892, 6.963332897940715 ], [ 100.313915586168079, 6.96321035029051 ], [ 100.313978936054468, 6.963043239858413 ], [ 100.313957819425667, 6.962894697252104 ], [ 100.313982455492607, 6.962709018994218 ], [ 100.314130271894186, 6.962645888386537 ], [ 100.31433791874403, 6.962623606995591 ], [ 100.314527968403226, 6.962645888386537 ], [ 100.314820081768261, 6.962753581776111 ], [ 100.315200181086638, 6.962735013950322 ], [ 100.315618994224465, 6.962612466300118 ], [ 100.315766810626059, 6.962404506651286 ], [ 100.31587239377005, 6.962237396219188 ], [ 100.315999093542828, 6.962196547002454 ], [ 100.316083560058033, 6.962237396219188 ], [ 100.316101157248696, 6.962530767866648 ], [ 100.315974457475903, 6.962824139514108 ], [ 100.315974457475903, 6.963054380553887 ], [ 100.316055404552955, 6.963266053767876 ], [ 100.316203220954549, 6.963266053767876 ], [ 100.316351037356142, 6.963184355334406 ], [ 100.31647773712892, 6.963098943335779 ], [ 100.316710020045704, 6.963039526293255 ], [ 100.316981016781952, 6.962954114294628 ], [ 100.317572282388298, 6.962790717427688 ], [ 100.317779929238156, 6.962790717427688 ], [ 100.317969978897338, 6.9627721496019 ], [ 100.31801221215494, 6.962709018994218 ], [ 100.317991095526139, 6.962564189953067 ], [ 100.317927745639736, 6.962456496563494 ], [ 100.317741215418692, 6.962415647346758 ], [ 100.31753004913071, 6.962393365955813 ], [ 100.317449102053644, 6.962163124916034 ], [ 100.317554685197635, 6.962014582309726 ], [ 100.317660268341626, 6.961910602485309 ], [ 100.317850318000808, 6.961806622660893 ] ] ] } },
{ "type": "Feature", "properties": { "id": null, "EL_Hash": "w1prd3y2j7", "ORDERRIVER_Name_T": 4, "HY_Name_T": "คลองต่ำ", "EL_Name": "คลองต่ำ3y2j7", "Lat": 6.9529930753100002, "Long": 100.303005064, "Length_km": 1.2834548397800001, "LocalName": "", "ElementA": "w1prd3y2j7", "ElementB": "w1prdesgcs", "ReLation": "FlowsTo" }, "geometry": { "type": "MultiLineString", "coordinates": [ [ [ 100.302048040783447, 6.948894556607508 ], [ 100.30198117145892, 6.94902081782287 ], [ 100.301984690897058, 6.949173073994336 ], [ 100.302041001907185, 6.949321616600646 ], [ 100.302181779432502, 6.949485013467585 ], [ 100.302238090442643, 6.949637269639052 ], [ 100.302410542911161, 6.949897219200092 ], [ 100.302561878750879, 6.950004912589665 ], [ 100.302744889533798, 6.950138600935343 ], [ 100.303075716718297, 6.950190590847551 ], [ 100.303241130310553, 6.95024258075976 ], [ 100.303353752330807, 6.950294570671967 ], [ 100.303438218845997, 6.950446826843434 ], [ 100.303522685361202, 6.950636218666477 ], [ 100.303445257722274, 6.951011288747407 ], [ 100.303367830083346, 6.951260097612974 ], [ 100.303230571996153, 6.951386358828336 ], [ 100.302899744811654, 6.951501479348225 ], [ 100.302737850657522, 6.951586891346853 ], [ 100.30266746189487, 6.951627740563588 ], [ 100.302600592570343, 6.951713152562215 ], [ 100.302590034255942, 6.95183570021242 ], [ 100.302604112008467, 6.951987956383887 ], [ 100.302688578523671, 6.952136498990195 ], [ 100.302839914363389, 6.952177348206931 ], [ 100.302966614136182, 6.952218197423665 ], [ 100.303051080651372, 6.952285041596504 ], [ 100.30309331390896, 6.952448438463444 ], [ 100.303153144357225, 6.952667538807749 ], [ 100.303195377614827, 6.95277894576248 ], [ 100.303181299862288, 6.95284578993532 ], [ 100.303142586042824, 6.952901493412686 ], [ 100.303044041775109, 6.952920061238474 ], [ 100.303005327955645, 6.952975764715839 ], [ 100.303005327955645, 6.953042608888679 ], [ 100.30310387222336, 6.953180010799514 ], [ 100.303160183233487, 6.953191151494988 ], [ 100.303241130310553, 6.953217146451092 ], [ 100.303395985588409, 6.953257995667826 ], [ 100.303533243675602, 6.953380543318031 ], [ 100.303617710190792, 6.953376829752873 ], [ 100.303712735020383, 6.953350834796769 ], [ 100.303835915355037, 6.953306272014877 ], [ 100.303948537375291, 6.95331741271035 ], [ 100.304004848385418, 6.953358261927084 ], [ 100.304033003890481, 6.953428819665081 ], [ 100.304033003890481, 6.953525372359182 ], [ 100.303990770632893, 6.953566221575917 ], [ 100.303952056813429, 6.953677628530649 ], [ 100.303966134565954, 6.953703623486753 ], [ 100.304149145348873, 6.953881874614323 ], [ 100.304328636693668, 6.953974713743266 ], [ 100.304427180961383, 6.953959859482635 ], [ 100.304465894780847, 6.9539190102659 ], [ 100.304536283543513, 6.953863306788534 ], [ 100.304589075115516, 6.953848452527904 ], [ 100.304617230620579, 6.953859593223377 ], [ 100.304631308373104, 6.953941291656847 ], [ 100.304659463878167, 6.954037844350947 ], [ 100.304729852640833, 6.954119542784417 ], [ 100.304789683089098, 6.954256944695253 ], [ 100.304789683089098, 6.954435195822823 ], [ 100.304793202527222, 6.95468400468839 ], [ 100.304891746794951, 6.954791698077964 ], [ 100.30499029106268, 6.95494395424943 ], [ 100.305021966005867, 6.95510735111637 ], [ 100.305039563196544, 6.955356159981937 ], [ 100.305039563196544, 6.955493561892773 ], [ 100.305176821283723, 6.955526983979192 ], [ 100.305289443303991, 6.955649531629397 ], [ 100.305275365551452, 6.955746084323497 ], [ 100.305359832066642, 6.955827782756967 ], [ 100.305468934648772, 6.955894626929806 ], [ 100.305609712174089, 6.955976325363276 ], [ 100.305694178689279, 6.95608401875285 ], [ 100.305764567451945, 6.956195425707581 ], [ 100.305834956214611, 6.956329114053259 ], [ 100.305845514529011, 6.956789596132816 ] ] ] } },
{ "type": "Feature", "properties": { "id": null, "EL_Hash": "w1prstfxcr", "ORDERRIVER_Name_T": 4, "HY_Name_T": "คลองต่ำ", "EL_Name": "คลองต่ำtfxcr", "Lat": 6.9763165211100002, "Long": 100.396555138, "Length_km": 0.97609502815000004, "LocalName": "", "ElementA": "w1prstfxcr", "ElementB": "w1prsy7z9z", "ReLation": "FlowsTo" }, "geometry": { "type": "MultiLineString", "coordinates": [ [ [ 100.394007439761722, 6.974113377593571 ], [ 100.394039114704924, 6.974165367505778 ], [ 100.394039114704924, 6.974306482981771 ], [ 100.394017998076123, 6.974388181415241 ], [ 100.393996881447322, 6.974592427498916 ], [ 100.394017998076123, 6.974774392191645 ], [ 100.394098945153189, 6.974833809234168 ], [ 100.394324189193696, 6.974997206101107 ], [ 100.394507199976616, 6.975038055317842 ], [ 100.394567030424881, 6.9751383215771 ], [ 100.394588147053682, 6.975238587836359 ], [ 100.394647977501947, 6.97538341687751 ], [ 100.394711327388336, 6.975442833920034 ], [ 100.394771157836601, 6.975442833920034 ], [ 100.39495416861952, 6.975420552529087 ], [ 100.395098465582976, 6.975461401745822 ], [ 100.395098465582976, 6.975524532353504 ], [ 100.395077348954175, 6.975583949396027 ], [ 100.395035115696572, 6.975647080003708 ], [ 100.394915454800056, 6.975788195479701 ], [ 100.394915454800056, 6.975888461738959 ], [ 100.395038635134711, 6.976011009389164 ], [ 100.395119582211763, 6.976111275648423 ], [ 100.395281476365895, 6.976152124865157 ], [ 100.395485603777601, 6.976192974081893 ], [ 100.395767158828249, 6.976111275648423 ], [ 100.395932572420506, 6.976129843474212 ], [ 100.396094466574624, 6.976252391124416 ], [ 100.396358424434595, 6.976374938774621 ], [ 100.396784276448699, 6.976248677559258 ], [ 100.397185492395863, 6.976218969037997 ], [ 100.397460008570249, 6.976300667471467 ], [ 100.397618383286229, 6.976501199989983 ], [ 100.397861224517413, 6.976545762771876 ], [ 100.397963288223266, 6.976560617032506 ], [ 100.398251882150177, 6.976430642251986 ], [ 100.398336348665367, 6.976285813210835 ], [ 100.398723486860007, 6.976170692690946 ], [ 100.399012080786918, 6.97619668764705 ], [ 100.399268999770626, 6.976211541907681 ], [ 100.399571671450062, 6.976181833386419 ], [ 100.399627982460203, 6.97606671286653 ], [ 100.399712448975393, 6.975836471826751 ], [ 100.399786357176183, 6.975576522265711 ], [ 100.399786357176183, 6.975435406789718 ], [ 100.399800434928721, 6.97533514053046 ], [ 100.399789876614321, 6.975075190969419 ] ] ] } },
{ "type": "Feature", "properties": { "id": null, "EL_Hash": "w1prtn5czp", "ORDERRIVER_Name_T": 4, "HY_Name_T": "คลองต่ำ", "EL_Name": "คลองต่ำn5czp", "Lat": 6.97666002344, "Long": 100.420496645, "Length_km": 1.15461410411, "LocalName": "", "ElementA": "w1prtn5czp", "ElementB": "w1prtnvv0z", "ReLation": "FlowsTo" }, "geometry": { "type": "MultiLineString", "coordinates": [ [ [ 100.416964734703569, 6.974135658984517 ], [ 100.416926020884105, 6.974258206634722 ], [ 100.416887307064641, 6.974384467850084 ], [ 100.416869709873978, 6.974510729065447 ], [ 100.416869709873978, 6.974592427498916 ], [ 100.41697529301797, 6.974674125932386 ], [ 100.41705975953316, 6.974737256540067 ], [ 100.417123109419549, 6.974755824365856 ], [ 100.417267406383004, 6.974792960017433 ], [ 100.417351872898195, 6.974833809234168 ], [ 100.417563039186177, 6.974956356884372 ], [ 100.417728452778434, 6.975015773926896 ], [ 100.417816438731762, 6.975223733575728 ], [ 100.417858671989364, 6.975368562616879 ], [ 100.41788330805629, 6.975450261050349 ], [ 100.417904424685091, 6.975491110267083 ], [ 100.418101513220535, 6.975554240874765 ], [ 100.418175421421338, 6.975591376526342 ], [ 100.418361951642382, 6.975628512177919 ], [ 100.418509768043975, 6.975606230786973 ], [ 100.418654065007431, 6.975583949396027 ], [ 100.41871741489382, 6.975583949396027 ], [ 100.418882828486076, 6.975602517221815 ], [ 100.419030644887656, 6.975661934264338 ], [ 100.419132708593523, 6.975680502090127 ], [ 100.419364991510307, 6.975739919132651 ], [ 100.419509288473762, 6.975821617566121 ], [ 100.419699338132943, 6.975817904000963 ], [ 100.419864751725186, 6.975814190435806 ], [ 100.419970334869177, 6.975873607478329 ], [ 100.420097034641969, 6.975977587302745 ], [ 100.420097034641969, 6.976059285736214 ], [ 100.420037204193719, 6.97631180816694 ], [ 100.420061840260644, 6.976393506600409 ], [ 100.420188540033436, 6.976493772859667 ], [ 100.420230773291024, 6.976556903467348 ], [ 100.420332836996892, 6.976556903467348 ], [ 100.420522886656073, 6.976675737552396 ], [ 100.420565119913675, 6.976761149551023 ], [ 100.420568639351799, 6.976883697201228 ], [ 100.420547522722998, 6.976969109199856 ], [ 100.420508808903534, 6.977113938241007 ], [ 100.420427861826482, 6.977158501022899 ], [ 100.420364511940079, 6.97722163163058 ], [ 100.42018150115716, 6.977347892845943 ], [ 100.419994970936116, 6.977474154061305 ], [ 100.41991402385905, 6.977559566059933 ], [ 100.419935140487851, 6.977641264493402 ], [ 100.420019607003042, 6.97772667649203 ], [ 100.420104073518246, 6.977722962926872 ], [ 100.420163903966497, 6.97774153075266 ], [ 100.420248370481701, 6.97774153075266 ], [ 100.42037507025448, 6.977782379969396 ], [ 100.42045953676967, 6.977800947795185 ], [ 100.420544003284874, 6.977882646228654 ], [ 100.420607353171263, 6.97798662605307 ], [ 100.420607353171263, 6.978090605877487 ], [ 100.4205897559806, 6.978194585701902 ], [ 100.420547522722998, 6.978320846917265 ], [ 100.420512328341673, 6.978528806566097 ], [ 100.420512328341673, 6.978673635607248 ], [ 100.420660144743266, 6.978773901866506 ], [ 100.420702378000854, 6.978796183257453 ], [ 100.420786844516044, 6.978792469692295 ], [ 100.420850194402448, 6.97883331890903 ], [ 100.420913544288837, 6.978937298733446 ], [ 100.420959296984563, 6.979208388989959 ], [ 100.421005049680304, 6.97943491646458 ], [ 100.42105080237603, 6.979746855937829 ], [ 100.421159904958159, 6.980181343061282 ], [ 100.421124710576819, 6.98041158410106 ], [ 100.421054321814168, 6.980794081312305 ] ] ] } },
{ "type": "Feature", "properties": { "id": null, "EL_Hash": "w1prsudhmv", "ORDERRIVER_Name_T": 4, "HY_Name_T": "คลองต่ำ", "EL_Name": "คลองต่ำudhmv", "Lat": 6.9688360895099999, "Long": 100.40705228100001, "Length_km": 3.1707057054800001, "LocalName": "", "ElementA": "w1prsudhmv", "ElementB": "w1prtn5czp", "ReLation": "FlowsTo" }, "geometry": { "type": "MultiLineString", "coordinates": [ [ [ 100.39901911966318, 6.973842287337057 ], [ 100.399230285951163, 6.973935126465999 ], [ 100.399335869095154, 6.974035392725258 ], [ 100.399399218981543, 6.974013111334312 ], [ 100.399518879878073, 6.973660322644329 ], [ 100.399515360439935, 6.973411513778761 ], [ 100.399469607744209, 6.973140423522248 ], [ 100.399589268640739, 6.972783921267108 ], [ 100.399663176841528, 6.972345720578496 ], [ 100.39974412391858, 6.972115479538719 ], [ 100.39997288739724, 6.972007786149145 ], [ 100.40024036469535, 6.971922374150517 ], [ 100.400384661658805, 6.971814680760943 ], [ 100.400423375478269, 6.971647570328845 ], [ 100.400479686488396, 6.971272500247916 ], [ 100.40060286682305, 6.971231651031181 ], [ 100.400729566595842, 6.971146239032554 ], [ 100.400894980188099, 6.971101676250661 ], [ 100.401077990971004, 6.970971701470141 ], [ 100.401306754449664, 6.970782309647097 ], [ 100.401405298717378, 6.970592917824054 ], [ 100.401320832202188, 6.970429520957114 ], [ 100.401109665914205, 6.970370103914591 ], [ 100.400923135693162, 6.970247556264386 ], [ 100.400835149739834, 6.970039596615553 ], [ 100.400810513672894, 6.969731370707463 ], [ 100.400764760977168, 6.969482561841896 ], [ 100.400782358167831, 6.969230039411171 ], [ 100.400821071987295, 6.969044361153285 ], [ 100.400859785806759, 6.968918099937923 ], [ 100.400961849512626, 6.968854969330241 ], [ 100.401148379733669, 6.968851255765084 ], [ 100.401317312764064, 6.968973803415289 ], [ 100.401507362423246, 6.969114918891282 ], [ 100.401757242530692, 6.96913348671707 ], [ 100.401922656122935, 6.969129773151913 ], [ 100.402028239266926, 6.969129773151913 ], [ 100.402320352631975, 6.969144627412543 ], [ 100.402672296445274, 6.969137200282228 ], [ 100.402943293181522, 6.969092637500336 ], [ 100.40329875643296, 6.969088923935178 ], [ 100.403611986426796, 6.969185476629279 ], [ 100.403777400019052, 6.969140913847386 ], [ 100.403942813611309, 6.969055501848758 ], [ 100.404273640795807, 6.968970089850131 ], [ 100.404692453933649, 6.969066642544232 ], [ 100.404921217412294, 6.969103778195809 ], [ 100.405192214148542, 6.969267175062749 ], [ 100.405382263807724, 6.969430571929688 ], [ 100.405533599647441, 6.969593968796628 ], [ 100.405635663353294, 6.969634818013363 ], [ 100.405699013239698, 6.969567973840523 ], [ 100.405695493801559, 6.969404576973584 ], [ 100.405691974363435, 6.969196617324751 ], [ 100.405688454925297, 6.969029506892655 ], [ 100.40570605211596, 6.968862396460557 ], [ 100.405832751888752, 6.96877698446193 ], [ 100.405955932223407, 6.968836401504453 ], [ 100.406103748625, 6.968940381328869 ], [ 100.406145981882588, 6.969044361153285 ], [ 100.406230448397778, 6.969081496804862 ], [ 100.406357148170571, 6.969059215413916 ], [ 100.406895622204928, 6.968947808459185 ], [ 100.407018802539582, 6.968903245677292 ], [ 100.407099749616648, 6.968736135245194 ], [ 100.40709623017851, 6.968487326379628 ], [ 100.407261643770767, 6.968379632990054 ], [ 100.407384824105421, 6.968398200815843 ], [ 100.407490407249412, 6.968439050032577 ], [ 100.407638223651006, 6.968543029856994 ], [ 100.407764923423798, 6.968561597682782 ], [ 100.407993686902444, 6.968617301160148 ], [ 100.408159100494686, 6.968658150376883 ], [ 100.408247086448014, 6.968802979418034 ], [ 100.408373786220807, 6.968966376284973 ], [ 100.408500485993599, 6.969048074718443 ], [ 100.408644782957055, 6.969129773151913 ], [ 100.408711652281582, 6.969334019235587 ], [ 100.408715171719706, 6.969437999060004 ], [ 100.408591991385052, 6.969545692449577 ], [ 100.408489927679199, 6.969735084272621 ], [ 100.408535680374925, 6.969961611747242 ], [ 100.408683496776518, 6.970084159397446 ], [ 100.408767963291709, 6.970147290005127 ], [ 100.408891143626363, 6.970165857830916 ], [ 100.409056557218619, 6.970162144265759 ], [ 100.409285320697265, 6.970158430700601 ], [ 100.409412020470057, 6.970136149309655 ], [ 100.409535200804712, 6.970154717135443 ], [ 100.409683017206305, 6.970254983394701 ], [ 100.409873066865487, 6.970377531044906 ], [ 100.409999766638279, 6.970477797304165 ], [ 100.41016869966866, 6.970685756952997 ], [ 100.410379865956642, 6.970786023212255 ], [ 100.4105663961777, 6.970782309647097 ], [ 100.410668459883553, 6.970782309647097 ], [ 100.410816276285146, 6.970800877472886 ], [ 100.41100280650619, 6.970797163907728 ], [ 100.411150622907783, 6.970878862341198 ], [ 100.411213972794172, 6.970938279383722 ], [ 100.411298439309363, 6.971083108424873 ], [ 100.411407541891492, 6.971268786682758 ], [ 100.411492008406682, 6.971328203725282 ], [ 100.411534241664285, 6.971413615723909 ], [ 100.411618708179475, 6.971473032766433 ], [ 100.411720771885328, 6.971491600592222 ], [ 100.412093832327429, 6.971402475028436 ], [ 100.41219941547142, 6.971484173461906 ], [ 100.412326115244213, 6.97154359050443 ], [ 100.41247745108393, 6.971833248586732 ], [ 100.412561917599135, 6.972018926844617 ], [ 100.412688617371913, 6.972100625278087 ], [ 100.412854030964169, 6.972119193103876 ], [ 100.413086313880953, 6.972137760929664 ], [ 100.413251727473209, 6.972152615190295 ], [ 100.413357310617201, 6.972360574839128 ], [ 100.413360830055325, 6.972423705446809 ], [ 100.413343232864662, 6.972609383704695 ], [ 100.413427699379852, 6.972672514312376 ], [ 100.413508646456918, 6.972668800747218 ], [ 100.413631826791573, 6.972605670139536 ], [ 100.413733890497426, 6.972501690315121 ], [ 100.413797240383829, 6.97243855970744 ], [ 100.413881706899019, 6.972457127533228 ], [ 100.413923940156621, 6.972561107357644 ], [ 100.413948576223547, 6.972787634832265 ], [ 100.414033042738737, 6.972806202658053 ], [ 100.414113989815803, 6.972828484049 ], [ 100.414240689588596, 6.972806202658053 ], [ 100.414300520036846, 6.972761639876161 ], [ 100.41444833643844, 6.972757926311004 ], [ 100.414613750030696, 6.972757926311004 ], [ 100.414782683061077, 6.972921323177943 ], [ 100.41493049946267, 6.973043870828148 ], [ 100.415014965977861, 6.973103287870671 ], [ 100.415099432493051, 6.973144137087406 ], [ 100.415201496198904, 6.973162704913195 ], [ 100.415264846085307, 6.973162704913195 ], [ 100.415409143048763, 6.973158991348037 ], [ 100.415659023156209, 6.973114428566144 ], [ 100.415870189444192, 6.973255544042138 ], [ 100.415954655959382, 6.9733818052575 ], [ 100.415979292026307, 6.973589764906333 ], [ 100.415982811464445, 6.973712312556537 ], [ 100.415982811464445, 6.973816292380953 ], [ 100.416025044722048, 6.973938840031158 ], [ 100.416088394608437, 6.973961121422104 ], [ 100.416172861123627, 6.973957407856946 ], [ 100.416317158087082, 6.973957407856946 ], [ 100.416380507973486, 6.973935126465999 ], [ 100.416482571679339, 6.973890563684107 ], [ 100.41650368830814, 6.973890563684107 ], [ 100.41658815482333, 6.973849714467372 ], [ 100.416669101900396, 6.973827433076426 ], [ 100.416795801673175, 6.973823719511269 ], [ 100.416922501445967, 6.973905417944739 ], [ 100.416964734703569, 6.974135658984517 ] ] ] } },
{ "type": "Feature", "properties": { "id": null, "EL_Hash": "w1r2nm5ss8", "ORDERRIVER_Name_T": 4, "HY_Name_T": "คลองเตย", "EL_Name": "คลองเตยm5ss8", "Lat": 7.0594933595700002, "Long": 100.47497278900001, "Length_km": 3.88432417815, "LocalName": "", "ElementA": "w1r2nm5ss8", "ElementB": "w1r2nrvyv0", "ReLation": "FlowsTo" }, "geometry": { "type": "MultiLineString", "coordinates": [ [ [ 100.472818217874959, 7.045729481660161 ], [ 100.473293342022913, 7.045848315745208 ], [ 100.474201357061247, 7.045985717656044 ], [ 100.474672961771063, 7.04608969748046 ], [ 100.474912283564109, 7.046234526521611 ], [ 100.475077697156365, 7.046702435731484 ], [ 100.475060099965702, 7.047515706501024 ], [ 100.475031944460639, 7.048395821443403 ], [ 100.475285344006224, 7.049506177425561 ], [ 100.475317018949411, 7.050300880369312 ], [ 100.475190319176619, 7.050579397756141 ], [ 100.474683520085463, 7.05115128679043 ], [ 100.474394926158553, 7.051437231307574 ], [ 100.474247109756973, 7.051845723474923 ], [ 100.474285823576437, 7.052116813731436 ], [ 100.474419562225492, 7.052339627640899 ], [ 100.474627209075337, 7.052499310942681 ], [ 100.475102333223305, 7.052710984156671 ], [ 100.475299421758749, 7.052844672502349 ], [ 100.475591535123797, 7.053501973535265 ], [ 100.475760468154178, 7.053984737005768 ], [ 100.475939959498959, 7.054460073345957 ], [ 100.476020906576025, 7.054809148470782 ], [ 100.475932920622697, 7.055139655769818 ], [ 100.475366291083276, 7.056320569489973 ], [ 100.474986191764913, 7.057063282521517 ], [ 100.474894686373446, 7.057397503385711 ], [ 100.474887647497184, 7.057549759557178 ], [ 100.474965075136112, 7.057705729293802 ], [ 100.475088255470766, 7.057917402507791 ], [ 100.475334616140074, 7.058117935026308 ], [ 100.475626729505123, 7.058303613284195 ], [ 100.475809740288042, 7.058511572933027 ], [ 100.475809740288042, 7.058764095363752 ], [ 100.475623210066985, 7.05899433640353 ], [ 100.475292382882486, 7.059246858834255 ], [ 100.474958036259849, 7.059506808395295 ], [ 100.474771506038792, 7.059777898651808 ], [ 100.474722233904927, 7.06006755673411 ], [ 100.474743350533728, 7.060698862810923 ], [ 100.474662403456662, 7.061645821926141 ], [ 100.474627209075337, 7.062002324181281 ], [ 100.474680000647339, 7.062269700872637 ], [ 100.474771506038792, 7.0624925147821 ], [ 100.475193838614757, 7.063012413904181 ], [ 100.475443718722204, 7.063402338245741 ], [ 100.475517626922993, 7.063669714937097 ], [ 100.475528185237394, 7.063892528846559 ], [ 100.475471874227267, 7.064041071452869 ], [ 100.475327577263812, 7.064252744666859 ], [ 100.475021386146238, 7.064616674052315 ], [ 100.474898205811584, 7.064887764308828 ], [ 100.474894686373446, 7.065184849521446 ], [ 100.47496859457425, 7.06547079403859 ], [ 100.475070658280103, 7.065719602904157 ], [ 100.475394446588339, 7.066339768285496 ], [ 100.475672482200849, 7.067141898359563 ], [ 100.475785104221103, 7.067665511046801 ], [ 100.475897726241371, 7.067996018345839 ], [ 100.476270786683472, 7.068779580594117 ], [ 100.476464355780791, 7.069284625455566 ], [ 100.476503069600255, 7.06955571571208 ], [ 100.47644323915199, 7.069871368750486 ], [ 100.476362292074924, 7.070045906312899 ], [ 100.476115931405616, 7.070305855873939 ], [ 100.475851973545645, 7.070625222477503 ], [ 100.475644326695786, 7.071148835164741 ], [ 100.475412043779002, 7.071794995502183 ], [ 100.475176241424094, 7.072281472537845 ], [ 100.474641286827875, 7.072927632875288 ], [ 100.474225993128172, 7.073343552172952 ], [ 100.474116890546043, 7.073555225386942 ], [ 100.474057060097792, 7.073960003989133 ], [ 100.474092254479118, 7.0742088128547 ], [ 100.474204876499371, 7.07442048606869 ], [ 100.474500509302544, 7.0747621340632 ], [ 100.474669442332939, 7.07492553093014 ], [ 100.474796142105731, 7.075022083624241 ], [ 100.474873569744645, 7.075059219275817 ], [ 100.474965075136112, 7.075085214231922 ] ] ] } },
{ "type": "Feature", "properties": { "id": null, "EL_Hash": "w1r2n3f61g", "ORDERRIVER_Name_T": 4, "HY_Name_T": "คลองเตย", "EL_Name": "คลองเตย3f61g", "Lat": 7.0412274293600001, "Long": 100.473136238, "Length_km": 1.0463546942899999, "LocalName": "", "ElementA": "w1r2n3f61g", "ElementB": "w1r2nm5ss8", "ReLation": "FlowsTo" }, "geometry": { "type": "MultiLineString", "coordinates": [ [ [ 100.474704636714264, 7.037600487529916 ], [ 100.474701117276126, 7.037607914660232 ], [ 100.474324537395901, 7.038157522303575 ], [ 100.473881088191135, 7.038755406293967 ], [ 100.473789582799668, 7.039004215159534 ], [ 100.473775505047143, 7.039264164720574 ], [ 100.47382125774287, 7.039460983673933 ], [ 100.473884607629273, 7.039616953410557 ], [ 100.474057060097792, 7.039858335145809 ], [ 100.474247109756973, 7.040070008359799 ], [ 100.474296381890838, 7.040185128879688 ], [ 100.474299901328962, 7.04031139009505 ], [ 100.474250629195097, 7.040407942789152 ], [ 100.474141526612982, 7.040489641222621 ], [ 100.473909243696198, 7.040571339656091 ], [ 100.473666402465014, 7.040623329568299 ], [ 100.473388366852504, 7.040775585739766 ], [ 100.473219433822123, 7.040961263997652 ], [ 100.473152564497596, 7.041172937211641 ], [ 100.473092734049331, 7.041384610425631 ], [ 100.473103292363731, 7.041607424335094 ], [ 100.473120889554394, 7.041878514591608 ], [ 100.473363730785579, 7.042691785361148 ], [ 100.473476352805832, 7.043155981005863 ], [ 100.473539702692221, 7.043694447953732 ], [ 100.473529144377835, 7.044110367251396 ], [ 100.473444677862631, 7.044455728811064 ], [ 100.473279264270388, 7.044838226022309 ], [ 100.472951956524014, 7.045306135232181 ], [ 100.47291324270455, 7.045380406535336 ], [ 100.472881567761348, 7.045462104968806 ], [ 100.472818217874959, 7.045729481660161 ] ] ] } },
{ "type": "Feature", "properties": { "id": null, "EL_Hash": "w1pryrxf4n", "ORDERRIVER_Name_T": 4, "HY_Name_T": "คลองเตย", "EL_Name": "คลองเตยrxf4n", "Lat": 7.0288789778899998, "Long": 100.480700438, "Length_km": 3.8575409003500001, "LocalName": "", "ElementA": "w1pryrxf4n", "ElementB": "w1r2n3f61g", "ReLation": "FlowsTo" }, "geometry": { "type": "MultiLineString", "coordinates": [ [ [ 100.482577619817889, 7.016425739000609 ], [ 100.481542905006762, 7.02286877454925 ], [ 100.481437321862771, 7.025509119376387 ], [ 100.481324699842517, 7.025657661982696 ], [ 100.481331738718779, 7.025757928241954 ], [ 100.481373971976382, 7.02594360649984 ], [ 100.48146195792971, 7.026181274669934 ], [ 100.481564021635563, 7.026255545973088 ], [ 100.481694240846494, 7.026296395189823 ], [ 100.482067301288595, 7.02631867658077 ], [ 100.482271428700301, 7.026400375014239 ], [ 100.482429803416295, 7.026500641273498 ], [ 100.482450920045096, 7.026582339706968 ], [ 100.482429803416295, 7.026730882313276 ], [ 100.482204559375774, 7.026975977613685 ], [ 100.482060262412318, 7.026990831874317 ], [ 100.481775187923546, 7.02696855048337 ], [ 100.481433802424647, 7.02680515361643 ], [ 100.481176883440938, 7.026678892401068 ], [ 100.481011469848681, 7.026649183879806 ], [ 100.480888289514027, 7.026641756749491 ], [ 100.480800303560699, 7.026682605966226 ], [ 100.480740473112434, 7.026771731530011 ], [ 100.480719356483633, 7.026927701266636 ], [ 100.480719356483633, 7.027079957438102 ], [ 100.480782706370036, 7.027291630652091 ], [ 100.480997392096143, 7.027562720908605 ], [ 100.481190961193462, 7.027726117775544 ], [ 100.481366933100119, 7.02776696699228 ], [ 100.481599216016903, 7.027778107687753 ], [ 100.481761110171021, 7.027841238295434 ], [ 100.481926523763264, 7.027971213075954 ], [ 100.482141209489384, 7.028257157593099 ], [ 100.482155287241923, 7.028383418808461 ], [ 100.482162326118186, 7.028587664892135 ], [ 100.482123612298722, 7.028791910975809 ], [ 100.481993393087791, 7.028951594277592 ], [ 100.481817421181148, 7.029011011320115 ], [ 100.481708318599019, 7.029011011320115 ], [ 100.481310622089993, 7.028895890800226 ], [ 100.481088897487609, 7.028869895844122 ], [ 100.480842536818287, 7.028869895844122 ], [ 100.480575059520177, 7.028888463669911 ], [ 100.480448359747385, 7.02892188575633 ], [ 100.480346296041532, 7.02901843845043 ], [ 100.480289985031405, 7.029126131840004 ], [ 100.480275907278866, 7.029274674446313 ], [ 100.480289985031405, 7.029478920529987 ], [ 100.480332218289007, 7.029616322440823 ], [ 100.480420204242321, 7.029724015830396 ], [ 100.480536345700713, 7.029827995654813 ], [ 100.481004430972419, 7.030162216519008 ], [ 100.481317660966255, 7.030515005208991 ], [ 100.481528827254238, 7.0307601005094 ], [ 100.481708318599019, 7.031083180678122 ], [ 100.481704799160894, 7.031272572501165 ], [ 100.481588657702503, 7.031376552325582 ], [ 100.481398608043307, 7.031391406586212 ], [ 100.481032586477482, 7.031261431805692 ], [ 100.480758070303096, 7.031060899287175 ], [ 100.48051874851005, 7.031008909374967 ], [ 100.480356854355932, 7.031008909374967 ], [ 100.480092896495961, 7.031138884155487 ], [ 100.479997871666356, 7.031331989543689 ], [ 100.479656486167457, 7.031937300664397 ], [ 100.479547383585327, 7.032093270401021 ], [ 100.47952626695654, 7.032238099442172 ], [ 100.479420683812549, 7.032412637004585 ], [ 100.479258789658417, 7.032475767612266 ], [ 100.478977234607783, 7.032472054047108 ], [ 100.47885053483499, 7.032390355613638 ], [ 100.47869216011901, 7.032412637004585 ], [ 100.47864640742327, 7.032464626916793 ], [ 100.478604174165682, 7.032561179610894 ], [ 100.478618251918206, 7.032739430738464 ], [ 100.478706237871535, 7.033289038381806 ], [ 100.478815340453664, 7.033389304641064 ], [ 100.478882209778192, 7.03347843020485 ], [ 100.479051142808572, 7.033537847247374 ], [ 100.479318620106682, 7.033719811940101 ], [ 100.479476994822676, 7.033990902196614 ], [ 100.479512189204002, 7.034098595586189 ], [ 100.47951570864214, 7.034132017672608 ], [ 100.479529786394664, 7.034295414539548 ], [ 100.47952626695654, 7.034417962189752 ], [ 100.4794910725752, 7.034573931926377 ], [ 100.479420683812549, 7.034785605140367 ], [ 100.479262309096555, 7.035216378698662 ], [ 100.478832937644327, 7.035977659555994 ], [ 100.47845283832595, 7.036705518326906 ], [ 100.478350774620097, 7.036854060933216 ], [ 100.478227594285443, 7.036902337280265 ], [ 100.47812553057959, 7.036865201628689 ], [ 100.478012908559322, 7.036746367543642 ], [ 100.47766448418416, 7.036386151723343 ], [ 100.477301982056446, 7.035996227381783 ], [ 100.477020427005812, 7.035843971210316 ], [ 100.476802221841552, 7.035784554167792 ], [ 100.476559380610382, 7.035784554167792 ], [ 100.476298942188535, 7.035806835558739 ], [ 100.475866051298169, 7.035929383208943 ], [ 100.475503549170469, 7.036092780075883 ], [ 100.475306460635011, 7.036241322682192 ], [ 100.475221994119821, 7.036408433114289 ], [ 100.47512696929023, 7.03673151328301 ], [ 100.47505306108944, 7.036950613627316 ], [ 100.474704636714264, 7.037600487529916 ] ] ] } },
{ "type": "Feature", "properties": { "id": null, "EL_Hash": "w1pry7qd9c", "ORDERRIVER_Name_T": 4, "HY_Name_T": "คลองเตย", "EL_Name": "คลองเตย7qd9c", "Lat": 7.0055935610500004, "Long": 100.478978345, "Length_km": 7.9146886922400004, "LocalName": "", "ElementA": "w1pry7qd9c", "ElementB": "w1pryrxf4n", "ReLation": "FlowsTo" }, "geometry": { "type": "MultiLineString", "coordinates": [ [ [ 100.46955217928749, 6.987760729548183 ], [ 100.469675359622144, 6.988187789541321 ], [ 100.46975630669921, 6.988781959966556 ], [ 100.46993931748213, 6.989027055266965 ], [ 100.470368688934357, 6.989472683085892 ], [ 100.470776943757784, 6.990003722903445 ], [ 100.471266145658277, 6.990534762720999 ], [ 100.471674400481717, 6.990961822714137 ], [ 100.471920761151026, 6.991351747055697 ], [ 100.472205835639812, 6.991819656265569 ], [ 100.472286782716864, 6.992840886683942 ], [ 100.472346613165129, 6.993798986494633 ], [ 100.472409963051518, 6.994226046487771 ], [ 100.472346613165129, 6.994838784738795 ], [ 100.472226952268599, 6.995674336899281 ], [ 100.471938358341689, 6.996041979849895 ], [ 100.471653283852916, 6.99608282906663 ], [ 100.471287262287078, 6.996205376716834 ], [ 100.471104251504158, 6.996309356541251 ], [ 100.470959954540703, 6.996632436709972 ], [ 100.471019784988968, 6.996877532010381 ], [ 100.471223912400689, 6.997226607135207 ], [ 100.471410442621732, 6.997349154785412 ], [ 100.471734230929982, 6.997349154785412 ], [ 100.471980591599291, 6.997408571827935 ], [ 100.472226952268599, 6.99744942104467 ], [ 100.472512026757386, 6.99761281791161 ], [ 100.472754867988556, 6.997675948519291 ], [ 100.472920281580812, 6.997594250085821 ], [ 100.473022345286665, 6.997308305568676 ], [ 100.47355378044476, 6.996105110457576 ], [ 100.473983151896988, 6.995737467506962 ], [ 100.474268226385774, 6.995696618290227 ], [ 100.474500509302544, 6.995893437243586 ], [ 100.474746869971867, 6.9962610801942 ], [ 100.475098813785166, 6.9968144014027 ], [ 100.475387407712077, 6.997427139653723 ], [ 100.47557393793312, 6.997939611645489 ], [ 100.475633768381385, 6.998206988336845 ], [ 100.475676001638988, 6.998515214244935 ], [ 100.475679521077112, 6.999621856661935 ], [ 100.475619690628861, 7.000030348829284 ], [ 100.475538743551795, 7.000338574737374 ], [ 100.475373329959538, 7.000542820821049 ], [ 100.475190319176619, 7.000706217687989 ], [ 100.474947477945449, 7.000895609511033 ], [ 100.474722233904927, 7.000969880814186 ], [ 100.474352692900965, 7.001021870726395 ], [ 100.474095773917256, 7.000984735074818 ], [ 100.473944438077524, 7.000984735074818 ], [ 100.473835335495409, 7.001018157161237 ], [ 100.473726232913279, 7.001099855594707 ], [ 100.473374289099979, 7.001434076458901 ], [ 100.472835815065622, 7.001861136452039 ], [ 100.472765426302956, 7.001950262015824 ], [ 100.472726712483492, 7.002043101144767 ], [ 100.472747829112294, 7.002147080969183 ], [ 100.472807659560559, 7.002228779402653 ], [ 100.473004748096002, 7.002366181313489 ], [ 100.473325016966115, 7.002529578180428 ], [ 100.473701596846354, 7.002785814176311 ], [ 100.473849413247933, 7.002934356782619 ], [ 100.473930360324999, 7.003153457126925 ], [ 100.473986671335126, 7.003424547383438 ], [ 100.474039462907115, 7.003766195377948 ], [ 100.474053540659654, 7.004133838328563 ], [ 100.474053540659654, 7.004274953804556 ], [ 100.47402538515459, 7.004657451015801 ], [ 100.473930360324999, 7.005039948227045 ], [ 100.473891646505535, 7.005236767180405 ], [ 100.473916282572461, 7.005426159003449 ], [ 100.473993710211388, 7.005582128740072 ], [ 100.474409003911092, 7.005923776734583 ], [ 100.474753908848129, 7.00610574142731 ], [ 100.475014347269976, 7.006161444904676 ], [ 100.475292382882486, 7.006168872034992 ], [ 100.475443718722204, 7.006113168557626 ], [ 100.475647846133924, 7.005975766646791 ], [ 100.476478433533316, 7.005203345093985 ], [ 100.476872610604218, 7.00493596840263 ], [ 100.477002829815149, 7.004731722318955 ], [ 100.477041543634613, 7.004664878146116 ], [ 100.477133049026065, 7.004523762670122 ], [ 100.477805261709477, 7.004586893277803 ], [ 100.479508669765863, 7.004757717275059 ], [ 100.479586097404791, 7.00490254631621 ], [ 100.479610733471731, 7.00498424474968 ], [ 100.479561461337866, 7.005221912919774 ], [ 100.479508669765863, 7.005366741960925 ], [ 100.479350295049883, 7.005515284567234 ], [ 100.479209517524566, 7.005582128740072 ], [ 100.478920923597656, 7.005596983000704 ], [ 100.478234633161705, 7.005574701609757 ], [ 100.477974194739858, 7.005589555870388 ], [ 100.477330137561509, 7.005752952737327 ], [ 100.47715768509299, 7.005801229084378 ], [ 100.476953557681284, 7.005934917430055 ], [ 100.47662624993491, 7.006209721251727 ], [ 100.476559380610382, 7.006291419685197 ], [ 100.47651714735278, 7.006425108030874 ], [ 100.47651714735278, 7.006577364202341 ], [ 100.476619211058647, 7.006833600198223 ], [ 100.476798702403428, 7.007119544715367 ], [ 100.477020427005812, 7.007576313229767 ], [ 100.477171762845529, 7.00779912713923 ], [ 100.477273826551382, 7.007992232527432 ], [ 100.477361812504711, 7.00809249878669 ], [ 100.477499070591904, 7.008125920873109 ], [ 100.477819339462002, 7.008148202264056 ], [ 100.478097375074512, 7.008077644526059 ], [ 100.478322619115033, 7.008025654613851 ], [ 100.47845283832595, 7.007992232527432 ], [ 100.478576018660618, 7.008033081744166 ], [ 100.478649926861408, 7.008125920873109 ], [ 100.47865696573767, 7.008296744870364 ], [ 100.478526746526754, 7.008894628860757 ], [ 100.478417643944624, 7.009154578421797 ], [ 100.478357813496359, 7.009213995464321 ], [ 100.478153686084653, 7.009336543114525 ], [ 100.47790732541533, 7.009440522938942 ], [ 100.477745431261212, 7.009451663634414 ], [ 100.477537784411368, 7.009440522938942 ], [ 100.477432201267376, 7.009392246591891 ], [ 100.477122490711665, 7.009173146247585 ], [ 100.476946518805008, 7.009098874944431 ], [ 100.476851493975417, 7.009091447814116 ], [ 100.476756469145826, 7.009124869900536 ], [ 100.476696638697561, 7.009254844681055 ], [ 100.476682560945036, 7.009466517895046 ], [ 100.476735352517025, 7.009711613195455 ], [ 100.476925402176221, 7.010071829015754 ], [ 100.477178801721792, 7.010316924316163 ], [ 100.477333656999647, 7.010398622749633 ], [ 100.477527226096967, 7.010413477010264 ], [ 100.477755989575613, 7.010380054923844 ], [ 100.478069219569448, 7.010391195619317 ], [ 100.478199438780379, 7.010432044836052 ], [ 100.478287424733708, 7.010602868833307 ], [ 100.47829446360997, 7.010758838569931 ], [ 100.47822055540918, 7.010914808306556 ], [ 100.478062180693186, 7.011029928826445 ], [ 100.477851014405204, 7.01111905439023 ], [ 100.477580017668956, 7.01113390865086 ], [ 100.477178801721792, 7.011059637347707 ], [ 100.476981713186348, 7.010977938914237 ], [ 100.476742391393302, 7.01090738117624 ], [ 100.476393967018126, 7.010836823438243 ], [ 100.476105373091215, 7.01085910482919 ], [ 100.475827337478705, 7.010974225349079 ], [ 100.475704157144051, 7.011104200129599 ], [ 100.475584496247521, 7.011661234903257 ], [ 100.47547891310353, 7.011884048812719 ], [ 100.475401485464602, 7.011969460811347 ], [ 100.47532053838755, 7.011962033681032 ], [ 100.475207916367296, 7.011936038724928 ], [ 100.474972114012374, 7.011750360467042 ], [ 100.474746869971867, 7.011393858211901 ], [ 100.474518106493221, 7.011230461344962 ], [ 100.474394926158553, 7.011193325693384 ], [ 100.474289343014561, 7.011189612128226 ], [ 100.474201357061247, 7.011230461344962 ], [ 100.474123929422319, 7.011263883431381 ], [ 100.473990190773264, 7.011341868299693 ], [ 100.47339540572878, 7.011832058900512 ], [ 100.472962514838414, 7.011958320115874 ], [ 100.472554260014974, 7.01202887785387 ], [ 100.472269185526201, 7.012058586375133 ], [ 100.47208969418142, 7.012021450723555 ], [ 100.471938358341689, 7.012025164288713 ], [ 100.471794061378233, 7.012043732114502 ], [ 100.471667361605455, 7.012169993329864 ], [ 100.471586414528389, 7.012455937847008 ], [ 100.471667361605455, 7.012682465321629 ], [ 100.471836294635835, 7.013235786530129 ], [ 100.472293821593126, 7.013985926691988 ], [ 100.472765426302956, 7.014297866165236 ], [ 100.473152564497596, 7.014416700250283 ], [ 100.473430600110106, 7.01445383590186 ], [ 100.47390572425806, 7.014435268076072 ], [ 100.474201357061247, 7.014420413815441 ], [ 100.474736311657466, 7.01445383590186 ], [ 100.475482432541668, 7.014494685118596 ], [ 100.47580270141178, 7.014472403727649 ], [ 100.475890687365094, 7.014461263032176 ], [ 100.475989231632823, 7.014372137468391 ], [ 100.476179281292005, 7.014030489473881 ], [ 100.476408044770665, 7.013718550000632 ], [ 100.476545302857843, 7.013521731047273 ], [ 100.476777585774627, 7.013336052789388 ], [ 100.476953557681284, 7.013235786530129 ], [ 100.477185840598054, 7.013161515226975 ], [ 100.477477953963103, 7.013113238879924 ], [ 100.478002350244921, 7.013024113316139 ], [ 100.478308541362495, 7.012934987752354 ], [ 100.479037065056048, 7.01273074166868 ], [ 100.479216556400829, 7.012671324626156 ], [ 100.479459397632013, 7.012678751756471 ], [ 100.47980430256905, 7.01282729436278 ], [ 100.480286465593267, 7.013172655922448 ], [ 100.480846056256425, 7.013755685652209 ], [ 100.481053703106269, 7.014476117292807 ], [ 100.48099035321988, 7.015177981107616 ], [ 100.480768628617497, 7.015671885273592 ], [ 100.480761589741235, 7.015957829790736 ], [ 100.480835497942024, 7.016113799527361 ], [ 100.481029067039344, 7.016158362309254 ], [ 100.481050183668145, 7.016162075874411 ], [ 100.481863173876874, 7.016176930135042 ], [ 100.482577619817889, 7.016425739000609 ] ] ] } },
{ "type": "Feature", "properties": { "id": null, "EL_Hash": "w1prwpjrv1", "ORDERRIVER_Name_T": 4, "HY_Name_T": "คลองเตย", "EL_Name": "คลองเตยpjrv1", "Lat": 6.9831524476800002, "Long": 100.466416987, "Length_km": 1.54429565198, "LocalName": "", "ElementA": "w1prwpjrv1", "ElementB": "w1prwp9fwk", "ReLation": "FlowsTo" }, "geometry": { "type": "MultiLineString", "coordinates": [ [ [ 100.46955217928749, 6.987760729548183 ], [ 100.469323415808844, 6.987712453201134 ], [ 100.469140405025925, 6.987589905550929 ], [ 100.469017224691271, 6.9874079408582 ], [ 100.469017224691271, 6.987222262600315 ], [ 100.469038341320072, 6.987121996341056 ], [ 100.469017224691271, 6.987021730081798 ], [ 100.468957394243006, 6.986958599474117 ], [ 100.468855330537153, 6.986917750257382 ], [ 100.468732150202499, 6.986917750257382 ], [ 100.468549139419579, 6.986672654956973 ], [ 100.468383725827323, 6.986613237914449 ], [ 100.468221831673205, 6.986590956523503 ], [ 100.467996587632683, 6.986631805740237 ], [ 100.46789452392683, 6.986631805740237 ], [ 100.467609449438058, 6.986572388697714 ], [ 100.467444035845801, 6.986590956523503 ], [ 100.467158961357015, 6.986427559656563 ], [ 100.467014664393574, 6.986327293397305 ], [ 100.466954833945309, 6.986059916705949 ], [ 100.466954833945309, 6.985896519839009 ], [ 100.466873886868242, 6.985673705929546 ], [ 100.466912600687706, 6.985532590453553 ], [ 100.466997067202897, 6.985469459845872 ], [ 100.467180077985816, 6.985450892020083 ], [ 100.467261025062882, 6.985328344369878 ], [ 100.467282141691683, 6.985246645936408 ], [ 100.467137844728228, 6.984652475511174 ], [ 100.466954833945309, 6.984084300042043 ], [ 100.466750706533588, 6.983675807874694 ], [ 100.466690876085323, 6.983430712574284 ], [ 100.466609929008271, 6.983326732749869 ], [ 100.466507865302404, 6.983267315707345 ], [ 100.466423398787214, 6.983204185099664 ], [ 100.466405801596551, 6.983063069623671 ], [ 100.466363568338949, 6.983022220406935 ], [ 100.466240388004294, 6.982940521973466 ], [ 100.46611720766964, 6.982981371190201 ], [ 100.465853249809669, 6.983163335882929 ], [ 100.465504825434493, 6.983653526483748 ], [ 100.46544147554809, 6.983716657091429 ], [ 100.465300698022773, 6.983906048914473 ], [ 100.465195114878782, 6.983969179522154 ], [ 100.46511416780173, 6.983969179522154 ], [ 100.465071934544127, 6.983969179522154 ], [ 100.465008584657738, 6.98390976247963 ], [ 100.464966351400136, 6.983805782655214 ], [ 100.464857248818006, 6.983597823006382 ], [ 100.464751665674015, 6.983538405963858 ], [ 100.46460736871056, 6.983542119529016 ], [ 100.464484188375906, 6.983646099353432 ], [ 100.464241347144736, 6.983961752391838 ], [ 100.464118166810067, 6.984255124039298 ], [ 100.463938675465286, 6.984548495686758 ], [ 100.463896442207698, 6.984570777077704 ], [ 100.463790859063707, 6.984570777077704 ], [ 100.46354097895626, 6.984474224383604 ], [ 100.462953232788038, 6.984151144214882 ], [ 100.462720949871255, 6.984028596564677 ], [ 100.462555536278998, 6.984091727172358 ], [ 100.462495705830733, 6.984217988387721 ], [ 100.462499225268871, 6.984407380210764 ], [ 100.462544977964598, 6.984570777077704 ], [ 100.462464030887546, 6.984719319684013 ], [ 100.46231973392409, 6.984763882465906 ], [ 100.462129684264909, 6.984763882465906 ], [ 100.461985387301453, 6.984704465423382 ], [ 100.461879804157462, 6.984645048380859 ], [ 100.461661598993203, 6.984678470467278 ], [ 100.461552496411088, 6.984697038293066 ] ] ] } },
{ "type": "Feature", "properties": { "id": null, "EL_Hash": "w1prmt98z9", "ORDERRIVER_Name_T": 5, "HY_Name_T": "คลองทอน", "EL_Name": "คลองทอนt98z9", "Lat": 6.9297628896000001, "Long": 100.439400271, "Length_km": 0.13235715555, "LocalName": "", "ElementA": "w1prmt98z9", "ElementB": "w1prtfsqww", "ReLation": "FlowsTo" }, "geometry": { "type": "MultiLineString", "coordinates": [ [ [ 100.438999936854543, 6.929327781791492 ], [ 100.439137194941736, 6.92950974648422 ], [ 100.43933428347718, 6.929736273958841 ], [ 100.439672149537955, 6.929881103 ], [ 100.439974821217405, 6.929884816565149 ] ] ] } },
{ "type": "Feature", "properties": { "id": null, "EL_Hash": "w1prmkdy97", "ORDERRIVER_Name_T": 5, "HY_Name_T": "คลองทอน", "EL_Name": "คลองทอนkdy97", "Lat": 6.9252702191099997, "Long": 100.429856871, "Length_km": 3.5316290814000002, "LocalName": "", "ElementA": "w1prmkdy97", "ElementB": "w1prmt98z9", "ReLation": "FlowsTo" }, "geometry": { "type": "MultiLineString", "coordinates": [ [ [ 100.423102634807591, 6.916653383908201 ], [ 100.423366592667577, 6.916437997129052 ], [ 100.423609433898747, 6.916360012260741 ], [ 100.423876911196857, 6.916166906872539 ], [ 100.424200699505107, 6.915932952267603 ], [ 100.424549123880269, 6.915658148445932 ], [ 100.424647668147998, 6.915698997662667 ], [ 100.424806042863992, 6.915903243746341 ], [ 100.42497849533251, 6.916248605306009 ], [ 100.425355075212735, 6.916556831214099 ], [ 100.425777407788701, 6.916527122692838 ], [ 100.426055443401211, 6.916631102517254 ], [ 100.426136390478277, 6.916712800950724 ], [ 100.426210298679067, 6.916894765643452 ], [ 100.426143429354539, 6.917254981463751 ], [ 100.426301804070533, 6.91750007676416 ], [ 100.426572800806767, 6.917927136757298 ], [ 100.426688942265159, 6.918131382840972 ], [ 100.426706539455822, 6.9183133475337 ], [ 100.426762850465963, 6.918513880052217 ], [ 100.426900108553141, 6.918695844744946 ], [ 100.427512490788288, 6.919171181085133 ], [ 100.427765890333873, 6.919479406993224 ], [ 100.42794186224053, 6.919761637945211 ], [ 100.427959459431193, 6.919984451854673 ], [ 100.428131911899712, 6.92026668280666 ], [ 100.428350117063957, 6.920493210281281 ], [ 100.428705580315395, 6.920883134622841 ], [ 100.428800605144986, 6.921105948532304 ], [ 100.428797085706861, 6.921183933400616 ], [ 100.428652788743406, 6.921384465919133 ], [ 100.428568322228202, 6.921581284872492 ], [ 100.428501452903674, 6.921963782083737 ], [ 100.428452180769824, 6.922323997904035 ], [ 100.42848737515115, 6.922624796681811 ], [ 100.428666866495931, 6.922747344332016 ], [ 100.428807644021248, 6.92269164085465 ], [ 100.428909707727115, 6.922554238943814 ], [ 100.429050485252432, 6.922617369551495 ], [ 100.429008251994844, 6.922795620679066 ], [ 100.428818202335648, 6.923192972150941 ], [ 100.428501452903674, 6.923931971617328 ], [ 100.428578880542602, 6.924154785526791 ], [ 100.42877596907806, 6.924236483960261 ], [ 100.42895897986098, 6.924180780482895 ], [ 100.429064563004971, 6.9239431123128 ], [ 100.429229976597213, 6.923742579794284 ], [ 100.429409467942008, 6.923709157707864 ], [ 100.429645270296916, 6.923995102225009 ], [ 100.429740295126507, 6.92431818239373 ], [ 100.429796606136634, 6.924518714912247 ], [ 100.42979308669851, 6.924760096647499 ], [ 100.429764931193446, 6.925079463251063 ], [ 100.429821242203573, 6.925261427943791 ], [ 100.429997214110216, 6.925302277160525 ], [ 100.430120394444884, 6.925239146552844 ], [ 100.430194302645674, 6.925127739598112 ], [ 100.430567363087775, 6.92474152882171 ], [ 100.430753893308832, 6.9244964335213 ], [ 100.430862995890948, 6.924455584304566 ], [ 100.430961540158677, 6.924503860651616 ], [ 100.431060084426406, 6.924604126910874 ], [ 100.431088239931469, 6.924637548997294 ], [ 100.431355717229579, 6.9249532020357 ], [ 100.431802685872469, 6.925313417855999 ], [ 100.431954021712201, 6.925357980637891 ], [ 100.43209127979938, 6.925350553507576 ], [ 100.432193343505247, 6.925309704290841 ], [ 100.432819803492919, 6.924923493514438 ], [ 100.433354758089152, 6.924782378038445 ], [ 100.433544807748333, 6.92487150360223 ], [ 100.433671507521126, 6.925072036120747 ], [ 100.433858037742169, 6.925536231765461 ], [ 100.434202942679207, 6.925889020455445 ], [ 100.434371875709601, 6.926148970016485 ], [ 100.434280370318135, 6.92627151766669 ], [ 100.434283889756273, 6.926394065316894 ], [ 100.434333161890137, 6.926464623054891 ], [ 100.434519692111181, 6.926486904445838 ], [ 100.434635833569573, 6.926423773838156 ], [ 100.434801247161829, 6.926520326532257 ], [ 100.434857558171956, 6.926735713311404 ], [ 100.434829402666892, 6.927066220610442 ], [ 100.434720300084763, 6.927281607389589 ], [ 100.434463381101054, 6.927448717821687 ], [ 100.434202942679207, 6.927697526687253 ], [ 100.434171267736005, 6.92788320494514 ], [ 100.434255734251209, 6.928039174681763 ], [ 100.434540808739982, 6.928087451028814 ], [ 100.434854038733818, 6.928065169637867 ], [ 100.435146152098866, 6.928102305289444 ], [ 100.435600159618033, 6.928540505978056 ], [ 100.435755014895875, 6.928871013277092 ], [ 100.43561071793242, 6.928897008233196 ], [ 100.435487537597766, 6.928945284580247 ], [ 100.435420668273238, 6.929019555883401 ], [ 100.435441784902039, 6.929145817098764 ], [ 100.435603679056157, 6.929246083358022 ], [ 100.435983778374535, 6.929364917443069 ], [ 100.436515213532616, 6.929517173614535 ], [ 100.436779171392601, 6.9294763243978 ], [ 100.436853079593391, 6.929416907355277 ], [ 100.436976259928045, 6.929164384924552 ], [ 100.436976259928045, 6.929064118665294 ], [ 100.437004415433108, 6.928763319887518 ], [ 100.437085362510174, 6.928726184235941 ], [ 100.437162790149102, 6.928748465626888 ], [ 100.437222620597353, 6.928830164060358 ], [ 100.437359878684546, 6.929071545795609 ], [ 100.437511214524264, 6.929416907355277 ], [ 100.437609758791993, 6.929498605788747 ], [ 100.437673108678382, 6.929498605788747 ], [ 100.437771652946111, 6.92946147013717 ], [ 100.438039130244221, 6.929227515532233 ], [ 100.438422749000722, 6.929153244229079 ], [ 100.438721901242033, 6.929179239185183 ], [ 100.438999936854543, 6.929327781791492 ] ] ] } },
{ "type": "Feature", "properties": { "id": null, "EL_Hash": "w1prku4gep", "ORDERRIVER_Name_T": 4, "HY_Name_T": "คลองทอน", "EL_Name": "คลองทอนu4gep", "Lat": 6.9220292140500002, "Long": 100.40795932, "Length_km": 3.4824470756600001, "LocalName": "", "ElementA": "w1prku4gep", "ElementB": "w1prm5es76", "ReLation": "FlowsTo" }, "geometry": { "type": "MultiLineString", "coordinates": [ [ [ 100.398051274176595, 6.916382293651687 ], [ 100.398234284959514, 6.916267173131797 ], [ 100.39846304843816, 6.916137198351278 ], [ 100.398533437200825, 6.916152052611908 ], [ 100.398677734164281, 6.916423142868422 ], [ 100.398681253602405, 6.916697946690093 ], [ 100.398779797870134, 6.916798212949351 ], [ 100.399040236291981, 6.916753650167458 ], [ 100.399226766513024, 6.916738795906828 ], [ 100.399356985723955, 6.916995031902711 ], [ 100.399356985723955, 6.91737010198364 ], [ 100.399430893924745, 6.917800875541936 ], [ 100.40002215953109, 6.918257644056334 ], [ 100.400124223236958, 6.918718126135891 ], [ 100.400226286942811, 6.919219457432184 ], [ 100.400310753458001, 6.919490547688697 ], [ 100.400370583906266, 6.919776492205841 ], [ 100.400412817163868, 6.919980738289516 ], [ 100.400500803117197, 6.920051296027513 ], [ 100.400645100080652, 6.920051296027513 ], [ 100.400729566595842, 6.920222120024767 ], [ 100.401176535238733, 6.920277823502133 ], [ 100.401493284670707, 6.920749446277163 ], [ 100.401553115118972, 6.920879421057683 ], [ 100.401968408818675, 6.920879421057683 ], [ 100.402126783534655, 6.920979687316942 ], [ 100.4023555470133, 6.920979687316942 ], [ 100.402672296445274, 6.921005682273046 ], [ 100.403003123629787, 6.921091094271674 ], [ 100.403133342840704, 6.921135657053566 ], [ 100.403231887108433, 6.921091094271674 ], [ 100.403291717556698, 6.920961119491153 ], [ 100.403274120366035, 6.920790295493898 ], [ 100.403302275871098, 6.920482069585807 ], [ 100.403443053396416, 6.92044493393423 ], [ 100.403622544741197, 6.920571195149593 ], [ 100.40375980282839, 6.920652893583062 ], [ 100.404263082481407, 6.920664034278536 ], [ 100.404745245505637, 6.920712310625586 ], [ 100.405026800556286, 6.920597190105696 ], [ 100.40535410830266, 6.920422652543284 ], [ 100.405836271326891, 6.920415225412968 ], [ 100.40605799592926, 6.920359521935603 ], [ 100.406198773454591, 6.920441220369073 ], [ 100.406413459180698, 6.920745732712005 ], [ 100.406487367381501, 6.921027963663992 ], [ 100.406459211876438, 6.921310194615979 ], [ 100.4064556924383, 6.921651842610489 ], [ 100.406747805803349, 6.922038053386891 ], [ 100.407068074673447, 6.922064048342995 ], [ 100.407251085456366, 6.921948927823106 ], [ 100.407377785229158, 6.921670410436278 ], [ 100.407539679383277, 6.921610993393754 ], [ 100.407659340279807, 6.92171497321817 ], [ 100.40795497308298, 6.922023199126261 ], [ 100.408092231170158, 6.9221865959932 ], [ 100.40839138341147, 6.922212590949304 ], [ 100.408651821833317, 6.922357419990455 ], [ 100.408845390930637, 6.922624796681811 ], [ 100.408870026997562, 6.922483681205818 ], [ 100.408810196549311, 6.922379701381401 ], [ 100.408775002167971, 6.922201450253831 ], [ 100.408775002167971, 6.92213831964615 ], [ 100.408817235425573, 6.922119751820361 ], [ 100.409074154409282, 6.922346279294982 ], [ 100.409292359573527, 6.922409409902663 ], [ 100.409373306650593, 6.922353706425297 ], [ 100.409616147881778, 6.922238585905408 ], [ 100.409679497768167, 6.922116038255203 ], [ 100.409704133835092, 6.921915505736687 ], [ 100.409690056082567, 6.921655556175646 ], [ 100.409753405968956, 6.921436455831341 ], [ 100.409756925407095, 6.921317621746294 ], [ 100.409718211587631, 6.921195074096089 ], [ 100.409661900577504, 6.921094807836831 ], [ 100.409704133835092, 6.920953692360838 ], [ 100.409806197540959, 6.920853426101579 ], [ 100.409946975066276, 6.920857139666737 ], [ 100.410182777421198, 6.921042817924623 ], [ 100.41026372449825, 6.921165365574828 ], [ 100.410277802250789, 6.921306481050821 ], [ 100.410172219106798, 6.921544149220915 ], [ 100.410270763374513, 6.921688978262066 ], [ 100.410351710451579, 6.921729827478801 ], [ 100.41053120179636, 6.921625847654385 ], [ 100.410791640218207, 6.921670410436278 ], [ 100.410872587295273, 6.921651842610489 ], [ 100.410995767629927, 6.921432742266183 ], [ 100.411101350773919, 6.921154224879355 ], [ 100.411249167175498, 6.920834858275791 ], [ 100.411372347510166, 6.92073830558169 ], [ 100.411316036500025, 6.920556340888962 ], [ 100.411340672566965, 6.920374376196234 ], [ 100.411442736272818, 6.920318672718868 ], [ 100.4116433442464, 6.920262969241502 ], [ 100.41176300514293, 6.920303818458237 ], [ 100.411861549410659, 6.920407798282653 ], [ 100.412055118507965, 6.920812576884845 ], [ 100.412206454347697, 6.921295340355348 ], [ 100.412326115244213, 6.92133990313724 ], [ 100.412407062321279, 6.921221069052193 ], [ 100.412452815017005, 6.921001968707888 ], [ 100.412537281532195, 6.92082000401516 ], [ 100.412660461866849, 6.920682602104324 ], [ 100.412843472649769, 6.9205266323677 ], [ 100.412889225345495, 6.920326099849183 ], [ 100.412811797706581, 6.92010328593972 ], [ 100.412776603325241, 6.919880472030258 ], [ 100.412702695124452, 6.919497974819012 ], [ 100.412727331191377, 6.919397708559754 ], [ 100.412885705907371, 6.919464552732593 ], [ 100.413322116235861, 6.919731929423948 ], [ 100.413522724209443, 6.919776492205841 ], [ 100.41378316263129, 6.919821054987734 ], [ 100.414040081615013, 6.919947316203096 ], [ 100.414497608572304, 6.920158989417086 ], [ 100.414719333174688, 6.920181270808032 ], [ 100.415190937884518, 6.919791346466472 ], [ 100.415578076079143, 6.919497974819012 ], [ 100.415803320119664, 6.919178608215448 ], [ 100.415996889216984, 6.91864014126758 ], [ 100.416260847076956, 6.918406186662644 ] ] ] } },
{ "type": "Feature", "properties": { "id": null, "EL_Hash": "w1r2w5q1f7", "ORDERRIVER_Name_T": 6, "HY_Name_T": "คลองทอนสำโรง", "EL_Name": "คลองทอนสำโรง5q1f7", "Lat": 7.1373104045, "Long": 100.467329084, "Length_km": 3.9838558882299999, "LocalName": "", "ElementA": "w1r2w5q1f7", "ElementB": "w1r2ws383c", "ReLation": "FlowsTo" }, "geometry": { "type": "MultiLineString", "coordinates": [ [ [ 100.464998026343338, 7.126031614630655 ], [ 100.464804457246018, 7.126209865758225 ], [ 100.464572174329234, 7.126510664536 ], [ 100.464466591185243, 7.127045417918712 ], [ 100.464494746690306, 7.127661869734893 ], [ 100.464561616014834, 7.127977522773299 ], [ 100.464755185112153, 7.128412009896752 ], [ 100.46511416780173, 7.128917054758201 ], [ 100.465511864310756, 7.129477803097017 ], [ 100.465909560819796, 7.130038551435832 ], [ 100.466254465756833, 7.130227943258876 ], [ 100.466624006760796, 7.130417335081919 ], [ 100.466898522935182, 7.130569591253386 ], [ 100.467102650346888, 7.130569591253386 ], [ 100.467486269103389, 7.130499033515389 ], [ 100.468144404034277, 7.130387626560657 ], [ 100.468552658857703, 7.130413621516762 ], [ 100.469062977386997, 7.13054730986244 ], [ 100.469569776478153, 7.130944661334316 ], [ 100.470161042084513, 7.131542545324708 ], [ 100.470597452413003, 7.132144142880258 ], [ 100.470791021510323, 7.132582343568869 ], [ 100.471093693189758, 7.132935132258853 ], [ 100.471230951276951, 7.133046539213584 ], [ 100.471368209364144, 7.133484739902195 ], [ 100.471424520374271, 7.133826387896705 ], [ 100.471343573297204, 7.13429058354142 ], [ 100.471223912400689, 7.134933030313705 ], [ 100.47097755173138, 7.135330381785581 ], [ 100.470650243985006, 7.135660889084617 ], [ 100.470115289388772, 7.135987682818497 ], [ 100.46963664580268, 7.136221637423432 ], [ 100.46836612863666, 7.136362752899426 ], [ 100.468077534709749, 7.136444451332896 ], [ 100.467669279886309, 7.136774958631933 ], [ 100.467436996969539, 7.137131460887074 ], [ 100.467232869557819, 7.137473108881584 ], [ 100.467176558547692, 7.137747912703254 ], [ 100.467246947310343, 7.138033857220399 ], [ 100.467465152474603, 7.13814526417513 ], [ 100.467753746401513, 7.138156404870604 ], [ 100.468274623245193, 7.137937304526298 ], [ 100.468753266831285, 7.137632792183366 ], [ 100.469052419072597, 7.137469395316426 ], [ 100.469242468731778, 7.137484249577057 ], [ 100.469379726818971, 7.137632792183366 ], [ 100.469450115581637, 7.137907596005037 ], [ 100.469245988169916, 7.138453490083221 ], [ 100.468918680423542, 7.138988243465932 ], [ 100.468894044356617, 7.139467293371278 ], [ 100.469045380196334, 7.139834936321892 ], [ 100.46934805187577, 7.140080031622301 ], [ 100.469840773214401, 7.140106026578406 ], [ 100.470333494553032, 7.139942629711467 ], [ 100.470674880051931, 7.139872071973469 ], [ 100.470921240721239, 7.139912921190204 ], [ 100.471030343303369, 7.14005032310104 ], [ 100.471044421055907, 7.140458815268389 ], [ 100.471100732066034, 7.1409935686511 ], [ 100.471252067905752, 7.141361211601715 ], [ 100.471473792508135, 7.141717713856855 ], [ 100.471720153177444, 7.1421002110681 ], [ 100.4718855667697, 7.142207904457674 ], [ 100.472283263278726, 7.141999944808842 ], [ 100.473089214611193, 7.1415468898596 ], [ 100.473525624939697, 7.141246091081825 ], [ 100.473842374371671, 7.141231236821194 ], [ 100.474046501783391, 7.141394633688134 ], [ 100.474458276044956, 7.141665723944647 ], [ 100.475500029732331, 7.14201851263463 ], [ 100.476020906576025, 7.142252467239567 ], [ 100.476788144089028, 7.142850351229959 ], [ 100.477488512277503, 7.143503938697718 ], [ 100.477625770364696, 7.14371189834655 ], [ 100.477615212050296, 7.144105536253268 ], [ 100.477865092157742, 7.144729415199764 ] ] ] } },
{ "type": "Feature", "properties": { "id": null, "EL_Hash": "w1r2qpwnm1", "ORDERRIVER_Name_T": 6, "HY_Name_T": "คลองทอนสำโรง", "EL_Name": "คลองทอนสำโรงpwnm1", "Lat": 7.1174771978800004, "Long": 100.46744363000001, "Length_km": 2.0988548193700001, "LocalName": "", "ElementA": "w1r2qpwnm1", "ElementB": "w1r2w5q1f7", "ReLation": "FlowsTo" }, "geometry": { "type": "MultiLineString", "coordinates": [ [ [ 100.466426918225352, 7.108588999084853 ], [ 100.466669759456522, 7.108674411083481 ], [ 100.466930197878369, 7.108767250212424 ], [ 100.4670604170893, 7.108919506383891 ], [ 100.467162480795153, 7.109108898206934 ], [ 100.467285661129807, 7.109495108983337 ], [ 100.467341972139934, 7.109877606194582 ], [ 100.467422919217, 7.110193259232988 ], [ 100.467539060675392, 7.110427213837924 ], [ 100.467567216180456, 7.110624032791283 ], [ 100.467588332809257, 7.110917404438743 ], [ 100.467553138427917, 7.111322183040934 ], [ 100.467479230227127, 7.111611841123236 ], [ 100.467479230227127, 7.111838368597857 ], [ 100.467486269103389, 7.112024046855742 ], [ 100.467546099551654, 7.112295137112255 ], [ 100.467655202133784, 7.112659066497712 ], [ 100.467669279886309, 7.112893021102648 ], [ 100.467669279886309, 7.113119548577269 ], [ 100.46749682741779, 7.113832553087551 ], [ 100.467408841464461, 7.114151919691115 ], [ 100.467345491578072, 7.114556698293306 ], [ 100.467373647083136, 7.114783225767927 ], [ 100.467380685959398, 7.115058029589598 ], [ 100.467313816634871, 7.115462808191789 ], [ 100.467243427872219, 7.115826737577246 ], [ 100.467222311243418, 7.116071832877655 ], [ 100.467222311243418, 7.116272365396171 ], [ 100.46722935011968, 7.11642090800248 ], [ 100.467352530454335, 7.117011364862558 ], [ 100.467408841464461, 7.117286168684229 ], [ 100.467510905170329, 7.117839489892729 ], [ 100.467641124381245, 7.11837424327544 ], [ 100.467845251792966, 7.118938705179414 ], [ 100.467880446174291, 7.119094674916037 ], [ 100.467922679431894, 7.119347197346762 ], [ 100.467929718308156, 7.119766830209584 ], [ 100.467936757184418, 7.120134473160198 ], [ 100.467915640555631, 7.120576387413967 ], [ 100.467901562803092, 7.120821482714376 ], [ 100.467824135164165, 7.121062864449628 ], [ 100.467598891123657, 7.121460215921504 ], [ 100.467352530454335, 7.121820431741803 ], [ 100.466631045637072, 7.122759963726705 ], [ 100.466370607215225, 7.12322415937142 ], [ 100.466169999241643, 7.123963158837806 ], [ 100.465744147227539, 7.124594464914618 ], [ 100.465184556564381, 7.12522577099143 ], [ 100.4649945069052, 7.125649117419409 ], [ 100.4649945069052, 7.125883072024346 ], [ 100.464998026343338, 7.126031614630655 ] ] ] } },
{ "type": "Feature", "properties": { "id": null, "EL_Hash": "w1pmshyfe4", "ORDERRIVER_Name_T": 4, "HY_Name_T": "คลองทับโกบ", "EL_Name": "คลองทับโกบhyfe4", "Lat": 6.6183344364799996, "Long": 100.38049254400001, "Length_km": 1.3843837615300001, "LocalName": "", "ElementA": "w1pmshyfe4", "ElementB": "w1pmsm3zkv", "ReLation": "FlowsTo" }, "geometry": { "type": "MultiLineString", "coordinates": [ [ [ 100.375928086072292, 6.615646646484213 ], [ 100.376040708092546, 6.615639219353898 ], [ 100.376160368989062, 6.615687495700948 ], [ 100.376336340895719, 6.615750626308629 ], [ 100.376529909993039, 6.615880601089149 ], [ 100.376818503919949, 6.616058852216719 ], [ 100.376966320321529, 6.61627052543071 ], [ 100.377103578408722, 6.616474771514384 ], [ 100.377364016830569, 6.616649309076797 ], [ 100.377585741432952, 6.616723580379951 ], [ 100.377828582664137, 6.616853555160471 ], [ 100.377993996256379, 6.617065228374461 ], [ 100.378096059962246, 6.617314037240028 ], [ 100.378233318049425, 6.617655685234539 ], [ 100.378370576136618, 6.617774519319585 ], [ 100.378539509166998, 6.617848790622739 ], [ 100.378771792083782, 6.617908207665264 ], [ 100.37911669702082, 6.617871072013686 ], [ 100.379282110613076, 6.617744810798324 ], [ 100.37940529094773, 6.617618549582961 ], [ 100.379609418359451, 6.61755541897528 ], [ 100.380028231497278, 6.617559132540437 ], [ 100.380186606213272, 6.617570273235911 ], [ 100.380299228233525, 6.617625976713277 ], [ 100.380464641825782, 6.617826509231794 ], [ 100.380499836207107, 6.618212720008196 ], [ 100.380478719578306, 6.618561795133021 ], [ 100.380457602949519, 6.618855166780481 ], [ 100.380475200140182, 6.61903713147321 ], [ 100.380492797330845, 6.619103975646048 ], [ 100.380584302722298, 6.619185674079518 ], [ 100.380742677438292, 6.619259945382672 ], [ 100.380939765973736, 6.619282226773619 ], [ 100.381143893385456, 6.619226523296253 ], [ 100.381284670910773, 6.619189387644676 ], [ 100.381464162255568, 6.618862593910797 ], [ 100.381650692476612, 6.618706624174172 ], [ 100.381791470001929, 6.61871033773933 ], [ 100.381939286403522, 6.618803176868274 ], [ 100.381974480784848, 6.618977714430686 ], [ 100.382020233480588, 6.619066839994471 ], [ 100.382150452691505, 6.619159679123414 ], [ 100.382400332798952, 6.619237663991727 ], [ 100.382551668638669, 6.619245091122042 ], [ 100.382762834926652, 6.619386206598035 ], [ 100.382836743127456, 6.619523608508871 ], [ 100.382910651328245, 6.619623874768129 ], [ 100.383002156719698, 6.619642442593918 ], [ 100.383097181549289, 6.619627588333286 ], [ 100.383294270084747, 6.619490186422451 ], [ 100.383413930981263, 6.61942705581477 ], [ 100.383498397496467, 6.619438196510243 ], [ 100.38360046120232, 6.619519894943712 ], [ 100.38379403029964, 6.619713000331914 ], [ 100.383913691196156, 6.619805839460857 ], [ 100.38399815771136, 6.619835547982118 ], [ 100.384100221417214, 6.619809553026014 ], [ 100.384233960066268, 6.619727854592545 ], [ 100.384364179277185, 6.619746422418333 ], [ 100.384416970849188, 6.619802125895699 ], [ 100.384455684668652, 6.619909819285273 ], [ 100.384529592869441, 6.619976663458112 ], [ 100.384856900615816, 6.62002865337032 ] ] ] } },
{ "type": "Feature", "properties": { "id": null, "EL_Hash": "w1pmevpwjx", "ORDERRIVER_Name_T": 4, "HY_Name_T": "คลองทับโกบ", "EL_Name": "คลองทับโกบvpwjx", "Lat": 6.6203304870600004, "Long": 100.370648057, "Length_km": 1.90768238824, "LocalName": "", "ElementA": "w1pmevpwjx", "ElementB": "w1pmshyfe4", "ReLation": "FlowsTo" }, "geometry": { "type": "MultiLineString", "coordinates": [ [ [ 100.367766509041758, 6.62676506056642 ], [ 100.367886169938288, 6.626839331869575 ], [ 100.368118452855057, 6.626861613260521 ], [ 100.368407046781968, 6.626909889607571 ], [ 100.368530227116636, 6.626891321781783 ], [ 100.368565421497962, 6.62684675899989 ], [ 100.368604135317426, 6.626761347001263 ], [ 100.36864284913689, 6.626698216393581 ], [ 100.36871675733768, 6.626616517960112 ], [ 100.36872731565208, 6.626542246656958 ], [ 100.368663965765691, 6.626441980397699 ], [ 100.368544304869161, 6.62629343779139 ], [ 100.368431682848907, 6.626174603706343 ], [ 100.368396488467582, 6.626100332403189 ], [ 100.368403527343844, 6.626037201795508 ], [ 100.368498552173435, 6.625974071187827 ], [ 100.368611174193688, 6.625929508405934 ], [ 100.368854015424873, 6.625810674320887 ], [ 100.369012390140853, 6.625702980931313 ], [ 100.36912501216112, 6.625628709628159 ], [ 100.369163725980584, 6.625554438325004 ], [ 100.36912501216112, 6.625461599196061 ], [ 100.369100376094181, 6.625253639547229 ], [ 100.369149648228046, 6.624904564422404 ], [ 100.369251711933899, 6.624655755556836 ], [ 100.369385450582953, 6.624392092430639 ], [ 100.369554383613348, 6.624005881654236 ], [ 100.369649408442939, 6.623887047569189 ], [ 100.369818341473319, 6.623790494875088 ], [ 100.369920405179187, 6.623716223571934 ], [ 100.36994856068425, 6.623571394530783 ], [ 100.369997832818115, 6.623415424794159 ], [ 100.370156207534095, 6.62325202792722 ], [ 100.370307543373812, 6.623151761667961 ], [ 100.370392009889017, 6.623003219061652 ], [ 100.370402568203403, 6.622765550891558 ], [ 100.370356815507677, 6.62253530985178 ], [ 100.370247712925561, 6.622230797508847 ], [ 100.370110454838368, 6.622067400641908 ], [ 100.370082299333305, 6.621918858035599 ], [ 100.370064702142642, 6.621625486388139 ], [ 100.370304023935688, 6.620938476833961 ], [ 100.370490554156731, 6.620563406753032 ], [ 100.370803784150581, 6.620099211108316 ], [ 100.3713387387468, 6.619516181378555 ], [ 100.371451360767054, 6.619415915119297 ], [ 100.371553424472907, 6.619241377556884 ], [ 100.371666046493175, 6.618948005909425 ], [ 100.371641410426236, 6.618717764869646 ], [ 100.371567502225446, 6.61841696609187 ], [ 100.37148655514838, 6.618223860703669 ], [ 100.37149711346278, 6.618067890967045 ], [ 100.371571021663584, 6.617937916186525 ], [ 100.371750513008365, 6.617837649927266 ], [ 100.372021509744613, 6.617793087145374 ], [ 100.372215078841933, 6.61776709218927 ], [ 100.372394570186714, 6.617659398799696 ], [ 100.372535347712031, 6.617503429063072 ], [ 100.372591658722158, 6.61744029845539 ], [ 100.372785227819477, 6.617388308543182 ], [ 100.372971758040535, 6.617406876368971 ], [ 100.373175885452241, 6.617499715497914 ], [ 100.373270910281832, 6.617529424019176 ], [ 100.373344818482636, 6.617492288367599 ], [ 100.373372973987699, 6.617436584890233 ], [ 100.3733835323021, 6.617243479502031 ], [ 100.373309624101296, 6.616968675680361 ], [ 100.373313143539434, 6.616886977246891 ], [ 100.373341299044498, 6.616738434640582 ], [ 100.373545426456218, 6.616623314120693 ], [ 100.373834020383129, 6.616560183513012 ], [ 100.374171886443904, 6.616471057949227 ], [ 100.374460480370814, 6.616452490123438 ], [ 100.374618855086794, 6.616511907165961 ], [ 100.374766671488388, 6.616623314120693 ], [ 100.374868735194241, 6.616623314120693 ], [ 100.375122134739826, 6.616229676213974 ], [ 100.375308664960869, 6.616103414998612 ], [ 100.375555025630177, 6.615921450305884 ], [ 100.375741555851235, 6.61576548056926 ], [ 100.375928086072292, 6.615646646484213 ] ] ] } },
{ "type": "Feature", "properties": { "id": null, "EL_Hash": "w1pmeym2qj", "ORDERRIVER_Name_T": 4, "HY_Name_T": "คลองทับโกบ", "EL_Name": "คลองทับโกบym2qj", "Lat": 6.6262021971199996, "Long": 100.36758303400001, "Length_km": 0.136490976, "LocalName": "", "ElementA": "w1pmeym2qj", "ElementB": "w1pmevpwjx", "ReLation": "FlowsTo" }, "geometry": { "type": "MultiLineString", "coordinates": [ [ [ 100.367224515569276, 6.625769825104152 ], [ 100.367474395676723, 6.625881232058884 ], [ 100.367548303877513, 6.626011206839403 ], [ 100.367583498258838, 6.626178317271501 ], [ 100.367572939944438, 6.626378849790018 ], [ 100.367629250954565, 6.626583095873692 ], [ 100.367766509041758, 6.62676506056642 ] ] ] } },
{ "type": "Feature", "properties": { "id": null, "EL_Hash": "w1pmey4bmv", "ORDERRIVER_Name_T": 4, "HY_Name_T": "คลองทับโกบ", "EL_Name": "คลองทับโกบy4bmv", "Lat": 6.62482936415, "Long": 100.364132845, "Length_km": 0.81758245568, "LocalName": "", "ElementA": "w1pmey4bmv", "ElementB": "w1pmeym2qj", "ReLation": "FlowsTo" }, "geometry": { "type": "MultiLineString", "coordinates": [ [ [ 100.363370730813585, 6.62679848265284 ], [ 100.36349391114824, 6.626742779175474 ], [ 100.363680441369297, 6.626542246656958 ], [ 100.363849374399678, 6.626352854833914 ], [ 100.364035904620735, 6.626297151356548 ], [ 100.364211876527392, 6.626319432747494 ], [ 100.364454717758562, 6.626467975353803 ], [ 100.364528625959366, 6.626542246656958 ], [ 100.364630689665219, 6.626616517960112 ], [ 100.364789064381199, 6.626605377264639 ], [ 100.364862972582003, 6.626486543179592 ], [ 100.364873530896404, 6.626286010661075 ], [ 100.36465180629402, 6.625888659189199 ], [ 100.36453214539749, 6.625695553800997 ], [ 100.364349134614571, 6.625402182153538 ], [ 100.364211876527392, 6.625142232592498 ], [ 100.364137968326588, 6.624915705117877 ], [ 100.364130929450326, 6.624793157467672 ], [ 100.36416964326979, 6.624722599729676 ], [ 100.364250590346856, 6.624685464078098 ], [ 100.364454717758562, 6.624770876076726 ], [ 100.364708117304147, 6.624908277987561 ], [ 100.364873530896404, 6.625149659722813 ], [ 100.36520787751904, 6.625361332936803 ], [ 100.36548591313155, 6.625509875543112 ], [ 100.365718196048334, 6.625502448412797 ], [ 100.365876570764314, 6.625394755023223 ], [ 100.366158125814962, 6.625257353112387 ], [ 100.366372811541069, 6.625231358156283 ], [ 100.366640288839193, 6.625309343024595 ], [ 100.366862013441562, 6.625476453456693 ], [ 100.367224515569276, 6.625769825104152 ] ] ] } },
{ "type": "Feature", "properties": { "id": null, "EL_Hash": "w1pmetzmvg", "ORDERRIVER_Name_T": 4, "HY_Name_T": "คลองทับโกบ", "EL_Name": "คลองทับโกบtzmvg", "Lat": 6.6243865936499997, "Long": 100.35932593299999, "Length_km": 1.52085704443, "LocalName": "", "ElementA": "w1pmetzmvg", "ElementB": "w1pmey4bmv", "ReLation": "FlowsTo" }, "geometry": { "type": "MultiLineString", "coordinates": [ [ [ 100.354280022115944, 6.627478065076702 ], [ 100.35439968301246, 6.627359230991655 ], [ 100.354551018852177, 6.627266391862713 ], [ 100.354765704578298, 6.62722182908082 ], [ 100.355061337381471, 6.627318381774921 ], [ 100.355230270411866, 6.627355517426498 ], [ 100.355304178612656, 6.627336949600709 ], [ 100.355423839509186, 6.627229256211136 ], [ 100.355550539281964, 6.626891321781783 ], [ 100.355663161302232, 6.626549673787273 ], [ 100.355832094332612, 6.626360281964229 ], [ 100.356131246573923, 6.626059483186454 ], [ 100.356208674212851, 6.626022347534877 ], [ 100.356282582413641, 6.625948076231722 ], [ 100.356433918253359, 6.625621282497844 ], [ 100.356602851283753, 6.625283348068491 ], [ 100.35674362880907, 6.625108810506078 ], [ 100.357391205425543, 6.624544348602106 ], [ 100.357672760476191, 6.624399519560954 ], [ 100.358091573614018, 6.624236122694015 ], [ 100.358204195634286, 6.624210127737911 ], [ 100.358454075741733, 6.624221268433383 ], [ 100.358658203153439, 6.624258404084961 ], [ 100.358862330565159, 6.624418087386743 ], [ 100.35899254977609, 6.624518353646002 ], [ 100.359055899662479, 6.624555489297578 ], [ 100.359168521682733, 6.624555489297578 ], [ 100.359298740893664, 6.6244218009519 ], [ 100.359450076733381, 6.624221268433383 ], [ 100.359590854258698, 6.624072725827075 ], [ 100.35973163178403, 6.624002168089079 ], [ 100.359872409309347, 6.624002168089079 ], [ 100.3599744730152, 6.624132142869598 ], [ 100.359999109082139, 6.624362383909377 ], [ 100.359949836948275, 6.624681750512941 ], [ 100.360006147958401, 6.624919418683035 ], [ 100.360087095035468, 6.625049393463555 ], [ 100.360122289416793, 6.625290775198806 ], [ 100.360111731102393, 6.625446744935431 ], [ 100.360027264587202, 6.625665845279736 ], [ 100.360034303463465, 6.625884945624041 ], [ 100.360073017282929, 6.625940649101407 ], [ 100.360108211664254, 6.625959216927196 ], [ 100.360182119865058, 6.625933221971092 ], [ 100.36037216952424, 6.625751257278363 ], [ 100.360660763451151, 6.625587860411424 ], [ 100.361174601418568, 6.625405895718695 ], [ 100.36147375365988, 6.625342765111014 ], [ 100.3616778810716, 6.625346478676172 ], [ 100.361864411292643, 6.625394755023223 ], [ 100.362057980389963, 6.625576719715951 ], [ 100.362297302183009, 6.626074337447085 ], [ 100.362490871280329, 6.626315719182337 ], [ 100.362564779481119, 6.626397417615807 ], [ 100.362751309702176, 6.626482829614434 ], [ 100.362944878799496, 6.626519965266011 ], [ 100.363103253515476, 6.626649940046531 ], [ 100.363251069917069, 6.626787341957367 ], [ 100.363370730813585, 6.62679848265284 ] ] ] } },
{ "type": "Feature", "properties": { "id": null, "EL_Hash": "w1pmv5vc7t", "ORDERRIVER_Name_T": 4, "HY_Name_T": "คลองทำนบ", "EL_Name": "คลองทำนบ5vc7t", "Lat": 6.6565866973, "Long": 100.423088392, "Length_km": 1.0087137472200001, "LocalName": "", "ElementA": "w1pmv5vc7t", "ElementB": "w1pmvjjfkp", "ReLation": "FlowsTo" }, "geometry": { "type": "MultiLineString", "coordinates": [ [ [ 100.423574239517421, 6.653060815448222 ], [ 100.423676303223274, 6.653346759965365 ], [ 100.42390506670192, 6.653799814914607 ], [ 100.423929702768859, 6.654085759431752 ], [ 100.423901547263796, 6.654212020647114 ], [ 100.423901547263796, 6.654397698905 ], [ 100.423817080748606, 6.654497965164258 ], [ 100.423693900413937, 6.654438548121735 ], [ 100.423570720079283, 6.654293719080584 ], [ 100.423486253564093, 6.654356849688265 ], [ 100.423444020306491, 6.65447939733847 ], [ 100.423507370192894, 6.654724492638879 ], [ 100.423588317269946, 6.654910170896765 ], [ 100.423630550527548, 6.65511441698044 ], [ 100.423546084012358, 6.655340944455061 ], [ 100.42319062076092, 6.655626888972204 ], [ 100.422940740653473, 6.656035381139554 ], [ 100.422898507395871, 6.65628419000512 ], [ 100.422979454472937, 6.656429019046271 ], [ 100.42310615424573, 6.656610983739 ], [ 100.42310615424573, 6.656818943387832 ], [ 100.423021687730525, 6.656982340254771 ], [ 100.422814040880681, 6.65708260651403 ], [ 100.42235651392339, 6.657064038688241 ], [ 100.42181100101277, 6.657205154164235 ], [ 100.421666704049315, 6.657327701814439 ], [ 100.421624470791713, 6.657613646331583 ], [ 100.421726534497566, 6.657840173806204 ], [ 100.422060881120217, 6.658088982671772 ], [ 100.422226294712459, 6.658252379538711 ], [ 100.422184061454871, 6.658356359363127 ], [ 100.421997531233814, 6.658456625622385 ], [ 100.421684301239978, 6.658438057796597 ], [ 100.421455537761332, 6.658252379538711 ], [ 100.421290124169076, 6.658066701280825 ], [ 100.421145827205621, 6.658044419889879 ], [ 100.420990971927765, 6.65814097258398 ] ] ] } },
{ "type": "Feature", "properties": { "id": null, "EL_Hash": "w1pqwvscr7", "ORDERRIVER_Name_T": 4, "HY_Name_T": "คลองนบหิน", "EL_Name": "คลองนบหินvscr7", "Lat": 6.7980212573200003, "Long": 100.498784714, "Length_km": 0.33179242392000002, "LocalName": "", "ElementA": "w1pqwvscr7", "ElementB": "w1pqww65p0", "ReLation": "FlowsTo" }, "geometry": { "type": "MultiLineString", "coordinates": [ [ [ 100.500055149586572, 6.798443177807722 ], [ 100.499998838576445, 6.798458032068353 ], [ 100.499861580489252, 6.798491454154773 ], [ 100.499439247913287, 6.798272353810467 ], [ 100.499277353759169, 6.798012404249427 ], [ 100.499097862414388, 6.797952987206903 ], [ 100.498918371069607, 6.797952987206903 ], [ 100.498756476915474, 6.798034685640373 ], [ 100.498457324674177, 6.797915851555326 ], [ 100.498295430520045, 6.797637334168497 ], [ 100.49811241973714, 6.79709515365547 ], [ 100.497890695134757, 6.796976319570423 ] ] ] } },
{ "type": "Feature", "properties": { "id": null, "EL_Hash": "w1pqxnuqd6", "ORDERRIVER_Name_T": 4, "HY_Name_T": "คลองนบหิน", "EL_Name": "คลองนบหินnuqd6", "Lat": 6.80578854039, "Long": 100.50887234299999, "Length_km": 3.0848314615099999, "LocalName": "", "ElementA": "w1pqxnuqd6", "ElementB": "w1pqwvscr7", "ReLation": "FlowsTo" }, "geometry": { "type": "MultiLineString", "coordinates": [ [ [ 100.516195292864708, 6.796794354877695 ], [ 100.515984126576726, 6.796957751744634 ], [ 100.51575536309808, 6.797143430002521 ], [ 100.515424535913567, 6.797492505127346 ], [ 100.515104267043469, 6.797804444600595 ], [ 100.514903659069887, 6.797912137990169 ], [ 100.514798075925896, 6.798030972075216 ], [ 100.514783998173357, 6.798257499549836 ], [ 100.514893100755486, 6.798621428935292 ], [ 100.515040917157066, 6.79896679049496 ], [ 100.515107786481593, 6.799074483884534 ], [ 100.515311913893314, 6.799527538833775 ], [ 100.515311913893314, 6.799702076396189 ], [ 100.515287277826388, 6.799876613958602 ], [ 100.515192252996783, 6.799969453087544 ], [ 100.515072592100267, 6.800010302304279 ], [ 100.51488606187921, 6.799958312392071 ], [ 100.514657298400564, 6.799891468219232 ], [ 100.514639701209902, 6.799887754654074 ], [ 100.514541156942173, 6.799850619002497 ], [ 100.514294796272864, 6.799817196916077 ], [ 100.514108266051807, 6.79986175969797 ], [ 100.51380911381051, 6.800021442999753 ], [ 100.513612025275052, 6.800225689083427 ], [ 100.513541636512386, 6.800381658820051 ], [ 100.51350644213106, 6.80057847777341 ], [ 100.51349588381666, 6.800856995160238 ], [ 100.513502922692936, 6.80113179898191 ], [ 100.513425495054008, 6.801321190804954 ], [ 100.513256562023614, 6.801480874106735 ], [ 100.513045395735631, 6.801621989582729 ], [ 100.512784957313784, 6.801755677928407 ], [ 100.512549154958876, 6.801878225578611 ], [ 100.512376702490357, 6.801978491837869 ], [ 100.512271119346366, 6.802034195315235 ], [ 100.512162016764236, 6.802149315835124 ], [ 100.512056433620245, 6.802290431311118 ], [ 100.511852306208539, 6.802542953741843 ], [ 100.511672814863743, 6.80271006417394 ], [ 100.511444051385098, 6.802899455996983 ], [ 100.511204729592052, 6.803081420689712 ], [ 100.51100412161847, 6.803229963296021 ], [ 100.510796474768625, 6.803419355119064 ], [ 100.510676813872095, 6.803519621378323 ], [ 100.510539555784902, 6.803612460507265 ], [ 100.510430453202787, 6.803668163984631 ], [ 100.510279117363069, 6.803746148852944 ], [ 100.510131300961476, 6.803853842242517 ], [ 100.510085548265749, 6.803920686415356 ], [ 100.510064431636948, 6.803991244153353 ], [ 100.510131300961476, 6.804054374761034 ], [ 100.510226325791066, 6.804117505368716 ], [ 100.510247442419868, 6.804176922411239 ], [ 100.510187611971602, 6.804269761540182 ], [ 100.510106664894536, 6.804384882060071 ], [ 100.51006091219881, 6.804485148319329 ], [ 100.510067951075087, 6.804693107968161 ], [ 100.510057392760686, 6.804919635442782 ], [ 100.510029237255623, 6.805071891614249 ], [ 100.509955329054819, 6.805239002046346 ], [ 100.509842707034565, 6.805469243086124 ], [ 100.509730085014311, 6.805632639953064 ], [ 100.509613943555919, 6.805725479082007 ], [ 100.509413335582337, 6.805792323254845 ], [ 100.509131780531689, 6.805822031776108 ], [ 100.508910055929306, 6.805803463950319 ], [ 100.508797433909052, 6.805762614733585 ], [ 100.508649617507459, 6.805651207778853 ], [ 100.508554592677868, 6.805562082215068 ], [ 100.508529956610943, 6.80544324813002 ], [ 100.508533476049067, 6.805335554740447 ], [ 100.508547553801606, 6.805220434220558 ], [ 100.50858626762107, 6.805101600135511 ], [ 100.508688331326923, 6.804941916833728 ], [ 100.508744642337049, 6.804741384315212 ], [ 100.508723525708263, 6.80445172623291 ], [ 100.508663695259997, 6.804243766584078 ], [ 100.508568670430407, 6.804084083282295 ], [ 100.508420854028813, 6.803972676327565 ], [ 100.508361023580548, 6.803905832154725 ], [ 100.508206168302706, 6.803820420156097 ], [ 100.507945729880859, 6.803679304680104 ], [ 100.507604344381946, 6.803527048508638 ], [ 100.50744948910409, 6.803460204335799 ], [ 100.507203128434782, 6.803371078772014 ], [ 100.5070130787756, 6.803322802424963 ], [ 100.506879340126545, 6.803311661729491 ], [ 100.506699848781764, 6.803326515990121 ], [ 100.506559071256433, 6.803545616334427 ], [ 100.506552032380171, 6.803571611290531 ], [ 100.506474604741243, 6.803634741898212 ], [ 100.50637254103539, 6.803642169028527 ], [ 100.506224724633796, 6.803586465551161 ], [ 100.506164894185531, 6.803541902769269 ], [ 100.506010038907675, 6.80344163651001 ], [ 100.505777755990906, 6.803356224511383 ], [ 100.505520837007182, 6.80326338538244 ], [ 100.505232243080272, 6.803211395470232 ], [ 100.50503163510669, 6.803185400514128 ], [ 100.504778235561119, 6.803159405558024 ], [ 100.504538913768073, 6.803148264862551 ], [ 100.504109542315831, 6.803155691992866 ], [ 100.503887817713462, 6.803196541209601 ], [ 100.503676651425479, 6.80327823964307 ], [ 100.503507718395085, 6.803319088859806 ], [ 100.503328227050304, 6.803319088859806 ], [ 100.50318041064871, 6.803289380338544 ], [ 100.503113541324183, 6.803267098947598 ], [ 100.502944608293802, 6.803222536165705 ], [ 100.502786233577808, 6.803148264862551 ], [ 100.502691208748217, 6.803088847820027 ], [ 100.502564508975439, 6.803077707124555 ], [ 100.502469484145834, 6.80301829008203 ], [ 100.502335745496779, 6.802884601736353 ], [ 100.502268876172252, 6.80275834052099 ], [ 100.502145695837598, 6.802550380872158 ], [ 100.502071787636808, 6.802409265396165 ], [ 100.501959165616555, 6.80219016505186 ], [ 100.501864140786964, 6.801982205403027 ], [ 100.501797271462422, 6.801755677928407 ], [ 100.501769115957359, 6.801547718279574 ], [ 100.501755038204834, 6.801369467152004 ], [ 100.501733921576033, 6.80121349741538 ], [ 100.501684649442169, 6.801012964896863 ], [ 100.501572027421915, 6.800808718813188 ], [ 100.501448847087261, 6.800626754120461 ], [ 100.501315108438206, 6.800474497948994 ], [ 100.501125058779024, 6.800255397604689 ], [ 100.500720323393722, 6.799731784917451 ], [ 100.500621779125993, 6.799490403182198 ], [ 100.500561948677728, 6.799126473796743 ], [ 100.500403573961748, 6.798907373452437 ], [ 100.500262796436417, 6.798903659887279 ], [ 100.5001220189111, 6.798725408759709 ], [ 100.500055149586572, 6.798443177807722 ] ] ] } },
{ "type": "Feature", "properties": { "id": null, "EL_Hash": "w1pqxm6keg", "ORDERRIVER_Name_T": 4, "HY_Name_T": "คลองนบหิน", "EL_Name": "คลองนบหินm6keg", "Lat": 6.7972092909699997, "Long": 100.517173468, "Length_km": 0.24031669989000001, "LocalName": "", "ElementA": "w1pqxm6keg", "ElementB": "w1pqxnuqd6", "ReLation": "FlowsTo" }, "geometry": { "type": "MultiLineString", "coordinates": [ [ [ 100.518233047543745, 6.79734024895588 ], [ 100.518085231142152, 6.797306826869461 ], [ 100.517736806766976, 6.797321681130091 ], [ 100.517441173963803, 6.797325394695249 ], [ 100.517226488237682, 6.797243696261779 ], [ 100.516987166444636, 6.797087726525155 ], [ 100.516638742069475, 6.796872339746007 ], [ 100.51639590083829, 6.796794354877695 ], [ 100.516195292864708, 6.796794354877695 ] ] ] } },
{ "type": "Feature", "properties": { "id": null, "EL_Hash": "w1pqxmk18f", "ORDERRIVER_Name_T": 4, "HY_Name_T": "คลองนบหิน", "EL_Name": "คลองนบหินmk18f", "Lat": 6.7966900282199996, "Long": 100.51945025000001, "Length_km": 0.33745043248000001, "LocalName": "", "ElementA": "w1pqxmk18f", "ElementB": "w1pqxm6keg", "ReLation": "FlowsTo" }, "geometry": { "type": "MultiLineString", "coordinates": [ [ [ 100.520742406932598, 6.7962670286253 ], [ 100.520499565701414, 6.796252174364668 ], [ 100.520151141326252, 6.796229892973722 ], [ 100.519859027961203, 6.796229892973722 ], [ 100.519591550663094, 6.796393289840662 ], [ 100.5194331759471, 6.796727510704856 ], [ 100.51928535954552, 6.796968892440108 ], [ 100.519098829324463, 6.797154570697994 ], [ 100.51888766303648, 6.797332821825564 ], [ 100.518658899557835, 6.797373671042299 ], [ 100.518377344507201, 6.797373671042299 ], [ 100.518233047543745, 6.79734024895588 ] ] ] } },
{ "type": "Feature", "properties": { "id": null, "EL_Hash": "w1pqxmx0mc", "ORDERRIVER_Name_T": 4, "HY_Name_T": "คลองนบหิน", "EL_Name": "คลองนบหินmx0mc", "Lat": 6.7978434670899999, "Long": 100.52377591, "Length_km": 0.83861995954000002, "LocalName": "", "ElementA": "w1pqxmx0mc", "ElementB": "w1pqxmk18f", "ReLation": "FlowsTo" }, "geometry": { "type": "MultiLineString", "coordinates": [ [ [ 100.526123627838018, 6.798807107193179 ], [ 100.525968772560162, 6.798636283195924 ], [ 100.525915980988174, 6.798502594850246 ], [ 100.525873747730571, 6.79815351972542 ], [ 100.525831514472983, 6.797926992250799 ], [ 100.525764645148456, 6.797819298861225 ], [ 100.525592192679937, 6.797674469820074 ], [ 100.525363429201278, 6.797488791562189 ], [ 100.525173379542096, 6.79735510321651 ], [ 100.524891824491462, 6.797184279219255 ], [ 100.524638424945877, 6.797050590873578 ], [ 100.524490608544284, 6.797050590873578 ], [ 100.524356869895229, 6.797132289307047 ], [ 100.524279442256301, 6.797280831913357 ], [ 100.524265364503776, 6.797533354344081 ], [ 100.523945095633664, 6.797841580252172 ], [ 100.523610749011027, 6.797845293817329 ], [ 100.523290480140915, 6.797860148077961 ], [ 100.522984289023341, 6.797860148077961 ], [ 100.522727370039632, 6.797875002338591 ], [ 100.522473970494062, 6.79794184651143 ], [ 100.522301518025543, 6.797863861643118 ], [ 100.522125546118886, 6.797756168253544 ], [ 100.521910860392765, 6.797492505127346 ], [ 100.521587072084529, 6.797050590873578 ], [ 100.521386464110947, 6.7969169025279 ], [ 100.521143622879762, 6.796760932791276 ], [ 100.521076753555235, 6.796597535924336 ], [ 100.52105211748831, 6.796519551056024 ], [ 100.52094301490618, 6.796371008449715 ], [ 100.520742406932598, 6.7962670286253 ] ] ] } },
{ "type": "Feature", "properties": { "id": null, "EL_Hash": "w1pq5q3w37", "ORDERRIVER_Name_T": 4, "HY_Name_T": "คลองนางาม", "EL_Name": "คลองนางามq3w37", "Lat": 6.7151134168400004, "Long": 100.34024894300001, "Length_km": 5.7013899528199996, "LocalName": "", "ElementA": "w1pq5q3w37", "ElementB": "w1pq5zcs95", "ReLation": "FlowsTo" }, "geometry": { "type": "MultiLineString", "coordinates": [ [ [ 100.325758495485758, 6.718293301008695 ], [ 100.32627233345319, 6.717762261191141 ], [ 100.326444785921709, 6.717506025195259 ], [ 100.326487019179297, 6.7173092062419 ], [ 100.326536291313161, 6.716852437727501 ], [ 100.326592602323288, 6.716603628861933 ], [ 100.326736899286743, 6.716388242082786 ], [ 100.326923429507801, 6.716373387822155 ], [ 100.327159231862709, 6.716395669213101 ], [ 100.327373917588829, 6.716521930428463 ], [ 100.327616758820014, 6.716841297032027 ], [ 100.327789211288533, 6.717067824506648 ], [ 100.327996858138377, 6.717160663635592 ], [ 100.328102441282368, 6.71713095511433 ], [ 100.32836639914234, 6.717138382244645 ], [ 100.328651473631126, 6.717075251636964 ], [ 100.328996378568164, 6.716889573379078 ], [ 100.329123078340956, 6.71672246294698 ], [ 100.329109000588417, 6.716529357558779 ], [ 100.3289576647487, 6.716347392866051 ], [ 100.328838003852169, 6.71615428747785 ], [ 100.328809848347106, 6.715961182089648 ], [ 100.328830964975907, 6.715808925918182 ], [ 100.328985820253763, 6.715608393399665 ], [ 100.329021014635089, 6.715560117052615 ], [ 100.328999898006288, 6.715504413575249 ], [ 100.328859120480971, 6.715419001576621 ], [ 100.328637395878587, 6.71530759462189 ], [ 100.32857052655406, 6.715211041927789 ], [ 100.32857052655406, 6.715010509409272 ], [ 100.328707784641253, 6.714739419152759 ], [ 100.328908392614835, 6.714538886634243 ], [ 100.329035092387628, 6.714464615331088 ], [ 100.329299050247599, 6.714449761070457 ], [ 100.329471502716117, 6.714531459503926 ], [ 100.329742499452365, 6.714728278457286 ], [ 100.329872718663282, 6.714824831151387 ], [ 100.329999418436074, 6.714809976890756 ], [ 100.330178909780869, 6.714735705587602 ], [ 100.330537892470431, 6.714650293588974 ], [ 100.330815928082941, 6.714680002110236 ], [ 100.33110804144799, 6.714769127674021 ], [ 100.331343843802898, 6.714865680368121 ], [ 100.331899915027918, 6.71501422297443 ], [ 100.332174431202304, 6.715062499321481 ], [ 100.332719944112924, 6.715211041927789 ], [ 100.332909993772105, 6.715199901232316 ], [ 100.333121160060088, 6.715125629929162 ], [ 100.333314729157408, 6.714887961759068 ], [ 100.333349923538734, 6.71472085132697 ], [ 100.333342884662471, 6.71462429863287 ], [ 100.333216184889679, 6.714501750982665 ], [ 100.332881838267042, 6.714390344027934 ], [ 100.332635477597734, 6.714256655682256 ], [ 100.332547491644405, 6.714041268903108 ], [ 100.33259676377827, 6.713785032907226 ], [ 100.332814968942515, 6.713614208909971 ], [ 100.333085965678762, 6.713521369781027 ], [ 100.333677231285108, 6.713539937606816 ], [ 100.334261458015192, 6.713643917431233 ], [ 100.334462065988774, 6.713710761604071 ], [ 100.334634518457293, 6.713710761604071 ], [ 100.334778815420748, 6.713636490300916 ], [ 100.335162434177249, 6.71348423412945 ], [ 100.335363042150831, 6.713465666303662 ], [ 100.335581247315091, 6.713591927519024 ], [ 100.335993021576655, 6.714100685945631 ], [ 100.336147876854497, 6.714353208376356 ], [ 100.336288654379828, 6.71441262541888 ], [ 100.336454067972085, 6.714334640550568 ], [ 100.336520937296612, 6.714186097944259 ], [ 100.336492781791549, 6.713911294122588 ], [ 100.336432951343284, 6.713714475169229 ], [ 100.336492781791549, 6.713617922475128 ], [ 100.336566689992338, 6.71359935464934 ], [ 100.336770817404059, 6.713658771691863 ], [ 100.337217786046949, 6.713978138295427 ], [ 100.337467666154396, 6.714271509942886 ], [ 100.337657715813577, 6.71436434907183 ], [ 100.337886479292223, 6.714442333940141 ], [ 100.338203228724197, 6.714423766114353 ], [ 100.338502380965508, 6.714338354115726 ], [ 100.338875441407609, 6.714063550294054 ], [ 100.339132360391318, 6.713915007687746 ], [ 100.339399837689442, 6.713896439861957 ], [ 100.339794014760329, 6.7139892789909 ], [ 100.34003333655339, 6.714130394466894 ], [ 100.340107244754179, 6.714293791333833 ], [ 100.340061492058453, 6.714442333940141 ], [ 100.339906636780597, 6.714538886634243 ], [ 100.339744742626479, 6.714594590111608 ], [ 100.339487823642756, 6.714650293588974 ], [ 100.339382240498765, 6.714705997066339 ], [ 100.339322410050514, 6.714761700543705 ], [ 100.339304812859837, 6.714925097410645 ], [ 100.339371682184364, 6.715159052015581 ], [ 100.339533576338496, 6.715170192711055 ], [ 100.339790495322205, 6.715084780712427 ], [ 100.34012836138298, 6.715084780712427 ], [ 100.340367683176027, 6.715140484189793 ], [ 100.340529577330145, 6.715255604709682 ], [ 100.340740743618127, 6.715508127140406 ], [ 100.340948390467972, 6.715593539139034 ], [ 100.341275698214346, 6.715612106964823 ], [ 100.341754341800439, 6.715433855837253 ], [ 100.342039416289211, 6.715229609753578 ], [ 100.342310413025459, 6.715133057059477 ], [ 100.342482865493977, 6.715066212886638 ], [ 100.342567332009168, 6.714936238106118 ], [ 100.342567332009168, 6.714739419152759 ], [ 100.342405437855049, 6.714371776202145 ], [ 100.342109805051876, 6.71410439951079 ], [ 100.342021819098548, 6.713889012731642 ], [ 100.342042935727349, 6.713651344561548 ], [ 100.342159077185741, 6.713521369781027 ], [ 100.342338568530522, 6.71338768143535 ], [ 100.342482865493977, 6.713190862481991 ], [ 100.342479346055853, 6.713042319875682 ], [ 100.342532137627842, 6.712812078835904 ], [ 100.342606045828632, 6.712719239706961 ], [ 100.3427292261633, 6.712644968403806 ], [ 100.342866484250479, 6.712663536229595 ], [ 100.343053014471536, 6.712793511010115 ], [ 100.34317619480619, 6.713205716742621 ], [ 100.343243064130718, 6.713380254305035 ], [ 100.343408477722974, 6.713543651171974 ], [ 100.343542216372029, 6.713699620908598 ], [ 100.343654838392283, 6.713981851860584 ], [ 100.343774499288813, 6.714093258815316 ], [ 100.343932874004793, 6.714100685945631 ], [ 100.344063093215723, 6.7139892789909 ], [ 100.34410884591145, 6.713781319342067 ], [ 100.344013821081859, 6.713513942650712 ], [ 100.343968068386118, 6.713227998133568 ], [ 100.344024379396259, 6.71304603344084 ], [ 100.344246103998628, 6.712916058660319 ], [ 100.344524139611138, 6.712878923008742 ], [ 100.344840889043112, 6.712971762137685 ], [ 100.34511188577936, 6.712986616398316 ], [ 100.34523154667589, 6.712897490834531 ], [ 100.345252663304692, 6.712804651705588 ], [ 100.345185793980164, 6.712566983535494 ], [ 100.34523154667589, 6.711980240240575 ], [ 100.34537936307747, 6.7117759941569 ], [ 100.345527179479063, 6.711631165115749 ], [ 100.345843928911037, 6.711527185291333 ], [ 100.346269780925141, 6.711478908944283 ], [ 100.346428155641121, 6.711389783380498 ], [ 100.346547816537651, 6.7112226729484 ], [ 100.346547816537651, 6.711022140429884 ], [ 100.346435194517383, 6.710691633130846 ], [ 100.34633313081153, 6.710398261483387 ], [ 100.34625922261074, 6.71014945261782 ], [ 100.346266261487003, 6.709911784447725 ], [ 100.346378883507256, 6.709766955406574 ], [ 100.346674516310429, 6.709607272104793 ], [ 100.346991265742403, 6.709488438019746 ], [ 100.347399520565844, 6.709551568627427 ], [ 100.347614206291951, 6.709688970538263 ], [ 100.347726828312219, 6.709796663927836 ], [ 100.347941514038325, 6.709859794535518 ], [ 100.348166758078847, 6.709833799579414 ], [ 100.348613726721737, 6.70982265888394 ], [ 100.348930476153711, 6.709967487925091 ], [ 100.349039578735841, 6.710134598357189 ], [ 100.349173317384896, 6.710398261483387 ], [ 100.349507664007533, 6.710684206000531 ], [ 100.349806816248844, 6.710829035041682 ], [ 100.3499722298411, 6.710791899390105 ], [ 100.350049657480028, 6.710699060261162 ], [ 100.350102449052017, 6.710468819221384 ], [ 100.35021507107227, 6.710249718877078 ], [ 100.350503664999181, 6.710026904967615 ], [ 100.350640923086374, 6.709982342185723 ], [ 100.350855608812495, 6.710071467749508 ], [ 100.351031580719138, 6.71016430687845 ], [ 100.351218110940195, 6.710220010355816 ], [ 100.351313135769786, 6.71016430687845 ], [ 100.351341291274849, 6.710127171226874 ], [ 100.351341291274849, 6.709978628620565 ], [ 100.351228669254596, 6.709703824798893 ], [ 100.351066775100477, 6.709429020977223 ], [ 100.351094930605541, 6.709328754717964 ], [ 100.351179397120731, 6.709235915589021 ], [ 100.351401121723114, 6.709180212111655 ], [ 100.351552457562832, 6.709061378026608 ], [ 100.351661560144962, 6.708998247418927 ], [ 100.3520170233964, 6.709050237331136 ], [ 100.352277461818232, 6.70918763924197 ], [ 100.352502705858754, 6.709317614022491 ], [ 100.352604769564607, 6.709306473327017 ], [ 100.352724430461137, 6.709232202023864 ], [ 100.35281593585259, 6.709087372982713 ], [ 100.352928557872858, 6.7089128354203 ], [ 100.352991907759247, 6.70884599124746 ], [ 100.353086932588837, 6.708827423421672 ], [ 100.353160840789627, 6.708864559073249 ], [ 100.353227710114155, 6.708964825332508 ], [ 100.353442395840275, 6.709377031065014 ], [ 100.353544459546129, 6.709507005845534 ], [ 100.35368523707146, 6.709614699235108 ], [ 100.353826014596777, 6.709677829842789 ], [ 100.35412164739995, 6.709677829842789 ], [ 100.354280022115944, 6.709640694191212 ], [ 100.354420799641261, 6.709659262017001 ], [ 100.354494707842051, 6.709733533320155 ], [ 100.354568616042855, 6.709841226709729 ], [ 100.354663640872445, 6.709859794535518 ], [ 100.354793860083362, 6.709859794535518 ], [ 100.35499094861882, 6.709882075926464 ] ] ] } },
{ "type": "Feature", "properties": { "id": null, "EL_Hash": "w1pq4zwjun", "ORDERRIVER_Name_T": 4, "HY_Name_T": "คลองนางาม", "EL_Name": "คลองนางามzwjun", "Lat": 6.7219094177800001, "Long": 100.324574529, "Length_km": 1.6517256625000001, "LocalName": "", "ElementA": "w1pq4zwjun", "ElementB": "w1pq5q3w37", "ReLation": "FlowsTo" }, "geometry": { "type": "MultiLineString", "coordinates": [ [ [ 100.319099718538041, 6.724272140912621 ], [ 100.319184185053231, 6.724168161088205 ], [ 100.319286248759099, 6.723915638657481 ], [ 100.319398870779352, 6.723807945267906 ], [ 100.319571323247871, 6.723807945267906 ], [ 100.319786008973992, 6.723863648745272 ], [ 100.320014772452637, 6.723826513093695 ], [ 100.320148511101692, 6.723696538313175 ], [ 100.320264652560084, 6.723514573620447 ], [ 100.320482857724329, 6.72341059379603 ], [ 100.320704582326712, 6.723358603883822 ], [ 100.320862957042692, 6.72323234266846 ], [ 100.320862957042692, 6.723031810149943 ], [ 100.32094038468162, 6.722816423370796 ], [ 100.321063565016289, 6.722656740069014 ], [ 100.321369756133862, 6.722545333114282 ], [ 100.32160555848877, 6.722645599373541 ], [ 100.321827283091153, 6.722768147023745 ], [ 100.321964541178346, 6.722719870676695 ], [ 100.322119396456202, 6.722567614505229 ], [ 100.322098279827401, 6.722381936247342 ], [ 100.322098279827401, 6.722110845990829 ], [ 100.322182746342591, 6.722006866166413 ], [ 100.322312965553508, 6.721936308428416 ], [ 100.322499495774565, 6.722084851034725 ], [ 100.322647312176144, 6.722110845990829 ], [ 100.322876075654804, 6.722047715383148 ], [ 100.323048528123323, 6.721988298340625 ], [ 100.323185786210502, 6.722021720427044 ], [ 100.323333602612095, 6.722181403728825 ], [ 100.323506055080614, 6.722318805639661 ], [ 100.323713701930458, 6.722318805639661 ], [ 100.32385447945579, 6.722222252945561 ], [ 100.323963582037905, 6.722107132425672 ], [ 100.324076204058173, 6.721940021993574 ], [ 100.324241617650415, 6.721876891385893 ], [ 100.32442110899521, 6.721876891385893 ], [ 100.324949024715167, 6.721988298340625 ], [ 100.325283371337804, 6.722003152601255 ], [ 100.325586043017239, 6.721925167732944 ], [ 100.325705703913769, 6.721821187908527 ], [ 100.325790170428959, 6.721602087564222 ], [ 100.325762014923896, 6.721330997307708 ], [ 100.325635315151104, 6.721074761311826 ], [ 100.325462862682585, 6.720762821838577 ], [ 100.325455823806323, 6.720573430015534 ], [ 100.325519173692712, 6.720484304451749 ], [ 100.325617717960441, 6.720402606018279 ], [ 100.325927428516152, 6.720257776977128 ], [ 100.326261775138789, 6.720164937848185 ], [ 100.326662991085954, 6.720034963067665 ], [ 100.327004376584853, 6.719827003418833 ], [ 100.327204984558435, 6.719604189509369 ], [ 100.327303528826164, 6.719336812818014 ], [ 100.327310567702426, 6.719028586909923 ], [ 100.327240178939775, 6.718883757868772 ], [ 100.327095881976319, 6.718865190042984 ], [ 100.326817846363809, 6.718980310562873 ], [ 100.326497577493697, 6.71905086830087 ], [ 100.326089322670271, 6.718995164823504 ], [ 100.325776092676421, 6.718798345870145 ], [ 100.325645873465504, 6.71867579821994 ], [ 100.325652912341766, 6.718508687787843 ], [ 100.325758495485758, 6.718293301008695 ] ] ] } },
{ "type": "Feature", "properties": { "id": null, "EL_Hash": "w1pq68z0tv", "ORDERRIVER_Name_T": 4, "HY_Name_T": "คลองนางาม", "EL_Name": "คลองนางาม8z0tv", "Lat": 6.7278675078500001, "Long": 100.315040737, "Length_km": 1.56830883663, "LocalName": "", "ElementA": "w1pq68z0tv", "ElementB": "w1pq4zwjun", "ReLation": "FlowsTo" }, "geometry": { "type": "MultiLineString", "coordinates": [ [ [ 100.309079878173264, 6.7290255043145 ], [ 100.309227694574858, 6.728787836144406 ], [ 100.309364952662051, 6.728665288494201 ], [ 100.309551482883094, 6.728490750931789 ], [ 100.309836557371881, 6.728331067630007 ], [ 100.310184981747042, 6.728241942066221 ], [ 100.3103715119681, 6.728234514935906 ], [ 100.310920544316858, 6.728227087805591 ], [ 100.311385110150411, 6.728119394416017 ], [ 100.311670184639198, 6.7279188618975 ], [ 100.312057322833823, 6.727655198771302 ], [ 100.312342397322595, 6.727514083295309 ], [ 100.312599316306319, 6.727473234078574 ], [ 100.312764729898561, 6.72754379181657 ], [ 100.313014610006007, 6.727744324335087 ], [ 100.313130751464399, 6.7279188618975 ], [ 100.313194101350803, 6.728189952154014 ], [ 100.313278567865993, 6.728308786239061 ], [ 100.313528447973439, 6.72842390675895 ], [ 100.313665706060632, 6.72842390675895 ], [ 100.313873352910477, 6.728301359108745 ], [ 100.314014130435794, 6.728126821546333 ], [ 100.314221777285653, 6.728022841721916 ], [ 100.314665226490405, 6.727955997549078 ], [ 100.315080520190108, 6.727859444854976 ], [ 100.315372633555157, 6.72770718868351 ], [ 100.315692902425255, 6.727580927468148 ], [ 100.316238415335874, 6.727395249210262 ], [ 100.316509412072122, 6.727291269385846 ], [ 100.316622034092376, 6.727146440344695 ], [ 100.316643150721177, 6.726949621391336 ], [ 100.316523489824661, 6.726611686961983 ], [ 100.31639327061373, 6.72629232035842 ], [ 100.316463659376396, 6.726140064186954 ], [ 100.31658683971105, 6.726013802971591 ], [ 100.316755772741445, 6.725794702627286 ], [ 100.316783928246508, 6.725597883673927 ], [ 100.316921186333687, 6.725427059676671 ], [ 100.317156988688609, 6.725404778285725 ], [ 100.317406868796056, 6.725404778285725 ], [ 100.317572282388298, 6.725505044544984 ], [ 100.317751773733093, 6.725698149933184 ], [ 100.317885512382148, 6.725802129757601 ], [ 100.318043887098128, 6.725828124713705 ], [ 100.318114275860793, 6.725746426280235 ], [ 100.318107236984531, 6.725449341067618 ], [ 100.31808612035573, 6.72523395428847 ], [ 100.318114275860793, 6.724962864031957 ], [ 100.318504933493557, 6.724569226125238 ], [ 100.318747774724741, 6.724442964909876 ], [ 100.319099718538041, 6.724272140912621 ] ] ] } },
{ "type": "Feature", "properties": { "id": null, "EL_Hash": "w1pq68f69d", "ORDERRIVER_Name_T": 4, "HY_Name_T": "คลองนางาม", "EL_Name": "คลองนางาม8f69d", "Lat": 6.7281928772099997, "Long": 100.308331438, "Length_km": 0.2604252418, "LocalName": "", "ElementA": "w1pq68f69d", "ElementB": "w1pq68z0tv", "ReLation": "FlowsTo" }, "geometry": { "type": "MultiLineString", "coordinates": [ [ [ 100.307235692591561, 6.727796314247295 ], [ 100.307330717421152, 6.727881726245923 ], [ 100.307552442023535, 6.727955997549078 ], [ 100.307900866398697, 6.728026555287074 ], [ 100.30824225189761, 6.728160243632752 ], [ 100.308407665489867, 6.728219660675276 ], [ 100.308573079082109, 6.728442474584738 ], [ 100.308682181664238, 6.728713564841252 ], [ 100.308837036942094, 6.728928951620399 ], [ 100.308960217276748, 6.728999509358396 ], [ 100.309079878173264, 6.7290255043145 ] ] ] } },
{ "type": "Feature", "properties": { "id": null, "EL_Hash": "w1pq62pe8n", "ORDERRIVER_Name_T": 4, "HY_Name_T": "คลองนางาม", "EL_Name": "คลองนางาม2pe8n", "Lat": 6.72426966968, "Long": 100.304490934, "Length_km": 1.0977138100599999, "LocalName": "", "ElementA": "w1pq62pe8n", "ElementB": "w1pq68f69d", "ReLation": "FlowsTo" }, "geometry": { "type": "MultiLineString", "coordinates": [ [ [ 100.303526204799326, 6.72134585156834 ], [ 100.303772565468648, 6.721305002351604 ], [ 100.303899265241427, 6.721379273654759 ], [ 100.304015406699818, 6.721483253479175 ], [ 100.304135067596349, 6.721698640258323 ], [ 100.304177300853937, 6.721858323560104 ], [ 100.304163223101412, 6.722058856078621 ], [ 100.304085795462484, 6.722136840946933 ], [ 100.303941498499029, 6.722185117293984 ], [ 100.30364938513398, 6.72233737346545 ], [ 100.303350232892683, 6.722705016416064 ], [ 100.303216494243628, 6.723195207016883 ], [ 100.303174260986026, 6.723778236746645 ], [ 100.303244649748692, 6.724097603350208 ], [ 100.303329116263882, 6.724153306827574 ], [ 100.303480452103599, 6.724168161088205 ], [ 100.304008367823556, 6.724097603350208 ], [ 100.304180820292075, 6.724097603350208 ], [ 100.304339195008069, 6.724183015348836 ], [ 100.304638347249366, 6.724353839346091 ], [ 100.304701697135769, 6.7245023819524 ], [ 100.304624269496841, 6.724662065254181 ], [ 100.304574997362977, 6.724881165598487 ], [ 100.30460315286804, 6.7250557031609 ], [ 100.304698177697631, 6.725222813592997 ], [ 100.304845994099225, 6.725304512026467 ], [ 100.305088835330395, 6.725360215503833 ], [ 100.305532284535161, 6.725616451499715 ], [ 100.306084836322057, 6.725972953754856 ], [ 100.306605713165737, 6.726466857920832 ], [ 100.30702100686544, 6.726827073741131 ], [ 100.307144187200095, 6.727053601215752 ], [ 100.30721457596276, 6.727428671296681 ], [ 100.307228653715285, 6.727666339466776 ], [ 100.307235692591561, 6.727796314247295 ] ] ] } },
{ "type": "Feature", "properties": { "id": null, "EL_Hash": "w1pq4ruw57", "ORDERRIVER_Name_T": 4, "HY_Name_T": "คลองนางาม", "EL_Name": "คลองนางามruw57", "Lat": 6.7233074779899997, "Long": 100.30050910600001, "Length_km": 0.81435339895000003, "LocalName": "", "ElementA": "w1pq4ruw57", "ElementB": "w1pq62pe8n", "ReLation": "FlowsTo" }, "geometry": { "type": "MultiLineString", "coordinates": [ [ [ 100.297279202113174, 6.724409542823457 ], [ 100.297764884575543, 6.724049327003158 ], [ 100.298169619960845, 6.723718819704121 ], [ 100.298507486021606, 6.723566563532655 ], [ 100.298715132871465, 6.723592558488758 ], [ 100.298894624216246, 6.723648261966124 ], [ 100.299098751627966, 6.723793091007275 ], [ 100.299228970838882, 6.723830226658853 ], [ 100.2993803066786, 6.723815372398222 ], [ 100.299535161956456, 6.723748528225383 ], [ 100.299894144646032, 6.723599985619074 ], [ 100.30040798261345, 6.723406880230873 ], [ 100.300520604633718, 6.723295473276141 ], [ 100.300587473958245, 6.723087513627309 ], [ 100.300749368112363, 6.722868413283003 ], [ 100.30099924821981, 6.722675307894803 ], [ 100.301706655284548, 6.722389363377658 ], [ 100.302442217854349, 6.721962303384521 ], [ 100.303262246939354, 6.721505534870121 ], [ 100.303526204799326, 6.72134585156834 ] ] ] } },
{ "type": "Feature", "properties": { "id": null, "EL_Hash": "w1pq60z070", "ORDERRIVER_Name_T": 4, "HY_Name_T": "คลองนางาม", "EL_Name": "คลองนางาม0z070", "Lat": 6.72779900934, "Long": 100.292951789, "Length_km": 1.5113562441599999, "LocalName": "", "ElementA": "w1pq60z070", "ElementB": "w1pq4ruw57", "ReLation": "FlowsTo" }, "geometry": { "type": "MultiLineString", "coordinates": [ [ [ 100.291693853796033, 6.732787345819268 ], [ 100.291743125929898, 6.732605381126541 ], [ 100.291729048177373, 6.732330577304869 ], [ 100.291750164806174, 6.731933225832993 ], [ 100.291848709073889, 6.731810678182788 ], [ 100.291993006037345, 6.731699271228057 ], [ 100.2921478613152, 6.731643567750691 ], [ 100.292369585917584, 6.731643567750691 ], [ 100.292591310519967, 6.731669562706795 ], [ 100.29281303512235, 6.731643567750691 ], [ 100.29300660421967, 6.731547015056591 ], [ 100.293157940059388, 6.731339055407759 ], [ 100.293263523203379, 6.731075392281561 ], [ 100.29336910634737, 6.730852578372097 ], [ 100.293506364434563, 6.730715176461262 ], [ 100.293706972408145, 6.730592628811057 ], [ 100.293861827686001, 6.730410664118329 ], [ 100.293889983191065, 6.730273262207493 ], [ 100.293847749933462, 6.730091297514766 ], [ 100.29372105016067, 6.729979890560034 ], [ 100.293418378481235, 6.729868483605302 ], [ 100.293168498373788, 6.729701373173205 ], [ 100.292946773771405, 6.729459991437953 ], [ 100.292876385008739, 6.729196328311756 ], [ 100.292848229503676, 6.728836112491456 ], [ 100.292851748941814, 6.728557595104627 ], [ 100.292872865570615, 6.728115680850859 ], [ 100.292911579390079, 6.727900294071712 ], [ 100.292967890400206, 6.727755465030561 ], [ 100.293094590172984, 6.727670053031933 ], [ 100.293260003765241, 6.727491801904362 ], [ 100.293372625785494, 6.727242993038796 ], [ 100.293386703538033, 6.727075882606698 ], [ 100.293316314775367, 6.72689391791397 ], [ 100.293252964888978, 6.726741661742503 ], [ 100.293252964888978, 6.726581978440722 ], [ 100.293295198146581, 6.726533702093671 ], [ 100.293393742414295, 6.726541129223987 ], [ 100.29351692274895, 6.726507707137567 ], [ 100.293622505892941, 6.726362878096416 ], [ 100.293643622521742, 6.726173486273373 ], [ 100.293714011284408, 6.726050938623168 ], [ 100.29379495836146, 6.725995235145803 ], [ 100.293935735886791, 6.72583555184402 ], [ 100.293970930268117, 6.72549390384951 ], [ 100.294013163525719, 6.725245094983944 ], [ 100.294058916221445, 6.725174537245946 ], [ 100.294157460489174, 6.725100265942793 ], [ 100.294270082509428, 6.725085411682161 ], [ 100.294505884864336, 6.725148542289842 ], [ 100.294643142951529, 6.72528223063552 ], [ 100.294829673172586, 6.725371356199306 ], [ 100.295044358898693, 6.725337934112886 ], [ 100.295273122377338, 6.725193105071735 ], [ 100.295586352371188, 6.724851457077225 ], [ 100.295955893375151, 6.72466577881934 ], [ 100.296237448425799, 6.724658351689023 ], [ 100.296487328533246, 6.724699200905759 ], [ 100.296709053135629, 6.724688060210285 ], [ 100.297001166500664, 6.724602648211658 ], [ 100.297279202113174, 6.724409542823457 ] ] ] } },
{ "type": "Feature", "properties": { "id": null, "EL_Hash": "w1pq61ftrn", "ORDERRIVER_Name_T": 4, "HY_Name_T": "คลองนางาม", "EL_Name": "คลองนางาม1ftrn", "Lat": 6.7341807755599996, "Long": 100.28694557199999, "Length_km": 1.3165064101599999, "LocalName": "", "ElementA": "w1pq61ftrn", "ElementB": "w1pq60z070", "ReLation": "FlowsTo" }, "geometry": { "type": "MultiLineString", "coordinates": [ [ [ 100.282191370836827, 6.735245725953678 ], [ 100.282279356790156, 6.735397982125144 ], [ 100.28248700364, 6.735524243340507 ], [ 100.282902297339703, 6.735743343684812 ], [ 100.283131060818349, 6.735903026986594 ], [ 100.283542835079913, 6.736092418809637 ], [ 100.283736404177233, 6.736211252894685 ], [ 100.283922934398277, 6.736226107155315 ], [ 100.284116503495596, 6.736196398634053 ], [ 100.284394539108106, 6.7361221273309 ], [ 100.284524758319037, 6.735995866115537 ], [ 100.284602185957965, 6.735884459160805 ], [ 100.284665535844354, 6.735724775859024 ], [ 100.284757041235807, 6.735628223164922 ], [ 100.284929493704325, 6.735553951861768 ], [ 100.285186412688049, 6.735468539863141 ], [ 100.285545395377611, 6.735345992212936 ], [ 100.285767119979994, 6.735234585258205 ], [ 100.285907897505311, 6.735019198479057 ], [ 100.28600644177304, 6.734762962483174 ], [ 100.286087388850106, 6.734555002834342 ], [ 100.286214088622899, 6.734402746662876 ], [ 100.286365424462616, 6.734306193968775 ], [ 100.286727926590316, 6.734209641274674 ], [ 100.287143220290019, 6.734153937797308 ], [ 100.287491644665181, 6.734079666494154 ], [ 100.287657058257437, 6.734031390147104 ], [ 100.288177935101132, 6.733767727020906 ], [ 100.288814953403204, 6.733448360417342 ], [ 100.288948692052273, 6.733318385636822 ], [ 100.289001483624261, 6.733214405812406 ], [ 100.288941653175996, 6.732909893469473 ], [ 100.288983886433599, 6.732597953996224 ], [ 100.28910002789199, 6.732389994347392 ], [ 100.289434374514627, 6.732349145130658 ], [ 100.289656099117011, 6.732352858695815 ], [ 100.289905979224457, 6.732404848608024 ], [ 100.290176975960705, 6.732486547041494 ], [ 100.29059930853667, 6.732765064428322 ], [ 100.290965330102495, 6.732909893469473 ], [ 100.291208171333679, 6.732950742686208 ], [ 100.291556595708855, 6.732869044252738 ], [ 100.291693853796033, 6.732787345819268 ] ] ] } },
{ "type": "Feature", "properties": { "id": null, "EL_Hash": "w1pq3fnv3h", "ORDERRIVER_Name_T": 4, "HY_Name_T": "คลองนางาม", "EL_Name": "คลองนางามfnv3h", "Lat": 6.7355448104800004, "Long": 100.281534342, "Length_km": 0.19703822706, "LocalName": "", "ElementA": "w1pq3fnv3h", "ElementB": "w1pq61ftrn", "ReLation": "FlowsTo" }, "geometry": { "type": "MultiLineString", "coordinates": [ [ [ 100.281156656025715, 6.734822379525697 ], [ 100.281283355798493, 6.734826093090856 ], [ 100.281378380628098, 6.735008057783584 ], [ 100.281462847143288, 6.735342278647778 ], [ 100.281522677591539, 6.73553538403598 ], [ 100.281586027477942, 6.735591087513345 ], [ 100.281635299611807, 6.735576233252715 ], [ 100.281751441070199, 6.735479680558614 ], [ 100.281871101966715, 6.735286575170413 ], [ 100.282001321177646, 6.73516031395505 ], [ 100.282106904321637, 6.735182595345997 ], [ 100.282191370836827, 6.735245725953678 ] ] ] } },
{ "type": "Feature", "properties": { "id": null, "EL_Hash": "w1pq3cfgnn", "ORDERRIVER_Name_T": 4, "HY_Name_T": "คลองนางาม", "EL_Name": "คลองนางามcfgnn", "Lat": 6.7337956869599997, "Long": 100.27625908, "Length_km": 1.4287582565900001, "LocalName": "", "ElementA": "w1pq3cfgnn", "ElementB": "w1pq3fnv3h", "ReLation": "FlowsTo" }, "geometry": { "type": "MultiLineString", "coordinates": [ [ [ 100.271981480812869, 6.734677550484546 ], [ 100.272104661147523, 6.734540148573712 ], [ 100.272294710806705, 6.734499299356976 ], [ 100.272431968893898, 6.73444359587961 ], [ 100.272611460238679, 6.73442874161898 ], [ 100.272738160011471, 6.734373038141614 ], [ 100.272875418098664, 6.734179932753412 ], [ 100.273023234500243, 6.733938551018161 ], [ 100.273332945055955, 6.733682315022278 ], [ 100.273530033591399, 6.733626611544913 ], [ 100.273779913698846, 6.733570908067547 ], [ 100.273973482796166, 6.733585762328178 ], [ 100.274167051893485, 6.733697169282909 ], [ 100.274388776495869, 6.733986827365212 ], [ 100.274473243011059, 6.73416879205794 ], [ 100.274497879077998, 6.734439882314453 ], [ 100.274554190088125, 6.734569857094973 ], [ 100.274673850984641, 6.7345587163995 ], [ 100.274895575587024, 6.734343329620352 ], [ 100.275205286142736, 6.734038817277419 ], [ 100.275296791534188, 6.733886561105953 ], [ 100.275465724564583, 6.733422365461238 ], [ 100.275588904899237, 6.733262682159456 ], [ 100.275701526919491, 6.733225546507879 ], [ 100.27587397938801, 6.733232973638194 ], [ 100.276159053876782, 6.733318385636822 ], [ 100.276254078706387, 6.733448360417342 ], [ 100.276275195335174, 6.733648892935859 ], [ 100.276240000953848, 6.733960832409108 ], [ 100.276148495562396, 6.734191073448886 ], [ 100.276141456686119, 6.734335902490037 ], [ 100.27624703983011, 6.734621847007181 ], [ 100.276398375669842, 6.734725826831597 ], [ 100.276532114318897, 6.734807525265067 ], [ 100.276627139148488, 6.734918932219799 ], [ 100.276669372406076, 6.734989489957795 ], [ 100.276862941503396, 6.73498206282748 ], [ 100.27707058835324, 6.734859515177275 ], [ 100.2772993518319, 6.734718399701282 ], [ 100.277753359351053, 6.734566143529816 ], [ 100.277975083953436, 6.734555002834342 ], [ 100.278147536421955, 6.734618133442023 ], [ 100.278319988890473, 6.734755535352859 ], [ 100.278527635740332, 6.734937500045588 ], [ 100.278805671352842, 6.735052620565476 ], [ 100.278999240450148, 6.735115751173158 ], [ 100.27917169291868, 6.735152886824735 ], [ 100.279527156170104, 6.735282861605254 ], [ 100.279727764143701, 6.735409122820617 ], [ 100.27988613885968, 6.735464826297983 ], [ 100.280048033013799, 6.735449972037352 ], [ 100.280171213348453, 6.735345992212936 ], [ 100.280350704693248, 6.735138032564103 ], [ 100.280477404466026, 6.735026625609373 ], [ 100.280600584800695, 6.734970922132007 ], [ 100.280748401202274, 6.734952354306218 ], [ 100.280906775918268, 6.734922645784956 ], [ 100.281156656025715, 6.734822379525697 ] ] ] } },
{ "type": "Feature", "properties": { "id": null, "EL_Hash": "w1r2qvxepd", "ORDERRIVER_Name_T": 6, "HY_Name_T": "คลองนายสาม", "EL_Name": "คลองนายสามvxepd", "Lat": 7.1059381418500003, "Long": 100.502570244, "Length_km": 0.56891875166999994, "LocalName": "", "ElementA": "w1r2qvxepd", "ElementB": "w1r2x07yfh", "ReLation": "FlowsTo" }, "geometry": { "type": "MultiLineString", "coordinates": [ [ [ 100.503673131987341, 7.103657384555404 ], [ 100.503673131987341, 7.103672238816035 ], [ 100.503539393338286, 7.104262695676112 ], [ 100.503465485137497, 7.104422378977894 ], [ 100.503356382555367, 7.104556067323571 ], [ 100.503134657952984, 7.104782594798192 ], [ 100.502997399865791, 7.104990554447024 ], [ 100.502775675263422, 7.10546960435237 ], [ 100.502613781109289, 7.10585952869393 ], [ 100.502406134259445, 7.106242025905176 ], [ 100.502092904265609, 7.106761925027256 ], [ 100.501726882699771, 7.107333814061545 ], [ 100.501304550123805, 7.108017110050564 ], [ 100.501227122484877, 7.108132230570454 ] ] ] } },
{ "type": "Feature", "properties": { "id": null, "EL_Hash": "w1r2rhb8p5", "ORDERRIVER_Name_T": 6, "HY_Name_T": "คลองนายสาม", "EL_Name": "คลองนายสามhb8p5", "Lat": 7.1013060510799999, "Long": 100.503920435, "Length_km": 0.53400098452, "LocalName": "", "ElementA": "w1r2rhb8p5", "ElementB": "w1r2qvxepd", "ReLation": "FlowsTo" }, "geometry": { "type": "MultiLineString", "coordinates": [ [ [ 100.503884298275324, 7.09894487037026 ], [ 100.503792792883871, 7.099126835062988 ], [ 100.50376111794067, 7.099267950538981 ], [ 100.503757598502531, 7.09941649314529 ], [ 100.503740001311868, 7.100330030174089 ], [ 100.50373648187373, 7.100370879390823 ], [ 100.503732962435606, 7.100697673124703 ], [ 100.503775195693194, 7.10089820564322 ], [ 100.503842065017722, 7.101095024596578 ], [ 100.504000439733716, 7.101522084589716 ], [ 100.50404971186758, 7.101666913630867 ], [ 100.504053231305704, 7.101804315541703 ], [ 100.504035634115041, 7.101945431017696 ], [ 100.503986361981177, 7.102190526318105 ], [ 100.503799831760134, 7.103055786999853 ], [ 100.503673131987341, 7.103657384555404 ] ] ] } },
{ "type": "Feature", "properties": { "id": null, "EL_Hash": "w1r2r5c91v", "ORDERRIVER_Name_T": 4, "HY_Name_T": "คลองนายสาม", "EL_Name": "คลองนายสาม5c91v", "Lat": 7.0959971244200002, "Long": 100.50506488000001, "Length_km": 0.71278698118999995, "LocalName": "", "ElementA": "w1r2r5c91v", "ElementB": "w1r2rhb8p5", "ReLation": "FlowsTo" }, "geometry": { "type": "MultiLineString", "coordinates": [ [ [ 100.505105543307494, 7.09277663864329 ], [ 100.505123140498156, 7.093426512545891 ], [ 100.505137218250681, 7.094369758095951 ], [ 100.505112582183756, 7.09554324468579 ], [ 100.505070348926154, 7.095955450418296 ], [ 100.504936610277099, 7.096765007622679 ], [ 100.504823988256845, 7.097240343962867 ], [ 100.504750080056056, 7.097492866393592 ], [ 100.50467969129339, 7.097633981869585 ], [ 100.504563549834998, 7.097819660127471 ], [ 100.504232722650499, 7.098354413510183 ], [ 100.503884298275324, 7.09894487037026 ] ] ] } },
{ "type": "Feature", "properties": { "id": null, "EL_Hash": "w1r2r1f7vh", "ORDERRIVER_Name_T": 4, "HY_Name_T": "คลองนายสาม", "EL_Name": "คลองนายสาม1f7vh", "Lat": 7.0854771207800002, "Long": 100.506241606, "Length_km": 1.7240904806799999, "LocalName": "", "ElementA": "w1r2r1f7vh", "ElementB": "w1r2r5c91v", "ReLation": "FlowsTo" }, "geometry": { "type": "MultiLineString", "coordinates": [ [ [ 100.505904455763684, 7.077866674535053 ], [ 100.50586574194422, 7.078044925662623 ], [ 100.50582702812477, 7.078382860091976 ], [ 100.505686250599439, 7.079745738504858 ], [ 100.505580667455447, 7.080755828227757 ], [ 100.505453967682655, 7.082408364722942 ], [ 100.505401176110666, 7.083214208362167 ], [ 100.505446928806393, 7.083455590097418 ], [ 100.505552511950384, 7.083722966788773 ], [ 100.505679211723177, 7.084068328348442 ], [ 100.505844625315433, 7.084424830603583 ], [ 100.506048752727139, 7.084907594074086 ], [ 100.506203608004995, 7.085290091285331 ], [ 100.506238802386335, 7.08540521180522 ], [ 100.506242321824459, 7.085472055978059 ], [ 100.506228244071934, 7.085743146234572 ], [ 100.506196569128733, 7.086207341879287 ], [ 100.50617897193807, 7.086638115437582 ], [ 100.506150816433006, 7.087102311082297 ], [ 100.506136738680468, 7.087566506727012 ], [ 100.506129699804205, 7.087670486551428 ], [ 100.506112102613542, 7.087737330724267 ], [ 100.506087466546603, 7.087774466375844 ], [ 100.506052272165277, 7.087804174897106 ], [ 100.506013558345813, 7.08783016985321 ], [ 100.505974844526349, 7.08784502411384 ], [ 100.505742561609566, 7.08792672254731 ], [ 100.505647536779975, 7.087978712459519 ], [ 100.505605303522387, 7.088038129502042 ], [ 100.50558770633171, 7.08809011941425 ], [ 100.505580667455447, 7.088168104282563 ], [ 100.505584186893586, 7.088216380629612 ], [ 100.505594745207986, 7.088621159231804 ], [ 100.50559826464611, 7.089037078529469 ], [ 100.505573628579185, 7.089141058353884 ], [ 100.505527875883459, 7.089267319569247 ], [ 100.505397656672528, 7.089553264086391 ], [ 100.505242801394672, 7.089813213647432 ], [ 100.504985882410963, 7.090266268596673 ], [ 100.504922532524574, 7.090429665463613 ], [ 100.504897896457635, 7.090511363897082 ], [ 100.504908454772035, 7.090682187894338 ], [ 100.504940129715237, 7.09093842389022 ], [ 100.505028115668566, 7.091317207536307 ], [ 100.50507738780243, 7.091673709791448 ], [ 100.505091465554955, 7.092004217090485 ], [ 100.505105543307494, 7.09277663864329 ], [ 100.505105543307494, 7.09277663864329 ] ] ] } },
{ "type": "Feature", "properties": { "id": null, "EL_Hash": "w1r2qbr0p6", "ORDERRIVER_Name_T": 4, "HY_Name_T": "คลองนายสาม", "EL_Name": "คลองนายสามbr0p6", "Lat": 7.0765828517299996, "Long": 100.501869426, "Length_km": 1.0557045620600001, "LocalName": "", "ElementA": "w1r2qbr0p6", "ElementB": "w1r2r1f7vh", "ReLation": "FlowsTo" }, "geometry": { "type": "MultiLineString", "coordinates": [ [ [ 100.497091782678552, 7.076589208120797 ], [ 100.497535231883319, 7.076589208120797 ], [ 100.499118979043189, 7.076570640295009 ], [ 100.504591705340061, 7.076596635251113 ], [ 100.505154815441358, 7.076678333684583 ], [ 100.505485642625857, 7.076838016986365 ], [ 100.505672172846914, 7.077123961503509 ], [ 100.505904455763684, 7.077866674535053 ] ] ] } },
{ "type": "Feature", "properties": { "id": null, "EL_Hash": "w1r2qb4f2v", "ORDERRIVER_Name_T": 4, "HY_Name_T": "คลองนายสาม", "EL_Name": "คลองนายสามb4f2v", "Lat": 7.0756105333899999, "Long": 100.49575439500001, "Length_km": 0.40009201638000003, "LocalName": "", "ElementA": "w1r2qb4f2v", "ElementB": "w1r2qbr0p6", "ReLation": "FlowsTo" }, "geometry": { "type": "MultiLineString", "coordinates": [ [ [ 100.4949554837318, 7.074008280336184 ], [ 100.494966042046187, 7.074219953550173 ], [ 100.495314466421362, 7.074773274758673 ], [ 100.495923329218385, 7.075935620653039 ], [ 100.496285831346086, 7.076422097688701 ], [ 100.496732799988976, 7.076592921685956 ], [ 100.497091782678552, 7.076589208120797 ] ] ] } },
{ "type": "Feature", "properties": { "id": null, "EL_Hash": "w1r2nz6xdq", "ORDERRIVER_Name_T": 4, "HY_Name_T": "คลองนายสาม", "EL_Name": "คลองนายสามz6xdq", "Lat": 7.0723999970499998, "Long": 100.495477682, "Length_km": 0.37817385454000002, "LocalName": "", "ElementA": "w1r2nz6xdq", "ElementB": "w1r2qb4f2v", "ReLation": "FlowsTo" }, "geometry": { "type": "MultiLineString", "coordinates": [ [ [ 100.49416009071372, 7.071999241585858 ], [ 100.494441645764368, 7.072017809411647 ], [ 100.494786550701406, 7.071999241585858 ], [ 100.495282791478161, 7.071921256717546 ], [ 100.495476360575481, 7.072054945063224 ], [ 100.495476360575481, 7.07241887444868 ], [ 100.495346141364564, 7.072801371659925 ], [ 100.495229999906172, 7.073239572348536 ], [ 100.495099780695256, 7.07360721529915 ], [ 100.4949449254174, 7.073874591990506 ], [ 100.4949554837318, 7.074008280336184 ] ] ] } },
{ "type": "Feature", "properties": { "id": null, "EL_Hash": "w1r2nz0vnu", "ORDERRIVER_Name_T": 4, "HY_Name_T": "คลองนายสาม", "EL_Name": "คลองนายสามz0vnu", "Lat": 7.0705866880699997, "Long": 100.49326812299999, "Length_km": 0.41822149588000002, "LocalName": "", "ElementA": "w1r2nz0vnu", "ElementB": "w1r2nz6xdq", "ReLation": "FlowsTo" }, "geometry": { "type": "MultiLineString", "coordinates": [ [ [ 100.493811666338559, 7.069552002146922 ], [ 100.493684966565766, 7.069552002146922 ], [ 100.49316760916021, 7.069552002146922 ], [ 100.492921248490902, 7.069785956751859 ], [ 100.492921248490902, 7.07001248422648 ], [ 100.493037389949279, 7.07032071013457 ], [ 100.493269672866063, 7.070588086825925 ], [ 100.49332598387619, 7.070952016211382 ], [ 100.493403411515118, 7.071256528554315 ], [ 100.493480839154046, 7.071561040897247 ], [ 100.493579383421775, 7.071809849762815 ], [ 100.493906691168149, 7.07198067376007 ], [ 100.49416009071372, 7.071999241585858 ] ] ] } },
{ "type": "Feature", "properties": { "id": null, "EL_Hash": "w1pmpvcv3j", "ORDERRIVER_Name_T": 5, "HY_Name_T": "คลองน้ำข้น", "EL_Name": "คลองน้ำข้นvcv3j", "Lat": 6.53642301988, "Long": 100.53834322500001, "Length_km": 2.6550943301799999, "LocalName": "", "ElementA": "w1pmpvcv3j", "ElementB": "w1pmpw8u8j", "ReLation": "FlowsTo" }, "geometry": { "type": "MultiLineString", "coordinates": [ [ [ 100.543442782890722, 6.53526281508025 ], [ 100.543347758061131, 6.535244247254461 ], [ 100.543189383345151, 6.535240533689303 ], [ 100.543108436268085, 6.535259101515092 ], [ 100.543038047505419, 6.535322232122773 ], [ 100.54296413930463, 6.535370508469824 ], [ 100.542795206274249, 6.535318518557616 ], [ 100.542404548641471, 6.535006579084367 ], [ 100.541813283035125, 6.534809760131008 ], [ 100.541373353268497, 6.534809760131008 ], [ 100.541021409455197, 6.534902599259951 ], [ 100.54075041271895, 6.534962016302475 ], [ 100.540535726992829, 6.534950875607001 ], [ 100.540321041266722, 6.534872890738689 ], [ 100.540197860932054, 6.534702066741435 ], [ 100.540088758349938, 6.534456971441025 ], [ 100.539772008917964, 6.533981635100838 ], [ 100.53925113207427, 6.533383751110445 ], [ 100.53898365477616, 6.532730163642686 ], [ 100.538856955003368, 6.532537058254485 ], [ 100.538719696916175, 6.532362520692072 ], [ 100.538631710962861, 6.532336525735968 ], [ 100.538554283323933, 6.532395942778492 ], [ 100.538392389169815, 6.532752445033633 ], [ 100.538216417263158, 6.533290911981502 ], [ 100.538174184005555, 6.533628846410854 ], [ 100.538033406480238, 6.533948213014417 ], [ 100.537843356821057, 6.534282433878612 ], [ 100.537867992887982, 6.534549810569968 ], [ 100.537846876259181, 6.534690926045961 ], [ 100.537780006934653, 6.53480604656585 ], [ 100.537808162439717, 6.534858036478059 ], [ 100.537934862212509, 6.534902599259951 ], [ 100.538061561985302, 6.534898885694793 ], [ 100.538241053330083, 6.534895172129636 ], [ 100.538441661303665, 6.534924880650897 ], [ 100.538603555457797, 6.535058568996575 ], [ 100.539018849157486, 6.535842131244854 ], [ 100.539036446348149, 6.536057518024002 ], [ 100.538951979832959, 6.536276618368307 ], [ 100.538747852421238, 6.536388025323038 ], [ 100.538522608380731, 6.536432588104931 ], [ 100.538128431309829, 6.536410306713985 ], [ 100.537445660312017, 6.536362030366934 ], [ 100.53711131368938, 6.53625433697736 ], [ 100.536938861220861, 6.536232055586415 ], [ 100.536826239200607, 6.536280331933464 ], [ 100.536629150665149, 6.5364177338443 ], [ 100.536442620444106, 6.53658113071124 ], [ 100.536051962811328, 6.53695620079217 ], [ 100.535682421807365, 6.537175301136474 ], [ 100.535460697204982, 6.537223577483525 ], [ 100.535295283612726, 6.537208723222894 ], [ 100.534985573057028, 6.537119597659109 ], [ 100.534721615197043, 6.536911638010277 ], [ 100.534580837671726, 6.536818798881334 ], [ 100.534482293403997, 6.536822512446491 ], [ 100.534415424079469, 6.536870788793542 ], [ 100.534404865765069, 6.537015617834693 ], [ 100.534447099022671, 6.537108456963636 ], [ 100.534573798795464, 6.537245858874472 ], [ 100.534739212387706, 6.537390687915623 ], [ 100.534763848454645, 6.53744267782783 ], [ 100.534932781485026, 6.537539230521931 ], [ 100.535084117324743, 6.53776947156171 ], [ 100.535080597886619, 6.537958863384753 ], [ 100.534996131371429, 6.538051702513696 ], [ 100.534809601150371, 6.538122260251693 ], [ 100.533693939262193, 6.538263375727686 ], [ 100.533433500840346, 6.538244807901897 ], [ 100.533345514887031, 6.538281943553475 ], [ 100.533141387475311, 6.538463908246203 ], [ 100.532972454444916, 6.538575315200934 ], [ 100.532817599167075, 6.538590169461565 ], [ 100.532631068946017, 6.538579028766092 ], [ 100.532441019286836, 6.538441626855256 ], [ 100.532367111086046, 6.538304224944421 ], [ 100.532335436142844, 6.538163109468427 ], [ 100.532307280637781, 6.537925441298333 ], [ 100.532258008503916, 6.537817747908759 ], [ 100.531807520422888, 6.537598647564455 ], [ 100.530962855270957, 6.536529140799032 ], [ 100.530346953597672, 6.535949824634428 ] ] ] } },
{ "type": "Feature", "properties": { "id": null, "EL_Hash": "w1pt05e95s", "ORDERRIVER_Name_T": 4, "HY_Name_T": "คลองน้ำข้น", "EL_Name": "คลองน้ำข้น5e95s", "Lat": 6.5233297407800004, "Long": 100.551837556, "Length_km": 3.7126873800100002, "LocalName": "", "ElementA": "w1pt05e95s", "ElementB": "w1pmpvcv3j", "ReLation": "FlowsTo" }, "geometry": { "type": "MultiLineString", "coordinates": [ [ [ 100.554314327283691, 6.510047707659345 ], [ 100.554236899644764, 6.510017999138083 ], [ 100.55413483593891, 6.510066275485134 ], [ 100.553881436393326, 6.510222245221757 ], [ 100.553596361904553, 6.510404209914486 ], [ 100.55337463730217, 6.510563893216267 ], [ 100.553026212926994, 6.510734717213523 ], [ 100.552899513154216, 6.510909254775935 ], [ 100.552871357649153, 6.511098646598979 ], [ 100.552959343602467, 6.511340028334231 ], [ 100.553036771241395, 6.511481143810224 ], [ 100.553240898653115, 6.511611118590744 ], [ 100.553420389997896, 6.511703957719687 ], [ 100.553469662131761, 6.511807937544103 ], [ 100.553501337074962, 6.51200847006262 ], [ 100.5534942981987, 6.512457811446704 ], [ 100.553529492580026, 6.512658343965221 ], [ 100.553645634038418, 6.513356494214872 ], [ 100.553610439657092, 6.513772413512536 ], [ 100.553522453703764, 6.513920956118845 ], [ 100.553409831683496, 6.514032363073576 ], [ 100.553314806853905, 6.514017508812946 ], [ 100.55309660168966, 6.513950664640107 ], [ 100.552853760458476, 6.51384668481569 ], [ 100.552470141701974, 6.513816976294429 ], [ 100.55227305316653, 6.513850398380848 ], [ 100.552072445192948, 6.513883820467267 ], [ 100.551945745420156, 6.51405835802968 ], [ 100.55186479834309, 6.514370297502929 ], [ 100.551914070476954, 6.514667382715546 ], [ 100.552125236764937, 6.515380387225828 ], [ 100.552234339347066, 6.515722035220338 ], [ 100.552361039119859, 6.516357054862308 ], [ 100.552364558557983, 6.516746979203868 ], [ 100.552202664403865, 6.517140617110586 ], [ 100.552051328564147, 6.517701365449401 ], [ 100.552051328564147, 6.518087576225804 ], [ 100.552086522945473, 6.51848492769768 ], [ 100.552174508898801, 6.518756017954193 ], [ 100.552280092042793, 6.518900846995344 ], [ 100.552522933273977, 6.519197932207962 ], [ 100.552642594170493, 6.519476449594791 ], [ 100.552727060685697, 6.519751253416462 ], [ 100.552931188097403, 6.520104042106445 ], [ 100.55309660168966, 6.52048653931769 ], [ 100.553128276632862, 6.520913599310828 ], [ 100.55301213517447, 6.52121811165376 ], [ 100.552832643829689, 6.521548618952798 ], [ 100.552336403052919, 6.522213347116029 ], [ 100.551980939801481, 6.522837226062525 ], [ 100.551766254075375, 6.523579939094069 ], [ 100.551664190369507, 6.524014426217522 ], [ 100.551576204416193, 6.524162968823831 ], [ 100.551410790823937, 6.524396923428767 ], [ 100.551280571613006, 6.5247979884658 ], [ 100.551315765994346, 6.525191626372519 ], [ 100.551326324308747, 6.525321601153038 ], [ 100.551386154756997, 6.525559269323133 ], [ 100.5514283880146, 6.525919485143431 ], [ 100.551343921499409, 6.52623142461668 ], [ 100.551270013298605, 6.526509942003509 ], [ 100.551213702288479, 6.526662198174975 ], [ 100.550903991732781, 6.526970424083066 ], [ 100.550383114889087, 6.527404911206519 ], [ 100.550027651637649, 6.527802262678394 ], [ 100.549897432426718, 6.528010222327227 ], [ 100.549883354674193, 6.528299880409529 ], [ 100.549858718607268, 6.528455850146153 ], [ 100.549809446473404, 6.528578397796357 ], [ 100.549594760747283, 6.52891633222571 ], [ 100.549288569629709, 6.52938795500074 ], [ 100.548693784585225, 6.530123240901968 ], [ 100.548204582684733, 6.530758260543938 ], [ 100.547887833252759, 6.531426702272327 ], [ 100.547564044944522, 6.532132279652293 ], [ 100.547275451017612, 6.532941836856677 ], [ 100.547271931579473, 6.533086665897827 ], [ 100.547507733934395, 6.533250062764766 ], [ 100.547775211232505, 6.533394891805917 ], [ 100.547806886175692, 6.533562002238015 ], [ 100.547592200449586, 6.533940785884102 ], [ 100.546941104394975, 6.534323283095347 ], [ 100.546121075309969, 6.534612941177649 ], [ 100.544889271963399, 6.534991724823737 ], [ 100.544481017139972, 6.53508456395268 ], [ 100.543974218048817, 6.535106845343626 ], [ 100.543442782890722, 6.53526281508025 ] ] ] } },
{ "type": "Feature", "properties": { "id": null, "EL_Hash": "w1pt031132", "ORDERRIVER_Name_T": 4, "HY_Name_T": "คลองน้ำข้น", "EL_Name": "คลองน้ำข้น31132", "Lat": 6.5096171758399999, "Long": 100.559294145, "Length_km": 1.2393201041699999, "LocalName": "", "ElementA": "w1pt031132", "ElementB": "w1pt05e95s", "ReLation": "FlowsTo" }, "geometry": { "type": "MultiLineString", "coordinates": [ [ [ 100.564098365293546, 6.51090182764562 ], [ 100.563915354510641, 6.510842410603097 ], [ 100.563612682831192, 6.510697581561946 ], [ 100.563426152610148, 6.510441345566063 ], [ 100.563193869693364, 6.510081129745764 ], [ 100.563077728234973, 6.509995717747136 ], [ 100.562979183967244, 6.510014285572925 ], [ 100.56294047014778, 6.510040280529029 ], [ 100.562789134308062, 6.510177682439865 ], [ 100.562532215324353, 6.510363360697751 ], [ 100.562454787685425, 6.510448772696378 ], [ 100.562099324433987, 6.510456199826693 ], [ 100.561786094440137, 6.510374501393224 ], [ 100.561508058827627, 6.510296516524912 ], [ 100.56136728130231, 6.510177682439865 ], [ 100.56089567659248, 6.509876883662089 ], [ 100.560357202558123, 6.509598366275261 ], [ 100.559815209085642, 6.509542662797895 ], [ 100.559428070891002, 6.509546376363053 ], [ 100.559002218876913, 6.509772903837674 ], [ 100.558632677872936, 6.510069989050291 ], [ 100.558220903611371, 6.510422777740274 ], [ 100.557795051597267, 6.510649305214895 ], [ 100.557369199583178, 6.510679013736157 ], [ 100.557091163970668, 6.510601028867844 ], [ 100.556911672625873, 6.510508189738902 ], [ 100.55670050633789, 6.510411637044801 ], [ 100.556352081962729, 6.510355933567435 ], [ 100.556017735340092, 6.51043020487059 ], [ 100.555715063660642, 6.510511903304059 ], [ 100.555148434121222, 6.510615883128476 ], [ 100.554842243003648, 6.510504476173744 ], [ 100.554550129638613, 6.510296516524912 ], [ 100.554391754922619, 6.510077416180606 ], [ 100.554314327283691, 6.510047707659345 ] ] ] } },
{ "type": "Feature", "properties": { "id": null, "EL_Hash": "w1pt02v8b4", "ORDERRIVER_Name_T": 4, "HY_Name_T": "คลองน้ำข้น", "EL_Name": "คลองน้ำข้น2v8b4", "Lat": 6.5081680470199998, "Long": 100.565416668, "Length_km": 0.69330653105999995, "LocalName": "", "ElementA": "w1pt02v8b4", "ElementB": "w1pt031132", "ReLation": "FlowsTo" }, "geometry": { "type": "MultiLineString", "coordinates": [ [ [ 100.567635400617263, 6.508060950299965 ], [ 100.567399598262341, 6.508124080907647 ], [ 100.567206029165035, 6.508124080907647 ], [ 100.56705117388718, 6.508068377430281 ], [ 100.566998382315177, 6.507994106127127 ], [ 100.566917435238125, 6.507882699172395 ], [ 100.566871682542384, 6.507778719347979 ], [ 100.566815371532257, 6.507511342656623 ], [ 100.566773138274669, 6.507373940745788 ], [ 100.566692191197603, 6.507266247356214 ], [ 100.566635880187476, 6.507225398139479 ], [ 100.566435272213894, 6.507258820225899 ], [ 100.566139639410721, 6.50750020196115 ], [ 100.565569490433163, 6.508027528213546 ], [ 100.565150677295335, 6.508413738989949 ], [ 100.564862083368425, 6.508844512548245 ], [ 100.564791694605759, 6.508974487328764 ], [ 100.564531256183912, 6.509806325924093 ], [ 100.564485503488186, 6.51008855687608 ], [ 100.564393998096733, 6.51046362695701 ], [ 100.564277856638341, 6.510801561386361 ], [ 100.564098365293546, 6.51090182764562 ] ] ] } },
{ "type": "Feature", "properties": { "id": null, "EL_Hash": "w1pt02prtj", "ORDERRIVER_Name_T": 4, "HY_Name_T": "คลองน้ำข้น", "EL_Name": "คลองน้ำข้น2prtj", "Lat": 6.5052241602400001, "Long": 100.568035577, "Length_km": 0.650022241, "LocalName": "", "ElementA": "w1pt02prtj", "ElementB": "w1pt02v8b4", "ReLation": "FlowsTo" }, "geometry": { "type": "MultiLineString", "coordinates": [ [ [ 100.569771699564015, 6.503159044291778 ], [ 100.569683713610686, 6.503500692286288 ], [ 100.569588688781096, 6.503905470888479 ], [ 100.56946902788458, 6.504243405317832 ], [ 100.569261381034721, 6.504533063400133 ], [ 100.569074850813678, 6.504696460267073 ], [ 100.568691232057176, 6.504863570699171 ], [ 100.568388560377727, 6.504945269132641 ], [ 100.568068291507629, 6.505119806695054 ], [ 100.567941591734836, 6.505520871732086 ], [ 100.567857125219646, 6.506059338679956 ], [ 100.56776561982818, 6.506627514149087 ], [ 100.567758580951917, 6.507080569098328 ], [ 100.567769139266318, 6.507210543878848 ], [ 100.567839528028983, 6.507578186829463 ], [ 100.567853605781508, 6.507708161609982 ], [ 100.567800814209519, 6.507830709260187 ], [ 100.567635400617263, 6.508060950299965 ] ] ] } },
{ "type": "Feature", "properties": { "id": null, "EL_Hash": "w1psbx2fgg", "ORDERRIVER_Name_T": 4, "HY_Name_T": "คลองน้ำข้น", "EL_Name": "คลองน้ำข้นx2fgg", "Lat": 6.5002789355699999, "Long": 100.570040007, "Length_km": 0.70450729804000001, "LocalName": "", "ElementA": "w1psbx2fgg", "ElementB": "w1pt02prtj", "ReLation": "FlowsTo" }, "geometry": { "type": "MultiLineString", "coordinates": [ [ [ 100.570852167070868, 6.49744386751405 ], [ 100.570669156287948, 6.497700103509932 ], [ 100.570486145505029, 6.498026897243812 ], [ 100.570282018093309, 6.498513374279473 ], [ 100.570158837758655, 6.498881017230087 ], [ 100.570169396073055, 6.499010992010607 ], [ 100.570292576407709, 6.499259800876175 ], [ 100.570394640113562, 6.499438052003745 ], [ 100.570440392809303, 6.49954203182816 ], [ 100.570384081799162, 6.499694287999628 ], [ 100.570186993263718, 6.499920815474248 ], [ 100.570151798882392, 6.49999880034256 ], [ 100.570151798882392, 6.49999880034256 ], [ 100.570088448995989, 6.500132488688238 ], [ 100.570028618547724, 6.500318166946124 ], [ 100.569856166079205, 6.500581830072321 ], [ 100.569641480353098, 6.500708091287684 ], [ 100.569486625075243, 6.50107202067314 ], [ 100.569486625075243, 6.501268839626499 ], [ 100.569500702827767, 6.50139881440702 ], [ 100.569778738440277, 6.501896432138154 ], [ 100.569884321584269, 6.502238080132664 ], [ 100.569859685517343, 6.502813682732111 ], [ 100.569771699564015, 6.503159044291778 ] ] ] } },
{ "type": "Feature", "properties": { "id": null, "EL_Hash": "w1psbw9xtv", "ORDERRIVER_Name_T": 4, "HY_Name_T": "คลองน้ำข้น", "EL_Name": "คลองน้ำข้นw9xtv", "Lat": 6.4969839177899997, "Long": 100.57116299, "Length_km": 0.12256720812000001, "LocalName": "", "ElementA": "w1psbw9xtv", "ElementB": "w1psbx2fgg", "ReLation": "FlowsTo" }, "geometry": { "type": "MultiLineString", "coordinates": [ [ [ 100.571601807393193, 6.496686300221875 ], [ 100.571478627058539, 6.496693727352191 ], [ 100.571299135713758, 6.496816275002396 ], [ 100.571158358188441, 6.496990812564809 ], [ 100.571084449987637, 6.497117073780171 ], [ 100.570852167070868, 6.49744386751405 ] ] ] } },
{ "type": "Feature", "properties": { "id": null, "EL_Hash": "w1psbwvf6y", "ORDERRIVER_Name_T": 4, "HY_Name_T": "คลองน้ำข้น", "EL_Name": "คลองน้ำข้นwvf6y", "Lat": 6.4974604918000001, "Long": 100.576868076, "Length_km": 1.3718402407400001, "LocalName": "", "ElementA": "w1psbwvf6y", "ElementB": "w1psbw9xtv", "ReLation": "FlowsTo" }, "geometry": { "type": "MultiLineString", "coordinates": [ [ [ 100.580784021482302, 6.493351518710245 ], [ 100.580643243956985, 6.493362659405718 ], [ 100.580467272050328, 6.493518629142343 ], [ 100.580051978350639, 6.493856563571694 ], [ 100.57975986498559, 6.494127653828208 ], [ 100.579583893078947, 6.494268769304202 ], [ 100.579256585332573, 6.494428452605983 ], [ 100.579013744101388, 6.494521291734926 ], [ 100.578531581077158, 6.494602990168396 ], [ 100.578316895351051, 6.494695829297338 ], [ 100.578155001196919, 6.49487408042491 ], [ 100.578119806815593, 6.495104321464687 ], [ 100.57810220962493, 6.495260291201312 ], [ 100.577940315470812, 6.495434828763725 ], [ 100.577711551992167, 6.495739341106658 ], [ 100.577405360874593, 6.495928732929701 ], [ 100.577229388967936, 6.496025285623801 ], [ 100.577176597395933, 6.49615897396948 ], [ 100.577130844700207, 6.496407782835047 ], [ 100.57709916975702, 6.49667887309156 ], [ 100.576986547736752, 6.496875692044919 ], [ 100.57699006717489, 6.497195058648483 ], [ 100.576926717288487, 6.497373309776053 ], [ 100.576652201114115, 6.497770661247929 ], [ 100.576388243254144, 6.497993475157393 ], [ 100.576022221688305, 6.498227429762329 ], [ 100.575652680684328, 6.498320268891272 ], [ 100.575423917205683, 6.498335123151902 ], [ 100.575209231479562, 6.498327696021587 ], [ 100.574991026315317, 6.498242284022959 ], [ 100.574744665646008, 6.498041751504442 ], [ 100.574551096548689, 6.497837505420768 ], [ 100.574382163518308, 6.497648113597725 ], [ 100.574280099812441, 6.497484716730785 ], [ 100.574139322287124, 6.497436440383734 ], [ 100.573745145216222, 6.497466148904996 ], [ 100.573590289938366, 6.497432726818577 ], [ 100.57343543466051, 6.497291611342583 ], [ 100.573255943315729, 6.497154209431748 ], [ 100.573115165790412, 6.497157922996906 ], [ 100.572974388265081, 6.497172777257537 ], [ 100.572773780291499, 6.497187631518168 ], [ 100.572580211194179, 6.497165350127221 ], [ 100.572439433668862, 6.497076224563436 ], [ 100.572270500638481, 6.496901687001023 ], [ 100.572013581654772, 6.49677542578566 ], [ 100.571721468289724, 6.49667887309156 ], [ 100.571601807393193, 6.496686300221875 ] ] ] } },
{ "type": "Feature", "properties": { "id": null, "EL_Hash": "w1psby0dxh", "ORDERRIVER_Name_T": 4, "HY_Name_T": "คลองน้ำข้น", "EL_Name": "คลองน้ำข้นy0dxh", "Lat": 6.4933746510299999, "Long": 100.58082783, "Length_km": 0.01134925949, "LocalName": "", "ElementA": "w1psby0dxh", "ElementB": "w1psbwvf6y", "ReLation": "FlowsTo" }, "geometry": { "type": "MultiLineString", "coordinates": [ [ [ 100.58087200743563, 6.493399795057295 ], [ 100.580784021482302, 6.493351518710245 ] ] ] } },
{ "type": "Feature", "properties": { "id": null, "EL_Hash": "w1pq7vnjbh", "ORDERRIVER_Name_T": 4, "HY_Name_T": "คลองน้ำใส", "EL_Name": "คลองน้ำใสvnjbh", "Lat": 6.7521115861299998, "Long": 100.368354256, "Length_km": 0.88773505357000004, "LocalName": "", "ElementA": "w1pq7vnjbh", "ElementB": "w1pqkhyh1t", "ReLation": "FlowsTo" }, "geometry": { "type": "MultiLineString", "coordinates": [ [ [ 100.365975115032043, 6.752023613336247 ], [ 100.366045503794709, 6.752034754031721 ], [ 100.366186281320026, 6.752071889683298 ], [ 100.366288345025879, 6.752168442377398 ], [ 100.366408005922409, 6.752346693504969 ], [ 100.366450239179997, 6.752465527590016 ], [ 100.366474875246936, 6.75262149732664 ], [ 100.366474875246936, 6.752744044976844 ], [ 100.366495991875738, 6.752840597670946 ], [ 100.36657693895279, 6.752900014713469 ], [ 100.366679002658657, 6.752900014713469 ], [ 100.366858494003438, 6.752933436799888 ], [ 100.366935921642366, 6.752952004625677 ], [ 100.367037985348219, 6.752933436799888 ], [ 100.367055582538882, 6.75283317054063 ], [ 100.367034465910081, 6.752773753498106 ], [ 100.367030946471957, 6.752692055064637 ], [ 100.367030946471957, 6.752614070196325 ], [ 100.367030946471957, 6.752554653153801 ], [ 100.367069660291421, 6.752513803937067 ], [ 100.367147087930348, 6.75249152254612 ], [ 100.367326579275129, 6.752469241155174 ], [ 100.367527187248712, 6.752446959764227 ], [ 100.36772427578417, 6.752420964808123 ], [ 100.367843936680686, 6.752461814024858 ], [ 100.367946000386539, 6.752558366718959 ], [ 100.368065661283069, 6.752654919413059 ], [ 100.368167724988922, 6.752714336455583 ], [ 100.368304983076115, 6.752692055064637 ], [ 100.368343696895579, 6.752610356631167 ], [ 100.368343696895579, 6.752510090371908 ], [ 100.368340177457441, 6.752354120635284 ], [ 100.368340177457441, 6.752253854376026 ], [ 100.368357774648118, 6.752094171074244 ], [ 100.368354255209979, 6.752012472640774 ], [ 100.368414085658245, 6.751953055598251 ], [ 100.368551343745423, 6.751912206381516 ], [ 100.368632290822489, 6.75188992499057 ], [ 100.368671004641953, 6.751849075773834 ], [ 100.368730835090219, 6.751789658731311 ], [ 100.368829379357933, 6.751767377340365 ], [ 100.368927923625662, 6.751785945166153 ], [ 100.368987754073927, 6.751823080817731 ], [ 100.369029987331515, 6.751882497860255 ], [ 100.369029987331515, 6.751964196293724 ], [ 100.369029987331515, 6.752001331945301 ], [ 100.369110934408582, 6.752079316813613 ], [ 100.369153167666184, 6.752079316813613 ], [ 100.369230595305112, 6.752097884639402 ], [ 100.369311542382164, 6.752075603248455 ], [ 100.369431203278694, 6.752057035422667 ], [ 100.369589577994674, 6.75205332185751 ], [ 100.36967052507174, 6.752031040466563 ], [ 100.369667005633602, 6.75197162342404 ], [ 100.369628291814138, 6.751893638555727 ], [ 100.369505111479484, 6.751756236644892 ], [ 100.369424164402417, 6.751655970385634 ], [ 100.369403047773631, 6.751518568474798 ], [ 100.369420644964293, 6.751459151432274 ], [ 100.369480475412558, 6.751436870041328 ], [ 100.369557903051472, 6.751436870041328 ], [ 100.369659966757339, 6.751492573518694 ], [ 100.369740913834391, 6.751611407603741 ], [ 100.369783147091994, 6.751730241688787 ], [ 100.369842977540259, 6.7518082265571 ], [ 100.369885210797847, 6.751849075773834 ], [ 100.369945041246112, 6.751826794382889 ], [ 100.370061182704504, 6.75172652812363 ], [ 100.370099896523968, 6.75164482969016 ], [ 100.370177324162896, 6.751544563430902 ], [ 100.370314582250089, 6.751444297171643 ], [ 100.370356815507677, 6.751444297171643 ], [ 100.370416645955942, 6.751540849865744 ], [ 100.370497593033008, 6.751600266908268 ], [ 100.370606695615123, 6.751618834734057 ] ] ] } },
{ "type": "Feature", "properties": { "id": null, "EL_Hash": "w1pq7v62b7", "ORDERRIVER_Name_T": 4, "HY_Name_T": "คลองน้ำใส", "EL_Name": "คลองน้ำใสv62b7", "Lat": 6.7526204210999996, "Long": 100.363209673, "Length_km": 0.90406779958000005, "LocalName": "", "ElementA": "w1pq7v62b7", "ElementB": "w1pq7vnjbh", "ReLation": "FlowsTo" }, "geometry": { "type": "MultiLineString", "coordinates": [ [ [ 100.359362090780053, 6.752981713146939 ], [ 100.359492309990969, 6.752981713146939 ], [ 100.359967434138937, 6.752874019757365 ], [ 100.360108211664254, 6.752829456975472 ], [ 100.360326416828514, 6.752766326367791 ], [ 100.360502388735156, 6.752666060108533 ], [ 100.360660763451151, 6.752584361675063 ], [ 100.36081913816713, 6.752498949676435 ], [ 100.361054940522052, 6.752458100459701 ], [ 100.361375209392151, 6.752510090371908 ], [ 100.361853852978243, 6.752602929500852 ], [ 100.362036863761162, 6.752740331411687 ], [ 100.362279704992346, 6.752874019757365 ], [ 100.362656284872585, 6.752848024801261 ], [ 100.362951917675758, 6.752762612802633 ], [ 100.363170122840003, 6.752640065152429 ], [ 100.363427041823712, 6.752517517502224 ], [ 100.363701557998098, 6.752372688461073 ], [ 100.363761388446363, 6.752290990027603 ], [ 100.363775466198888, 6.752071889683298 ], [ 100.363933840914882, 6.751949342033093 ], [ 100.364173162707928, 6.751945628467936 ], [ 100.364271706975643, 6.751982764119512 ], [ 100.364335056862046, 6.752101598204559 ], [ 100.364454717758562, 6.752198150898661 ], [ 100.364574378655092, 6.752216718724449 ], [ 100.364634209103357, 6.752198150898661 ], [ 100.36483481707694, 6.752153588116768 ], [ 100.365031905612383, 6.752090457509087 ], [ 100.365169163699576, 6.752008759075617 ], [ 100.365288824596092, 6.752005045510459 ], [ 100.365352174482496, 6.752123879595506 ], [ 100.365415524368885, 6.752342979939812 ], [ 100.365514068636614, 6.752439532633912 ], [ 100.365616132342467, 6.752517517502224 ], [ 100.365718196048334, 6.752558366718959 ], [ 100.365795623687262, 6.752536085328012 ], [ 100.365813220877925, 6.752454386894542 ], [ 100.365813220877925, 6.752376402026231 ], [ 100.365770987620323, 6.752316984983707 ], [ 100.365749870991522, 6.752198150898661 ], [ 100.365749870991522, 6.752138733856137 ], [ 100.365806182001648, 6.752057035422667 ], [ 100.365904726269378, 6.752016186205932 ], [ 100.365975115032043, 6.752023613336247 ] ] ] } },
{ "type": "Feature", "properties": { "id": null, "EL_Hash": "w1r2tm71y2", "ORDERRIVER_Name_T": 6, "HY_Name_T": "คลองบางกล่ำ", "EL_Name": "คลองบางกล่ำm71y2", "Lat": 7.1482803768199998, "Long": 100.430419832, "Length_km": 3.4643718350300001, "LocalName": "", "ElementA": "w1r2tm71y2", "ElementB": "w1r2ttw9ub", "ReLation": "FlowsTo" }, "geometry": { "type": "MultiLineString", "coordinates": [ [ [ 100.428786527392461, 7.134409417626467 ], [ 100.428547205599415, 7.134494829625094 ], [ 100.427874992916003, 7.134784487707396 ], [ 100.427565282360291, 7.135144703527694 ], [ 100.427449140901899, 7.135694311171036 ], [ 100.427519529664565, 7.136006250644285 ], [ 100.427702540447484, 7.136269913770483 ], [ 100.42802632875572, 7.136615275330151 ], [ 100.428395869759683, 7.136997772541395 ], [ 100.428649269305268, 7.137588229401473 ], [ 100.428705580315395, 7.138004148699137 ], [ 100.428666866495931, 7.138483198604483 ], [ 100.428638710990867, 7.139422730589386 ], [ 100.428779488516184, 7.140261996315029 ], [ 100.429254612664153, 7.141613734032439 ], [ 100.429610075915591, 7.142375014889772 ], [ 100.430004252986492, 7.143047170183318 ], [ 100.430401949495518, 7.14371189834655 ], [ 100.430570882525913, 7.144042405645587 ], [ 100.430613115783501, 7.144417475726517 ], [ 100.430623674097902, 7.144755410155868 ], [ 100.430560324211513, 7.145197324409637 ], [ 100.430310444104066, 7.145902901789603 ], [ 100.43003592792968, 7.146623333430201 ], [ 100.429965539167029, 7.147154373247754 ], [ 100.42998665579583, 7.147458885590687 ], [ 100.430092238939821, 7.147848809932247 ], [ 100.430233016465138, 7.148108759493288 ], [ 100.430412507809919, 7.148275869925385 ], [ 100.430644790726703, 7.148428126096851 ], [ 100.430891151396011, 7.14852839235611 ], [ 100.431190303637322, 7.148546960181899 ], [ 100.431609116775149, 7.148532105921268 ], [ 100.432492495746544, 7.148442980357482 ], [ 100.432854997874259, 7.148498683834848 ], [ 100.433256213821423, 7.148673221397261 ], [ 100.433463860671267, 7.148847758959674 ], [ 100.433678546397388, 7.149096567825241 ], [ 100.434051606839489, 7.149545909209325 ], [ 100.434273331441872, 7.149724160336895 ], [ 100.434540808739982, 7.149835567291627 ], [ 100.43481180547623, 7.14989498433415 ], [ 100.435079282774339, 7.149917265725096 ], [ 100.436106958709189, 7.150021245549513 ], [ 100.437468981266676, 7.150262627284764 ], [ 100.437761094631711, 7.150307190066657 ], [ 100.438046169120497, 7.150307190066657 ], [ 100.438260854846604, 7.150258913719607 ], [ 100.438743017870834, 7.150076949026879 ], [ 100.439376516734782, 7.14971673320658 ], [ 100.440027612789393, 7.149560763469956 ], [ 100.440661111653341, 7.14951991425322 ], [ 100.441540971186598, 7.149616466947322 ], [ 100.442554569368923, 7.149746441727841 ], [ 100.443152873851531, 7.149891270768992 ], [ 100.4436491146283, 7.150195783111926 ], [ 100.444117199899992, 7.150548571801909 ], [ 100.44485980134607, 7.151168737183248 ] ] ] } },
{ "type": "Feature", "properties": { "id": null, "EL_Hash": "w1r2t364je", "ORDERRIVER_Name_T": 4, "HY_Name_T": "คลองบางกล่ำ", "EL_Name": "คลองบางกล่ำ364je", "Lat": 7.1263676030300003, "Long": 100.42900923099999, "Length_km": 1.95942607408, "LocalName": "", "ElementA": "w1r2t364je", "ElementB": "w1r2t6kwvc", "ReLation": "FlowsTo" }, "geometry": { "type": "MultiLineString", "coordinates": [ [ [ 100.422074958872741, 7.120999733841947 ], [ 100.422884429643346, 7.121267110533302 ], [ 100.423799483557929, 7.12174244687349 ], [ 100.42430276321096, 7.122110089824105 ], [ 100.425179103306093, 7.122975350505853 ], [ 100.425999132391084, 7.123840611187601 ], [ 100.426643189569432, 7.12437907813547 ], [ 100.428058003698922, 7.125493147682786 ], [ 100.42939539018947, 7.12672233774999 ], [ 100.43015558882621, 7.12786240225341 ], [ 100.430356196799792, 7.128363733549701 ], [ 100.430451221629383, 7.128705381544211 ], [ 100.430482896572585, 7.1291807178844 ], [ 100.430465299381922, 7.12974889335353 ], [ 100.430419546686181, 7.130302214562031 ], [ 100.430152069388072, 7.131319731415245 ], [ 100.429511531647861, 7.133009403562006 ], [ 100.429061043566833, 7.134156895195741 ], [ 100.428881552222052, 7.134375995540047 ], [ 100.428786527392461, 7.134409417626467 ] ] ] } },
{ "type": "Feature", "properties": { "id": null, "EL_Hash": "w1r2jrvkdz", "ORDERRIVER_Name_T": 6, "HY_Name_T": "คลองบางกล่ำ", "EL_Name": "คลองบางกล่ำrvkdz", "Lat": 7.0746329729199999, "Long": 100.43336040299999, "Length_km": 0.23438921643, "LocalName": "", "ElementA": "w1r2jrvkdz", "ElementB": "w1r2m2c4vu", "ReLation": "FlowsTo" }, "geometry": { "type": "MultiLineString", "coordinates": [ [ [ 100.434167748297881, 7.0753154552717 ], [ 100.434129034478417, 7.075270892489808 ], [ 100.433432185728066, 7.074669294934258 ], [ 100.432876114503046, 7.074383350417113 ], [ 100.432358757097489, 7.074361069026167 ] ] ] } },
{ "type": "Feature", "properties": { "id": null, "EL_Hash": "w1r2m8p8r9", "ORDERRIVER_Name_T": 6, "HY_Name_T": "คลองบางกล่ำ", "EL_Name": "คลองบางกล่ำ8p8r9", "Lat": 7.0752462396100002, "Long": 100.447642676, "Length_km": 4.1979494604400003, "LocalName": "", "ElementA": "w1r2m8p8r9", "ElementB": "w1r2mkuyf1", "ReLation": "FlowsTo" }, "geometry": { "type": "MultiLineString", "coordinates": [ [ [ 100.454253181723161, 7.059410255701194 ], [ 100.45429189554261, 7.059521662655926 ], [ 100.454313012171411, 7.059670205262234 ], [ 100.454337648238351, 7.059852169954963 ], [ 100.454369323181538, 7.060074983864426 ], [ 100.454369323181538, 7.060308938469362 ], [ 100.454358764867152, 7.060450053945355 ], [ 100.454334128800213, 7.060613450812295 ], [ 100.454379881495939, 7.061582691318459 ], [ 100.454436192506066, 7.061894630791707 ], [ 100.454348206552751, 7.062600208171674 ], [ 100.454538256211933, 7.063205519292382 ], [ 100.454636800479662, 7.063747699805409 ], [ 100.454552333964457, 7.064367865186748 ], [ 100.454506581268731, 7.064471845011164 ], [ 100.45431653160955, 7.064943467786194 ], [ 100.454182792960495, 7.065169995260815 ], [ 100.453943471167449, 7.065500502559852 ], [ 100.453693591060002, 7.065771592816365 ], [ 100.453324050056025, 7.066083532289613 ], [ 100.452679992877677, 7.06652916010854 ], [ 100.452254140863587, 7.066751974018002 ], [ 100.451891638735887, 7.066937652275889 ], [ 100.451676953009766, 7.067153039055036 ], [ 100.451581928180175, 7.067353571573553 ], [ 100.451515058855648, 7.067665511046801 ], [ 100.451497461664985, 7.068003445476154 ], [ 100.451490422788709, 7.068597615901389 ], [ 100.451536175484449, 7.069024675894526 ], [ 100.451525617170049, 7.069444308757348 ], [ 100.451476345036184, 7.069626273450076 ], [ 100.45135316470153, 7.06973396683965 ], [ 100.451141998413547, 7.069860228055012 ], [ 100.450828768419697, 7.069990202835533 ], [ 100.450279736070954, 7.070220443875312 ], [ 100.449878520123775, 7.070432117089301 ], [ 100.449399876537683, 7.070777478648969 ], [ 100.449209826878501, 7.071026287514536 ], [ 100.448998660590519, 7.071468201768305 ], [ 100.448843805312663, 7.072244336886268 ], [ 100.448840285874539, 7.07272710035677 ], [ 100.448854363627063, 7.073120738263489 ], [ 100.448819169245738, 7.073310130086533 ], [ 100.448639677900957, 7.073752044340301 ], [ 100.448294772963919, 7.074379636851956 ], [ 100.44771406567196, 7.075155771969919 ], [ 100.447309330286657, 7.075660816831368 ], [ 100.446827167262427, 7.076459233340278 ], [ 100.446605442660058, 7.076756318552895 ], [ 100.446464665134727, 7.077001413853305 ], [ 100.446376679181398, 7.077209373502137 ], [ 100.446257018284882, 7.077569589322435 ], [ 100.446014177053698, 7.077974367924626 ], [ 100.44566927211666, 7.078386573657133 ], [ 100.445229342350032, 7.078705940260697 ], [ 100.445039292690851, 7.078787638694166 ], [ 100.444852762469793, 7.078787638694166 ], [ 100.444659193372473, 7.078761643738063 ], [ 100.444500818656493, 7.078694799565223 ], [ 100.444233341358384, 7.078509121307338 ], [ 100.443800450468018, 7.078100629139989 ], [ 100.443508337102969, 7.077792403231898 ], [ 100.443286612500586, 7.077651287755905 ], [ 100.442910032620361, 7.077539880801173 ], [ 100.442646074760376, 7.077395051760022 ], [ 100.442452505663056, 7.077220514197609 ], [ 100.442230781060687, 7.076938283245623 ], [ 100.44178733185592, 7.076377534906808 ], [ 100.441456504671407, 7.075991324130405 ], [ 100.440896914008263, 7.075482565703798 ], [ 100.440548489633088, 7.075226329707915 ], [ 100.439978340655529, 7.074970093712032 ], [ 100.439788290996347, 7.074951525886244 ], [ 100.439116078312935, 7.074977520842348 ], [ 100.438831003824163, 7.074984947972664 ], [ 100.438595201469241, 7.074899535974036 ], [ 100.438303088104206, 7.074732425541939 ], [ 100.437842041708777, 7.074431626764164 ], [ 100.437454903514137, 7.074231094245647 ], [ 100.437176867901627, 7.074190245028912 ], [ 100.436976259928045, 7.074253375636593 ], [ 100.43684252127899, 7.074357355461009 ], [ 100.436708782629935, 7.074535606588579 ], [ 100.436592641171544, 7.074769561193516 ], [ 100.436451863646226, 7.075319168836858 ], [ 100.436318124997172, 7.075846495089254 ], [ 100.436205502976904, 7.076125012476083 ], [ 100.436011933879598, 7.076362680646177 ], [ 100.435864117478005, 7.07647037403575 ], [ 100.435663509504423, 7.076514936817643 ], [ 100.435487537597766, 7.076529791078274 ], [ 100.435244696366595, 7.076485228296382 ], [ 100.434987777382872, 7.076288409343023 ], [ 100.434709741770362, 7.075998751260721 ], [ 100.434530250425581, 7.07573880169968 ], [ 100.434167748297881, 7.0753154552717 ] ] ] } },
{ "type": "Feature", "properties": { "id": null, "EL_Hash": "w1pqy43bt8", "ORDERRIVER_Name_T": 4, "HY_Name_T": "คลองประตู", "EL_Name": "คลองประตู43bt8", "Lat": 6.8239695238099998, "Long": 100.461624024, "Length_km": 6.12684531797, "LocalName": "", "ElementA": "w1pqy43bt8", "ElementB": "w1pqyjgwn9", "ReLation": "FlowsTo" }, "geometry": { "type": "MultiLineString", "coordinates": [ [ [ 100.473423561233844, 6.809977511187594 ], [ 100.473240550450925, 6.810059209621063 ], [ 100.473078656296806, 6.810226320053161 ], [ 100.472895645513887, 6.810371149094312 ], [ 100.472712634730968, 6.810352581268524 ], [ 100.472649284844564, 6.810189184401584 ], [ 100.472547221138711, 6.809966370492121 ], [ 100.472381807546455, 6.809944089101174 ], [ 100.472138966315271, 6.810029501099802 ], [ 100.471853891826498, 6.810256028574423 ], [ 100.471512506327599, 6.810768500566188 ], [ 100.471350612173481, 6.810972746649862 ], [ 100.471392845431069, 6.811158424907748 ], [ 100.471540661832663, 6.811422088033947 ], [ 100.471519545203861, 6.811462937250681 ], [ 100.471378767678544, 6.811689464725302 ], [ 100.471216873524426, 6.81187142941803 ], [ 100.471076095999095, 6.812016258459181 ], [ 100.470893085216176, 6.812220504542855 ], [ 100.470710074433256, 6.812387614974953 ], [ 100.470671360613792, 6.812591861058627 ], [ 100.470713593871395, 6.812714408708832 ], [ 100.470755827128997, 6.812814674968091 ], [ 100.470551699717277, 6.812896373401561 ], [ 100.470087133883709, 6.813308579134067 ], [ 100.470069536693046, 6.813471976001007 ], [ 100.469865409281326, 6.813657654258892 ], [ 100.469541620973089, 6.813702217040785 ], [ 100.469337493561369, 6.813887895298671 ], [ 100.469238949293654, 6.814151558424869 ], [ 100.469221352102991, 6.814437502942013 ], [ 100.469302299180043, 6.814519201375483 ], [ 100.469485309962963, 6.814496919984537 ], [ 100.469548659849352, 6.814560050592218 ], [ 100.469548659849352, 6.814782864501681 ], [ 100.469450115581637, 6.815087376844614 ], [ 100.469147443902187, 6.815317617884393 ], [ 100.469087613453922, 6.815499582577121 ], [ 100.468964433119268, 6.815662979444061 ], [ 100.468496347847577, 6.815688974400164 ], [ 100.468313337064657, 6.815811522050369 ], [ 100.468154962348677, 6.81618287856614 ], [ 100.467869887859891, 6.816368556824027 ], [ 100.467563696742317, 6.816472536648443 ], [ 100.467401802588199, 6.816472536648443 ], [ 100.467299738882346, 6.816309139781503 ], [ 100.467215272367156, 6.816045476655305 ], [ 100.467028742146098, 6.815863511962577 ], [ 100.466905561811444, 6.815804094920053 ], [ 100.466599370693871, 6.815644411618272 ], [ 100.466497306988003, 6.815707542225953 ], [ 100.466539540245606, 6.815971205352151 ], [ 100.466521943054943, 6.816275717695084 ], [ 100.466338932272023, 6.816338848302765 ], [ 100.466096091040839, 6.816361129693711 ], [ 100.466015143963787, 6.816405692475604 ], [ 100.465972910706185, 6.816528240125809 ], [ 100.466120727107779, 6.816810471077795 ], [ 100.466184076994168, 6.817074134203993 ], [ 100.466060896659513, 6.817200395419356 ], [ 100.466166479803505, 6.817523475588077 ], [ 100.46619111587043, 6.817850269321956 ], [ 100.466029221716312, 6.818117646013312 ], [ 100.465726550036877, 6.818281042880251 ], [ 100.465300698022773, 6.818633831570235 ], [ 100.465138803868655, 6.818919776087379 ], [ 100.465057856791589, 6.819042323737584 ], [ 100.465142323306793, 6.819265137647046 ], [ 100.4653675673473, 6.81932455468957 ], [ 100.465592811387822, 6.819383971732094 ], [ 100.465652641836073, 6.819484237991352 ], [ 100.465656161274211, 6.819729333291761 ], [ 100.465881405314732, 6.819811031725231 ], [ 100.466595851255732, 6.819967001461856 ], [ 100.466719031590387, 6.820067267721114 ], [ 100.466740148219188, 6.820130398328795 ], [ 100.466680317770923, 6.820212096762265 ], [ 100.466437476539753, 6.820356925803416 ], [ 100.465603369702222, 6.820769131535922 ], [ 100.465096570611053, 6.820876824925496 ], [ 100.464705912978289, 6.820817407882973 ], [ 100.464420838489517, 6.820780272231396 ], [ 100.464174477820208, 6.820761704405607 ], [ 100.464054816923678, 6.820824835013288 ], [ 100.463994986475413, 6.820969664054439 ], [ 100.46409705018128, 6.821251895006426 ], [ 100.464325813659926, 6.82161953795704 ], [ 100.464308216469263, 6.821760653433033 ], [ 100.464146322315131, 6.821946331690919 ], [ 100.464002025351675, 6.821946331690919 ], [ 100.463861247826358, 6.821905482474184 ], [ 100.463674717605315, 6.821704949955667 ], [ 100.463470590193594, 6.821626965087355 ], [ 100.463326293230139, 6.821645532913144 ], [ 100.463206632333609, 6.821708663520825 ], [ 100.463189035142946, 6.822321401771848 ], [ 100.463277021096275, 6.822871009415191 ], [ 100.463196074019208, 6.823056687673077 ], [ 100.462735027623793, 6.823253506626436 ], [ 100.462439394820606, 6.823398335667587 ], [ 100.462164878646234, 6.823524596882949 ], [ 100.46172846831773, 6.823650858098311 ], [ 100.461577132478013, 6.824111340177868 ], [ 100.461478588210284, 6.824170757220392 ], [ 100.461302616303641, 6.824193038611338 ], [ 100.461119605520722, 6.824118767308184 ], [ 100.460940114175941, 6.82414104869913 ], [ 100.460823972717549, 6.824263596349335 ], [ 100.460707831259157, 6.824345294782804 ], [ 100.460545937105039, 6.824167043655234 ], [ 100.460464990027972, 6.824129908003657 ], [ 100.460366445760243, 6.824211606437127 ], [ 100.460289018121316, 6.824352721913121 ], [ 100.460331251378918, 6.82454954086648 ], [ 100.460398120703445, 6.824805776862362 ], [ 100.460127123967197, 6.825229123290342 ], [ 100.45998634644188, 6.825273686072235 ], [ 100.459806855097099, 6.825255118246446 ], [ 100.459673116448045, 6.825418515113386 ], [ 100.459634402628581, 6.825578198415167 ], [ 100.459556974989653, 6.825697032500214 ], [ 100.459437314093122, 6.825700746065372 ], [ 100.459398600273659, 6.825778730933684 ], [ 100.459381003082996, 6.825860429367154 ], [ 100.459384522521134, 6.826038680494724 ], [ 100.459384522521134, 6.826138946753982 ], [ 100.459366925330471, 6.826239213013241 ], [ 100.459169836795013, 6.826280062229976 ], [ 100.459053695336621, 6.826480594748492 ], [ 100.459138161851811, 6.826681127267009 ], [ 100.45926134218648, 6.826996780305415 ], [ 100.459289497691543, 6.827371850386345 ], [ 100.459511222293926, 6.827527820122969 ], [ 100.459630883190442, 6.827665222033804 ], [ 100.459736466334434, 6.827880608812952 ], [ 100.459958190936817, 6.828058859940523 ], [ 100.46006025464267, 6.828155412634623 ], [ 100.460239745987465, 6.828192548286201 ], [ 100.460876764289537, 6.828337377327352 ], [ 100.461098488891921, 6.828474779238187 ], [ 100.461102008330059, 6.828593613323235 ], [ 100.461105527768183, 6.828753296625016 ], [ 100.461045697319932, 6.828890698535852 ], [ 100.461049216758056, 6.829013246186056 ], [ 100.461151280463923, 6.829068949663422 ], [ 100.461288538551102, 6.829068949663422 ], [ 100.461387082818831, 6.828964969839006 ], [ 100.461443393828958, 6.828786718711435 ], [ 100.461499704839085, 6.828645603235442 ], [ 100.461675676745742, 6.828482206368503 ], [ 100.461735507194007, 6.828441357151767 ], [ 100.461858687528661, 6.828619608279338 ], [ 100.461862206966799, 6.828838708623644 ], [ 100.461805895956658, 6.829098658184684 ], [ 100.461812934832935, 6.829377175571513 ], [ 100.461876284719324, 6.82959256235066 ], [ 100.462101528759845, 6.82996763243159 ], [ 100.462221189656361, 6.830004768083167 ], [ 100.462263422913963, 6.830223868427472 ], [ 100.462228228532624, 6.830442968771778 ], [ 100.462150800893696, 6.830465250162724 ], [ 100.462010023368379, 6.830364983903466 ], [ 100.46184812921426, 6.830331561817046 ], [ 100.461714390565206, 6.83056922998714 ], [ 100.461717910003344, 6.83082917954818 ], [ 100.461784779327871, 6.83110769693501 ], [ 100.461907959662526, 6.831304515888368 ], [ 100.461929076291327, 6.831501334841727 ], [ 100.461774221013471, 6.831664731708667 ], [ 100.461517302029748, 6.83170929449056 ], [ 100.461320213494304, 6.831909827009076 ], [ 100.461066813948719, 6.832192057961063 ], [ 100.460711350697281, 6.832418585435684 ], [ 100.460591689800765, 6.832400017609896 ], [ 100.4605318593525, 6.83226261569906 ], [ 100.460429795646647, 6.832266329264217 ], [ 100.460394601265307, 6.832344314132529 ], [ 100.460274940368791, 6.832485429608522 ], [ 100.460137682281598, 6.832548560216204 ], [ 100.460056735204546, 6.832429726131156 ], [ 100.459993385318143, 6.832333173437056 ], [ 100.459894841050428, 6.832374022653791 ], [ 100.459838530040287, 6.832552273781362 ], [ 100.459961710374955, 6.832711957083143 ], [ 100.460123604529073, 6.832827077603032 ], [ 100.460341809693318, 6.832804796212086 ], [ 100.460521301038099, 6.832819650472717 ], [ 100.4605424176669, 6.832957052383553 ], [ 100.460486106656774, 6.833020182991234 ], [ 100.460327731940779, 6.833083313598915 ], [ 100.460148240595998, 6.833105594989862 ], [ 100.460049696328269, 6.833165012032385 ], [ 100.460010982508805, 6.833265278291643 ], [ 100.45997578812748, 6.833424961593425 ], [ 100.459778699592036, 6.833606926286153 ], [ 100.459620324876042, 6.833610639851311 ], [ 100.459381003082996, 6.833673770458993 ], [ 100.459285978253405, 6.833796318109197 ], [ 100.459268381062742, 6.833956001410979 ], [ 100.459412678026197, 6.834152820364338 ], [ 100.459651999819243, 6.834186242450757 ], [ 100.459711830267509, 6.834267940884227 ], [ 100.459732946896295, 6.834345925752539 ], [ 100.459673116448045, 6.834386774969274 ], [ 100.459556974989653, 6.834446192011797 ], [ 100.459356367016071, 6.83449075479369 ], [ 100.459201511738215, 6.834613302443895 ], [ 100.459004423202757, 6.834735850094099 ], [ 100.458944592754506, 6.834735850094099 ], [ 100.458842529048638, 6.834598448183264 ], [ 100.458736945904647, 6.834383061404116 ], [ 100.458617285008131, 6.834286508710016 ], [ 100.458497624111601, 6.834286508710016 ], [ 100.458342768833745, 6.834550171836214 ], [ 100.458265341194817, 6.834691287312207 ], [ 100.458166796927102, 6.834732136528942 ], [ 100.458106966478837, 6.834713568703154 ], [ 100.458026019401771, 6.834535317575583 ], [ 100.457899319628993, 6.834279081579701 ], [ 100.457860605809529, 6.834238232362965 ], [ 100.457800775361264, 6.834260513753912 ], [ 100.457804294799388, 6.834338498622224 ], [ 100.457804294799388, 6.834479614098218 ], [ 100.457888761314592, 6.834657865225788 ], [ 100.457850047495128, 6.834735850094099 ], [ 100.457793736485002, 6.834876965570093 ], [ 100.457656478397809, 6.835058930262822 ], [ 100.457638881207146, 6.835159196522079 ], [ 100.457659997835933, 6.835237181390392 ], [ 100.457860605809529, 6.835274317041969 ], [ 100.458022499963647, 6.835471135995328 ], [ 100.458047136030572, 6.835667954948687 ], [ 100.457818372551927, 6.836228703287502 ], [ 100.45748402592929, 6.8364923664137 ], [ 100.457135601554114, 6.837038260491885 ], [ 100.457202470878642, 6.83737248135608 ], [ 100.457403078852224, 6.837569300309439 ], [ 100.457586089635143, 6.837825536305321 ], [ 100.457589609073281, 6.838003787432892 ], [ 100.457515700872491, 6.838263736993932 ], [ 100.457156718182915, 6.838579390032338 ] ] ] } },
{ "type": "Feature", "properties": { "id": null, "EL_Hash": "w1pqww65p0", "ORDERRIVER_Name_T": 4, "HY_Name_T": "คลองประตู", "EL_Name": "คลองประตูw65p0", "Lat": 6.8024254382600002, "Long": 100.484010009, "Length_km": 5.1184908623199998, "LocalName": "", "ElementA": "w1pqww65p0", "ElementB": "w1pqy43bt8", "ReLation": "FlowsTo" }, "geometry": { "type": "MultiLineString", "coordinates": [ [ [ 100.497890695134757, 6.796976319570423 ], [ 100.497309987842797, 6.797421947389349 ], [ 100.497070666049751, 6.797540781474397 ], [ 100.496848941447368, 6.797503645822819 ], [ 100.496588503025521, 6.797444228780296 ], [ 100.496328064603674, 6.797525927213766 ], [ 100.496145053820769, 6.797525927213766 ], [ 100.496067626181841, 6.797444228780296 ], [ 100.495944445847172, 6.797225128435991 ], [ 100.495803668321855, 6.797165711393467 ], [ 100.495624176977074, 6.79712857574189 ], [ 100.495180727772308, 6.797269691217883 ], [ 100.494719681376878, 6.797332821825564 ], [ 100.494540190032097, 6.797451655910612 ], [ 100.494381815316103, 6.79763362060334 ], [ 100.49388205510121, 6.797837866687014 ], [ 100.49363921387004, 6.797856434512803 ], [ 100.49351955297351, 6.797978982163007 ], [ 100.493501955782847, 6.798138665464789 ], [ 100.493582902859913, 6.798498881285088 ], [ 100.493582902859913, 6.798799680062863 ], [ 100.493463241963383, 6.798940795538856 ], [ 100.493343581066867, 6.799003926146537 ], [ 100.493185206350873, 6.799003926146537 ], [ 100.49296348174849, 6.799085624580007 ], [ 100.49280510703251, 6.799245307881789 ], [ 100.492544668610662, 6.799386423357783 ], [ 100.492023791766968, 6.799490403182198 ], [ 100.491700003458732, 6.799531252398934 ], [ 100.491580342562202, 6.799631518658192 ], [ 100.491682406268069, 6.799832051176709 ], [ 100.491844300422187, 6.800092000737749 ], [ 100.491805586602723, 6.800251684039531 ], [ 100.491485317732611, 6.800333382473 ], [ 100.491323423578493, 6.800337096038158 ], [ 100.491062985156645, 6.800255397604689 ], [ 100.490700483028945, 6.799876613958602 ], [ 100.490517472246026, 6.799676081440085 ], [ 100.490415408540173, 6.799475548921568 ], [ 100.490718080219608, 6.799393850488098 ], [ 100.490939804821991, 6.799375282662309 ], [ 100.490957402012654, 6.799193317969581 ], [ 100.490756794039072, 6.799133900927058 ], [ 100.490594899884954, 6.798855383540229 ], [ 100.490475238988424, 6.798654851021712 ], [ 100.490292228205519, 6.798636283195924 ], [ 100.490172567308989, 6.798777398671916 ], [ 100.490074023041259, 6.798937081973699 ], [ 100.489996595402332, 6.799297297793997 ], [ 100.489693923722896, 6.799661227179453 ], [ 100.489517951816239, 6.800143990649957 ], [ 100.489437004739187, 6.800444789427732 ], [ 100.489257513394392, 6.800745588205507 ], [ 100.488958361153095, 6.800927552898235 ], [ 100.488940763962418, 6.801146653242541 ], [ 100.48898299722002, 6.801529150453786 ], [ 100.489162488564801, 6.801889366274084 ], [ 100.488884452952291, 6.802030481750077 ], [ 100.488581781272856, 6.802171597226071 ], [ 100.488483237005127, 6.802093612357758 ], [ 100.488543067453392, 6.801870798448296 ], [ 100.48850083419579, 6.801792813579984 ], [ 100.488360056670473, 6.801811381405773 ], [ 100.48822279858328, 6.801952496881766 ], [ 100.487821582636116, 6.802416692526481 ], [ 100.487744154997188, 6.802617225044997 ], [ 100.487603377471871, 6.802680355652678 ], [ 100.487402769498289, 6.802639506435943 ], [ 100.487261991972957, 6.802539240176685 ], [ 100.487100097818839, 6.802379556874903 ], [ 100.486899489845257, 6.802279290615645 ], [ 100.486716479062338, 6.802320139832379 ], [ 100.486677765242874, 6.802420406091638 ], [ 100.486579220975159, 6.802561521567632 ], [ 100.486339899182099, 6.802583802958577 ], [ 100.48617800502798, 6.802706350608783 ], [ 100.486058344131465, 6.80308513425487 ], [ 100.48553746728777, 6.803211395470232 ], [ 100.485255912237122, 6.803189114079285 ], [ 100.485016590444076, 6.803010862951715 ], [ 100.484756152022243, 6.803010862951715 ], [ 100.484555544048646, 6.802951445909192 ], [ 100.484471077533456, 6.802632079305628 ], [ 100.484411247085191, 6.802372129744588 ], [ 100.484249352931073, 6.802312712702064 ], [ 100.484108575405756, 6.802334994093011 ], [ 100.484010031138027, 6.802412978961322 ], [ 100.484010031138027, 6.802736059130044 ], [ 100.484052264395629, 6.803055425733608 ], [ 100.483974836756701, 6.803255958252125 ], [ 100.483753112154318, 6.803456490770642 ], [ 100.483112574414108, 6.803761003113574 ], [ 100.48291548587865, 6.804243766584078 ], [ 100.482897888687987, 6.804667113012058 ], [ 100.483098496661569, 6.805027328832356 ], [ 100.483341337892753, 6.805283564828239 ], [ 100.483320221263952, 6.80552494656349 ], [ 100.483140729919171, 6.805666062039483 ], [ 100.482721916781344, 6.80568834343043 ], [ 100.482116573422459, 6.805822031776108 ], [ 100.482035626345393, 6.80594829299147 ], [ 100.481915965448877, 6.806089408467463 ], [ 100.481711838037157, 6.806152539075145 ], [ 100.481528827254238, 6.806133971249356 ], [ 100.481447880177171, 6.806074554206832 ], [ 100.481486593996635, 6.805970574382417 ], [ 100.481476035682235, 6.805825745341266 ], [ 100.48146195792971, 6.805647494213694 ], [ 100.481296544337454, 6.805402398913285 ], [ 100.4811733640028, 6.805220434220558 ], [ 100.480951639400416, 6.805283564828239 ], [ 100.480930522771615, 6.805424680304232 ], [ 100.480951639400416, 6.805569509345383 ], [ 100.480955158838555, 6.805792323254845 ], [ 100.480874211761488, 6.805955720121785 ], [ 100.480793264684436, 6.805978001512732 ], [ 100.48071231760737, 6.806059699946202 ], [ 100.480754550864972, 6.806200815422195 ], [ 100.480898847828428, 6.806486759939339 ], [ 100.480842536818287, 6.806813553673218 ], [ 100.480782706370036, 6.807058648973627 ], [ 100.480638409406581, 6.807121779581309 ], [ 100.480251271211941, 6.807125493146467 ], [ 100.480008429980757, 6.807147774537412 ], [ 100.479927482903705, 6.807248040796671 ], [ 100.479846535826638, 6.807352020621088 ], [ 100.479723355491984, 6.807352020621088 ], [ 100.479582577966667, 6.807519131053184 ], [ 100.479177842581365, 6.807990753828215 ], [ 100.478938520788319, 6.808358396778829 ], [ 100.478716796185935, 6.808607205644396 ], [ 100.478635849108869, 6.808770602511336 ], [ 100.478678082366471, 6.80897484859501 ], [ 100.47900890955097, 6.80939819502299 ], [ 100.479110973256837, 6.809602441106665 ], [ 100.479093376066174, 6.809806687190339 ], [ 100.47905466224671, 6.810010933274014 ], [ 100.479096895504298, 6.810192897966742 ], [ 100.479075778875512, 6.810356294833682 ], [ 100.47893500135018, 6.810378576224627 ], [ 100.47873087393846, 6.810360008398839 ], [ 100.478628810232607, 6.810501123874833 ], [ 100.47869216011901, 6.810623671525037 ], [ 100.478977234607783, 6.810642239350826 ], [ 100.479184881457627, 6.810865053260288 ], [ 100.479061701122973, 6.811028450127228 ], [ 100.478899806968855, 6.811150997777433 ], [ 100.478801262701126, 6.811336676035319 ], [ 100.478804782139264, 6.811641188378251 ], [ 100.478702718433397, 6.811786017419402 ], [ 100.478579538098742, 6.811786017419402 ], [ 100.478393007877699, 6.811604052726675 ], [ 100.478150166646515, 6.811566917075098 ], [ 100.477988272492397, 6.811670896899513 ], [ 100.477787664518814, 6.812038539850128 ], [ 100.477643367555359, 6.812101670457809 ], [ 100.477481473401241, 6.812265067324748 ], [ 100.477298462618322, 6.812287348715695 ], [ 100.477196398912454, 6.812023685589496 ], [ 100.476967635433809, 6.811864002287715 ], [ 100.476724794202639, 6.811804585245191 ], [ 100.476457316904515, 6.811826866636138 ], [ 100.47615464522508, 6.811849148027084 ], [ 100.475785104221103, 6.811812012375507 ], [ 100.475542262989933, 6.811875142983188 ], [ 100.475317018949411, 6.8118565751574 ], [ 100.47521143580542, 6.811615193422147 ], [ 100.475229032996083, 6.811306967514057 ], [ 100.475288863444348, 6.811125002821329 ], [ 100.475144566480893, 6.810939324563443 ], [ 100.474919322440385, 6.810861339695131 ], [ 100.474532184245746, 6.810701656393349 ], [ 100.474141526612982, 6.810337727007893 ], [ 100.473691038531953, 6.810036928230118 ], [ 100.473423561233844, 6.809977511187594 ] ] ] } },
{ "type": "Feature", "properties": { "id": null, "EL_Hash": "w1pqjetdph", "ORDERRIVER_Name_T": 4, "HY_Name_T": "คลองปริก", "EL_Name": "คลองปริกetdph", "Lat": 6.6992801127200003, "Long": 100.444865843, "Length_km": 2.2602710416299998, "LocalName": "", "ElementA": "w1pqjetdph", "ElementB": "w1pqjqxf6f", "ReLation": "FlowsTo" }, "geometry": { "type": "MultiLineString", "coordinates": [ [ [ 100.451296853691403, 6.699406108616541 ], [ 100.45126869818634, 6.699250138879917 ], [ 100.451173673356735, 6.699123877664555 ], [ 100.451022337517017, 6.698975335058246 ], [ 100.450853404486637, 6.698893636624777 ], [ 100.450775976847709, 6.698800797495833 ], [ 100.450758379657046, 6.698681963410786 ], [ 100.450832287857835, 6.698563129325739 ], [ 100.450923793249302, 6.698396018893642 ], [ 100.450923793249302, 6.698228908461545 ], [ 100.450867482239161, 6.698080365855236 ], [ 100.450754860218908, 6.697991240291451 ], [ 100.450621121569853, 6.697946677509559 ], [ 100.450512018987723, 6.697965245335347 ], [ 100.450416994158132, 6.698065511594606 ], [ 100.450371241462406, 6.698158350723548 ], [ 100.450420513596271, 6.698499998718058 ], [ 100.450420513596271, 6.698637400628894 ], [ 100.450364202586144, 6.698748807583626 ], [ 100.45021638618455, 6.698841646712569 ], [ 100.45004745315417, 6.698834219582253 ], [ 100.449878520123775, 6.698715385497206 ], [ 100.449716625969657, 6.698459149501324 ], [ 100.44957584844434, 6.69836631037238 ], [ 100.44950194024355, 6.698384878198169 ], [ 100.449410434852084, 6.698507425848374 ], [ 100.449287254517429, 6.698626259933421 ], [ 100.449185190811576, 6.698674536280471 ], [ 100.44909368542011, 6.698626259933421 ], [ 100.448977543961718, 6.698462863066482 ], [ 100.448864921941464, 6.698314320460172 ], [ 100.44866783340602, 6.698251189852491 ], [ 100.44854817250949, 6.698262330547965 ], [ 100.448340525659646, 6.698347742546592 ], [ 100.448118801057262, 6.698440581675535 ], [ 100.447995620722608, 6.698570556456055 ], [ 100.447858362635415, 6.698670822715314 ], [ 100.447802051625288, 6.69870795836689 ], [ 100.447671832414358, 6.698819365321622 ], [ 100.447587365899167, 6.698960480797616 ], [ 100.447502899383977, 6.699053319926558 ], [ 100.447372680173061, 6.699060747056873 ], [ 100.44727765534347, 6.698990189318877 ], [ 100.447165033323202, 6.698860214538357 ], [ 100.446978503102159, 6.698622546368263 ], [ 100.446901075463231, 6.698577983586371 ], [ 100.4467708562523, 6.698384878198169 ], [ 100.446658234232046, 6.698273471243438 ], [ 100.446545612211793, 6.698273471243438 ], [ 100.446376679181398, 6.69836631037238 ], [ 100.446264057161144, 6.698477717327112 ], [ 100.446154954579029, 6.698626259933421 ], [ 100.446031774244361, 6.69869310410626 ], [ 100.445964904919833, 6.698681963410786 ], [ 100.445908593909706, 6.698681963410786 ], [ 100.445873399528381, 6.698756234713941 ], [ 100.445845244023317, 6.698897350189934 ], [ 100.445810049641977, 6.699071887752347 ], [ 100.445746699755588, 6.69924642531476 ], [ 100.445588325039608, 6.699331837313387 ], [ 100.445426430885476, 6.699350405139175 ], [ 100.445239900664433, 6.699305842357283 ], [ 100.445109681453502, 6.699213003228341 ], [ 100.444997059433248, 6.699198148967709 ], [ 100.444923151232459, 6.699224143923813 ], [ 100.444856281907931, 6.699290988096652 ], [ 100.444849243031669, 6.6994098221817 ], [ 100.444923151232459, 6.699666058177582 ], [ 100.444982981680724, 6.699877731391572 ], [ 100.444961865051923, 6.6999631433902 ], [ 100.44490907347992, 6.700000279041777 ], [ 100.444831645840992, 6.700000279041777 ], [ 100.444690868315675, 6.699862877130941 ], [ 100.444511376970894, 6.699744043045894 ], [ 100.4443635605693, 6.69971804808979 ], [ 100.444092563833053, 6.699829455044521 ], [ 100.444029213946664, 6.699948289129568 ], [ 100.444046811137326, 6.700122826691981 ], [ 100.444124238776254, 6.70027136929829 ], [ 100.444282613492248, 6.700434766165229 ], [ 100.444613440676747, 6.700665007205008 ], [ 100.445070967634052, 6.700995514504045 ], [ 100.445271575607634, 6.701158911370984 ], [ 100.445345483808424, 6.701270318325716 ], [ 100.445345483808424, 6.701396579541078 ], [ 100.445271575607634, 6.701537695017072 ], [ 100.444993539995124, 6.70160453918991 ], [ 100.444673271125012, 6.701597112059595 ], [ 100.444525454723419, 6.701585971364122 ], [ 100.444469143713292, 6.701660242667276 ], [ 100.444469143713292, 6.70175308179622 ], [ 100.444536013037819, 6.701864488750951 ], [ 100.444694387753813, 6.702001890661786 ], [ 100.444722543258877, 6.702102156921045 ], [ 100.444659193372473, 6.702213563875777 ], [ 100.44454657135222, 6.702287835178931 ], [ 100.444377638321839, 6.702317543700192 ], [ 100.444236860796508, 6.702310116569877 ], [ 100.444155913719456, 6.702347252221454 ], [ 100.444043291699202, 6.702514362653551 ], [ 100.443941227993335, 6.702640623868914 ], [ 100.443772294962955, 6.702800307170696 ], [ 100.443578725865635, 6.703160522990994 ], [ 100.443430909464041, 6.703290497771515 ], [ 100.443261976433661, 6.703364769074669 ], [ 100.443075446212603, 6.703439040377823 ], [ 100.442719982961179, 6.703442753942981 ], [ 100.442318767014001, 6.70350959811582 ], [ 100.441924589943099, 6.703539306637082 ], [ 100.44177677354152, 6.703539306637082 ], [ 100.441692307026329, 6.70355787446287 ], [ 100.441375557594355, 6.703773261242018 ], [ 100.441076405353044, 6.703951512369589 ], [ 100.440974341647177, 6.704033210803058 ], [ 100.440928588951451, 6.704107482106212 ], [ 100.440925069513327, 6.704289446798941 ] ] ] } },
{ "type": "Feature", "properties": { "id": null, "EL_Hash": "w1pqjgh3zq", "ORDERRIVER_Name_T": 4, "HY_Name_T": "คลองปริก", "EL_Name": "คลองปริกgh3zq", "Lat": 6.6965019084400002, "Long": 100.454153113, "Length_km": 1.41359519954, "LocalName": "", "ElementA": "w1pqjgh3zq", "ElementB": "w1pqjetdph", "ReLation": "FlowsTo" }, "geometry": { "type": "MultiLineString", "coordinates": [ [ [ 100.454742383623653, 6.691830435694797 ], [ 100.454675514299126, 6.691856430650901 ], [ 100.454584008907659, 6.691949269779844 ], [ 100.454510100706869, 6.692060676734576 ], [ 100.454436192506066, 6.692153515863518 ], [ 100.454330609362074, 6.69218322438478 ], [ 100.454228545656221, 6.692146088733203 ], [ 100.454087768130904, 6.69210152595131 ], [ 100.453968107234374, 6.692120093777099 ], [ 100.453837888023457, 6.692257495687935 ], [ 100.45373582431759, 6.692424606120031 ], [ 100.4536513578024, 6.692673414985599 ], [ 100.453559852410947, 6.693033630805898 ], [ 100.453503541400821, 6.693211881933468 ], [ 100.453563371849071, 6.693505253580928 ], [ 100.453658396678676, 6.693679791143341 ], [ 100.453809732518394, 6.693798625228387 ], [ 100.453957548919973, 6.693928600008908 ], [ 100.453989223863175, 6.694121705397109 ], [ 100.453950510043711, 6.694240539482156 ], [ 100.453922354538648, 6.694351946436887 ], [ 100.453943471167449, 6.694463353391619 ], [ 100.45403849599704, 6.69460818243277 ], [ 100.454225026218083, 6.694782719995183 ], [ 100.454337648238351, 6.694864418428653 ], [ 100.454358764867152, 6.694931262601491 ], [ 100.454330609362074, 6.694975825383384 ], [ 100.454228545656221, 6.695024101730434 ], [ 100.45392939341491, 6.694998106774331 ], [ 100.453823810270919, 6.695005533904646 ], [ 100.453749902070129, 6.695053810251697 ], [ 100.453742863193867, 6.69512808155485 ], [ 100.453781577013331, 6.695328614073367 ], [ 100.453943471167449, 6.695789096152924 ], [ 100.454105365321567, 6.696260718927954 ], [ 100.454161676331694, 6.696546663445099 ], [ 100.454144079141031, 6.69682146726677 ], [ 100.454091287569028, 6.697025713350444 ], [ 100.453939951729311, 6.697218818738646 ], [ 100.453809732518394, 6.697330225693377 ], [ 100.453623202297337, 6.69747134116937 ], [ 100.45345778870508, 6.697582748124102 ], [ 100.453271258484037, 6.697731290730411 ], [ 100.453176233654446, 6.697853838380616 ], [ 100.4529369118614, 6.698295752634384 ], [ 100.452845406469933, 6.698507425848374 ], [ 100.452676473439553, 6.698667109150156 ], [ 100.452546254228622, 6.698678249845629 ], [ 100.452412515579567, 6.69852970723932 ], [ 100.452377321198242, 6.6983997324588 ], [ 100.452282296368651, 6.698254903417649 ], [ 100.452180232662798, 6.698292039069226 ], [ 100.452057052328129, 6.698422013849746 ], [ 100.452011299632403, 6.698466576631639 ], [ 100.451888119297749, 6.698488858022586 ], [ 100.451775497277495, 6.698377451067854 ], [ 100.451662875257227, 6.698228908461545 ], [ 100.45152209773191, 6.698251189852491 ], [ 100.45143763121672, 6.698332888285961 ], [ 100.451420034026057, 6.698462863066482 ], [ 100.451497461664985, 6.698592837847001 ], [ 100.451807172220683, 6.698811938191307 ], [ 100.451997221879878, 6.699019897840139 ], [ 100.452025377384942, 6.699198148967709 ], [ 100.451997221879878, 6.699279847401179 ], [ 100.451905716488412, 6.699346691574018 ], [ 100.451687511324167, 6.699346691574018 ], [ 100.451296853691403, 6.699406108616541 ] ] ] } },
{ "type": "Feature", "properties": { "id": null, "EL_Hash": "w1pqn463ut", "ORDERRIVER_Name_T": 4, "HY_Name_T": "คลองปริก", "EL_Name": "คลองปริก463ut", "Lat": 6.6923745675399999, "Long": 100.462267891, "Length_km": 3.1795454204000002, "LocalName": "", "ElementA": "w1pqn463ut", "ElementB": "w1pqjgh3zq", "ReLation": "FlowsTo" }, "geometry": { "type": "MultiLineString", "coordinates": [ [ [ 100.468742708516885, 6.686063269004861 ], [ 100.468601930991568, 6.686011279092653 ], [ 100.468404842456124, 6.685955575615287 ], [ 100.468200715044404, 6.685959289180444 ], [ 100.468105690214813, 6.685896158572763 ], [ 100.468102170776675, 6.685747615966455 ], [ 100.468063456957211, 6.685628781881408 ], [ 100.467971951565758, 6.685602786925304 ], [ 100.467831174040427, 6.685651063272354 ], [ 100.467736149210836, 6.685725334575508 ], [ 100.467612968876182, 6.68575504309677 ], [ 100.467482749665265, 6.685847882225714 ], [ 100.467204714052755, 6.68609669109128 ], [ 100.467166000233291, 6.68616353526412 ], [ 100.467130805851951, 6.686245233697589 ], [ 100.467113208661289, 6.686367781347794 ], [ 100.467113208661289, 6.686505183258629 ], [ 100.467264544501006, 6.686735424298408 ], [ 100.467331413825548, 6.68690996186082 ], [ 100.467341972139934, 6.687140202900599 ], [ 100.467306777758608, 6.687270177681119 ], [ 100.467155441918891, 6.687463283069321 ], [ 100.466990028326634, 6.687667529152995 ], [ 100.466859809115718, 6.68787177523667 ], [ 100.466824614734378, 6.688046312799083 ], [ 100.466824614734378, 6.688399101489066 ], [ 100.466807017543715, 6.688555071225689 ], [ 100.466733109342925, 6.688729608788102 ], [ 100.466585292941332, 6.688859583568623 ], [ 100.466426918225352, 6.688907859915673 ], [ 100.466286140700021, 6.688870724264095 ], [ 100.46619111587043, 6.688759317309364 ], [ 100.466089052164577, 6.688677618875895 ], [ 100.465994027334986, 6.688696186701683 ], [ 100.46594827463926, 6.688789025830626 ], [ 100.465909560819796, 6.688956136262723 ], [ 100.465863808124055, 6.689048975391666 ], [ 100.465677277903012, 6.68920494512829 ], [ 100.465342931280375, 6.689487176080277 ], [ 100.465230309260107, 6.689624577991112 ], [ 100.465131764992393, 6.689810256248998 ], [ 100.465131764992393, 6.690029356593303 ], [ 100.465188076002519, 6.69021503485119 ], [ 100.465244387012646, 6.690345009631709 ], [ 100.465339411842237, 6.690452703021283 ], [ 100.465508344872632, 6.690526974324438 ], [ 100.465564655882758, 6.690564109976015 ], [ 100.465557617006482, 6.690645808409485 ], [ 100.465473150491292, 6.690794351015794 ], [ 100.465314775775312, 6.690987456403995 ], [ 100.465156401059318, 6.691121144749673 ], [ 100.464952273647597, 6.69115828040125 ], [ 100.464519382757246, 6.69115828040125 ], [ 100.464343410850589, 6.6912065567483 ], [ 100.464128725124468, 6.691280828051455 ], [ 100.463942194903424, 6.691403375701659 ], [ 100.46381901456877, 6.691551918307968 ], [ 100.46377326187303, 6.691719028740065 ], [ 100.463804936816231, 6.691830435694797 ], [ 100.46386828670262, 6.691845289955427 ], [ 100.464037219733015, 6.691874998476689 ], [ 100.464121686248205, 6.691975264735948 ], [ 100.464114647371943, 6.692149802298361 ], [ 100.464114647371943, 6.692324339860773 ], [ 100.464153361191407, 6.692517445248975 ], [ 100.464174477820208, 6.692729118462965 ], [ 100.464139283438868, 6.692925937416324 ], [ 100.463970350408488, 6.693156178456102 ], [ 100.46377326187303, 6.693204454803153 ], [ 100.463653600976514, 6.693185886977364 ], [ 100.463484667946119, 6.693000208719478 ], [ 100.463266462781874, 6.692588002986971 ], [ 100.46306937424643, 6.69239489759877 ], [ 100.462823013577108, 6.692276063513723 ], [ 100.462625925041664, 6.692261209253092 ], [ 100.462298617295289, 6.69234662125172 ], [ 100.462168398084373, 6.692465455336767 ], [ 100.461992426177716, 6.692550867335394 ], [ 100.461805895956658, 6.692532299509605 ], [ 100.461626404611877, 6.692350334816878 ], [ 100.461548976972949, 6.692120093777099 ], [ 100.461612326859353, 6.691823008564482 ], [ 100.461788298765995, 6.691507355526076 ], [ 100.461816454271059, 6.69128825518177 ], [ 100.461777740451595, 6.691195416052827 ], [ 100.461636962926278, 6.69115828040125 ], [ 100.46148562708656, 6.691113717619357 ], [ 100.461270941360439, 6.691132285445146 ], [ 100.461151280463923, 6.691161993966408 ], [ 100.460813414403148, 6.691440511353236 ], [ 100.460750064516745, 6.691596481089861 ], [ 100.460704311821019, 6.691737596565854 ], [ 100.460781739459946, 6.692068103864891 ], [ 100.46082045327941, 6.692298344904669 ], [ 100.460831011593811, 6.692472882467082 ], [ 100.460785258898085, 6.692795962635803 ], [ 100.460693753506618, 6.693048485066528 ], [ 100.460563534295702, 6.693304721062411 ], [ 100.460415717894108, 6.693527534971874 ], [ 100.460165837786661, 6.693731781055549 ], [ 100.460042657452007, 6.693861755836068 ], [ 100.460007463070681, 6.693991730616589 ], [ 100.460000424194419, 6.694259107307944 ], [ 100.460028579699483, 6.694452212696146 ], [ 100.460010982508805, 6.694571046781193 ], [ 100.459937074308016, 6.694656458779821 ], [ 100.459831491164024, 6.694675026605609 ], [ 100.459757582963235, 6.694637890954032 ], [ 100.459673116448045, 6.694548765390246 ], [ 100.459578091618454, 6.694270248003417 ], [ 100.459219108928878, 6.693895177922488 ], [ 100.458993864888356, 6.693609233405343 ], [ 100.458803815229174, 6.6934198415823 ], [ 100.458634882198794, 6.693308434627569 ], [ 100.45840259928201, 6.693182173412207 ], [ 100.458008422211108, 6.693137610630314 ], [ 100.457906358505255, 6.693163605586418 ], [ 100.457755022665538, 6.693137610630314 ], [ 100.45764240064527, 6.693067052892317 ], [ 100.457491064805552, 6.692836811852539 ], [ 100.457367884470898, 6.692576862291499 ], [ 100.457037057286385, 6.69197155117079 ], [ 100.456847007627204, 6.691815581434166 ], [ 100.45664991909176, 6.691778445782589 ], [ 100.456107925619264, 6.691737596565854 ], [ 100.455977706408348, 6.691700460914277 ], [ 100.455741904053426, 6.691674465958172 ], [ 100.455544815517982, 6.691667038827857 ], [ 100.455273818781734, 6.691797013608378 ], [ 100.455238624400408, 6.691945556214686 ], [ 100.455238624400408, 6.692205505775727 ], [ 100.455242143838532, 6.692331766991089 ], [ 100.455203430019068, 6.692424606120031 ], [ 100.455062652493751, 6.692498877423186 ], [ 100.454942991597235, 6.692454314641294 ], [ 100.454858525082031, 6.692372616207824 ], [ 100.45479869463378, 6.692049536039102 ], [ 100.454809252948181, 6.691893566302478 ], [ 100.454742383623653, 6.691830435694797 ] ] ] } },
{ "type": "Feature", "properties": { "id": null, "EL_Hash": "w1pqn1xc12", "ORDERRIVER_Name_T": 4, "HY_Name_T": "คลองปริก", "EL_Name": "คลองปริก1xc12", "Lat": 6.6881039214099998, "Long": 100.469690703, "Length_km": 0.70449211271000001, "LocalName": "", "ElementA": "w1pqn1xc12", "ElementB": "w1pqn463ut", "ReLation": "FlowsTo" }, "geometry": { "type": "MultiLineString", "coordinates": [ [ [ 100.471308378915879, 6.688970990523354 ], [ 100.471252067905752, 6.688933854871777 ], [ 100.471079615437233, 6.68878159870031 ], [ 100.470910682406839, 6.688551357660532 ], [ 100.470798060386585, 6.68842509644517 ], [ 100.470646724546867, 6.688361965837489 ], [ 100.470516505335951, 6.688373106532961 ], [ 100.47046019432581, 6.688436237140643 ], [ 100.470442597135147, 6.68860334757274 ], [ 100.470407402753821, 6.688740749483576 ], [ 100.470354611181818, 6.688833588612519 ], [ 100.470185678151438, 6.688855870003465 ], [ 100.470090653321847, 6.688855870003465 ], [ 100.469995628492256, 6.68876674443968 ], [ 100.469995628492256, 6.688655337484948 ], [ 100.470051939502383, 6.688543930530217 ], [ 100.470161042084513, 6.688358252272331 ], [ 100.470178639275176, 6.68822827749181 ], [ 100.470094172759985, 6.688128011232553 ], [ 100.469970992425317, 6.688083448450659 ], [ 100.469840773214401, 6.688031458538451 ], [ 100.469728151194147, 6.687975755061085 ], [ 100.469689437374683, 6.688087162015817 ], [ 100.469692956812807, 6.688198568970549 ], [ 100.469654242993343, 6.68830997592528 ], [ 100.469629606926418, 6.688384247228434 ], [ 100.469534582096827, 6.6884399507058 ], [ 100.469369168504571, 6.688451091401274 ], [ 100.469235429855516, 6.688239418187283 ], [ 100.469147443902187, 6.688020317842978 ], [ 100.469024263567533, 6.687819785324462 ], [ 100.468939797052343, 6.687671242718153 ], [ 100.468897563794741, 6.687507845851213 ], [ 100.468904602671017, 6.687314740463012 ], [ 100.468858849975277, 6.687147630030915 ], [ 100.46883773334649, 6.68699166029429 ], [ 100.468855330537153, 6.686880253339559 ], [ 100.468929238737942, 6.686798554906089 ], [ 100.468936277614205, 6.686642585169465 ], [ 100.468851811099015, 6.686549746040522 ], [ 100.468763825145686, 6.686412344129686 ], [ 100.468696955821159, 6.686256374393063 ], [ 100.468742708516885, 6.686063269004861 ] ] ] } },
{ "type": "Feature", "properties": { "id": null, "EL_Hash": "w1pqn678jy", "ORDERRIVER_Name_T": 4, "HY_Name_T": "คลองปริก", "EL_Name": "คลองปริก678jy", "Lat": 6.6920797554, "Long": 100.47503418300001, "Length_km": 1.3106938027599999, "LocalName": "", "ElementA": "w1pqn678jy", "ElementB": "w1pqn1xc12", "ReLation": "FlowsTo" }, "geometry": { "type": "MultiLineString", "coordinates": [ [ [ 100.479065220561111, 6.693638941926606 ], [ 100.479065220561111, 6.693527534971874 ], [ 100.478987792922183, 6.693471831494509 ], [ 100.478847015396852, 6.693482972189981 ], [ 100.478614732480082, 6.69353496210219 ], [ 100.478361332934497, 6.69353496210219 ], [ 100.478083297321987, 6.693594379144713 ], [ 100.477998830806797, 6.693705786099445 ], [ 100.477956597549195, 6.693872896531542 ], [ 100.477872131034005, 6.693936027139223 ], [ 100.477741911823088, 6.693910032183119 ], [ 100.477513148344428, 6.693783770967757 ], [ 100.477389968009774, 6.693620374100817 ], [ 100.477344215314048, 6.693475545059666 ], [ 100.47735125419031, 6.693334429583673 ], [ 100.47734069587591, 6.693226736194099 ], [ 100.477284384865783, 6.693178459847049 ], [ 100.477171762845529, 6.693145037760629 ], [ 100.476707197011962, 6.693397560191354 ], [ 100.476548822295982, 6.69345326366872 ], [ 100.47632357825546, 6.693505253580928 ], [ 100.476147606348817, 6.693523821406717 ], [ 100.476052581519227, 6.693505253580928 ], [ 100.475996270509086, 6.6933232888882 ], [ 100.475943478937097, 6.692944505242112 ], [ 100.475932920622697, 6.692695696376545 ], [ 100.475894206803233, 6.692569435161182 ], [ 100.475778065344841, 6.692450601076136 ], [ 100.475471874227267, 6.692424606120031 ], [ 100.475355732768875, 6.69227977707888 ], [ 100.475186799738495, 6.692179510819622 ], [ 100.475007308393714, 6.692064390299733 ], [ 100.474838375363319, 6.691990118996578 ], [ 100.474623689637212, 6.691956696910159 ], [ 100.474482912111881, 6.691949269779844 ], [ 100.474363251215365, 6.691967837605633 ], [ 100.474240070880697, 6.692034681778471 ], [ 100.47410985166978, 6.692034681778471 ], [ 100.473912763134337, 6.691945556214686 ], [ 100.473800141114069, 6.691893566302478 ], [ 100.473715674598878, 6.69174502369617 ], [ 100.473599533140487, 6.691674465958172 ], [ 100.47343411954823, 6.691655898132384 ], [ 100.473254628203449, 6.691685606653646 ], [ 100.473113850678132, 6.691726455870381 ], [ 100.473011786972279, 6.691678179523331 ], [ 100.472990670343478, 6.691559345438284 ], [ 100.472980112029077, 6.691403375701659 ], [ 100.472906203828288, 6.691347672224293 ], [ 100.472772465179219, 6.691314250137874 ], [ 100.472642245968302, 6.691306823007559 ], [ 100.472455715747245, 6.69128825518177 ], [ 100.4722480688974, 6.691210270313458 ], [ 100.472001708228092, 6.690935466491787 ], [ 100.471730711491844, 6.690809205276425 ], [ 100.471530103518262, 6.690515833628965 ], [ 100.471480831384397, 6.690371004587814 ], [ 100.47149842857506, 6.690177899199613 ], [ 100.471554739585187, 6.689981080246254 ], [ 100.471596972842789, 6.689750839206475 ], [ 100.471582895090251, 6.689464894689331 ], [ 100.471449156441196, 6.689201231563133 ], [ 100.471308378915879, 6.688970990523354 ] ] ] } },
{ "type": "Feature", "properties": { "id": null, "EL_Hash": "w1pqnd214p", "ORDERRIVER_Name_T": 4, "HY_Name_T": "คลองปริก", "EL_Name": "คลองปริกd214p", "Lat": 6.6922608737099996, "Long": 100.481042984, "Length_km": 0.72708811595, "LocalName": "", "ElementA": "w1pqnd214p", "ElementB": "w1pqn678jy", "ReLation": "FlowsTo" }, "geometry": { "type": "MultiLineString", "coordinates": [ [ [ 100.483425804407943, 6.690523260759281 ], [ 100.483316701825828, 6.690790637450636 ], [ 100.483225196434361, 6.690928039361472 ], [ 100.483084418909044, 6.691013451360099 ], [ 100.482954199698113, 6.691098863358727 ], [ 100.482908447002387, 6.691210270313458 ], [ 100.482940121945589, 6.691299395877243 ], [ 100.482911966440525, 6.691429370657763 ], [ 100.482845097115998, 6.691421943527448 ], [ 100.482735994533869, 6.691544491177653 ], [ 100.482640969704278, 6.691589053959545 ], [ 100.482493153302684, 6.69158162682923 ], [ 100.482391089596831, 6.691600194655019 ], [ 100.482289025890978, 6.691733883000696 ], [ 100.482197520499511, 6.691863857781216 ], [ 100.482084898479258, 6.691975264735948 ], [ 100.481863173876874, 6.692097812386153 ], [ 100.481694240846494, 6.692127520907414 ], [ 100.481412685795846, 6.692146088733203 ], [ 100.480976275467341, 6.69227977707888 ], [ 100.480733434236171, 6.692283490644039 ], [ 100.480480034690586, 6.692305772034985 ], [ 100.480388529299134, 6.692342907686562 ], [ 100.480377970984733, 6.692417178989716 ], [ 100.480297023907667, 6.692502590988344 ], [ 100.48023015458314, 6.692510018118659 ], [ 100.480099935372223, 6.692513731683817 ], [ 100.479923963465566, 6.692532299509605 ], [ 100.479811341445313, 6.692495163858029 ], [ 100.479688161110658, 6.692417178989716 ], [ 100.479547383585327, 6.692398611163928 ], [ 100.479473475384538, 6.692465455336767 ], [ 100.479417164374411, 6.692628852203707 ], [ 100.479494592013339, 6.692851666113169 ], [ 100.479498111451477, 6.693044771501371 ], [ 100.479501630889601, 6.693237876889572 ], [ 100.479501630889601, 6.693468117929351 ], [ 100.479431242126935, 6.693598092709871 ], [ 100.479308061792281, 6.693646369056921 ], [ 100.479065220561111, 6.693638941926606 ] ] ] } },
{ "type": "Feature", "properties": { "id": null, "EL_Hash": "w1pqnbcjwr", "ORDERRIVER_Name_T": 4, "HY_Name_T": "คลองปริก", "EL_Name": "คลองปริกbcjwr", "Lat": 6.6847928867300004, "Long": 100.493587128, "Length_km": 4.2783705955800002, "LocalName": "", "ElementA": "w1pqnbcjwr", "ElementB": "w1pqnd214p", "ReLation": "FlowsTo" }, "geometry": { "type": "MultiLineString", "coordinates": [ [ [ 100.504204567145436, 6.681373036210664 ], [ 100.504236242088623, 6.681458448209291 ], [ 100.504218644897961, 6.681677548553596 ], [ 100.504186969954759, 6.681803809768958 ], [ 100.504074347934505, 6.682138030633153 ], [ 100.503933570409188, 6.682342276716827 ], [ 100.503768156816932, 6.682535382105029 ], [ 100.503585146034013, 6.682717346797757 ], [ 100.50338453806043, 6.682925306446589 ], [ 100.502754558634621, 6.68333008504878 ], [ 100.502525795155975, 6.683367220700358 ], [ 100.50226183729599, 6.683419210612565 ], [ 100.501938048987753, 6.683504622611193 ], [ 100.501762077081096, 6.683519476871824 ], [ 100.50159666348884, 6.683460059829301 ], [ 100.501473483154186, 6.683333798613938 ], [ 100.501293991809405, 6.683118411834791 ], [ 100.501206005856076, 6.682903025055643 ], [ 100.501061708892621, 6.682706206102284 ], [ 100.500903334176641, 6.682602226277868 ], [ 100.50080830934705, 6.682487105757978 ], [ 100.500723842831846, 6.682123176372523 ], [ 100.500649934631056, 6.681755533421908 ], [ 100.500558429239604, 6.68154014664276 ], [ 100.500431729466811, 6.681447307513817 ], [ 100.500280393627094, 6.681484443165394 ], [ 100.500213524302566, 6.681584709424653 ], [ 100.500224082616953, 6.681822377594747 ], [ 100.500234640931353, 6.682086040720945 ], [ 100.500245199245754, 6.682357130977459 ], [ 100.500213524302566, 6.682539095670187 ], [ 100.500167771606826, 6.682691351841653 ], [ 100.500072746777235, 6.682813899491857 ], [ 100.50001291632897, 6.682895597925327 ], [ 100.499995319138307, 6.683029286271005 ], [ 100.500118499472961, 6.683341225744254 ], [ 100.500146654978039, 6.683474914089931 ], [ 100.500111460596699, 6.683653165217502 ], [ 100.499998838576445, 6.683749717911603 ], [ 100.499485000609013, 6.684213913556317 ], [ 100.499182328929578, 6.684284471294314 ], [ 100.499164731738915, 6.684299325554945 ], [ 100.499023954213598, 6.68434017477168 ], [ 100.498939487698394, 6.684395878249045 ], [ 100.498819826801878, 6.684492430943147 ], [ 100.498728321410411, 6.684692963461663 ], [ 100.498703685343486, 6.684889782415022 ], [ 100.49874239916295, 6.685027184325858 ], [ 100.498781112982414, 6.685209149018585 ], [ 100.498763515791751, 6.685275993191425 ], [ 100.498689607590947, 6.685339123799106 ], [ 100.498576985570693, 6.685350264494579 ], [ 100.498418610854714, 6.685305701712687 ], [ 100.498284872205659, 6.685290847452055 ], [ 100.498221522319255, 6.685290847452055 ], [ 100.498193366814192, 6.685335410233948 ], [ 100.498221522319255, 6.685402254406787 ], [ 100.498316547148846, 6.685435676493206 ], [ 100.498411571978437, 6.685554510578253 ], [ 100.498411571978437, 6.685665917532985 ], [ 100.498376377597111, 6.68574018883614 ], [ 100.498225041757394, 6.685769897357401 ], [ 100.497542270759581, 6.68582188726961 ], [ 100.497373337729201, 6.685758756661928 ], [ 100.497278312899596, 6.685587932664673 ], [ 100.497172729755604, 6.685190581192797 ], [ 100.497077704926014, 6.685016043630385 ], [ 100.49696508290576, 6.684990048674281 ], [ 100.496722241674576, 6.685049465716804 ], [ 100.496099301125028, 6.685368832320368 ], [ 100.495680487987201, 6.685613927620777 ], [ 100.495515074394945, 6.685799605878663 ], [ 100.495423569003492, 6.686078123265492 ], [ 100.495360219117089, 6.686345499956848 ], [ 100.495258155411236, 6.686427198390318 ], [ 100.495110339009642, 6.686456906911579 ], [ 100.494959003169924, 6.686430911955475 ], [ 100.494698564748077, 6.686352927087163 ], [ 100.494237518352648, 6.686026133353284 ], [ 100.494058027007867, 6.685881304312133 ], [ 100.493850380158023, 6.685736475270982 ], [ 100.493783510833495, 6.685606500490461 ], [ 100.493875016224948, 6.685476525709942 ], [ 100.493994677121478, 6.685290847452055 ], [ 100.493980599368939, 6.685090314933539 ], [ 100.493867977348685, 6.684960340153019 ], [ 100.493688486003904, 6.684815511111868 ], [ 100.493456203087121, 6.68476352119966 ], [ 100.493202803541536, 6.684785802590606 ], [ 100.492931806805288, 6.684915777371126 ], [ 100.492720640517305, 6.68518686762764 ], [ 100.492703043326642, 6.685335410233948 ], [ 100.492688965574118, 6.685528515622149 ], [ 100.492604499058928, 6.68574018883614 ], [ 100.492495396476798, 6.685862736486344 ], [ 100.492347580075204, 6.686018706222969 ], [ 100.492217360864288, 6.686141253873173 ], [ 100.492097699967758, 6.686308364305271 ], [ 100.491999155700043, 6.686568313866311 ], [ 100.491830222669648, 6.686624017343677 ], [ 100.491689445144331, 6.686590595257257 ], [ 100.491436045598746, 6.686427198390318 ], [ 100.491217840434501, 6.686319505000744 ], [ 100.490985557517718, 6.686282369349167 ], [ 100.490777910667873, 6.686222952306643 ], [ 100.490619535951879, 6.686104118221595 ], [ 100.490418927978297, 6.685996424832022 ], [ 100.490242956071654, 6.685914726398552 ], [ 100.490130334051386, 6.685914726398552 ], [ 100.489876934505816, 6.68600013839718 ], [ 100.48963761271277, 6.686066982570019 ], [ 100.489282149461332, 6.68608183683065 ], [ 100.489074502611473, 6.686066982570019 ], [ 100.488849258570966, 6.686066982570019 ], [ 100.488740155988836, 6.686089263960965 ], [ 100.488722558798173, 6.686196957350539 ], [ 100.488683844978709, 6.686308364305271 ], [ 100.48862049509232, 6.686364067782636 ], [ 100.488462120376326, 6.686386349173582 ], [ 100.488300226222208, 6.686349213522005 ], [ 100.488103137686764, 6.686252660827905 ], [ 100.487972918475833, 6.686170962394435 ], [ 100.48786029645558, 6.68609669109128 ], [ 100.487782868816652, 6.685970429875918 ], [ 100.487782868816652, 6.685866450051502 ], [ 100.487818063197977, 6.685795892313505 ], [ 100.487891971398781, 6.685717907445193 ], [ 100.487986996228372, 6.685643636142039 ], [ 100.488089059934225, 6.685669631098142 ], [ 100.488229837459542, 6.685799605878663 ], [ 100.488303745660346, 6.685833027965082 ], [ 100.488381173299274, 6.685795892313505 ], [ 100.488405809366199, 6.685684485358774 ], [ 100.488405809366199, 6.685539656317623 ], [ 100.488395251051799, 6.685409681537102 ], [ 100.488367095546735, 6.68536511875521 ], [ 100.488187604201954, 6.685339123799106 ], [ 100.488074982181701, 6.685350264494579 ], [ 100.48797995735211, 6.685305701712687 ], [ 100.487916607465706, 6.685194294757955 ], [ 100.487877893646242, 6.685138591280589 ], [ 100.487793427131052, 6.685101455629012 ], [ 100.487754713311588, 6.685160872671536 ], [ 100.487663207920136, 6.685261138930794 ], [ 100.487501313766003, 6.685275993191425 ], [ 100.487448522194015, 6.685272279626267 ], [ 100.487166967143366, 6.685127450585116 ], [ 100.486976917484185, 6.685038325021331 ], [ 100.486807984453804, 6.684949199457545 ], [ 100.486575701537021, 6.684897209545338 ], [ 100.486452521202366, 6.68494177232723 ], [ 100.486322301991436, 6.685082887803223 ], [ 100.486308224238911, 6.685220289714059 ], [ 100.486325821429574, 6.685350264494579 ], [ 100.486403249068502, 6.685487666405415 ], [ 100.486515871088756, 6.685569364838885 ], [ 100.486628493109009, 6.685669631098142 ], [ 100.486621454232747, 6.685743902401297 ], [ 100.486593298727684, 6.685873877181818 ], [ 100.486558104346358, 6.686037274048757 ], [ 100.486579220975159, 6.686230379436958 ], [ 100.486656648614073, 6.686360354217478 ], [ 100.486734076253001, 6.686497756128314 ], [ 100.486744634567401, 6.686590595257257 ], [ 100.486695362433537, 6.686627730908834 ], [ 100.486417326821027, 6.686664866560411 ], [ 100.486163927275456, 6.686668580125569 ], [ 100.485910527729871, 6.686609163083046 ], [ 100.485650089308024, 6.68660173595273 ], [ 100.485340378752326, 6.686605449517888 ], [ 100.485086979206741, 6.686616590213361 ], [ 100.484977876624612, 6.686709429342304 ], [ 100.484932123928886, 6.686921102556294 ], [ 100.48490748786196, 6.687088212988392 ], [ 100.484815982470494, 6.687199619943122 ], [ 100.48462945224945, 6.6873333082888 ], [ 100.484481635847857, 6.687433574548059 ], [ 100.48434085832254, 6.687563549328579 ], [ 100.484259911245474, 6.687686096978783 ], [ 100.484136730910819, 6.687990609321717 ], [ 100.484175444730283, 6.688146579058341 ], [ 100.484224716864148, 6.688339684446542 ], [ 100.484263430683612, 6.68852164913927 ], [ 100.484302144503076, 6.688670191745579 ], [ 100.484369013827603, 6.688870724264095 ], [ 100.484418285961468, 6.689037834696193 ], [ 100.484439402590269, 6.689182663737344 ], [ 100.484460519219056, 6.68936834199523 ], [ 100.484460519219056, 6.689598583035009 ], [ 100.484464038657194, 6.689761979901948 ], [ 100.484407727647067, 6.689865959726364 ], [ 100.484326780570001, 6.689966225985622 ], [ 100.484094497653217, 6.690107341461616 ], [ 100.483890370241511, 6.690211321286032 ], [ 100.483703840020453, 6.690315301110448 ], [ 100.483534906990073, 6.690408140239391 ], [ 100.483425804407943, 6.690523260759281 ] ] ] } },
{ "type": "Feature", "properties": { "id": null, "EL_Hash": "w1pqp02ch1", "ORDERRIVER_Name_T": 4, "HY_Name_T": "คลองปริก", "EL_Name": "คลองปริก02ch1", "Lat": 6.6812399645099996, "Long": 100.50413996499999, "Length_km": 0.03280068499, "LocalName": "", "ElementA": "w1pqp02ch1", "ElementB": "w1pqnbcjwr", "ReLation": "FlowsTo" }, "geometry": { "type": "MultiLineString", "coordinates": [ [ [ 100.50404971186758, 6.681120513779939 ], [ 100.504172892202234, 6.681283910646878 ], [ 100.504204567145436, 6.681373036210664 ] ] ] } },
{ "type": "Feature", "properties": { "id": null, "EL_Hash": "w1pmzpbr17", "ORDERRIVER_Name_T": 4, "HY_Name_T": "คลองปริก", "EL_Name": "คลองปริกpbr17", "Lat": 6.6795344738700004, "Long": 100.50333005100001, "Length_km": 0.6169720813, "LocalName": "", "ElementA": "w1pmzpbr17", "ElementB": "w1pqp02ch1", "ReLation": "FlowsTo" }, "geometry": { "type": "MultiLineString", "coordinates": [ [ [ 100.504204567145436, 6.677410662187378 ], [ 100.504056750743842, 6.677410662187378 ], [ 100.503947648161713, 6.677466365664744 ], [ 100.503849103893998, 6.67761862183621 ], [ 100.503782234569471, 6.677815440789569 ], [ 100.503729442997468, 6.677937988439774 ], [ 100.503627379291615, 6.67802711400356 ], [ 100.503507718395085, 6.67804196826419 ], [ 100.50337397974603, 6.678112526002187 ], [ 100.503183930086848, 6.678275922869126 ], [ 100.50310650244792, 6.678439319736066 ], [ 100.503060749752194, 6.678636138689425 ], [ 100.503057230314056, 6.678914656076254 ], [ 100.503342304802828, 6.679560816413697 ], [ 100.503430290756157, 6.679768776062529 ], [ 100.503500679518822, 6.679950740755257 ], [ 100.503518276709485, 6.680147559708616 ], [ 100.50349364064256, 6.68033695153166 ], [ 100.503388057498569, 6.680574619701754 ], [ 100.503226163344451, 6.680778865785428 ], [ 100.503152255143647, 6.680942262652368 ], [ 100.503141696829246, 6.681072237432888 ], [ 100.503155774581785, 6.681172503692147 ], [ 100.503190968963111, 6.681235634299828 ], [ 100.503233202220713, 6.681261629255932 ], [ 100.503338785364704, 6.681239347864985 ], [ 100.503528835023886, 6.681120513779939 ], [ 100.503708326368667, 6.681038815346469 ], [ 100.50384558445586, 6.681031388216153 ], [ 100.50401451748624, 6.681075950998046 ], [ 100.50404971186758, 6.681120513779939 ] ] ] } },
{ "type": "Feature", "properties": { "id": null, "EL_Hash": "w1pmzp69n0", "ORDERRIVER_Name_T": 4, "HY_Name_T": "คลองปริก", "EL_Name": "คลองปริกp69n0", "Lat": 6.6757409941199999, "Long": 100.506630328, "Length_km": 1.185001814, "LocalName": "", "ElementA": "w1pmzp69n0", "ElementB": "w1pmzpbr17", "ReLation": "FlowsTo" }, "geometry": { "type": "MultiLineString", "coordinates": [ [ [ 100.507481164047292, 6.672040846969318 ], [ 100.507301672702511, 6.672141113228577 ], [ 100.507213686749182, 6.672122545402788 ], [ 100.507090506414528, 6.672077982620895 ], [ 100.506974364956136, 6.672070555490579 ], [ 100.506861742935882, 6.672159681054365 ], [ 100.506837106868943, 6.672349072877409 ], [ 100.506886379002808, 6.672601595308134 ], [ 100.507009559337462, 6.672820695652439 ], [ 100.507055312033188, 6.673084358778636 ], [ 100.506911015069747, 6.673697097029661 ], [ 100.50681950967828, 6.673853066766284 ], [ 100.506657615524162, 6.674005322937751 ], [ 100.506509799122568, 6.674094448501536 ], [ 100.50634790496845, 6.674116729892482 ], [ 100.506164894185531, 6.674090734936378 ], [ 100.506034674974615, 6.674016463633224 ], [ 100.505915014078084, 6.674068453545432 ], [ 100.505872780820496, 6.674142724848586 ], [ 100.505883339134897, 6.674276413194264 ], [ 100.506224724633796, 6.675085970398647 ], [ 100.506636498895361, 6.675750698561878 ], [ 100.506840626307081, 6.676270597683959 ], [ 100.506847665183344, 6.676400572464479 ], [ 100.506823029116418, 6.676560255766261 ], [ 100.506770237544416, 6.676649381330046 ], [ 100.5066611349623, 6.676693944111938 ], [ 100.506552032380171, 6.676653094895204 ], [ 100.506428852045516, 6.67654540150563 ], [ 100.506354943844713, 6.67654540150563 ], [ 100.506266957891398, 6.676623386373942 ], [ 100.506228244071934, 6.67675707471962 ], [ 100.506175452499932, 6.676872195239509 ], [ 100.506034674974615, 6.67701702428066 ], [ 100.505960766773825, 6.677139571930865 ], [ 100.50590093632556, 6.677262119581069 ], [ 100.505957247335687, 6.677410662187378 ], [ 100.506048752727139, 6.677566631924003 ], [ 100.506122660927943, 6.677715174530311 ], [ 100.50614377755673, 6.67778201870315 ], [ 100.506133219242344, 6.677904566353354 ], [ 100.506031155536476, 6.678019686873244 ], [ 100.505869261382358, 6.678082817480925 ], [ 100.505686250599439, 6.678071676785452 ], [ 100.505545473074122, 6.678060536089979 ], [ 100.505369501167465, 6.678060536089979 ], [ 100.505172412632021, 6.678064249655137 ], [ 100.504982362972839, 6.678045681829348 ], [ 100.504778235561119, 6.67802711400356 ], [ 100.504609302530724, 6.677993691917139 ], [ 100.504493161072347, 6.677915707048828 ], [ 100.504419252871543, 6.677733742356099 ], [ 100.50440165568088, 6.677562918358845 ], [ 100.504313669727551, 6.677451511404113 ], [ 100.504204567145436, 6.677410662187378 ] ] ] } },
{ "type": "Feature", "properties": { "id": null, "EL_Hash": "w1pmzn7zdv", "ORDERRIVER_Name_T": 4, "HY_Name_T": "คลองปริก", "EL_Name": "คลองปริกn7zdv", "Lat": 6.6713925168800001, "Long": 100.50819946599999, "Length_km": 0.21655670473, "LocalName": "", "ElementA": "w1pmzn7zdv", "ElementB": "w1pmzp69n0", "ReLation": "FlowsTo" }, "geometry": { "type": "MultiLineString", "coordinates": [ [ [ 100.508642578631196, 6.670536853080442 ], [ 100.50858626762107, 6.670819084032429 ], [ 100.508378620771225, 6.671149591331465 ], [ 100.507973885385923, 6.671699198974808 ], [ 100.507481164047292, 6.672040846969318 ] ] ] } },
{ "type": "Feature", "properties": { "id": null, "EL_Hash": "w1pmzj76gd", "ORDERRIVER_Name_T": 4, "HY_Name_T": "คลองปริก", "EL_Name": "คลองปริกj76gd", "Lat": 6.6650675010900002, "Long": 100.507547954, "Length_km": 1.2446727748899999, "LocalName": "", "ElementA": "w1pmzj76gd", "ElementB": "w1pmzn7zdv", "ReLation": "FlowsTo" }, "geometry": { "type": "MultiLineString", "coordinates": [ [ [ 100.508973405815709, 6.66040253376503 ], [ 100.508878380986104, 6.660558503501654 ], [ 100.508783356156513, 6.660651342630597 ], [ 100.508688331326923, 6.660807312367221 ], [ 100.508639059193058, 6.66092243288711 ], [ 100.508589787059208, 6.661096970449523 ], [ 100.508624981440533, 6.661212090969412 ], [ 100.508758720089588, 6.661319784358986 ], [ 100.508895978176781, 6.661397769227298 ], [ 100.508927653119969, 6.661512889747187 ], [ 100.508867822671718, 6.661620583136761 ], [ 100.508336387513623, 6.662233321387784 ], [ 100.5077275247166, 6.662957466593539 ], [ 100.507657135953949, 6.663080014243745 ], [ 100.507752160783539, 6.663425375803413 ], [ 100.507804952355528, 6.6638041594495 ], [ 100.507914054937658, 6.663993551272543 ], [ 100.507952768757121, 6.664127239618221 ], [ 100.507896457746995, 6.664357480657999 ], [ 100.50776271909794, 6.664554299611359 ], [ 100.507481164047292, 6.664773399955664 ], [ 100.507646577639548, 6.665497545161418 ], [ 100.507593786067545, 6.666444504276637 ], [ 100.507724005278476, 6.667228066524915 ], [ 100.507984443700323, 6.668587231372641 ], [ 100.508230804369632, 6.66944877848923 ], [ 100.50852291773468, 6.670206345781406 ], [ 100.508642578631196, 6.670536853080442 ] ] ] } },
{ "type": "Feature", "properties": { "id": null, "EL_Hash": "w1pmzhhb0t", "ORDERRIVER_Name_T": 4, "HY_Name_T": "คลองปริก", "EL_Name": "คลองปริกhhb0t", "Lat": 6.6577446492499996, "Long": 100.509484438, "Length_km": 0.92798632647000001, "LocalName": "", "ElementA": "w1pmzhhb0t", "ElementB": "w1pmzj76gd", "ReLation": "FlowsTo" }, "geometry": { "type": "MultiLineString", "coordinates": [ [ [ 100.51192269497119, 6.656503290349426 ], [ 100.511725606435746, 6.656748385649835 ], [ 100.511412376441896, 6.656974913124456 ], [ 100.511127301953124, 6.657078892948872 ], [ 100.510856305216876, 6.657130882861081 ], [ 100.510627541738231, 6.657238576250654 ], [ 100.510483244774775, 6.657427968073698 ], [ 100.510286156239331, 6.658259806669027 ], [ 100.510208728600404, 6.658497474839121 ], [ 100.510025717817484, 6.658597741098379 ], [ 100.509927173549755, 6.658608881793852 ], [ 100.509789915462562, 6.658549464751329 ], [ 100.509680812880447, 6.658330364407023 ], [ 100.509582268612718, 6.657999857107987 ], [ 100.509480204906865, 6.657736193981789 ], [ 100.509318310752747, 6.657491098681379 ], [ 100.509184572103692, 6.657309133988651 ], [ 100.5090684306453, 6.657286852597704 ], [ 100.508980444691971, 6.657316561118966 ], [ 100.508941730872507, 6.657483671551064 ], [ 100.508980444691971, 6.657695344765053 ], [ 100.5090684306453, 6.658025852064091 ], [ 100.5090684306453, 6.658248665973553 ], [ 100.508991003006372, 6.658438057796597 ], [ 100.508867822671718, 6.658653444575744 ], [ 100.508466606724539, 6.659121353785618 ], [ 100.508459567848277, 6.65926246926161 ], [ 100.508470126162678, 6.659403584737603 ], [ 100.508473645600816, 6.659466715345285 ], [ 100.508515878858404, 6.659656107168328 ], [ 100.508649617507459, 6.659893775338422 ], [ 100.508748161775188, 6.660090594291781 ], [ 100.508871342109842, 6.66019086055104 ], [ 100.508966366939433, 6.66030598107093 ], [ 100.508973405815709, 6.66040253376503 ] ] ] } },
{ "type": "Feature", "properties": { "id": null, "EL_Hash": "w1pmew75nw", "ORDERRIVER_Name_T": 4, "HY_Name_T": "คลองปากกล้วย", "EL_Name": "คลองปากกล้วยw75nw", "Lat": 6.6266812585899997, "Long": 100.353524573, "Length_km": 0.33475408191, "LocalName": "", "ElementA": "w1pmew75nw", "ElementB": "w1pmetzmvg", "ReLation": "FlowsTo" }, "geometry": { "type": "MultiLineString", "coordinates": [ [ [ 100.352337292266498, 6.625988925448457 ], [ 100.352513264173155, 6.626148608750239 ], [ 100.352689236079812, 6.626304578486863 ], [ 100.352889844053394, 6.626620231525269 ], [ 100.353002466073647, 6.626690789263266 ], [ 100.353206593485368, 6.626731638480001 ], [ 100.353347371010685, 6.626731638480001 ], [ 100.353488148536002, 6.626705643523897 ], [ 100.353674678757059, 6.62658680943885 ], [ 100.353924558864506, 6.626560814482746 ], [ 100.354026622570359, 6.626571955178219 ], [ 100.35412164739995, 6.626616517960112 ], [ 100.354139244590613, 6.626664794307162 ], [ 100.354174438971953, 6.626776201261894 ], [ 100.354192036162615, 6.627069572909353 ], [ 100.354227230543941, 6.62727010542787 ], [ 100.354280022115944, 6.627478065076702 ] ] ] } },
{ "type": "Feature", "properties": { "id": null, "EL_Hash": "w1pmeqpt7f", "ORDERRIVER_Name_T": 4, "HY_Name_T": "คลองปากกล้วย", "EL_Name": "คลองปากกล้วยqpt7f", "Lat": 6.6256691849199996, "Long": 100.348602637, "Length_km": 0.95185281463000004, "LocalName": "", "ElementA": "w1pmeqpt7f", "ElementB": "w1pmew75nw", "ReLation": "FlowsTo" }, "geometry": { "type": "MultiLineString", "coordinates": [ [ [ 100.346396480697919, 6.622260506030108 ], [ 100.346449272269922, 6.622472179244099 ], [ 100.346818813273885, 6.623014359757125 ], [ 100.346945513046677, 6.623289163578796 ], [ 100.347037018438144, 6.623623384442991 ], [ 100.347237626411726, 6.624347529648746 ], [ 100.347624764606351, 6.625030825637766 ], [ 100.3479168779714, 6.62539846858838 ], [ 100.348363846614291, 6.625688126670682 ], [ 100.348529260206547, 6.625688126670682 ], [ 100.348736907056391, 6.625636136758474 ], [ 100.348997345478239, 6.625472739891535 ], [ 100.349243706147561, 6.625205363200179 ], [ 100.349465430749945, 6.62504196633324 ], [ 100.349662519285388, 6.624989976421031 ], [ 100.349803296810705, 6.625001117116504 ], [ 100.349951113212299, 6.625082815549974 ], [ 100.350070774108815, 6.625294488763964 ], [ 100.350172837814682, 6.625461599196061 ], [ 100.350281940396798, 6.625580433281108 ], [ 100.350683156343976, 6.625639850323632 ], [ 100.350943594765809, 6.625725262322259 ], [ 100.351380005094313, 6.625810674320887 ], [ 100.351805857108417, 6.625840382842148 ], [ 100.352224670246244, 6.625933221971092 ], [ 100.352337292266498, 6.625988925448457 ] ] ] } },
{ "type": "Feature", "properties": { "id": null, "EL_Hash": "w1pqme37u2", "ORDERRIVER_Name_T": 4, "HY_Name_T": "คลองพังลา", "EL_Name": "คลองพังลาe37u2", "Lat": 6.7421316131599998, "Long": 100.438912305, "Length_km": 0.70892305865000005, "LocalName": "", "ElementA": "w1pqme37u2", "ElementB": "w1pqm7yw3k", "ReLation": "FlowsTo" }, "geometry": { "type": "MultiLineString", "coordinates": [ [ [ 100.439552488641439, 6.739947099443349 ], [ 100.439471541564373, 6.740006516485872 ], [ 100.439394113925445, 6.740169913352812 ], [ 100.439496177631298, 6.740578405520161 ], [ 100.439520813698238, 6.740882917863093 ], [ 100.439401152801707, 6.741046314730033 ], [ 100.439277972467053, 6.741131726728661 ], [ 100.439035131235883, 6.741213425162131 ], [ 100.438792290004699, 6.741358254203281 ], [ 100.438732459556434, 6.741584781677902 ], [ 100.438915470339353, 6.741581068112745 ], [ 100.439182947637462, 6.741763032805473 ], [ 100.439204064266264, 6.741967278889147 ], [ 100.439042170112145, 6.742130675756087 ], [ 100.438838042700425, 6.742130675756087 ], [ 100.438514254392189, 6.742216087754715 ], [ 100.438250296532203, 6.742424047403547 ], [ 100.438253815970342, 6.742665429138798 ], [ 100.438274932599143, 6.742910524439208 ], [ 100.438155271702612, 6.743114770522882 ], [ 100.437951144290906, 6.74311848408804 ], [ 100.437662550363996, 6.743018217828782 ], [ 100.437461942390414, 6.743040499219727 ], [ 100.437278931607494, 6.743348725127818 ], [ 100.437219101159229, 6.743530689820546 ], [ 100.437138154082163, 6.743575252602439 ], [ 100.436976259928045, 6.743697800252644 ], [ 100.436937546108581, 6.743872337815056 ] ] ] } },
{ "type": "Feature", "properties": { "id": null, "EL_Hash": "w1pqmcrrr0", "ORDERRIVER_Name_T": 4, "HY_Name_T": "คลองพังลา", "EL_Name": "คลองพังลาcrrr0", "Lat": 6.7317478464200002, "Long": 100.458263008, "Length_km": 8.3462220938500007, "LocalName": "", "ElementA": "w1pqmcrrr0", "ElementB": "w1pqme37u2", "ReLation": "FlowsTo" }, "geometry": { "type": "MultiLineString", "coordinates": [ [ [ 100.475468354789129, 6.725122547333738 ], [ 100.475271266253685, 6.725066843856373 ], [ 100.474996750079313, 6.724836602816595 ], [ 100.474546261998285, 6.724424397084087 ], [ 100.474208395937509, 6.724138452566943 ], [ 100.473599533140487, 6.723726246834437 ], [ 100.473307419775452, 6.723614839879705 ], [ 100.473120889554394, 6.723588844923601 ], [ 100.47291324270455, 6.723663116226755 ], [ 100.472557779453112, 6.723767096051171 ], [ 100.472371249232054, 6.723804231702749 ], [ 100.472128408000884, 6.723778236746645 ], [ 100.471903163960363, 6.72378566387696 ], [ 100.471716633739305, 6.723841367354326 ], [ 100.471614570033452, 6.723971342134845 ], [ 100.471428039812409, 6.724279568042936 ], [ 100.471248548467614, 6.724435537779561 ], [ 100.471044421055907, 6.724546944734292 ], [ 100.470886046339913, 6.7245023819524 ], [ 100.470801579824723, 6.724383547867353 ], [ 100.470819177015386, 6.724197869609466 ], [ 100.470882526901775, 6.724067894828947 ], [ 100.471153523638023, 6.72388221657106 ], [ 100.47130485947774, 6.723763382486013 ], [ 100.471283742848954, 6.723633407705494 ], [ 100.471227431838813, 6.723510860055289 ], [ 100.470928279597516, 6.723254624059407 ], [ 100.470720632747657, 6.723284332580668 ], [ 100.470572816346078, 6.723384598839926 ], [ 100.470442597135147, 6.723514573620447 ], [ 100.470329975114893, 6.723533141446235 ], [ 100.470189197589576, 6.723507146490131 ], [ 100.470058978378646, 6.723388312405084 ], [ 100.470016745121058, 6.723236056233618 ], [ 100.470037861749844, 6.723091227192467 ], [ 100.470055458940521, 6.723050377975732 ], [ 100.47021735309464, 6.722927830325527 ], [ 100.47021735309464, 6.722846131892057 ], [ 100.470094172759985, 6.722745865632799 ], [ 100.469890045348265, 6.722623317982594 ], [ 100.46962608748828, 6.722563900940071 ], [ 100.469400843447772, 6.722586182331018 ], [ 100.469196716036052, 6.722608463721963 ], [ 100.468992588624332, 6.722489629636916 ], [ 100.468929238737942, 6.722326232769976 ], [ 100.468904602671017, 6.722021720427044 ], [ 100.468841252784614, 6.721776625126635 ], [ 100.468739189078761, 6.721616941824853 ], [ 100.468654722563571, 6.721371846524443 ], [ 100.468573775486504, 6.721189881831715 ], [ 100.468327414817196, 6.721149032614981 ], [ 100.468165520663078, 6.721111896963403 ], [ 100.46804234032841, 6.721111896963403 ], [ 100.467961393251358, 6.721234444613608 ], [ 100.467841732354827, 6.721479539914017 ], [ 100.467760785277775, 6.721564951912645 ], [ 100.467637604943121, 6.721542670521698 ], [ 100.467556657866055, 6.72144240426244 ], [ 100.467391244273799, 6.721301288786447 ], [ 100.467268063939144, 6.721301288786447 ], [ 100.467106169785026, 6.721405268610863 ], [ 100.466986508888496, 6.721590946868749 ], [ 100.466905561811444, 6.721795192952423 ], [ 100.466828134172516, 6.721977157645151 ], [ 100.466831653610654, 6.722344800595765 ], [ 100.466997067202897, 6.722589895896175 ], [ 100.467158961357015, 6.722749579197957 ], [ 100.467264544501006, 6.722931543890684 ], [ 100.467183597423954, 6.723117222148571 ], [ 100.467000586641035, 6.723280619015511 ], [ 100.466859809115718, 6.723325181797403 ], [ 100.466715512152263, 6.723284332580668 ], [ 100.46667327889466, 6.722957538846789 ], [ 100.466631045637072, 6.722753292763114 ], [ 100.466465632044816, 6.722734724937326 ], [ 100.466367087777087, 6.722857272587531 ], [ 100.466307257328822, 6.723024383019628 ], [ 100.466391723844012, 6.723288046145826 ], [ 100.466391723844012, 6.7234922922295 ], [ 100.466314296205098, 6.723878503005903 ], [ 100.466254465756833, 6.724060467698632 ], [ 100.466092571602715, 6.724064181263789 ], [ 100.465986988458724, 6.723941633613585 ], [ 100.465944755201122, 6.723718819704121 ], [ 100.465782861047003, 6.723677970487386 ], [ 100.465620966892885, 6.723763382486013 ], [ 100.465540019815819, 6.723945347178742 ], [ 100.465582253073421, 6.724231291695887 ], [ 100.465624486331009, 6.724353839346091 ], [ 100.465870847000332, 6.724494954822084 ], [ 100.466155921489104, 6.724673205949655 ], [ 100.466321335081361, 6.724959150466799 ], [ 100.466345971148286, 6.725263662809732 ], [ 100.466451554292277, 6.725527325935929 ], [ 100.466493787549879, 6.725731572019605 ], [ 100.466455073730415, 6.726036084362537 ], [ 100.466335412833885, 6.726221762620423 ], [ 100.466173518679767, 6.726385159487362 ], [ 100.466152402050966, 6.726611686961983 ], [ 100.466177038117905, 6.726752802437977 ], [ 100.466134804860303, 6.726875350088181 ], [ 100.465972910706185, 6.726979329912598 ], [ 100.465772302732603, 6.726968189217124 ], [ 100.465701913969937, 6.727079596171856 ], [ 100.465582253073421, 6.727384108514789 ], [ 100.465504825434493, 6.727710902248668 ], [ 100.465346450718499, 6.728119394416017 ], [ 100.465226789821983, 6.728446188149896 ], [ 100.465124726116116, 6.728609585016835 ], [ 100.464941715333211, 6.728754414057986 ], [ 100.464677757473225, 6.728858393882403 ], [ 100.464434916242041, 6.728862107447561 ], [ 100.464251905459122, 6.728902956664295 ], [ 100.464128725124468, 6.729070067096393 ], [ 100.464153361191407, 6.729252031789121 ], [ 100.464276541526061, 6.729493413524373 ], [ 100.464382124670053, 6.729719940998994 ], [ 100.464526421633508, 6.72992047351751 ], [ 100.464688315787626, 6.729961322734245 ], [ 100.464892443199346, 6.729957609169087 ], [ 100.465156401059318, 6.729835061518883 ], [ 100.465381645099839, 6.729853629344671 ], [ 100.46544147554809, 6.729890764996249 ], [ 100.465360528471038, 6.7300355940374 ], [ 100.465117687239854, 6.730202704469496 ], [ 100.464874846008684, 6.730406950553171 ], [ 100.464755185112153, 6.730570347420111 ], [ 100.464572174329234, 6.730715176461262 ], [ 100.464308216469263, 6.730637191592949 ], [ 100.464023141980476, 6.730637191592949 ], [ 100.463657120414638, 6.730744884982523 ], [ 100.463125685256557, 6.730911995414621 ], [ 100.462720949871255, 6.731038256629983 ], [ 100.462516822459534, 6.731079105846718 ], [ 100.462270461790226, 6.731001120978406 ], [ 100.462027620559041, 6.730878573328201 ], [ 100.461802376518534, 6.730759739243155 ], [ 100.461636962926278, 6.730841437676625 ], [ 100.461640482364416, 6.730963985326829 ], [ 100.461742546070269, 6.731105100802822 ], [ 100.461827012585459, 6.731227648453027 ], [ 100.461827012585459, 6.731290779060708 ], [ 100.461827012585459, 6.731372477494178 ], [ 100.461665118431341, 6.731391045319967 ], [ 100.461460991019621, 6.731331628277443 ], [ 100.46117239709271, 6.731235075583342 ], [ 100.460968269681004, 6.731134809324084 ], [ 100.460806375526886, 6.731093960107349 ], [ 100.460560014857563, 6.731179372105976 ], [ 100.460236226549327, 6.731383618189651 ], [ 100.459972268689341, 6.731550728621748 ], [ 100.459750544086972, 6.731818105313104 ], [ 100.459507702855788, 6.73200378357099 ], [ 100.459264861624604, 6.732044632787725 ], [ 100.45895867050703, 6.731925798702678 ], [ 100.458853087363039, 6.73182553244342 ], [ 100.458687673770783, 6.731357623233547 ], [ 100.458645440513195, 6.731112527933138 ], [ 100.45852226017854, 6.731053110890614 ], [ 100.458360366024408, 6.731075392281561 ], [ 100.458258302318555, 6.731179372105976 ], [ 100.458261821756693, 6.731443035232174 ], [ 100.458261821756693, 6.731769828966054 ], [ 100.458286457823618, 6.732156039742456 ], [ 100.458289977261757, 6.73246055208539 ], [ 100.458297016138019, 6.733277536420087 ], [ 100.458279418947356, 6.733440933287027 ], [ 100.458156238612702, 6.733459501112815 ], [ 100.458054174906835, 6.733340667027768 ], [ 100.457990825020445, 6.733236687203353 ], [ 100.457853566933252, 6.733069576771255 ], [ 100.457779658732463, 6.733013873293889 ], [ 100.45749458424369, 6.733017586859047 ], [ 100.457332690089572, 6.7329953054681 ], [ 100.457230626383705, 6.732854189992107 ], [ 100.45708632942025, 6.732694506690326 ], [ 100.456920915827993, 6.73257195904012 ], [ 100.456759021673875, 6.732575672605279 ], [ 100.456737905045088, 6.732739069472218 ], [ 100.456741424483212, 6.733043581815151 ], [ 100.45666047740616, 6.733166129465356 ], [ 100.456579530329094, 6.733188410856302 ], [ 100.456498583252042, 6.732984164772628 ], [ 100.456350766850449, 6.732739069472218 ], [ 100.456269819773382, 6.732620235387171 ], [ 100.456146639438728, 6.732620235387171 ], [ 100.45598474528461, 6.732783632254111 ], [ 100.455763020682227, 6.732869044252738 ], [ 100.455537776641719, 6.732869044252738 ], [ 100.455333649229999, 6.732791059384426 ], [ 100.455087288560691, 6.732527396258228 ], [ 100.454964108226022, 6.732386280782235 ], [ 100.454862044520169, 6.732386280782235 ], [ 100.454759980814316, 6.732508828432439 ], [ 100.454721266994852, 6.732713074516114 ], [ 100.454703669804189, 6.732917320599789 ], [ 100.454622722727123, 6.733039868249993 ], [ 100.45452065902127, 6.73306214964094 ], [ 100.454397478686602, 6.733002732598416 ], [ 100.454235584532483, 6.732961883381681 ], [ 100.453989223863175, 6.733088144597043 ], [ 100.453419074885616, 6.733173556595671 ], [ 100.453338127808564, 6.733154988769883 ], [ 100.453278297360299, 6.733051008945466 ], [ 100.453134000396844, 6.733095571727359 ], [ 100.453014339500328, 6.733177270160828 ], [ 100.452975625680864, 6.733463214677973 ], [ 100.452975625680864, 6.733626611544913 ], [ 100.452894678603798, 6.733767727020906 ], [ 100.452753901078481, 6.733790008411852 ], [ 100.452528657037959, 6.733752872760275 ], [ 100.452324529626253, 6.733693455717751 ], [ 100.452243582549187, 6.733715737108698 ], [ 100.452123921652657, 6.733919983192372 ], [ 100.452000741318002, 6.734083380059312 ], [ 100.451821249973221, 6.734205927709517 ], [ 100.4515960059327, 6.734228209100463 ], [ 100.451187751109273, 6.734376751706772 ], [ 100.450944909878089, 6.734480731531188 ], [ 100.450702068646919, 6.734744394657386 ], [ 100.450624641007991, 6.735175168215681 ], [ 100.450628160446115, 6.735520529775349 ], [ 100.450670393703717, 6.735806474292493 ], [ 100.450835807295974, 6.73600700681101 ], [ 100.450958987630628, 6.736148122287003 ], [ 100.45108568740342, 6.736333800544889 ], [ 100.45108568740342, 6.736415498978359 ], [ 100.450962507068752, 6.736497197411829 ], [ 100.450740782466383, 6.73664202645298 ], [ 100.450395877529346, 6.7368685539276 ], [ 100.450293813823478, 6.736972533752017 ], [ 100.450174152926962, 6.737095081402221 ], [ 100.450072089221095, 6.737258478269161 ], [ 100.449991142144043, 6.737321608876842 ], [ 100.449829247989925, 6.737381025919365 ], [ 100.449607523387542, 6.737485005743782 ], [ 100.449463226424086, 6.737570417742409 ], [ 100.449364682156357, 6.737692965392614 ], [ 100.44929781283183, 6.737804372347346 ], [ 100.449463226424086, 6.738108884690278 ], [ 100.449586406758741, 6.738290849383007 ], [ 100.449547692939277, 6.738391115642265 ], [ 100.449428032042746, 6.738495095466681 ], [ 100.449304851708092, 6.738517376857628 ], [ 100.449202788002239, 6.738454246249946 ], [ 100.449076088229447, 6.738068035473543 ], [ 100.448931791265991, 6.737744955304822 ], [ 100.448724144416147, 6.737481292178624 ], [ 100.448541133633228, 6.737340176702631 ], [ 100.448315889592706, 6.737280759660107 ], [ 100.448150476000464, 6.73724362400853 ], [ 100.447988581846332, 6.737265905399476 ], [ 100.447847804321015, 6.737347603832946 ], [ 100.447787973872749, 6.737529568525674 ], [ 100.447689429605035, 6.737756096000295 ], [ 100.447383238487461, 6.738001191300705 ], [ 100.447221344333329, 6.73802347269165 ], [ 100.44697498366402, 6.738004904865862 ], [ 100.4467708562523, 6.737826653738292 ], [ 100.446626559288845, 6.737744955304822 ], [ 100.446482262325389, 6.737581558437882 ], [ 100.446359081990735, 6.737299327485895 ], [ 100.446274615475545, 6.737013382968751 ], [ 100.446172551769692, 6.736972533752017 ], [ 100.446031774244361, 6.737057945750644 ], [ 100.445908593909706, 6.737180493400849 ], [ 100.445912113347845, 6.737384739484523 ], [ 100.445954346605433, 6.737566704177252 ], [ 100.446035293682499, 6.73774866886998 ], [ 100.446158474017153, 6.737848935129238 ], [ 100.446285173789946, 6.738053181212912 ], [ 100.446285173789946, 6.738175728863117 ], [ 100.446285173789946, 6.738357693555845 ], [ 100.446207746151018, 6.73848024120605 ], [ 100.446063449187562, 6.738524803987943 ], [ 100.445820607956378, 6.738710482245828 ], [ 100.445722063688663, 6.739118974413177 ], [ 100.445641116611597, 6.739241522063383 ], [ 100.445644636049735, 6.739445768147057 ], [ 100.445605922230271, 6.739690863447466 ], [ 100.445461625266816, 6.739772561880936 ], [ 100.445278614483897, 6.739772561880936 ], [ 100.445116720329779, 6.739898823096298 ], [ 100.445120239767903, 6.740021370746503 ], [ 100.445162473025505, 6.740285033872701 ], [ 100.445123759206041, 6.740507847782164 ], [ 100.445000578871387, 6.74061182760658 ], [ 100.444961865051923, 6.740816073690254 ], [ 100.444982981680724, 6.740916339949513 ], [ 100.445109681453502, 6.741120586033188 ], [ 100.445253978416957, 6.741361967768439 ], [ 100.445338444932162, 6.741647912285583 ], [ 100.44529621167456, 6.741711042893265 ], [ 100.44511320089164, 6.741811309152523 ], [ 100.444810529212205, 6.741896721151151 ], [ 100.444687348877537, 6.74206011801809 ], [ 100.444708465506338, 6.742204947059241 ], [ 100.44475069876394, 6.742364630361023 ], [ 100.444852762469793, 6.742427760968704 ], [ 100.444997059433248, 6.742464896620281 ], [ 100.445060409319652, 6.742628293487221 ], [ 100.445060409319652, 6.742810258179949 ], [ 100.445000578871387, 6.742891956613419 ], [ 100.444979462242586, 6.742914238004365 ], [ 100.444838684717269, 6.742914238004365 ], [ 100.444634557305548, 6.742999650002993 ], [ 100.444514896409018, 6.743040499219727 ], [ 100.444331885626113, 6.743226177477614 ], [ 100.444148874843194, 6.743330157302029 ], [ 100.444025694508525, 6.743289308085295 ], [ 100.443761736648554, 6.743170474000248 ], [ 100.443392195644577, 6.742929092264996 ], [ 100.443001538011814, 6.742769408963214 ], [ 100.442716463523041, 6.742709991920691 ], [ 100.442452505663056, 6.742732273311637 ], [ 100.442125197916695, 6.74269513766006 ], [ 100.441878837247373, 6.742594871400802 ], [ 100.441674709835652, 6.742394338882285 ], [ 100.441569126691661, 6.742048977322617 ], [ 100.441586723882338, 6.741640485155268 ], [ 100.44166767095939, 6.741477088288328 ], [ 100.44178733185592, 6.741272842204654 ], [ 100.441783812417782, 6.741109445337714 ], [ 100.441558568377275, 6.74098689768751 ], [ 100.441417790851943, 6.740927480644986 ], [ 100.44131572714609, 6.740927480644986 ], [ 100.441150313553834, 6.740868063602463 ], [ 100.441006016590379, 6.740667531083946 ], [ 100.44094266670399, 6.740463285000271 ], [ 100.440903952884526, 6.740381586566802 ], [ 100.440780772549871, 6.740322169524278 ], [ 100.440636475586416, 6.740344450915225 ], [ 100.440351401097629, 6.740407581522906 ], [ 100.440087443237658, 6.740492993521533 ], [ 100.440006496160592, 6.740492993521533 ], [ 100.439904432454739, 6.740329596654593 ], [ 100.439798849310748, 6.740125350570919 ], [ 100.439636955156629, 6.739984235094926 ], [ 100.439552488641439, 6.739947099443349 ] ] ] } },
{ "type": "Feature", "properties": { "id": null, "EL_Hash": "w1pqq2k0z8", "ORDERRIVER_Name_T": 4, "HY_Name_T": "คลองพังลา", "EL_Name": "คลองพังลา2k0z8", "Lat": 6.7251389214600001, "Long": 100.475786059, "Length_km": 0.07049036466, "LocalName": "", "ElementA": "w1pqq2k0z8", "ElementB": "w1pqmcrrr0", "ReLation": "FlowsTo" }, "geometry": { "type": "MultiLineString", "coordinates": [ [ [ 100.476105373091215, 6.725137401594369 ], [ 100.475728793210976, 6.725137401594369 ], [ 100.475468354789129, 6.725122547333738 ] ] ] } },
{ "type": "Feature", "properties": { "id": null, "EL_Hash": "w1pqnx963p", "ORDERRIVER_Name_T": 4, "HY_Name_T": "คลองพังลา", "EL_Name": "คลองพังลาx963p", "Lat": 6.7213116843199998, "Long": 100.48272301, "Length_km": 2.2273082284100001, "LocalName": "", "ElementA": "w1pqnx963p", "ElementB": "w1pqq2k0z8", "ReLation": "FlowsTo" }, "geometry": { "type": "MultiLineString", "coordinates": [ [ [ 100.489546107321303, 6.722081137469567 ], [ 100.489461640806113, 6.722081137469567 ], [ 100.489377174290922, 6.72217397659851 ], [ 100.489225838451205, 6.722237107206191 ], [ 100.489141371936, 6.722274242857769 ], [ 100.489067463735211, 6.722229680075876 ], [ 100.488944283400556, 6.722036574687674 ], [ 100.48888797239043, 6.721973444079993 ], [ 100.488831661380303, 6.721973444079993 ], [ 100.488740155988836, 6.722047715383148 ], [ 100.488701442169372, 6.72209227816504 ], [ 100.488673286664309, 6.722073710339252 ], [ 100.488627533968582, 6.721973444079993 ], [ 100.488578261834718, 6.721769197996319 ], [ 100.488560664644055, 6.721713494518953 ], [ 100.488504353633928, 6.721650363911272 ], [ 100.488409328804337, 6.721642936780957 ], [ 100.488268551279006, 6.721631796085483 ], [ 100.488120734877427, 6.721512962000436 ], [ 100.487948282408908, 6.721338424438024 ], [ 100.487920126903845, 6.721275293830343 ], [ 100.487835660388654, 6.721071047746668 ], [ 100.487705441177724, 6.72092250514036 ], [ 100.487610416348133, 6.720870515228151 ], [ 100.487413327812689, 6.720870515228151 ], [ 100.487216239277231, 6.720851947402362 ], [ 100.487012111865511, 6.720918791575202 ], [ 100.486769270634341, 6.721111896963403 ], [ 100.486628493109009, 6.721160173310453 ], [ 100.486515871088756, 6.721149032614981 ], [ 100.486431404573565, 6.721056193486037 ], [ 100.486392690754101, 6.720900223749413 ], [ 100.486382132439701, 6.720762821838577 ], [ 100.486466598954891, 6.720495445147222 ], [ 100.486551065470081, 6.720190932804289 ], [ 100.486529948841294, 6.720098093675346 ], [ 100.486466598954891, 6.720072098719242 ], [ 100.486343418620237, 6.720060958023769 ], [ 100.486156888399194, 6.720098093675346 ], [ 100.485650089308024, 6.720320907584809 ], [ 100.484826540784894, 6.720658842014162 ], [ 100.484358455513203, 6.72075910827342 ], [ 100.484143769787082, 6.720770248968893 ], [ 100.483929084060975, 6.720762821838577 ], [ 100.483724956649255, 6.720799957490155 ], [ 100.483573620809537, 6.720874228793309 ], [ 100.483460998789269, 6.720978208617725 ], [ 100.48339764890288, 6.721178741136242 ], [ 100.483387090588479, 6.721446117827598 ], [ 100.483341337892753, 6.721680072432534 ], [ 100.4832392741869, 6.721761770866004 ], [ 100.483126652166632, 6.721780338691793 ], [ 100.482996432955716, 6.721772911561477 ], [ 100.482838058239722, 6.721624368955168 ], [ 100.482721916781344, 6.72131242948192 ], [ 100.482665605771203, 6.721063620616353 ], [ 100.482581139256013, 6.721026484964776 ], [ 100.48248963386456, 6.721089615572457 ], [ 100.482218637128312, 6.721286434525815 ], [ 100.482010990278468, 6.721434977132125 ], [ 100.481870212753137, 6.721509248435279 ], [ 100.481750551856621, 6.72162065539001 ], [ 100.48165552702703, 6.72191402703747 ], [ 100.481539385568638, 6.72272729780701 ], [ 100.481539385568638, 6.722931543890684 ], [ 100.481472516244111, 6.723061518671205 ], [ 100.481370452538243, 6.723198920582041 ], [ 100.48111001411641, 6.723247196929091 ], [ 100.480733434236171, 6.723302900406456 ], [ 100.48043428199486, 6.723295473276141 ], [ 100.48023015458314, 6.723332608927718 ], [ 100.479959157846892, 6.723555422837181 ], [ 100.479751510997048, 6.723666829791913 ], [ 100.479547383585327, 6.723666829791913 ], [ 100.479191920333889, 6.723585131358443 ], [ 100.478787184948601, 6.723347463188349 ], [ 100.478178322151578, 6.723005815193839 ], [ 100.477970675301734, 6.722842418326899 ], [ 100.477840456090803, 6.722823850501111 ], [ 100.477727834070549, 6.722860986152688 ], [ 100.4774357207055, 6.723146930669833 ], [ 100.476548822295982, 6.723975055700004 ], [ 100.476503069600255, 6.724101316915366 ], [ 100.476513627914656, 6.724175588218521 ], [ 100.476598094429846, 6.724379834302195 ], [ 100.476619211058647, 6.724509809082715 ], [ 100.476598094429846, 6.724610075341974 ], [ 100.476439719713852, 6.724766045078598 ], [ 100.476404525332526, 6.724840316381752 ], [ 100.476386928141864, 6.724970291162272 ], [ 100.476302461626673, 6.725063130291215 ], [ 100.476105373091215, 6.725137401594369 ], [ 100.476105373091215, 6.725137401594369 ] ] ] } },
{ "type": "Feature", "properties": { "id": null, "EL_Hash": "w1pqnxw8kv", "ORDERRIVER_Name_T": 4, "HY_Name_T": "คลองพังลา", "EL_Name": "คลองพังลาxw8kv", "Lat": 6.7209607255000003, "Long": 100.490091335, "Length_km": 0.52705650427999995, "LocalName": "", "ElementA": "w1pqnxw8kv", "ElementB": "w1pqnx963p", "ReLation": "FlowsTo" }, "geometry": { "type": "MultiLineString", "coordinates": [ [ [ 100.491172087738775, 6.721613228259695 ], [ 100.491052426842245, 6.721724635214427 ], [ 100.490883493811864, 6.721743203040215 ], [ 100.490781430106011, 6.721706067388638 ], [ 100.490696963590807, 6.72160580112938 ], [ 100.49063009426628, 6.721486967044332 ], [ 100.490704002467083, 6.721364419394128 ], [ 100.490834221678, 6.72126415313487 ], [ 100.49090812987879, 6.721078474876983 ], [ 100.49090812987879, 6.720941072966149 ], [ 100.490851818868663, 6.720773962534051 ], [ 100.490700483028945, 6.720692264100581 ], [ 100.490496355617225, 6.720755394708262 ], [ 100.490422447416435, 6.720822238881101 ], [ 100.490309825396182, 6.720903937314571 ], [ 100.490186645061527, 6.720941072966149 ], [ 100.490038828659934, 6.72097078148741 ], [ 100.489887492820216, 6.72110075626793 ], [ 100.489655209903432, 6.72123073104845 ], [ 100.489581301702643, 6.72136070582897 ], [ 100.489532029568778, 6.721509248435279 ], [ 100.489563704511966, 6.721628082520326 ], [ 100.489620015522107, 6.721728348779584 ], [ 100.489711520913559, 6.721758057300846 ], [ 100.489862856753277, 6.721691213128008 ], [ 100.490003634278608, 6.721672645302219 ], [ 100.490059945288735, 6.721728348779584 ], [ 100.490088100793798, 6.721858323560104 ], [ 100.490042348098072, 6.721984584775467 ], [ 100.489929726077804, 6.722107132425672 ], [ 100.489845259562614, 6.722133127381776 ], [ 100.48973263754236, 6.722151695207564 ], [ 100.489620015522107, 6.722107132425672 ], [ 100.489546107321303, 6.722081137469567 ] ] ] } },
{ "type": "Feature", "properties": { "id": null, "EL_Hash": "w1pqny5xs3", "ORDERRIVER_Name_T": 4, "HY_Name_T": "คลองพังลา", "EL_Name": "คลองพังลาy5xs3", "Lat": 6.7139416174299997, "Long": 100.49693389, "Length_km": 3.8599816427400002, "LocalName": "", "ElementA": "w1pqny5xs3", "ElementB": "w1pqnxw8kv", "ReLation": "FlowsTo" }, "geometry": { "type": "MultiLineString", "coordinates": [ [ [ 100.505232243080272, 6.709529287236481 ], [ 100.505204087575208, 6.709440161672696 ], [ 100.505123140498156, 6.709403026021119 ], [ 100.50504219342109, 6.709417880281749 ], [ 100.504919013086436, 6.709492151584904 ], [ 100.504838066009384, 6.709525573671323 ], [ 100.504806391066182, 6.70951443297585 ], [ 100.504781754999243, 6.709365890369541 ], [ 100.5046057830926, 6.709265624110283 ], [ 100.504479083319808, 6.709313900457333 ], [ 100.504377019613955, 6.709425307412065 ], [ 100.504222164336099, 6.709588704279004 ], [ 100.504102503439569, 6.709729819754997 ], [ 100.503838545579598, 6.709781809667206 ], [ 100.503662573672941, 6.709811518188467 ], [ 100.50357810715775, 6.709885789491621 ], [ 100.503521796147623, 6.709982342185723 ], [ 100.503465485137497, 6.710119744096558 ], [ 100.503465485137497, 6.710268286702867 ], [ 100.503549951652687, 6.710450251395595 ], [ 100.504003959171854, 6.711018426864726 ], [ 100.504106022877707, 6.711267235730292 ], [ 100.504109542315831, 6.711423205466917 ], [ 100.504035634115041, 6.711471481813967 ], [ 100.503859662208399, 6.711460341118494 ], [ 100.503599223786551, 6.711397210510813 ], [ 100.503007958180191, 6.711118693123984 ], [ 100.50281790852101, 6.711066703211776 ], [ 100.502701767062618, 6.710944155561571 ], [ 100.5025504312229, 6.71083274860684 ], [ 100.502416692573846, 6.71083274860684 ], [ 100.502328706620517, 6.710903306344837 ], [ 100.502289992801053, 6.711033281125356 ], [ 100.502149215275736, 6.711244954339347 ], [ 100.501973243369079, 6.711341507033447 ], [ 100.501906374044552, 6.711441773292705 ], [ 100.501923971235215, 6.71159774302933 ], [ 100.501987321121618, 6.711835411199424 ], [ 100.502209045724001, 6.712284752583508 ], [ 100.502339264934918, 6.712451863015604 ], [ 100.502441328640771, 6.712641254838648 ], [ 100.502585625604226, 6.712800938140431 ], [ 100.502684169871955, 6.712938340051266 ], [ 100.50274400032022, 6.71304603344084 ], [ 100.502835505711673, 6.713112877613678 ], [ 100.502895336159938, 6.713190862481991 ], [ 100.5028918167218, 6.71330598300188 ], [ 100.502761597510883, 6.713428530652084 ], [ 100.502596183918627, 6.713487947694608 ], [ 100.502385017630644, 6.713495374824924 ], [ 100.502142176399474, 6.71348423412945 ], [ 100.501941568425877, 6.713380254305035 ], [ 100.501744479890434, 6.713272560915461 ], [ 100.501663532813367, 6.713075741962101 ], [ 100.501621299555779, 6.712975475702843 ], [ 100.501572027421915, 6.712852928052638 ], [ 100.501572027421915, 6.712786083879799 ], [ 100.501617780117641, 6.712719239706961 ], [ 100.501628338432042, 6.71262268701286 ], [ 100.501607221803241, 6.712555842840021 ], [ 100.501568507983777, 6.712537275014232 ], [ 100.501487560906725, 6.712552129274863 ], [ 100.501392536077134, 6.712607832752229 ], [ 100.501311589000068, 6.712667249794753 ], [ 100.501258797428079, 6.712648681968964 ], [ 100.501230641923016, 6.712566983535494 ], [ 100.501241200237402, 6.71250756649297 ], [ 100.501329186190731, 6.712403586668555 ], [ 100.501462924839785, 6.712273611888034 ], [ 100.501491080344849, 6.712206767715196 ], [ 100.501477002592324, 6.712143637107514 ], [ 100.501434769334722, 6.712084220064991 ], [ 100.501357341695794, 6.712002521631521 ], [ 100.501276394618742, 6.711983953805732 ], [ 100.50114969484595, 6.711991380936047 ], [ 100.50096668406303, 6.712177059193934 ], [ 100.500836464852114, 6.712437008754974 ], [ 100.50067809013612, 6.712756375358538 ], [ 100.500597143059068, 6.713027465615051 ], [ 100.500463404409999, 6.713124018309152 ], [ 100.500308549132157, 6.713146299700098 ], [ 100.500171291044964, 6.713105450483363 ], [ 100.500009396890846, 6.713053460571155 ], [ 100.499998838576445, 6.713049747005997 ], [ 100.499851022174852, 6.712949480746739 ], [ 100.499696166896996, 6.712856641617796 ], [ 100.499551869933555, 6.712856641617796 ], [ 100.498992279270396, 6.713031179180208 ], [ 100.498693127029085, 6.713068314831786 ], [ 100.498531232874967, 6.713131445439467 ], [ 100.498281352767521, 6.71322428456841 ], [ 100.497859020191555, 6.713409962826296 ], [ 100.497633776151034, 6.713521369781027 ], [ 100.4973627794148, 6.713725615864702 ], [ 100.497204404698806, 6.713781319342067 ], [ 100.497028432792149, 6.713785032907226 ], [ 100.496933407962558, 6.713877872036169 ], [ 100.496933407962558, 6.713966997599954 ], [ 100.497028432792149, 6.714152675857839 ], [ 100.497095302116691, 6.714308645594464 ], [ 100.497186807508143, 6.714375489767303 ], [ 100.497236079642008, 6.71436434907183 ], [ 100.497320546157198, 6.714290077768675 ], [ 100.497405012672388, 6.714234374291309 ], [ 100.497485959749454, 6.714241801421625 ], [ 100.497580984579045, 6.71429750489899 ], [ 100.497647853903572, 6.714464615331088 ], [ 100.497676009408636, 6.714650293588974 ], [ 100.49763025671291, 6.714806263325598 ], [ 100.497500037501979, 6.714943665236434 ], [ 100.497285351775872, 6.714936238106118 ], [ 100.497060107735351, 6.714873107498437 ], [ 100.49680670818978, 6.714698569936024 ], [ 100.496486439319668, 6.714319786289937 ], [ 100.496380856175676, 6.714174957248786 ], [ 100.496447725500204, 6.713952143339323 ], [ 100.49657794471112, 6.713885299166484 ], [ 100.496634255721261, 6.713803600733014 ], [ 100.49661313909246, 6.713721902299544 ], [ 100.496387895051939, 6.713528796911343 ], [ 100.496218962021558, 6.7134359577824 ], [ 100.496106340001305, 6.713428530652084 ], [ 100.496004276295437, 6.713491661259765 ], [ 100.495902212589584, 6.713844449949749 ], [ 100.495845901579457, 6.713918721252903 ], [ 100.49574383787359, 6.713974424730269 ], [ 100.49558546315761, 6.713963284034796 ], [ 100.49545524394668, 6.713892726296799 ], [ 100.495096261257117, 6.713781319342067 ], [ 100.494966042046187, 6.713792460037541 ], [ 100.494871017216596, 6.713811027863329 ], [ 100.494740798005679, 6.713911294122588 ], [ 100.494712642500616, 6.714004133251531 ], [ 100.494772472948881, 6.714208379335205 ], [ 100.494892133845397, 6.71436434907183 ], [ 100.495194805524847, 6.714472042461403 ], [ 100.49538133574589, 6.714602017241924 ], [ 100.495493957766143, 6.714731992022443 ], [ 100.495532671585607, 6.714869393933279 ], [ 100.495522113271207, 6.715025363669904 ], [ 100.495476360575481, 6.715192474102 ], [ 100.495458763384818, 6.715396720185675 ], [ 100.495441166194155, 6.715560117052615 ], [ 100.495423569003492, 6.715708659658923 ], [ 100.495367257993365, 6.715782930962078 ], [ 100.495293349792561, 6.715782930962078 ], [ 100.495159611143507, 6.715619534095138 ], [ 100.495057547437654, 6.715515554270723 ], [ 100.494842861711533, 6.715508127140406 ], [ 100.494635214861688, 6.715582398443561 ], [ 100.494487398460095, 6.715675237572504 ], [ 100.494357179249178, 6.71586091583039 ], [ 100.49427975161025, 6.716065161914065 ], [ 100.494244557228924, 6.716369674256997 ], [ 100.494350140372916, 6.7167558850334 ], [ 100.494424048573705, 6.717023261724756 ], [ 100.494519073403296, 6.717335201198004 ], [ 100.494540190032097, 6.71752087945589 ], [ 100.494550748346498, 6.717888522406504 ], [ 100.494476840145694, 6.718092768490179 ], [ 100.494318465429714, 6.718434416484689 ], [ 100.494262154419587, 6.718620094742574 ], [ 100.494262154419587, 6.718868903608142 ], [ 100.494244557228924, 6.719073149691816 ], [ 100.494170649028121, 6.719303390731595 ], [ 100.494033390940942, 6.71983071698399 ], [ 100.493987638245201, 6.720016395241876 ], [ 100.493875016224948, 6.720246636281654 ], [ 100.493688486003904, 6.720551148624588 ], [ 100.493230959046599, 6.720822238881101 ], [ 100.492931806805288, 6.720885369488783 ], [ 100.492593940744527, 6.720963354357094 ], [ 100.492322944008279, 6.720963354357094 ], [ 100.492097699967758, 6.721037625660249 ], [ 100.49187245592725, 6.721093329137615 ], [ 100.491460681665686, 6.721141605484664 ], [ 100.491348059645418, 6.721241871743923 ], [ 100.491245995939565, 6.721408982176021 ], [ 100.491172087738775, 6.721613228259695 ] ] ] } },
{ "type": "Feature", "properties": { "id": null, "EL_Hash": "w1pqpjgfp7", "ORDERRIVER_Name_T": 4, "HY_Name_T": "คลองพังลา", "EL_Name": "คลองพังลาjgfp7", "Lat": 6.7116339523999997, "Long": 100.50839081300001, "Length_km": 1.0434972890800001, "LocalName": "", "ElementA": "w1pqpjgfp7", "ElementB": "w1pqny5xs3", "ReLation": "FlowsTo" }, "geometry": { "type": "MultiLineString", "coordinates": [ [ [ 100.512281677660766, 6.709373317499857 ], [ 100.512098666877847, 6.709436448107538 ], [ 100.511880461713602, 6.70948101088943 ], [ 100.51171856755947, 6.709488438019746 ], [ 100.511468687452037, 6.709484724454589 ], [ 100.511285676669118, 6.7094661566288 ], [ 100.511067471504859, 6.709477297324272 ], [ 100.51089501903634, 6.709533000801638 ], [ 100.510778877577948, 6.70964440775637 ], [ 100.510412856012124, 6.710112316966242 ], [ 100.509747682204974, 6.710628502523165 ], [ 100.509364063448473, 6.710966436952518 ], [ 100.509050833454637, 6.711274662860609 ], [ 100.508976925253833, 6.711330366337974 ], [ 100.508807992223453, 6.711389783380498 ], [ 100.508674253574398, 6.711452913988179 ], [ 100.508579228744807, 6.711534612421649 ], [ 100.508459567848277, 6.711620024420276 ], [ 100.508329348637361, 6.71164601937638 ], [ 100.508220246055231, 6.711627451550592 ], [ 100.507984443700323, 6.711571748073226 ], [ 100.507636019325147, 6.711363788424394 ], [ 100.507424853037165, 6.711211532252927 ], [ 100.507340386521975, 6.711062989646618 ], [ 100.507319269893173, 6.710947869126729 ], [ 100.507319269893173, 6.71083274860684 ], [ 100.507319269893173, 6.710758477303686 ], [ 100.50729111438811, 6.710691633130846 ], [ 100.50720664787292, 6.710650783914112 ], [ 100.507111623043329, 6.710639643218639 ], [ 100.507020117651862, 6.710673065305058 ], [ 100.506932131698534, 6.710747336608212 ], [ 100.506837106868943, 6.710758477303686 ], [ 100.506516837998845, 6.710673065305058 ], [ 100.506326788339649, 6.710595080436746 ], [ 100.506210646881271, 6.710513382003276 ], [ 100.50609450542288, 6.710435397134964 ], [ 100.505795353181568, 6.710401975048544 ], [ 100.505682731161315, 6.710405688613703 ], [ 100.505499720378396, 6.710398261483387 ], [ 100.505334306786139, 6.710338844440863 ], [ 100.505239281956548, 6.710260859572551 ], [ 100.505137218250681, 6.710093749140454 ], [ 100.505021076792303, 6.709930352273514 ], [ 100.505045712859229, 6.70980780462331 ], [ 100.505091465554955, 6.709759528276259 ], [ 100.505211126451485, 6.709651834886685 ], [ 100.505232243080272, 6.709529287236481 ] ] ] } },
{ "type": "Feature", "properties": { "id": null, "EL_Hash": "w1pqpjpw2d", "ORDERRIVER_Name_T": 4, "HY_Name_T": "คลองพังลา", "EL_Name": "คลองพังลาjpw2d", "Lat": 6.7082405678199999, "Long": 100.513254002, "Length_km": 0.36633373442, "LocalName": "", "ElementA": "w1pqpjpw2d", "ElementB": "w1pqpjgfp7", "ReLation": "FlowsTo" }, "geometry": { "type": "MultiLineString", "coordinates": [ [ [ 100.514822711992821, 6.708560046730317 ], [ 100.514769920420818, 6.708526624643897 ], [ 100.514593948514175, 6.708515483948424 ], [ 100.514456690426982, 6.708530338209055 ], [ 100.514220888072074, 6.708560046730317 ], [ 100.514080110546743, 6.708522911078739 ], [ 100.513868944258761, 6.708482061862004 ], [ 100.513587389208126, 6.708296383604118 ], [ 100.513418456177732, 6.708244393691911 ], [ 100.513288236966815, 6.708233252996437 ], [ 100.51315449831776, 6.708262961517699 ], [ 100.513045395735631, 6.708322378560222 ], [ 100.512967968096703, 6.708418931254323 ], [ 100.512925734839115, 6.708515483948424 ], [ 100.512841268323911, 6.708664026554732 ], [ 100.51274624349432, 6.708794001335253 ], [ 100.512626582597804, 6.708883126899038 ], [ 100.512485805072487, 6.70887941333388 ], [ 100.512404857995421, 6.708905408289985 ], [ 100.512369663614095, 6.709016815244715 ], [ 100.512352066423418, 6.709183925676813 ], [ 100.512327430356493, 6.709306473327017 ], [ 100.512281677660766, 6.709373317499857 ] ] ] } },
{ "type": "Feature", "properties": { "id": null, "EL_Hash": "w1pqpkdymp", "ORDERRIVER_Name_T": 4, "HY_Name_T": "คลองพังลา", "EL_Name": "คลองพังลาkdymp", "Lat": 6.7055203581100002, "Long": 100.51790736, "Length_km": 1.2411237637500001, "LocalName": "", "ElementA": "w1pqpkdymp", "ElementB": "w1pqpjpw2d", "ReLation": "FlowsTo" }, "geometry": { "type": "MultiLineString", "coordinates": [ [ [ 100.520066674811048, 6.703769547676861 ], [ 100.519897741780667, 6.70389952245738 ], [ 100.519728808750287, 6.703996075151481 ], [ 100.519521161900428, 6.704051778628846 ], [ 100.51935926774631, 6.704148331322948 ], [ 100.519176256963391, 6.704300587494414 ], [ 100.518880624160218, 6.704430562274934 ], [ 100.518482927651192, 6.704586532011558 ], [ 100.517976128560022, 6.704590245576716 ], [ 100.517814234405904, 6.704605099837346 ], [ 100.517705131823789, 6.704642235488924 ], [ 100.517645301375524, 6.704731361052709 ], [ 100.517652340251786, 6.704816773051337 ], [ 100.517743845643253, 6.704987597048592 ], [ 100.518092270018414, 6.705262400870263 ], [ 100.518757443825564, 6.705537204691934 ], [ 100.518848949217016, 6.705711742254347 ], [ 100.518782079892489, 6.705860284860655 ], [ 100.518655380119711, 6.705979118945702 ], [ 100.518539238661319, 6.706012541032122 ], [ 100.51845125270799, 6.705993973206334 ], [ 100.51816265878108, 6.705685747298243 ], [ 100.518025400693887, 6.705559486082881 ], [ 100.517919817549895, 6.705518636866145 ], [ 100.517761442833915, 6.705529777561619 ], [ 100.517648820813648, 6.705589194604142 ], [ 100.517574912612858, 6.705693174428558 ], [ 100.517525640478993, 6.705997686771491 ], [ 100.517479887783267, 6.706127661552011 ], [ 100.517391901829939, 6.706276204158319 ], [ 100.517381343515538, 6.706413606069155 ], [ 100.517402460144339, 6.70653615371936 ], [ 100.517490446097668, 6.706662414934723 ], [ 100.517750884519515, 6.706836952497135 ], [ 100.51789518148297, 6.706955786582182 ], [ 100.517888142606694, 6.707119183449122 ], [ 100.517708651261913, 6.707223163273538 ], [ 100.51749748497393, 6.707252871794799 ], [ 100.517342629696074, 6.707238017534169 ], [ 100.516983647006512, 6.707264012490273 ], [ 100.516526120049207, 6.707572238398363 ], [ 100.515787038041267, 6.708177549519071 ], [ 100.515304875017051, 6.708467207601373 ], [ 100.514879023002948, 6.708593468816736 ], [ 100.514822711992821, 6.708560046730317 ] ] ] } },
{ "type": "Feature", "properties": { "id": null, "EL_Hash": "w1pqp7svpe", "ORDERRIVER_Name_T": 4, "HY_Name_T": "คลองพังลา", "EL_Name": "คลองพังลา7svpe", "Lat": 6.6997880455200001, "Long": 100.52076480700001, "Length_km": 1.14120489536, "LocalName": "", "ElementA": "w1pqp7svpe", "ElementB": "w1pqpkdymp", "ReLation": "FlowsTo" }, "geometry": { "type": "MultiLineString", "coordinates": [ [ [ 100.524578594497612, 6.699380113660437 ], [ 100.52437798652403, 6.699420962877173 ], [ 100.524142184169122, 6.699428390007488 ], [ 100.523976770576866, 6.69942467644233 ], [ 100.523850070804073, 6.699350405139175 ], [ 100.523656501706753, 6.699272420270864 ], [ 100.523501646428898, 6.699287274531494 ], [ 100.523389024408644, 6.69934297800886 ], [ 100.523293999579053, 6.699446957833277 ], [ 100.523132105424935, 6.699625208960847 ], [ 100.522924458575091, 6.699788605827787 ], [ 100.522671059029506, 6.699940861999253 ], [ 100.522456373303385, 6.700052268953985 ], [ 100.522297998587405, 6.700107972431351 ], [ 100.522202973757814, 6.700081977475246 ], [ 100.522150182185811, 6.699959429825041 ], [ 100.522118507242624, 6.699825741479364 ], [ 100.522192415443413, 6.699729188785263 ], [ 100.522308556901805, 6.699654917482109 ], [ 100.522403581731396, 6.699606641135058 ], [ 100.522414140045797, 6.699550937657692 ], [ 100.522393023416996, 6.699484093484854 ], [ 100.52233319296873, 6.699443244268119 ], [ 100.522266323644203, 6.699450671398434 ], [ 100.522027001851157, 6.699480379919696 ], [ 100.521791199496249, 6.699502661310643 ], [ 100.521629305342131, 6.699532369831904 ], [ 100.521432216806673, 6.699617781830532 ], [ 100.521280880966955, 6.69971804808979 ], [ 100.521129545127238, 6.699777465132313 ], [ 100.520928937153656, 6.69979974652326 ], [ 100.520745926370736, 6.699788605827787 ], [ 100.52050660457769, 6.699810887218733 ], [ 100.52038694368116, 6.699866590696098 ], [ 100.520214491212641, 6.700085691040404 ], [ 100.520084272001725, 6.700174816604189 ], [ 100.520006844362797, 6.700338213471129 ], [ 100.519947013914532, 6.700542459554804 ], [ 100.519855508523065, 6.700705856421743 ], [ 100.519683056054546, 6.700943524591837 ], [ 100.519507084147904, 6.701236896239297 ], [ 100.519422617632713, 6.701574830668649 ], [ 100.519485967519103, 6.701675096927907 ], [ 100.51963730335882, 6.701790217447797 ], [ 100.519781600322275, 6.701909051532843 ], [ 100.519978688857734, 6.702117011181675 ], [ 100.520073713687324, 6.702250699527354 ], [ 100.520052597058523, 6.702477227001975 ], [ 100.519802716951077, 6.702770598649434 ], [ 100.519704172683348, 6.702926568386058 ], [ 100.519686575492685, 6.703097392383313 ], [ 100.51972176987401, 6.703231080728991 ], [ 100.52003499986786, 6.703531879506766 ], [ 100.520119466383051, 6.703613577940236 ], [ 100.520066674811048, 6.703769547676861 ] ] ] } },
{ "type": "Feature", "properties": { "id": null, "EL_Hash": "w1pqpeddqp", "ORDERRIVER_Name_T": 4, "HY_Name_T": "คลองพังลา", "EL_Name": "คลองพังลาeddqp", "Lat": 6.6993409832099999, "Long": 100.528598716, "Length_km": 1.5963965638499999, "LocalName": "", "ElementA": "w1pqpeddqp", "ElementB": "w1pqp7svpe", "ReLation": "FlowsTo" }, "geometry": { "type": "MultiLineString", "coordinates": [ [ [ 100.531575237506104, 6.695295191986948 ], [ 100.531585795820504, 6.69537317685526 ], [ 100.531557640315441, 6.695521719461569 ], [ 100.531501329305314, 6.695685116328508 ], [ 100.531346474027458, 6.695781669022609 ], [ 100.531195138187741, 6.695796523283239 ], [ 100.530959335832819, 6.695777955457451 ], [ 100.530505328313666, 6.695811377543871 ], [ 100.530371589664597, 6.695859653890921 ], [ 100.530262487082481, 6.695933925194075 ], [ 100.530163942814752, 6.696112176321646 ], [ 100.530153384500352, 6.696294141014373 ], [ 100.530202656634216, 6.696583799096676 ], [ 100.530322317530747, 6.696888311439609 ], [ 100.530452536741663, 6.697118552479387 ], [ 100.530945258080294, 6.697564180298314 ], [ 100.531008607966683, 6.697794421338092 ], [ 100.530945258080294, 6.697983813161136 ], [ 100.530723533477911, 6.698136069332602 ], [ 100.530554600447516, 6.698214054200914 ], [ 100.530392706293398, 6.698228908461545 ], [ 100.530220253824879, 6.698228908461545 ], [ 100.530100592928363, 6.698258616982807 ], [ 100.530019645851297, 6.698306893329857 ], [ 100.529980932031833, 6.698414586719431 ], [ 100.529980932031833, 6.698585410716686 ], [ 100.529780324058251, 6.698804511060992 ], [ 100.529667702037997, 6.69898647575372 ], [ 100.529555080017744, 6.699198148967709 ], [ 100.529449496873752, 6.699309555922441 ], [ 100.529294641595897, 6.699339264443703 ], [ 100.52912922800364, 6.699298415226968 ], [ 100.528946217220721, 6.699220430358656 ], [ 100.528728012056476, 6.699194435402552 ], [ 100.528622428912485, 6.699283560966337 ], [ 100.528284562851709, 6.700093118170719 ], [ 100.528256407346646, 6.700431052600072 ], [ 100.528150824202655, 6.700691002161112 ], [ 100.528055799373064, 6.700806122681001 ], [ 100.527950216229073, 6.700828404071948 ], [ 100.527784802636816, 6.700728137812689 ], [ 100.527668661178424, 6.700583308771538 ], [ 100.527633466797099, 6.700453333991018 ], [ 100.527584194663234, 6.700297364254394 ], [ 100.527453975452318, 6.700185957299662 ], [ 100.527278003545661, 6.700104258866193 ], [ 100.526985890180612, 6.700015133302407 ], [ 100.526848632093433, 6.700070836779773 ], [ 100.52679584052143, 6.700163675908716 ], [ 100.526764165578228, 6.70040134407881 ], [ 100.526714893444378, 6.700546173119961 ], [ 100.526552999290246, 6.700653866509535 ], [ 100.526391105136128, 6.700691002161112 ], [ 100.526274963677736, 6.700672434335323 ], [ 100.526190497162546, 6.700583308771538 ], [ 100.526106030647355, 6.700286223558921 ], [ 100.526091952894816, 6.700096831735877 ], [ 100.526042680760966, 6.69997799765083 ], [ 100.525940617055099, 6.699888872087045 ], [ 100.52580335896792, 6.699900012782518 ], [ 100.525690736947652, 6.699966856955357 ], [ 100.525528842793534, 6.700096831735877 ], [ 100.525409181897018, 6.700182243734504 ], [ 100.525314157067427, 6.700197097995136 ], [ 100.525254326619162, 6.70014139451777 ], [ 100.525236729428499, 6.700033701128196 ], [ 100.525250807181024, 6.699877731391572 ], [ 100.525261365495425, 6.699673485307898 ], [ 100.525243768304762, 6.699517515571273 ], [ 100.525198015609035, 6.69942467644233 ], [ 100.525032602016779, 6.699354118704334 ], [ 100.524782721909332, 6.69934297800886 ], [ 100.524578594497612, 6.699380113660437 ] ] ] } },
{ "type": "Feature", "properties": { "id": null, "EL_Hash": "w1pmknyg33", "ORDERRIVER_Name_T": 4, "HY_Name_T": "คลองพานช้าง", "EL_Name": "คลองพานช้างnyg33", "Lat": 6.5854973015500002, "Long": 100.380424171, "Length_km": 1.57425368767, "LocalName": "", "ElementA": "w1pmknyg33", "ElementB": "w1pms29rnw", "ReLation": "FlowsTo" }, "geometry": { "type": "MultiLineString", "coordinates": [ [ [ 100.375822502928301, 6.581199616081221 ], [ 100.376082941350134, 6.581318450166268 ], [ 100.376332821457581, 6.581403862164896 ], [ 100.376646051451431, 6.581537550510573 ], [ 100.377117656161261, 6.581756650854879 ], [ 100.377332341887367, 6.581849489983822 ], [ 100.377557585927889, 6.581864344244453 ], [ 100.377740596710808, 6.581842062853506 ], [ 100.377853218731062, 6.581875484939926 ], [ 100.377948243560652, 6.582016600415919 ], [ 100.37801511288518, 6.582309972063379 ], [ 100.378124215467309, 6.582558780928946 ], [ 100.378324823440892, 6.582569921624419 ], [ 100.37849727590941, 6.582536499538 ], [ 100.378683806130454, 6.582555067363788 ], [ 100.378880894665912, 6.5826330522321 ], [ 100.379074463763232, 6.582889288227983 ], [ 100.379155410840283, 6.583230936222493 ], [ 100.379169488592822, 6.583509453609322 ], [ 100.37933138274694, 6.583865955864463 ], [ 100.37932082443254, 6.584174181772553 ], [ 100.379373616004528, 6.584493548376117 ], [ 100.380109178574344, 6.585213980016714 ], [ 100.38034850036739, 6.585421939665546 ], [ 100.380658210923102, 6.585733879138795 ], [ 100.380855299458545, 6.586068100002989 ], [ 100.381031271365202, 6.586825667295164 ], [ 100.381200204395583, 6.587260154418617 ], [ 100.381400812369165, 6.58769464154207 ], [ 100.38173867842994, 6.587973158928898 ], [ 100.382027272356851, 6.588080852318472 ], [ 100.382541110324269, 6.588177405012573 ], [ 100.382864898632519, 6.588229394924781 ], [ 100.383304828399147, 6.589128077692949 ], [ 100.383139414806891, 6.590197584458371 ], [ 100.383420969857539, 6.591155684269063 ] ] ] } },
{ "type": "Feature", "properties": { "id": null, "EL_Hash": "w1pmkn53cx", "ORDERRIVER_Name_T": 4, "HY_Name_T": "คลองพานช้าง", "EL_Name": "คลองพานช้างn53cx", "Lat": 6.5811534871799999, "Long": 100.375630973, "Length_km": 0.04345793497, "LocalName": "", "ElementA": "w1pmkn53cx", "ElementB": "w1pmknyg33", "ReLation": "FlowsTo" }, "geometry": { "type": "MultiLineString", "coordinates": [ [ [ 100.3754388841718, 6.581106776952278 ], [ 100.375822502928301, 6.581199616081221 ] ] ] } },
{ "type": "Feature", "properties": { "id": null, "EL_Hash": "w1pmkj6z2r", "ORDERRIVER_Name_T": 4, "HY_Name_T": "คลองพานช้าง", "EL_Name": "คลองพานช้างj6z2r", "Lat": 6.5779761024600001, "Long": 100.374890353, "Length_km": 0.73380957286000004, "LocalName": "", "ElementA": "w1pmkj6z2r", "ElementB": "w1pmkn53cx", "ReLation": "FlowsTo" }, "geometry": { "type": "MultiLineString", "coordinates": [ [ [ 100.37458014126733, 6.57509822852709 ], [ 100.374523830257203, 6.575257911828873 ], [ 100.374629413401195, 6.575458444347389 ], [ 100.374696282725722, 6.575673831126537 ], [ 100.374798346431575, 6.575959775643681 ], [ 100.374939123956906, 6.576193730248617 ], [ 100.375101018111025, 6.576383122071661 ], [ 100.375301626084607, 6.576535378243127 ], [ 100.375431845295523, 6.576750765022275 ], [ 100.3754388841718, 6.576917875454372 ], [ 100.375372014847272, 6.577151830059308 ], [ 100.375220679007541, 6.577434061011295 ], [ 100.375034148786497, 6.577734859789071 ], [ 100.374865215756103, 6.578017090741056 ], [ 100.374801865869713, 6.578236191085362 ], [ 100.374734996545186, 6.578559271254083 ], [ 100.374734996545186, 6.57887492429249 ], [ 100.374798346431575, 6.579127446723215 ], [ 100.374893371261166, 6.579450526891936 ], [ 100.374946162833169, 6.579992707404963 ], [ 100.374953201709431, 6.580260084096318 ], [ 100.375055265415298, 6.580527460787674 ], [ 100.375224198445679, 6.580865395217026 ], [ 100.3754388841718, 6.581106776952278 ] ] ] } },
{ "type": "Feature", "properties": { "id": null, "EL_Hash": "w1pmkhfbfs", "ORDERRIVER_Name_T": 4, "HY_Name_T": "คลองพานช้าง", "EL_Name": "คลองพานช้างhfbfs", "Lat": 6.5740977454399996, "Long": 100.374983306, "Length_km": 0.2748075765, "LocalName": "", "ElementA": "w1pmkhfbfs", "ElementB": "w1pmkj6z2r", "ReLation": "FlowsTo" }, "geometry": { "type": "MultiLineString", "coordinates": [ [ [ 100.375129173616088, 6.572992637082664 ], [ 100.375203081816878, 6.573122611863185 ], [ 100.375252353950742, 6.573300862990755 ], [ 100.375266431703281, 6.573460546292537 ], [ 100.375266431703281, 6.573631370289791 ], [ 100.375220679007541, 6.573891319850832 ], [ 100.37504118766276, 6.574058430282929 ], [ 100.37466460778252, 6.574314666278812 ], [ 100.374639971715595, 6.574396364712282 ], [ 100.374661088344396, 6.57449663097154 ], [ 100.374720918792647, 6.574574615839852 ], [ 100.374752593735849, 6.574674882099111 ], [ 100.374749074297711, 6.574782575488684 ], [ 100.374668127220659, 6.574964540181413 ], [ 100.37458014126733, 6.57509822852709 ] ] ] } },
{ "type": "Feature", "properties": { "id": null, "EL_Hash": "w1pmkh6e8k", "ORDERRIVER_Name_T": 4, "HY_Name_T": "คลองพานช้าง", "EL_Name": "คลองพานช้างh6e8k", "Lat": 6.5718211573099996, "Long": 100.37454596400001, "Length_km": 0.46192160367000001, "LocalName": "", "ElementA": "w1pmkh6e8k", "ElementB": "w1pmkhfbfs", "ReLation": "FlowsTo" }, "geometry": { "type": "MultiLineString", "coordinates": [ [ [ 100.374903929575567, 6.569902950871443 ], [ 100.375005993281434, 6.570036639217121 ], [ 100.375058784853422, 6.570188895388587 ], [ 100.375058784853422, 6.570396855037419 ], [ 100.375005993281434, 6.570619668946883 ], [ 100.374766671488388, 6.570920467724657 ], [ 100.374668127220659, 6.571102432417386 ], [ 100.374629413401195, 6.571336387022322 ], [ 100.374597738457993, 6.571577768757574 ], [ 100.374562544076667, 6.57176344701546 ], [ 100.374456960932676, 6.572112522140285 ], [ 100.374309144531082, 6.57223506979049 ], [ 100.374312663969221, 6.572443029439322 ], [ 100.374337300036146, 6.572595285610788 ], [ 100.374393611046273, 6.57275496891257 ], [ 100.374481596999601, 6.572936933605298 ], [ 100.374562544076667, 6.573096616907081 ], [ 100.374643491153719, 6.573182028905708 ], [ 100.374727957668924, 6.573148606819289 ], [ 100.374815943622238, 6.573063194820661 ], [ 100.374914487889967, 6.572996350647822 ], [ 100.375037668224621, 6.572959214996245 ], [ 100.375129173616088, 6.572992637082664 ] ] ] } },
{ "type": "Feature", "properties": { "id": null, "EL_Hash": "w1pmk5ds5y", "ORDERRIVER_Name_T": 4, "HY_Name_T": "คลองพานช้าง", "EL_Name": "คลองพานช้าง5ds5y", "Lat": 6.5677981973600001, "Long": 100.37468987600001, "Length_km": 0.48101328921999997, "LocalName": "", "ElementA": "w1pmk5ds5y", "ElementB": "w1pmkh6e8k", "ReLation": "FlowsTo" }, "geometry": { "type": "MultiLineString", "coordinates": [ [ [ 100.374266911273494, 6.565732617199326 ], [ 100.37442176655135, 6.566107687280256 ], [ 100.374530869133466, 6.566308219798772 ], [ 100.374551985762267, 6.566493898056658 ], [ 100.374544946886004, 6.566709284835806 ], [ 100.374520310819065, 6.566958093701373 ], [ 100.374615335648656, 6.567158626219889 ], [ 100.374720918792647, 6.567359158738406 ], [ 100.37468924384946, 6.567801072992174 ], [ 100.374604777334255, 6.568150148117001 ], [ 100.374604777334255, 6.568384102721937 ], [ 100.374731477107048, 6.568677474369396 ], [ 100.374833540812915, 6.568896574713701 ], [ 100.374875774070503, 6.569026549494222 ], [ 100.374928565642506, 6.569312494011366 ], [ 100.374918007328105, 6.569635574180087 ], [ 100.374903929575567, 6.569902950871443 ] ] ] } },
{ "type": "Feature", "properties": { "id": null, "EL_Hash": "w1pmk540x3", "ORDERRIVER_Name_T": 4, "HY_Name_T": "คลองพานช้าง", "EL_Name": "คลองพานช้าง540x3", "Lat": 6.56442319685, "Long": 100.37415580699999, "Length_km": 0.31307436155000001, "LocalName": "", "ElementA": "w1pmk540x3", "ElementB": "w1pmk5ds5y", "ReLation": "FlowsTo" }, "geometry": { "type": "MultiLineString", "coordinates": [ [ [ 100.37383050094499, 6.563095985937346 ], [ 100.373862175888192, 6.563292804890705 ], [ 100.373971278470322, 6.563445061062171 ], [ 100.374073342176175, 6.563571322277534 ], [ 100.374161328129503, 6.563812704012785 ], [ 100.374175405882028, 6.564020663661617 ], [ 100.374175405882028, 6.564247191136238 ], [ 100.374168367005765, 6.564347457395497 ], [ 100.37414373093884, 6.564503427132121 ], [ 100.3740979782431, 6.564729954606742 ], [ 100.374031108918572, 6.564878497213051 ], [ 100.373978317346584, 6.565246140163665 ], [ 100.374045186671111, 6.565405823465446 ], [ 100.374266911273494, 6.565732617199326 ] ] ] } },
{ "type": "Feature", "properties": { "id": null, "EL_Hash": "w1pmw3rrdq", "ORDERRIVER_Name_T": 4, "HY_Name_T": "คลองแม่แมะ", "EL_Name": "คลองแม่แมะ3rrdq", "Lat": 6.5999868448600001, "Long": 100.480031404, "Length_km": 0.46522128919, "LocalName": "", "ElementA": "w1pmw3rrdq", "ElementB": "w1pmw6x759", "ReLation": "FlowsTo" }, "geometry": { "type": "MultiLineString", "coordinates": [ [ [ 100.478875170901915, 6.600302195252523 ], [ 100.478942040226443, 6.600328190208626 ], [ 100.479100414942437, 6.600346758034415 ], [ 100.479286945163494, 6.600428456467885 ], [ 100.479455878193875, 6.600573285509036 ], [ 100.479737433244523, 6.60081095367913 ], [ 100.479839496950376, 6.600866657156495 ], [ 100.479913405151166, 6.60081095367913 ], [ 100.479959157846892, 6.600662411072821 ], [ 100.479938041218105, 6.600350471599572 ], [ 100.479945080094367, 6.600112803429479 ], [ 100.480001391104494, 6.599990255779274 ], [ 100.480057702114621, 6.599982828648958 ], [ 100.480124571439148, 6.600008823605062 ], [ 100.480328698850869, 6.600276200296419 ], [ 100.480462437499924, 6.600502727771039 ], [ 100.48051874851005, 6.60069583315924 ], [ 100.480483554128725, 6.600844375765549 ], [ 100.480416684804197, 6.600926074199019 ], [ 100.480307582222068, 6.601056048979539 ], [ 100.480251271211941, 6.601186023760059 ], [ 100.480251271211941, 6.601341993496684 ], [ 100.480300543345805, 6.601486822537835 ], [ 100.480318140536468, 6.60159080236225 ], [ 100.480272387840742, 6.601806189141398 ] ] ] } },
{ "type": "Feature", "properties": { "id": null, "EL_Hash": "w1pmw3q51d", "ORDERRIVER_Name_T": 4, "HY_Name_T": "คลองแม่แมะ", "EL_Name": "คลองแม่แมะ3q51d", "Lat": 6.5991924505100004, "Long": 100.478280349, "Length_km": 0.92669801736000001, "LocalName": "", "ElementA": "w1pmw3q51d", "ElementB": "w1pmw3rrdq", "ReLation": "FlowsTo" }, "geometry": { "type": "MultiLineString", "coordinates": [ [ [ 100.476900766109281, 6.596065017407566 ], [ 100.476974674310071, 6.595994459669569 ], [ 100.477094335206601, 6.595946183322519 ], [ 100.477206957226855, 6.595946183322519 ], [ 100.477319579247123, 6.595953610452835 ], [ 100.47738644857165, 6.596016741060516 ], [ 100.477442759581777, 6.59617271079714 ], [ 100.477453317896178, 6.59643266035818 ], [ 100.477474434524964, 6.596640620007013 ], [ 100.477492031715641, 6.596800303308794 ], [ 100.477604653735895, 6.597000835827311 ], [ 100.477710236879886, 6.597119669912358 ], [ 100.477914364291607, 6.597245931127721 ], [ 100.478157205522777, 6.597346197386979 ], [ 100.478297983048108, 6.597465031472026 ], [ 100.478382449563298, 6.597658136860227 ], [ 100.478442280011564, 6.59804434763663 ], [ 100.478407085630224, 6.598649658757338 ], [ 100.478371891248898, 6.598835337015224 ], [ 100.478343735743834, 6.599035869533741 ], [ 100.478252230352368, 6.599258683443203 ], [ 100.478245191476105, 6.59937751752825 ], [ 100.478329657991296, 6.599451788831405 ], [ 100.478414124506486, 6.599503778743613 ], [ 100.478748471129137, 6.599529773699717 ], [ 100.479040584494172, 6.599604045002871 ], [ 100.479114492694961, 6.599566909351294 ], [ 100.479149687076301, 6.599518633004243 ], [ 100.479149687076301, 6.599436934570774 ], [ 100.479110973256837, 6.599288391964465 ], [ 100.479093376066174, 6.599162130749103 ], [ 100.479139128761901, 6.599050723794371 ], [ 100.479184881457627, 6.598965311795744 ], [ 100.479241192467754, 6.598957884665428 ], [ 100.479360853364284, 6.598957884665428 ], [ 100.479519228080264, 6.599009874577637 ], [ 100.479642408414918, 6.599009874577637 ], [ 100.479800783130912, 6.599028442403425 ], [ 100.479885249646102, 6.599065578055002 ], [ 100.479913405151166, 6.599173271444576 ], [ 100.479850055264777, 6.599277251268992 ], [ 100.479614252909855, 6.599414653179828 ], [ 100.479410125498148, 6.599500065178455 ], [ 100.479279906287218, 6.599600331437713 ], [ 100.479022987303509, 6.600042245691482 ], [ 100.478875170901915, 6.600239064644841 ], [ 100.478875170901915, 6.600302195252523 ] ] ] } },
{ "type": "Feature", "properties": { "id": null, "EL_Hash": "w1pmw2uxgc", "ORDERRIVER_Name_T": 4, "HY_Name_T": "คลองแม่แมะ", "EL_Name": "คลองแม่แมะ2uxgc", "Lat": 6.5972546540900003, "Long": 100.47631361800001, "Length_km": 0.64936453174999997, "LocalName": "", "ElementA": "w1pmw2uxgc", "ElementB": "w1pmw3q51d", "ReLation": "FlowsTo" }, "geometry": { "type": "MultiLineString", "coordinates": [ [ [ 100.47449698986442, 6.595478274112646 ], [ 100.474511067616945, 6.595723369413056 ], [ 100.474482912111881, 6.595842203498103 ], [ 100.474504028740682, 6.595923901931573 ], [ 100.474549781436409, 6.596005600365043 ], [ 100.474662403456662, 6.596087298798512 ], [ 100.47529590232061, 6.59620613288356 ], [ 100.475792143097379, 6.596347248359553 ], [ 100.475971634442161, 6.596440087488496 ], [ 100.476091295338691, 6.596614625050909 ], [ 100.476309500502936, 6.597245931127721 ], [ 100.476369330951201, 6.597401900864345 ], [ 100.476376369827463, 6.597531875644865 ], [ 100.47632357825546, 6.597680418251174 ], [ 100.476277825559734, 6.597769543814959 ], [ 100.476277825559734, 6.597836387987797 ], [ 100.476341175446137, 6.597888377900006 ], [ 100.476436200275728, 6.597955222072844 ], [ 100.476548822295982, 6.597970076333476 ], [ 100.476622730496771, 6.59791437285611 ], [ 100.476724794202639, 6.597776970945274 ], [ 100.476749430269564, 6.597453890776553 ], [ 100.476707197011962, 6.596748313396586 ], [ 100.476763508022088, 6.596417806097549 ], [ 100.476837416222892, 6.596157856536509 ], [ 100.476900766109281, 6.596065017407566 ] ] ] } },
{ "type": "Feature", "properties": { "id": null, "EL_Hash": "w1pq5s9tew", "ORDERRIVER_Name_T": 4, "HY_Name_T": "คลองไม้ไผ่", "EL_Name": "คลองไม้ไผ่s9tew", "Lat": 6.7053881369099999, "Long": 100.351334124, "Length_km": 1.7120543177100001, "LocalName": "", "ElementA": "w1pq5s9tew", "ElementB": "w1pq5zcs95", "ReLation": "FlowsTo" }, "geometry": { "type": "MultiLineString", "coordinates": [ [ [ 100.346755463387495, 6.704118622801686 ], [ 100.346773060578158, 6.704137190627474 ], [ 100.346941993608539, 6.704337723145991 ], [ 100.34700886293308, 6.704449130100723 ], [ 100.347061654505069, 6.704649662619239 ], [ 100.347110926638933, 6.704816773051337 ], [ 100.347174276525323, 6.704872476528703 ], [ 100.34727634023119, 6.704917039310595 ], [ 100.34744527326157, 6.70490961218028 ], [ 100.347874644713798, 6.704842768007441 ], [ 100.348033019429792, 6.704853908702914 ], [ 100.348152680326308, 6.704891044354491 ], [ 100.348272341222838, 6.70490961218028 ], [ 100.348413118748155, 6.704879903659018 ], [ 100.348571493464149, 6.704816773051337 ], [ 100.348694673798803, 6.704798205225548 ], [ 100.348786179190256, 6.704816773051337 ], [ 100.348888242896123, 6.704879903659018 ], [ 100.349000864916377, 6.705340385738575 ], [ 100.349036059297703, 6.705477787649411 ], [ 100.349092370307829, 6.705533491126777 ], [ 100.349176836823034, 6.705552058952565 ], [ 100.34929649771955, 6.705507496170672 ], [ 100.34938096423474, 6.705433224867518 ], [ 100.349402080863541, 6.70533295860826 ], [ 100.349324653224613, 6.705121285394269 ], [ 100.349261303338224, 6.70490961218028 ], [ 100.349278900528887, 6.70477963739976 ], [ 100.34930705603395, 6.70469793896629 ], [ 100.349465430749945, 6.70461624053282 ], [ 100.349588611084599, 6.704597672707031 ], [ 100.349718830295515, 6.70461624053282 ], [ 100.349884243887772, 6.704709079661763 ], [ 100.349996865908025, 6.704735074617867 ], [ 100.350109487928279, 6.704727647487552 ], [ 100.350211551634146, 6.704671944010186 ], [ 100.350415679045852, 6.704467697926511 ], [ 100.350538859380521, 6.704348863841465 ], [ 100.350760583982904, 6.704267165407995 ], [ 100.350911919822622, 6.704211461930629 ], [ 100.351042139033538, 6.704211461930629 ], [ 100.351133644425005, 6.704222602626102 ], [ 100.351179397120731, 6.704248597582206 ], [ 100.351281460826584, 6.704341436711148 ], [ 100.351358888465512, 6.704553109925139 ], [ 100.351376485656175, 6.705184416001951 ], [ 100.351337771836711, 6.705370094259837 ], [ 100.351302577455385, 6.705544631822249 ], [ 100.351246266445258, 6.705682033733085 ], [ 100.351225149816457, 6.705838003469709 ], [ 100.351263863635921, 6.705993973206334 ], [ 100.351355369027388, 6.706101666595907 ], [ 100.351411680037515, 6.706213073550638 ], [ 100.351429277228178, 6.706361616156947 ], [ 100.351355369027388, 6.706517585893572 ], [ 100.35124274700712, 6.7066995505863 ], [ 100.351207552625795, 6.706810957541031 ], [ 100.351189955435132, 6.706918650930605 ], [ 100.351207552625795, 6.707004062929233 ], [ 100.351253305321521, 6.707074620667229 ], [ 100.351394082846838, 6.707186027621961 ], [ 100.351587651944158, 6.70731600240248 ], [ 100.351795298794016, 6.707423695792055 ], [ 100.3523900838385, 6.707490539964894 ], [ 100.352566055745143, 6.707490539964894 ], [ 100.352752585966201, 6.707572238398363 ], [ 100.352995427197385, 6.70777277091688 ], [ 100.353136204722702, 6.707865610045824 ], [ 100.353238268428555, 6.707876750741296 ], [ 100.353329773820022, 6.707847042220035 ], [ 100.353431837525875, 6.707791338742669 ], [ 100.353555017860529, 6.707746775960776 ], [ 100.35368523707146, 6.707720781004672 ], [ 100.35387880616878, 6.707728208134988 ], [ 100.354216672229541, 6.70798444413087 ], [ 100.354427838517523, 6.708125559606863 ], [ 100.354614368738581, 6.708177549519071 ], [ 100.354691796377509, 6.708233252996437 ], [ 100.354709393568172, 6.708363227776958 ], [ 100.354624927052981, 6.708508056818109 ], [ 100.354438396831924, 6.708656599424417 ], [ 100.354420799641261, 6.708730870727571 ], [ 100.354438396831924, 6.708782860639779 ], [ 100.354522863347114, 6.708838564117145 ], [ 100.35468827693937, 6.7089128354203 ], [ 100.354839612779088, 6.709005674549243 ], [ 100.354895923789229, 6.709105940808501 ], [ 100.354874807160428, 6.709206207067759 ], [ 100.354839612779088, 6.709343608978595 ], [ 100.354829054464702, 6.709518146541008 ], [ 100.354839612779088, 6.70962955349574 ], [ 100.35499094861882, 6.709882075926464 ] ] ] } },
{ "type": "Feature", "properties": { "id": null, "EL_Hash": "w1pq5ku1e4", "ORDERRIVER_Name_T": 4, "HY_Name_T": "คลองไม้ไผ่", "EL_Name": "คลองไม้ไผ่ku1e4", "Lat": 6.7060516868700004, "Long": 100.343766692, "Length_km": 0.9765890681, "LocalName": "", "ElementA": "w1pq5ku1e4", "ElementB": "w1pq5s9tew", "ReLation": "FlowsTo" }, "geometry": { "type": "MultiLineString", "coordinates": [ [ [ 100.340357124861626, 6.705767445731713 ], [ 100.340522538453882, 6.705778586427185 ], [ 100.340775937999453, 6.70580458138329 ], [ 100.340941351591709, 6.705849144165183 ], [ 100.341082129117027, 6.705967978250229 ], [ 100.341138440127153, 6.706071958074645 ], [ 100.34119475113728, 6.706198219290008 ], [ 100.341268659338084, 6.70622792781127 ], [ 100.341381281358338, 6.706198219290008 ], [ 100.341585408770058, 6.705997686771491 ], [ 100.341641719780185, 6.706005113901806 ], [ 100.341698030790312, 6.706023681727595 ], [ 100.341743783486038, 6.706071958074645 ], [ 100.341743783486038, 6.706198219290008 ], [ 100.341698030790312, 6.706372756852421 ], [ 100.341705069666574, 6.706476736676836 ], [ 100.341754341800439, 6.706510158763257 ], [ 100.341835288877505, 6.706510158763257 ], [ 100.341965508088421, 6.706428460329787 ], [ 100.342049974603611, 6.706346761896317 ], [ 100.342106285613738, 6.706198219290008 ], [ 100.342236504824669, 6.706127661552011 ], [ 100.342310413025459, 6.706090525900434 ], [ 100.342461748865176, 6.706109093726223 ], [ 100.342665876276897, 6.706164797203589 ], [ 100.342834809307291, 6.706135088682327 ], [ 100.342993184023271, 6.706053390248857 ], [ 100.343123403234188, 6.705997686771491 ], [ 100.343299375140845, 6.705997686771491 ], [ 100.343521099743228, 6.706045963118541 ], [ 100.343707629964285, 6.70606453094433 ], [ 100.343763940974412, 6.706053390248857 ], [ 100.343876562994666, 6.705927129033494 ], [ 100.34391527681413, 6.70580458138329 ], [ 100.343978626700519, 6.705566913213196 ], [ 100.344186273550378, 6.705091576873007 ], [ 100.344249623436767, 6.704987597048592 ], [ 100.34439743983836, 6.704668230445028 ], [ 100.344453750848487, 6.704504833578088 ], [ 100.344510061858614, 6.704293160364099 ], [ 100.344576931183141, 6.70419289410484 ], [ 100.344661397698331, 6.704100054975897 ], [ 100.344847927919389, 6.70398122089085 ], [ 100.345052055331095, 6.703925517413484 ], [ 100.345182274542026, 6.703925517413484 ], [ 100.345323052067343, 6.703970080195377 ], [ 100.345481426783337, 6.704044351498531 ], [ 100.345611645994254, 6.704044351498531 ], [ 100.345741865205184, 6.703999788716638 ], [ 100.34593543430249, 6.703906949587696 ], [ 100.34613956171421, 6.703888381761907 ], [ 100.346354247440331, 6.703936658108957 ], [ 100.346540777661374, 6.704074060019793 ], [ 100.346755463387495, 6.704118622801686 ] ] ] } },
{ "type": "Feature", "properties": { "id": null, "EL_Hash": "w1pq5k8czk", "ORDERRIVER_Name_T": 4, "HY_Name_T": "คลองไม้ไผ่", "EL_Name": "คลองไม้ไผ่k8czk", "Lat": 6.7047339370200003, "Long": 100.339480834, "Length_km": 0.42168653923, "LocalName": "", "ElementA": "w1pq5k8czk", "ElementB": "w1pq5ku1e4", "ReLation": "FlowsTo" }, "geometry": { "type": "MultiLineString", "coordinates": [ [ [ 100.339343526679301, 6.703115960209102 ], [ 100.339202749153984, 6.703353628379196 ], [ 100.339128840953194, 6.703498457420347 ], [ 100.339079568819329, 6.703784401937491 ], [ 100.339107724324393, 6.70401464297727 ], [ 100.33909012713373, 6.704296873929256 ], [ 100.339153477020119, 6.704545682794823 ], [ 100.339202749153984, 6.704638521923767 ], [ 100.33929425454545, 6.704701652531448 ], [ 100.339621562291811, 6.704757356008813 ], [ 100.33981513138913, 6.704738788183024 ], [ 100.340001661610188, 6.704720220357236 ], [ 100.340170594640568, 6.704757356008813 ], [ 100.340272658346436, 6.704839054442283 ], [ 100.340283216660822, 6.704924466440911 ], [ 100.340226905650695, 6.705099004003324 ], [ 100.340124841944842, 6.70542951130236 ], [ 100.340124841944842, 6.705585481038984 ], [ 100.340177633516831, 6.70567460660277 ], [ 100.340262100032035, 6.705741450775609 ], [ 100.340357124861626, 6.705767445731713 ] ] ] } },
{ "type": "Feature", "properties": { "id": null, "EL_Hash": "w1pq579h7x", "ORDERRIVER_Name_T": 4, "HY_Name_T": "คลองไม้ไผ่", "EL_Name": "คลองไม้ไผ่79h7x", "Lat": 6.6996837990299998, "Long": 100.339665602, "Length_km": 1.1376137499300001, "LocalName": "", "ElementA": "w1pq579h7x", "ElementB": "w1pq5k8czk", "ReLation": "FlowsTo" }, "geometry": { "type": "MultiLineString", "coordinates": [ [ [ 100.340790015751992, 6.696019337192703 ], [ 100.340863923952782, 6.69613817127775 ], [ 100.340863923952782, 6.696349844491739 ], [ 100.340825210133318, 6.696412975099421 ], [ 100.340716107551188, 6.6966432161392 ], [ 100.340677393731724, 6.696906879265398 ], [ 100.340666835417323, 6.697267095085696 ], [ 100.340582368902133, 6.697660732992414 ], [ 100.340452149691217, 6.697790707772934 ], [ 100.340230425088833, 6.69779813490325 ], [ 100.340043894867776, 6.69758646168926 ], [ 100.339874961837396, 6.697560466733155 ], [ 100.339762339817142, 6.697642165166625 ], [ 100.339688431616338, 6.69779813490325 ], [ 100.339681392740076, 6.698017235247555 ], [ 100.339744742626479, 6.698266044113122 ], [ 100.339874961837396, 6.698540847934793 ], [ 100.339903117342459, 6.698752521148784 ], [ 100.339818650827269, 6.698882495929303 ], [ 100.339632120606211, 6.699038465665928 ], [ 100.339466707013969, 6.69916472688129 ], [ 100.339410396003828, 6.699264993140548 ], [ 100.339417434880104, 6.699357832269492 ], [ 100.339530056900358, 6.699420962877173 ], [ 100.339603965101148, 6.699450671398434 ], [ 100.339670834425675, 6.699632636091162 ], [ 100.339649717796874, 6.699862877130941 ], [ 100.339734184312078, 6.700093118170719 ], [ 100.339846806332332, 6.700367921992391 ], [ 100.339977025543249, 6.700542459554804 ], [ 100.340022778238989, 6.7007095699869 ], [ 100.339991103295787, 6.700757846333951 ], [ 100.339846806332332, 6.70079126842037 ], [ 100.339716587121416, 6.700898961809944 ], [ 100.339667314987551, 6.70108464006783 ], [ 100.339744742626479, 6.701240609804454 ], [ 100.339882000713658, 6.701415147366867 ], [ 100.340068530934715, 6.701433715192656 ], [ 100.340226905650695, 6.701415147366867 ], [ 100.34039583868109, 6.70129631328182 ], [ 100.340508460701344, 6.701285172586346 ], [ 100.340571810587733, 6.701340876063712 ], [ 100.340599966092796, 6.701441142322971 ], [ 100.34058940777841, 6.701615679885384 ], [ 100.340533096768269, 6.701864488750951 ], [ 100.340413435871753, 6.70209472979073 ], [ 100.340107244754179, 6.702350965786612 ], [ 100.339836248017932, 6.702462372741343 ], [ 100.339660276111275, 6.702599774652179 ], [ 100.339491343080894, 6.702804020735853 ], [ 100.339343526679301, 6.703115960209102 ] ] ] } },
{ "type": "Feature", "properties": { "id": null, "EL_Hash": "w1pmvm50b3", "ORDERRIVER_Name_T": 5, "HY_Name_T": "คลองรัง", "EL_Name": "คลองรังm50b3", "Lat": 6.6633463557, "Long": 100.430165097, "Length_km": 2.2907888326300001, "LocalName": "", "ElementA": "w1pmvm50b3", "ElementB": "w1pmvqhy7k", "ReLation": "FlowsTo" }, "geometry": { "type": "MultiLineString", "coordinates": [ [ [ 100.433632793701662, 6.658103836932402 ], [ 100.433632793701662, 6.65815582684461 ], [ 100.43359056044406, 6.658259806669027 ], [ 100.433425146851803, 6.65840092214502 ], [ 100.433298447079011, 6.658516042664909 ], [ 100.433206941687558, 6.65862744961964 ], [ 100.433090800229166, 6.658738856574372 ], [ 100.432935944951311, 6.658861404224577 ], [ 100.432745895292129, 6.658943102658046 ], [ 100.432548806756685, 6.659006233265728 ], [ 100.432425626422017, 6.659095358829513 ], [ 100.432351718221227, 6.659299604913188 ], [ 100.432362276535628, 6.659455574649812 ], [ 100.432474898555881, 6.659659820733486 ], [ 100.43268254540574, 6.659763800557903 ], [ 100.432869075626783, 6.659774941253375 ], [ 100.432985217085175, 6.659700669950221 ], [ 100.43312951404863, 6.659548413778754 ], [ 100.433277330450224, 6.659448147519496 ], [ 100.433400510784878, 6.659437006824023 ], [ 100.43350609392887, 6.659600403690963 ], [ 100.433576482691521, 6.659838071861056 ], [ 100.433650390892325, 6.660135157073674 ], [ 100.433689104711789, 6.660287413245141 ], [ 100.433805246170181, 6.660398820199872 ], [ 100.433938984819235, 6.660432242286292 ], [ 100.434044567963227, 6.660525081415234 ], [ 100.43414663166908, 6.660751608889855 ], [ 100.43422053986987, 6.66092243288711 ], [ 100.434269812003734, 6.661130392535942 ], [ 100.434185345488544, 6.66121580453457 ], [ 100.43414663166908, 6.661282648707409 ], [ 100.43407272346829, 6.66139405566214 ], [ 100.433896751561633, 6.66150917618203 ], [ 100.433822843360844, 6.661579733920027 ], [ 100.433791168417642, 6.661680000179285 ], [ 100.433530729995795, 6.661865678437171 ], [ 100.433189344496896, 6.661988226087376 ], [ 100.432520651251608, 6.662211039996839 ], [ 100.432200382381509, 6.662315019821254 ], [ 100.431700622166616, 6.662508125209456 ], [ 100.431355717229579, 6.662619532164188 ], [ 100.430929865215475, 6.662782929031127 ], [ 100.430743334994432, 6.662853486769124 ], [ 100.430430105000582, 6.662946325898067 ], [ 100.430180224893135, 6.663024310766379 ], [ 100.430057044558481, 6.663106009199849 ], [ 100.430025369615294, 6.663198848328792 ], [ 100.430159108264348, 6.663343677369943 ], [ 100.43055328533525, 6.663518214932355 ], [ 100.430687023984305, 6.663681611799295 ], [ 100.430708140613092, 6.663785591623711 ], [ 100.430644790726703, 6.663937847795177 ], [ 100.430426585562458, 6.664008405533174 ], [ 100.430197822083812, 6.664041827619593 ], [ 100.430011291862755, 6.663989837707385 ], [ 100.429856436584899, 6.663967556316439 ], [ 100.429782528384109, 6.664030686924121 ], [ 100.42980364501291, 6.664130953183379 ], [ 100.429905708718763, 6.664223792312321 ], [ 100.430166147140611, 6.664357480657999 ], [ 100.430426585562458, 6.664532018220412 ], [ 100.4305919991547, 6.664747404999559 ], [ 100.430757412746956, 6.664996213865127 ], [ 100.430570882525913, 6.665248736295852 ], [ 100.430384352304856, 6.665115047950174 ], [ 100.430197822083812, 6.66497393247418 ], [ 100.430000733548354, 6.664869952649765 ], [ 100.429884592089962, 6.664921942561973 ], [ 100.429884592089962, 6.665115047950174 ], [ 100.429905708718763, 6.66538242464153 ], [ 100.429926825347565, 6.665586670725204 ], [ 100.42998665579583, 6.665824338895298 ], [ 100.430028889053418, 6.666058293500234 ], [ 100.42998665579583, 6.666251398888436 ], [ 100.429810683889173, 6.66632567019159 ], [ 100.429550245467325, 6.66645564497211 ], [ 100.429402429065732, 6.666496494188845 ], [ 100.429300365359879, 6.666619041839049 ], [ 100.429205340530288, 6.666775011575674 ], [ 100.429046965814308, 6.666956976268402 ], [ 100.428807644021248, 6.667079523918606 ], [ 100.428631672114605, 6.667060956092818 ], [ 100.428445141893548, 6.667016393310925 ], [ 100.428216378414902, 6.666975544094191 ], [ 100.428040406508245, 6.666934694877455 ], [ 100.427892590106666, 6.666975544094191 ], [ 100.427864434601602, 6.667120373135342 ], [ 100.427882031792265, 6.667343187044804 ], [ 100.427987614936256, 6.667510297476902 ], [ 100.428195261786101, 6.667528865302691 ], [ 100.428318442120755, 6.667621704431633 ], [ 100.428381792007158, 6.667818523384993 ], [ 100.428381792007158, 6.667981920251933 ], [ 100.428255092234366, 6.668074759380875 ], [ 100.428110795270911, 6.668082186511191 ], [ 100.427945381678654, 6.668063618685402 ], [ 100.427797565277075, 6.668041337294456 ], [ 100.427674384942421, 6.668030196598982 ], [ 100.427551204607752, 6.668167598509818 ] ] ] } },
{ "type": "Feature", "properties": { "id": null, "EL_Hash": "w1pqkkwt7j", "ORDERRIVER_Name_T": 5, "HY_Name_T": "คลองรำน้อย", "EL_Name": "คลองรำน้อยkwt7j", "Lat": 6.7492842662300001, "Long": 100.391135355, "Length_km": 1.33167089425, "LocalName": "", "ElementA": "w1pqkkwt7j", "ElementB": "w1pqt00539", "ReLation": "FlowsTo" }, "geometry": { "type": "MultiLineString", "coordinates": [ [ [ 100.387587984607052, 6.746178461777999 ], [ 100.387683009436643, 6.74622673812505 ], [ 100.38779563145691, 6.746245305950838 ], [ 100.38795400617289, 6.746434697773882 ], [ 100.388045511564357, 6.746564672554402 ], [ 100.38814757527021, 6.746653798118187 ], [ 100.388446727511521, 6.746772632203235 ], [ 100.388802190762959, 6.746809767854812 ], [ 100.389136537385596, 6.746835762810916 ], [ 100.389266756596513, 6.74686175776702 ], [ 100.389323067606654, 6.746928601939858 ], [ 100.389323067606654, 6.747091998806798 ], [ 100.389231562215187, 6.747329666976892 ], [ 100.38924915940585, 6.747433646801308 ], [ 100.389305470415977, 6.747441073931624 ], [ 100.389389936931181, 6.747441073931624 ], [ 100.389502558951435, 6.747292531325315 ], [ 100.38961166153355, 6.74721826002216 ], [ 100.389808750069008, 6.747229400717633 ], [ 100.389938969279925, 6.747311099151103 ], [ 100.389995280290051, 6.747411365410362 ], [ 100.389977683099389, 6.747611897928879 ], [ 100.389977683099389, 6.74772330488361 ], [ 100.390079746805256, 6.74780500331708 ], [ 100.390304990845763, 6.747849566098973 ], [ 100.390463365561757, 6.747897842446023 ], [ 100.390491521066821, 6.747968400184019 ], [ 100.390445768371094, 6.748061239312962 ], [ 100.39036130185589, 6.748209781919271 ], [ 100.390378899046567, 6.748365751655895 ], [ 100.390568948705749, 6.74866655043367 ], [ 100.390811789936919, 6.748922786429553 ], [ 100.390970164652913, 6.748985917037234 ], [ 100.391089825549429, 6.749104751122281 ], [ 100.391135578245169, 6.749253293728589 ], [ 100.391128539368893, 6.749416690595529 ], [ 100.39103703397744, 6.749609795983731 ], [ 100.390896256452123, 6.749765765720355 ], [ 100.390794192746256, 6.749958871108556 ], [ 100.390794192746256, 6.749999720325291 ], [ 100.390938489709711, 6.750348795450116 ], [ 100.391241161389161, 6.750471343100322 ], [ 100.391484002620331, 6.750430493883586 ], [ 100.391705727222714, 6.750367363275905 ], [ 100.391867621376832, 6.750449061709375 ], [ 100.392131579236818, 6.75083155892062 ], [ 100.392233642942671, 6.751176920480288 ], [ 100.392356823277325, 6.751559417691532 ], [ 100.392377939906126, 6.751941914902778 ], [ 100.392339226086662, 6.752227859419922 ], [ 100.392318109457861, 6.752428391938439 ], [ 100.392462406421316, 6.75283317054063 ], [ 100.392483523050117, 6.753278798359556 ], [ 100.392606703384772, 6.753601878528277 ], [ 100.392729883719426, 6.753661295570801 ], [ 100.392870661244757, 6.75376156183006 ], [ 100.392870661244757, 6.75384326026353 ], [ 100.392860102930356, 6.753976948609207 ] ] ] } },
{ "type": "Feature", "properties": { "id": null, "EL_Hash": "w1pqk7g9qw", "ORDERRIVER_Name_T": 5, "HY_Name_T": "คลองรำน้อย", "EL_Name": "คลองรำน้อย7g9qw", "Lat": 6.7444841924499999, "Long": 100.387169695, "Length_km": 0.58229479172999998, "LocalName": "", "ElementA": "w1pqk7g9qw", "ElementB": "w1pqkkwt7j", "ReLation": "FlowsTo" }, "geometry": { "type": "MultiLineString", "coordinates": [ [ [ 100.386166131601314, 6.744039448247154 ], [ 100.386278753621568, 6.744247407895986 ], [ 100.386408972832484, 6.744477648935765 ], [ 100.386521594852752, 6.744733884931647 ], [ 100.386606061367942, 6.744971553101741 ], [ 100.386729241702596, 6.745082960056473 ], [ 100.386848902599112, 6.745134949968681 ], [ 100.387232521355614, 6.745164658489943 ], [ 100.387345143375882, 6.745116382142892 ], [ 100.387362740566545, 6.745060678665526 ], [ 100.387324026747081, 6.744960412406268 ], [ 100.387250118546291, 6.74492327675469 ], [ 100.38711989933536, 6.744878713972798 ], [ 100.387102302144697, 6.744785874843855 ], [ 100.38711989933536, 6.744577915195023 ], [ 100.387267715736954, 6.744310538503667 ], [ 100.38739793494787, 6.744236267200513 ], [ 100.3875175958444, 6.744254835026301 ], [ 100.387584465168928, 6.744299397808194 ], [ 100.387602062359591, 6.744392236937137 ], [ 100.387584465168928, 6.744492503196396 ], [ 100.387528154158801, 6.74473017136649 ], [ 100.387697087189181, 6.745042110839738 ], [ 100.387809709209435, 6.745536015005714 ], [ 100.387830825838236, 6.745914798651802 ], [ 100.38770060662732, 6.74601506491106 ], [ 100.387587984607052, 6.746078195518741 ], [ 100.387570387416389, 6.74614503969158 ], [ 100.387587984607052, 6.746178461777999 ] ] ] } },
{ "type": "Feature", "properties": { "id": null, "EL_Hash": "w1pqk73jcw", "ORDERRIVER_Name_T": 5, "HY_Name_T": "คลองรำน้อย", "EL_Name": "คลองรำน้อย73jcw", "Lat": 6.7425051433099998, "Long": 100.38352735700001, "Length_km": 0.74486720136999995, "LocalName": "", "ElementA": "w1pqk73jcw", "ElementB": "w1pqk7g9qw", "ReLation": "FlowsTo" }, "geometry": { "type": "MultiLineString", "coordinates": [ [ [ 100.380739158000154, 6.741529078200537 ], [ 100.380869377211084, 6.741477088288328 ], [ 100.380925688221211, 6.741484515418644 ], [ 100.381055907432128, 6.741529078200537 ], [ 100.381112218442254, 6.741629344459795 ], [ 100.381196684957445, 6.741852158369258 ], [ 100.381270593158249, 6.74197841958462 ], [ 100.381393773492903, 6.742115821495456 ], [ 100.381580303713946, 6.742227228450187 ], [ 100.381988558537387, 6.742379484621654 ], [ 100.382111738872041, 6.742379484621654 ], [ 100.382252516397358, 6.742353489665549 ], [ 100.382382735608289, 6.7423052133185 ], [ 100.382463682685341, 6.742334921839761 ], [ 100.382569265829332, 6.742435188099019 ], [ 100.382671329535199, 6.742542881488593 ], [ 100.382886015261306, 6.742635720617536 ], [ 100.383079584358626, 6.74266171557364 ], [ 100.383255556265283, 6.742598584965959 ], [ 100.383332983904211, 6.742542881488593 ], [ 100.38351599468713, 6.742505745837017 ], [ 100.383611019516721, 6.742513172967332 ], [ 100.383713083222574, 6.742557735749225 ], [ 100.383836263557228, 6.742687710529744 ], [ 100.383899613443631, 6.74282511244058 ], [ 100.383920730072433, 6.742895670178576 ], [ 100.383984079958822, 6.742951373655942 ], [ 100.384135415798539, 6.742962514351416 ], [ 100.384318426581459, 6.742869675222472 ], [ 100.384402893096649, 6.742839966701211 ], [ 100.384487359611853, 6.742851107396684 ], [ 100.384582384441444, 6.742921665134681 ], [ 100.384635176013433, 6.743025644959097 ], [ 100.384747798033686, 6.743189041826036 ], [ 100.384878017244617, 6.74328188095498 ], [ 100.385011755893672, 6.743345011562661 ], [ 100.385113819599525, 6.743452704952235 ], [ 100.385141975104588, 6.743526976255389 ], [ 100.385233480496055, 6.743682945992013 ], [ 100.385391855212035, 6.743738649469378 ], [ 100.385701565767747, 6.74380178007706 ], [ 100.386166131601314, 6.744039448247154 ] ] ] } },
{ "type": "Feature", "properties": { "id": null, "EL_Hash": "w1pqk54xh2", "ORDERRIVER_Name_T": 5, "HY_Name_T": "คลองรำน้อย", "EL_Name": "คลองรำน้อย54xh2", "Lat": 6.7413146666800001, "Long": 100.374710991, "Length_km": 2.0369134349900002, "LocalName": "", "ElementA": "w1pqk54xh2", "ElementB": "w1pqk73jcw", "ReLation": "FlowsTo" }, "geometry": { "type": "MultiLineString", "coordinates": [ [ [ 100.370156207534095, 6.73826856799206 ], [ 100.370011910570639, 6.738405969902896 ], [ 100.36993800236985, 6.738535944683416 ], [ 100.36994856068425, 6.738654778768463 ], [ 100.370011910570639, 6.738717909376144 ], [ 100.37010693540023, 6.738717909376144 ], [ 100.370180843601034, 6.73869191442004 ], [ 100.370272348992486, 6.738587934595624 ], [ 100.370448320899143, 6.738587934595624 ], [ 100.37058909842446, 6.738625070247201 ], [ 100.370786186959904, 6.73872533650646 ], [ 100.370831939655645, 6.738925869024976 ], [ 100.370853056284432, 6.739074411631285 ], [ 100.370888250665772, 6.739156110064755 ], [ 100.371000872686025, 6.739200672846647 ], [ 100.371120533582555, 6.739174677890543 ], [ 100.37124371391721, 6.739118974413177 ], [ 100.3713281804324, 6.739137542238966 ], [ 100.371402088633189, 6.739200672846647 ], [ 100.371419685823852, 6.739300939105906 ], [ 100.371458399643316, 6.739430913886426 ], [ 100.371475996833993, 6.739650014230731 ], [ 100.371479516272117, 6.739831978923459 ], [ 100.371458399643316, 6.740017657181346 ], [ 100.37148655514838, 6.740125350570919 ], [ 100.371535827282244, 6.740162486222497 ], [ 100.371620293797449, 6.740199621874074 ], [ 100.371831460085431, 6.740181054048285 ], [ 100.371982795925149, 6.740069647093553 ], [ 100.372113015136065, 6.740051079267765 ], [ 100.372186923336855, 6.740069647093553 ], [ 100.372243234346996, 6.740181054048285 ], [ 100.372288987042722, 6.740325883089436 ], [ 100.372373453557913, 6.740437290044167 ], [ 100.372503672768829, 6.740500420651848 ], [ 100.372598697598434, 6.740500420651848 ], [ 100.372672605799224, 6.740370445871329 ], [ 100.37264445029416, 6.740106782745131 ], [ 100.372577580969633, 6.739921104487244 ], [ 100.37254942546457, 6.739739139794517 ], [ 100.372556464340832, 6.739546034406315 ], [ 100.372623333665359, 6.739471763103161 ], [ 100.372732436247489, 6.739427200321268 ], [ 100.372816902762679, 6.739464335972845 ], [ 100.372894330401607, 6.739572029362419 ], [ 100.372978796916797, 6.739828265358302 ], [ 100.37311605500399, 6.740114209875446 ], [ 100.373277949158108, 6.740314742393963 ], [ 100.373436323874088, 6.740389013697117 ], [ 100.373594698590082, 6.740403867957748 ], [ 100.373724917800999, 6.740403867957748 ], [ 100.37385513701193, 6.74043357647901 ], [ 100.373957200717783, 6.740578405520161 ], [ 100.373974797908446, 6.740734375256785 ], [ 100.373978317346584, 6.740882917863093 ], [ 100.373978317346584, 6.741090877511926 ], [ 100.37401351172791, 6.741257987944023 ], [ 100.3740979782431, 6.7412951235956 ], [ 100.374256352959094, 6.741309977856231 ], [ 100.374629413401195, 6.741321118551705 ], [ 100.374787788117175, 6.741309977856231 ], [ 100.374963760023832, 6.741180003075711 ], [ 100.37516084855929, 6.740998038382983 ], [ 100.375326262151532, 6.74090519925404 ], [ 100.375449442486186, 6.740886631428252 ], [ 100.375540947877653, 6.740894058558567 ], [ 100.375643011583506, 6.74098689768751 ], [ 100.37569228371737, 6.741105731772556 ], [ 100.375738036413097, 6.741287696465285 ], [ 100.375794347423238, 6.741592208808218 ], [ 100.375815464052025, 6.741785314196419 ], [ 100.375833061242687, 6.741911575411781 ], [ 100.375928086072292, 6.741967278889147 ], [ 100.376054785845071, 6.741885580455677 ], [ 100.376132213483999, 6.741811309152523 ], [ 100.376297627076255, 6.741662766546215 ], [ 100.376456001792249, 6.741462234027698 ], [ 100.376568623812503, 6.741350827072966 ], [ 100.376614376508229, 6.741332259247177 ], [ 100.376726998528483, 6.741358254203281 ], [ 100.376818503919949, 6.741413957680647 ], [ 100.376959281445266, 6.741540218896009 ], [ 100.37727603087724, 6.741844731238943 ], [ 100.377444963907621, 6.742037836627144 ], [ 100.377557585927889, 6.742119535060613 ], [ 100.377649091319341, 6.742138102886402 ], [ 100.377779310530272, 6.742071258713564 ], [ 100.378039748952105, 6.741896721151151 ], [ 100.378254434678226, 6.741803882022207 ], [ 100.378384653889157, 6.741785314196419 ], [ 100.37848671759501, 6.741792741326734 ], [ 100.378634533996603, 6.741859585499573 ], [ 100.378757714331257, 6.741893007585993 ], [ 100.378859778037111, 6.741867012629889 ], [ 100.379035749943768, 6.741681334372003 ], [ 100.379268032860537, 6.741324832116862 ], [ 100.379313785556278, 6.741157721684765 ], [ 100.379275071736814, 6.740957189166248 ], [ 100.379229319041087, 6.740726948126469 ], [ 100.379264513422413, 6.740663817518788 ], [ 100.37932082443254, 6.740626681867211 ], [ 100.379415849262131, 6.740626681867211 ], [ 100.379535510158661, 6.740645249692999 ], [ 100.379711482065304, 6.740734375256785 ], [ 100.379788909704232, 6.740938621340459 ], [ 100.379908570600762, 6.741202284466658 ], [ 100.380172528460733, 6.741514223939905 ], [ 100.380337942052989, 6.74167019367653 ], [ 100.380443525196981, 6.741677620806845 ], [ 100.380580783284174, 6.741659052981056 ], [ 100.380739158000154, 6.741529078200537 ] ] ] } },
{ "type": "Feature", "properties": { "id": null, "EL_Hash": "w1pq5zcs95", "ORDERRIVER_Name_T": 5, "HY_Name_T": "คลองรำน้อย", "EL_Name": "คลองรำน้อยzcs95", "Lat": 6.7230529898200002, "Long": 100.362210557, "Length_km": 6.3222577590200002, "LocalName": "", "ElementA": "w1pq5zcs95", "ElementB": "w1pqk54xh2", "ReLation": "FlowsTo" }, "geometry": { "type": "MultiLineString", "coordinates": [ [ [ 100.35499094861882, 6.709882075926464 ], [ 100.355103570639073, 6.709926638708357 ], [ 100.355522383776901, 6.710097462705612 ], [ 100.355670200178494, 6.710234864616448 ], [ 100.355747627817422, 6.710346271571178 ], [ 100.355747627817422, 6.710476246351699 ], [ 100.355673719616618, 6.71062107539285 ], [ 100.355413281194785, 6.710825321476524 ], [ 100.355152842772938, 6.71104442182083 ], [ 100.354948715361218, 6.711192964427139 ], [ 100.354874807160428, 6.711356361294078 ], [ 100.354874807160428, 6.711441773292705 ], [ 100.354913520979892, 6.711560607377752 ], [ 100.355061337381471, 6.711631165115749 ], [ 100.355173959401739, 6.711586602333856 ], [ 100.355173959401739, 6.711486336074598 ], [ 100.355145803896662, 6.711293230686397 ], [ 100.355226750973728, 6.71117439660135 ], [ 100.355525903215039, 6.710988718343464 ], [ 100.355747627817422, 6.710858743562944 ], [ 100.356064377249396, 6.710803040085578 ], [ 100.356268504661102, 6.710821607911367 ], [ 100.356398723872033, 6.710903306344837 ], [ 100.356476151510961, 6.711077843907249 ], [ 100.356430398815235, 6.711278376425766 ], [ 100.356272024099241, 6.711664587202169 ], [ 100.355881366466477, 6.711998808066364 ], [ 100.355093012324673, 6.712429581624659 ], [ 100.354607329862318, 6.712771229619168 ], [ 100.354554538290316, 6.712971762137685 ], [ 100.354610849300443, 6.713138872569782 ], [ 100.354719951882572, 6.713213143872937 ], [ 100.35487128772229, 6.713276274480618 ], [ 100.355085973448411, 6.713283701610933 ], [ 100.355374567375321, 6.713172294656202 ], [ 100.355635005797168, 6.713116591178836 ], [ 100.355839133208875, 6.713124018309152 ], [ 100.355951755229142, 6.713172294656202 ], [ 100.356110129945122, 6.713391395000508 ], [ 100.356138285450186, 6.71351765621587 ], [ 100.356064377249396, 6.713629063170601 ], [ 100.355913041409678, 6.713714475169229 ], [ 100.355652602987831, 6.713759037951122 ], [ 100.355430878385448, 6.713733042995018 ], [ 100.355261945355053, 6.713770178646595 ], [ 100.355188037154264, 6.713851877080065 ], [ 100.3551598816492, 6.714026414642477 ], [ 100.355209153783065, 6.71411925377142 ], [ 100.355413281194785, 6.714189811509417 ], [ 100.355645564111555, 6.714238087856467 ], [ 100.356307218480566, 6.714178670813943 ], [ 100.356595812407477, 6.714096972380474 ], [ 100.356736589932808, 6.714085831685001 ], [ 100.356930159030128, 6.714130394466894 ], [ 100.357127247565572, 6.714260369247413 ], [ 100.357222272395163, 6.714453474635615 ], [ 100.357229311271425, 6.714698569936024 ], [ 100.357296180595952, 6.714984514453168 ], [ 100.357278583405289, 6.715077353582111 ], [ 100.357222272395163, 6.715159052015581 ], [ 100.357148364194373, 6.715203614797474 ], [ 100.357000547792779, 6.715140484189793 ], [ 100.356814017571736, 6.715170192711055 ], [ 100.356701395551468, 6.715326162447679 ], [ 100.356627487350679, 6.715508127140406 ], [ 100.356638045665079, 6.715656669746715 ], [ 100.356683798360805, 6.715801498787866 ], [ 100.35680697869546, 6.715912905742598 ], [ 100.356982950602116, 6.715964895654806 ], [ 100.357260986214627, 6.716002031306383 ], [ 100.357616449466065, 6.716183995999112 ], [ 100.357746668676981, 6.71641423703889 ], [ 100.357795940810846, 6.716570206775514 ], [ 100.357859290697249, 6.716696467990876 ], [ 100.357961354403102, 6.716752171468242 ], [ 100.358095093052157, 6.716733603642454 ], [ 100.358260506644413, 6.716633337383195 ], [ 100.35851038675186, 6.716429091299521 ], [ 100.358640605962776, 6.71636596069184 ], [ 100.358809538993171, 6.716384528517628 ], [ 100.358901044384623, 6.716429091299521 ], [ 100.358967913709151, 6.71659248816646 ], [ 100.358978472023551, 6.716859864857816 ], [ 100.358978472023551, 6.717190372156853 ], [ 100.358978472023551, 6.717476316673997 ], [ 100.359129807863269, 6.718089054925021 ], [ 100.359214274378459, 6.718426989354373 ], [ 100.359291702017387, 6.718720361001833 ], [ 100.359506387743508, 6.719069436126659 ], [ 100.359861850994946, 6.719251400819386 ], [ 100.359953356386399, 6.719381375599907 ], [ 100.359981511891476, 6.719500209684954 ], [ 100.359946317510136, 6.719663606551893 ], [ 100.359854812118684, 6.719956978199352 ], [ 100.359798501108557, 6.720298626193863 ], [ 100.359763306727217, 6.721152746180138 ], [ 100.359689398526427, 6.721676358867376 ], [ 100.359664762459502, 6.721895459211682 ], [ 100.359710515155228, 6.721951162689047 ], [ 100.359773865041618, 6.721958589819363 ], [ 100.359925200881335, 6.721884318516208 ], [ 100.360622049631687, 6.721505534870121 ], [ 100.360752268842603, 6.721449831392755 ], [ 100.360864890862857, 6.721460972088229 ], [ 100.360945837939923, 6.721486967044332 ], [ 100.361051421083914, 6.721568665477802 ], [ 100.361135887599104, 6.7217357759099 ], [ 100.361244990181234, 6.721910313472312 ], [ 100.361385767706551, 6.72198087121031 ], [ 100.361582856242009, 6.722025433992202 ], [ 100.361702517138525, 6.722081137469567 ], [ 100.36175178927239, 6.722155408772722 ], [ 100.361723633767326, 6.722237107206191 ], [ 100.36159341455641, 6.722385649812501 ], [ 100.361315378943885, 6.722604750156806 ], [ 100.361174601418568, 6.72276071989343 ], [ 100.361128848722842, 6.723046664410575 ], [ 100.361213315238032, 6.723228629103303 ], [ 100.361354092763349, 6.723302900406456 ], [ 100.361586375680133, 6.723310327536772 ], [ 100.361716594891064, 6.723247196929091 ], [ 100.361892566797707, 6.723091227192467 ], [ 100.362061499828101, 6.723042950845416 ], [ 100.362209316229681, 6.72305409154089 ], [ 100.362508468470992, 6.723143217104675 ], [ 100.362684440377649, 6.723280619015511 ], [ 100.362786504083502, 6.723425448056662 ], [ 100.362786504083502, 6.723547995706866 ], [ 100.362768906892839, 6.723755955355698 ], [ 100.362592934986182, 6.723930492918111 ], [ 100.362445118584603, 6.72407903552442 ], [ 100.362343054878735, 6.724446678475034 ], [ 100.362343054878735, 6.724732622992178 ], [ 100.362346574316874, 6.725007426813849 ], [ 100.362381768698199, 6.725115120203423 ], [ 100.362494390718467, 6.72528223063552 ], [ 100.362663323748848, 6.725300798461309 ], [ 100.362906164980032, 6.725252522114259 ], [ 100.363247550478931, 6.725115120203423 ], [ 100.363564299910905, 6.724948009771325 ], [ 100.363750830131963, 6.724948009771325 ], [ 100.36390216597168, 6.724992572553218 ], [ 100.363993671363133, 6.725148542289842 ], [ 100.364088696192724, 6.725441913937303 ], [ 100.364155565517251, 6.725742712715078 ], [ 100.364190759898591, 6.725846692539493 ], [ 100.364303381918845, 6.725954385929067 ], [ 100.364398406748435, 6.725991521580644 ], [ 100.364574378655092, 6.72599894871096 ], [ 100.364908725277729, 6.725861546800124 ], [ 100.365038944488646, 6.725842978974335 ], [ 100.365186760890239, 6.725898682451701 ], [ 100.36528178571983, 6.725980380885171 ], [ 100.365338096729957, 6.726099214970218 ], [ 100.365327538415556, 6.726255184706843 ], [ 100.365264188529167, 6.726503993572409 ], [ 100.365183241452101, 6.726834500871447 ], [ 100.365126930441974, 6.727035033389964 ], [ 100.365126930441974, 6.727165008170483 ], [ 100.3651726831377, 6.727372967819315 ], [ 100.365341616168095, 6.727584641033306 ], [ 100.365436640997686, 6.727640344510672 ], [ 100.365528146389138, 6.7278223092034 ], [ 100.365528146389138, 6.727996846765812 ], [ 100.365510549198476, 6.728182525023698 ], [ 100.365651326723807, 6.728501891627262 ], [ 100.365746351553398, 6.728713564841252 ], [ 100.365841376382988, 6.728932665185557 ], [ 100.365932881774441, 6.729032931444816 ], [ 100.366147567500562, 6.72910720274797 ], [ 100.366362253226683, 6.729103489182812 ], [ 100.366844416250899, 6.728873248143033 ], [ 100.367069660291421, 6.728709851276094 ], [ 100.367199879502337, 6.728698710580621 ], [ 100.367291384893804, 6.728743273362514 ], [ 100.367460317924184, 6.728891815968822 ], [ 100.367741872974833, 6.729255745354279 ], [ 100.367777067356158, 6.729385720134799 ], [ 100.367777067356158, 6.729485986394057 ], [ 100.367703159155369, 6.729705086738362 ], [ 100.367685561964706, 6.729890764996249 ], [ 100.367706678593493, 6.729972463429718 ], [ 100.36780874229936, 6.730154428122447 ], [ 100.367956558700939, 6.730284402902966 ], [ 100.368209958246524, 6.730384669162225 ], [ 100.368452799477708, 6.730559206724638 ], [ 100.368639329698752, 6.730741171417366 ], [ 100.368882170929936, 6.730793161329574 ], [ 100.369121492722982, 6.730737457852208 ], [ 100.369329139572827, 6.730611196636846 ], [ 100.369427683840556, 6.730444086204749 ], [ 100.36958605855655, 6.730288116468124 ], [ 100.36967052507174, 6.730250980816547 ], [ 100.369811302597057, 6.730258407946862 ], [ 100.370128052029031, 6.730496076116957 ], [ 100.370240674049285, 6.730663186549053 ], [ 100.370353296069553, 6.730937990370725 ], [ 100.370448320899143, 6.73115709071503 ], [ 100.370585578986322, 6.731212794192396 ], [ 100.37065244831085, 6.731194226366608 ], [ 100.370817861903106, 6.731090246542191 ], [ 100.371004392124163, 6.730845151241782 ], [ 100.37113461133508, 6.730659472983896 ], [ 100.371282427736674, 6.730566633854953 ], [ 100.371451360767054, 6.730566633854953 ], [ 100.371806824018492, 6.730822869850836 ], [ 100.371982795925149, 6.731079105846718 ], [ 100.372123573450466, 6.731417040276071 ], [ 100.372141170641129, 6.731621286359745 ], [ 100.372123573450466, 6.731803251052473 ], [ 100.371940562667547, 6.732152326177299 ], [ 100.371771629637166, 6.732427129998969 ], [ 100.371141650211342, 6.73306214964094 ], [ 100.370779148083642, 6.733448360417342 ], [ 100.370603176176999, 6.733559767372074 ], [ 100.370325140564489, 6.73361547084944 ], [ 100.370117493714631, 6.733634038675228 ], [ 100.369902807988524, 6.733600616588808 ], [ 100.369783147091994, 6.733637752240385 ], [ 100.369747952710668, 6.73379372197701 ], [ 100.369765549901331, 6.733901415366584 ], [ 100.36983945810212, 6.734001681625842 ], [ 100.369969677313051, 6.734057385103208 ], [ 100.370138610343432, 6.734120515710889 ], [ 100.370251232363685, 6.734220781970148 ], [ 100.370268829554348, 6.734295053273302 ], [ 100.370251232363685, 6.734451023009926 ], [ 100.370187882477296, 6.734699831875493 ], [ 100.370187882477296, 6.734918932219799 ], [ 100.370113974276506, 6.735086042651896 ], [ 100.369909846864786, 6.735305142996201 ], [ 100.369723316643729, 6.735416549950933 ], [ 100.369547344737086, 6.735509389079875 ], [ 100.369508630917622, 6.73558366038303 ], [ 100.369536786422685, 6.735702494468077 ], [ 100.369593097432812, 6.735784192901547 ], [ 100.36974443327253, 6.735891886291121 ], [ 100.369909846864786, 6.735966157594275 ], [ 100.370004871694377, 6.736058996723218 ], [ 100.370043585513841, 6.736166690112792 ], [ 100.370117493714631, 6.736304092023627 ], [ 100.37019140191542, 6.736422926108674 ], [ 100.370247712925561, 6.736653167148453 ], [ 100.370247712925561, 6.73682027758055 ], [ 100.370268829554348, 6.73690197601402 ], [ 100.370416645955942, 6.736953965926228 ], [ 100.370557423481259, 6.736965106621701 ], [ 100.370677084377789, 6.737009669403593 ], [ 100.370733395387916, 6.737191634096322 ], [ 100.370817861903106, 6.737403307310312 ], [ 100.37085657572257, 6.737596412698514 ], [ 100.370821381341244, 6.737808085912503 ], [ 100.37050463190927, 6.738056894778071 ], [ 100.370156207534095, 6.73826856799206 ] ] ] } },
{ "type": "Feature", "properties": { "id": null, "EL_Hash": "w1pqtkrmsb", "ORDERRIVER_Name_T": 5, "HY_Name_T": "คลองรำใหญ่", "EL_Name": "คลองรำใหญ่krmsb", "Lat": 6.7918721884800002, "Long": 100.436188007, "Length_km": 1.7470112518500001, "LocalName": "", "ElementA": "w1pqtkrmsb", "ElementB": "w1pqtwsbhr", "ReLation": "FlowsTo" }, "geometry": { "type": "MultiLineString", "coordinates": [ [ [ 100.433140072363031, 6.786975688600689 ], [ 100.433199902811296, 6.787075954859947 ], [ 100.433182305620633, 6.787287628073937 ], [ 100.433140072363031, 6.787369326507407 ], [ 100.433041528095302, 6.787569859025924 ], [ 100.433041528095302, 6.787707260936759 ], [ 100.433083761352904, 6.787930074846223 ], [ 100.433221019440083, 6.788026627540323 ], [ 100.433421627413679, 6.788026627540323 ], [ 100.433583521567797, 6.787848376412753 ], [ 100.433682065835512, 6.787566145460766 ], [ 100.433801726732042, 6.787566145460766 ], [ 100.433861557180307, 6.78762556250329 ], [ 100.433882673809109, 6.787748110153494 ], [ 100.433882673809109, 6.787926361281064 ], [ 100.434023451334426, 6.78814546162537 ], [ 100.434283889756273, 6.788327426318098 ], [ 100.434502094920518, 6.788483396054723 ], [ 100.434604158626371, 6.788643079356504 ], [ 100.43454432817812, 6.788806476223444 ], [ 100.434445783910391, 6.788984727351014 ], [ 100.434445783910391, 6.789103561436061 ], [ 100.434625275255172, 6.789226109086266 ], [ 100.434804766599953, 6.789322661780367 ], [ 100.4350652050218, 6.789441495865414 ], [ 100.435286929624183, 6.789541762124672 ], [ 100.435607198494296, 6.789861128728235 ], [ 100.435726859390812, 6.790020812030018 ], [ 100.435885234106806, 6.790280761591058 ], [ 100.436047128260924, 6.790559278977887 ], [ 100.436226619605705, 6.790819228538927 ], [ 100.436328683311572, 6.790978911840709 ], [ 100.436272372301431, 6.791186871489541 ], [ 100.436194944662518, 6.7912871377488 ], [ 100.435973220060134, 6.791346554791323 ], [ 100.43593450624067, 6.79162878574331 ], [ 100.436015453317722, 6.791747619828357 ], [ 100.436233658481981, 6.791907303130138 ], [ 100.436434266455564, 6.791907303130138 ], [ 100.436575043980881, 6.792044705040974 ], [ 100.436515213532616, 6.792245237559491 ], [ 100.436575043980881, 6.792427202252219 ], [ 100.436715821506198, 6.792404920861273 ], [ 100.436796768583264, 6.792345503818749 ], [ 100.436895312850993, 6.792222956168544 ], [ 100.436955143299244, 6.792085554257709 ], [ 100.437236698349892, 6.792085554257709 ], [ 100.437454903514137, 6.79226380538528 ], [ 100.43779628901305, 6.79218210695181 ], [ 100.437894833280765, 6.792323222427803 ], [ 100.437817405641837, 6.792482905729584 ], [ 100.437637914297056, 6.792683438248101 ], [ 100.437416189694673, 6.792843121549883 ], [ 100.437377475875209, 6.7930436540684 ], [ 100.437476020142938, 6.793121638936713 ], [ 100.437757575193586, 6.793143920327658 ], [ 100.437877236090102, 6.793002804851665 ], [ 100.437915949909566, 6.792820840158937 ], [ 100.437996896986633, 6.792661156857156 ], [ 100.438215102150878, 6.792661156857156 ], [ 100.438355879676195, 6.792601739814632 ], [ 100.438454423943924, 6.792579458423686 ], [ 100.438714862365771, 6.79236035807938 ], [ 100.43869374573697, 6.792200674777598 ], [ 100.438753576185235, 6.792200674777598 ], [ 100.438834523262287, 6.79227865964591 ], [ 100.438876756519889, 6.79236035807938 ], [ 100.439077364493471, 6.79253860920695 ], [ 100.439116078312935, 6.792638875466209 ], [ 100.439197025390001, 6.792779990942202 ], [ 100.439094961684134, 6.79288025720146 ], [ 100.439077364493471, 6.793099357545766 ], [ 100.4391759087612, 6.793177342414078 ], [ 100.439316686286517, 6.79315877458829 ], [ 100.439517294260099, 6.79307707615482 ], [ 100.439658071785431, 6.792857975810514 ], [ 100.439834043692073, 6.792616594075263 ], [ 100.440178948629111, 6.792553463467581 ] ] ] } },
{ "type": "Feature", "properties": { "id": null, "EL_Hash": "w1pqt00539", "ORDERRIVER_Name_T": 5, "HY_Name_T": "คลองรำใหญ่", "EL_Name": "คลองรำใหญ่00539", "Lat": 6.76814271762, "Long": 100.41511331700001, "Length_km": 9.3442072671599998, "LocalName": "", "ElementA": "w1pqt00539", "ElementB": "w1pqtkrmsb", "ReLation": "FlowsTo" }, "geometry": { "type": "MultiLineString", "coordinates": [ [ [ 100.392860102930356, 6.753976948609207 ], [ 100.392849544615956, 6.754106923389728 ], [ 100.392835466863417, 6.754968470506318 ], [ 100.392838986301555, 6.755284123544724 ], [ 100.392842505739694, 6.75548465606324 ], [ 100.392846025177818, 6.755703756407546 ], [ 100.392912894502345, 6.756000841620163 ], [ 100.393053672027676, 6.756156811356788 ], [ 100.393215566181794, 6.756294213267623 ], [ 100.393356343707111, 6.756431615178458 ], [ 100.393500640670567, 6.756606152740871 ], [ 100.393521757299368, 6.756665569783395 ], [ 100.393581587747633, 6.756784403868441 ], [ 100.393623821005221, 6.7568846701277 ], [ 100.393666054262823, 6.757040639864324 ], [ 100.393725884711088, 6.75708148908106 ], [ 100.393884259427068, 6.756977509256643 ], [ 100.39400040088546, 6.75683639378065 ], [ 100.394060231333725, 6.756795544563915 ], [ 100.394141178410777, 6.756795544563915 ], [ 100.394218606049705, 6.756832680215492 ], [ 100.394303072564909, 6.756970082126328 ], [ 100.394464966719028, 6.757207750296422 ], [ 100.394669094130734, 6.757560538986405 ], [ 100.394848585475529, 6.757720222288187 ], [ 100.394982324124584, 6.758295824887633 ], [ 100.395084387830437, 6.75849635740615 ], [ 100.395288515242157, 6.758771161227821 ], [ 100.395411695576811, 6.758945698790233 ], [ 100.395534875911466, 6.759142517743593 ], [ 100.39565805624612, 6.759361618087898 ], [ 100.395798833771451, 6.759577004867046 ], [ 100.395904416915442, 6.759792391646194 ], [ 100.396006480621296, 6.759992924164711 ], [ 100.396087427698362, 6.760089476858811 ], [ 100.39624932185248, 6.760264014421224 ], [ 100.396411216006598, 6.760323431463747 ], [ 100.396530876903114, 6.760401416332059 ], [ 100.396650537799644, 6.76041627059269 ], [ 100.396970806669742, 6.760572240329314 ], [ 100.397213647900927, 6.760746777891727 ], [ 100.397674694296356, 6.760899034063193 ], [ 100.39783306901235, 6.760913888323825 ], [ 100.397956249347004, 6.761032722408872 ], [ 100.398037196424056, 6.761251822753176 ], [ 100.397980885413929, 6.761489490923271 ], [ 100.398005521480869, 6.761690023441787 ], [ 100.398128701815523, 6.761886842395146 ], [ 100.398290595969641, 6.762120797000082 ], [ 100.398610864839753, 6.762195068303237 ], [ 100.398850186632799, 6.762172786912291 ], [ 100.399047275168243, 6.762146791956186 ], [ 100.399268999770626, 6.762143078391029 ], [ 100.399444971677283, 6.762120797000082 ], [ 100.399825070995647, 6.762094802043978 ], [ 100.400004562340428, 6.762209922563867 ], [ 100.400145339865759, 6.76228790743218 ], [ 100.400268520200413, 6.762365892300492 ], [ 100.400448011545194, 6.762503294211328 ], [ 100.400588789070511, 6.762540429862905 ], [ 100.40080699423477, 6.762596133340271 ], [ 100.400909057940623, 6.76261470116606 ], [ 100.400912577378762, 6.762752103076894 ], [ 100.400856266368635, 6.763320278546026 ], [ 100.400919616255024, 6.763543092455489 ], [ 100.401144860295531, 6.763684207931481 ], [ 100.401370104336053, 6.763743624974006 ], [ 100.401591828938436, 6.763721343583059 ], [ 100.401774839721355, 6.763576514541908 ], [ 100.401915617246672, 6.763208871591294 ], [ 100.40207751140079, 6.763086323941089 ], [ 100.40226052218371, 6.763064042550143 ], [ 100.402482246786093, 6.763164308809401 ], [ 100.402971448686586, 6.763038047594039 ], [ 100.403154459469505, 6.762934067769623 ], [ 100.403316353623623, 6.763015766203092 ], [ 100.403460650587078, 6.763216298721609 ], [ 100.403443053396416, 6.763338846371814 ], [ 100.403443053396416, 6.763502243238753 ], [ 100.403284678680421, 6.763706489322428 ], [ 100.403263562051634, 6.763992433839572 ], [ 100.40340785901509, 6.764114981489777 ], [ 100.403611986426796, 6.764111267924619 ], [ 100.403935774735046, 6.76402956949115 ], [ 100.40448480708379, 6.76373619784369 ], [ 100.404667817866709, 6.763531951760015 ], [ 100.40499160617496, 6.763286856459606 ], [ 100.405192214148542, 6.763142027418455 ], [ 100.405435055379712, 6.763078896810774 ], [ 100.405639182791433, 6.762993484812147 ], [ 100.405822193574352, 6.762993484812147 ], [ 100.406128384691925, 6.763194017330663 ], [ 100.40633603154177, 6.763394549849179 ], [ 100.406459211876438, 6.763557946716119 ], [ 100.406582392211092, 6.763739911408847 ], [ 100.406811155689738, 6.76404442375178 ], [ 100.407036399730245, 6.764204107053563 ], [ 100.407036399730245, 6.764348936094714 ], [ 100.406874505576127, 6.764612599220912 ], [ 100.406652780973744, 6.764820558869744 ], [ 100.406427536933236, 6.764820558869744 ], [ 100.406103748625, 6.764783423218167 ], [ 100.405941854470882, 6.764905970868371 ], [ 100.406022801547934, 6.765110216952046 ], [ 100.406230448397778, 6.765292181644774 ], [ 100.406536639515366, 6.765429583555609 ], [ 100.406944894338793, 6.765752663724331 ], [ 100.40713142455985, 6.765752663724331 ], [ 100.407272202085167, 6.765585553292233 ], [ 100.40728979927583, 6.765321890166035 ], [ 100.407244046580104, 6.764957960780579 ], [ 100.40736370747662, 6.764731433305958 ], [ 100.407691015222994, 6.764686870524065 ], [ 100.408018322969369, 6.764705438349854 ], [ 100.408342111277605, 6.764701724784697 ], [ 100.408546238689325, 6.764801991043955 ], [ 100.408690535652781, 6.764883689477425 ], [ 100.408771482729847, 6.764861408086478 ], [ 100.408831313178098, 6.764798277478797 ], [ 100.408750366101046, 6.764638594177016 ], [ 100.408746846662908, 6.76451604652681 ], [ 100.408810196549311, 6.764493765135865 ], [ 100.409014323961017, 6.764616312786069 ], [ 100.409137504295671, 6.764675729828593 ], [ 100.409158620924472, 6.764757428262063 ], [ 100.409200854182075, 6.764917111563844 ], [ 100.409179737553274, 6.765080508430784 ], [ 100.409183256991412, 6.765225337471935 ], [ 100.409204373620213, 6.765325603731193 ], [ 100.409186776429536, 6.765611548248337 ], [ 100.409352190021792, 6.765834362157801 ], [ 100.409595031252977, 6.765852929983589 ], [ 100.410165180230521, 6.765927201286743 ], [ 100.410309477193977, 6.766049748936949 ], [ 100.410411540899844, 6.766190864412941 ], [ 100.410576954492086, 6.766413678322404 ], [ 100.410679018197953, 6.766454527539139 ], [ 100.410823315161409, 6.766432246148193 ], [ 100.410942976057925, 6.766328266323777 ], [ 100.411083753583256, 6.766246567890307 ], [ 100.411185817289109, 6.766246567890307 ], [ 100.41120693391791, 6.766287417107042 ], [ 100.411231569984835, 6.766447100408824 ], [ 100.4112914004331, 6.76655108023324 ], [ 100.41147441121602, 6.766528798842294 ], [ 100.411453294587218, 6.766324552758619 ], [ 100.411470891777881, 6.766224286499361 ], [ 100.411738369075991, 6.766220572934203 ], [ 100.411822835591195, 6.766606783710606 ], [ 100.412069196260504, 6.767111828572055 ], [ 100.412195896033296, 6.767375491698253 ], [ 100.412361309625538, 6.767557456390982 ], [ 100.412702695124452, 6.767371778133096 ], [ 100.412804758830305, 6.767330928916361 ], [ 100.412825875459106, 6.767249230482891 ], [ 100.412783642201504, 6.767108115006898 ], [ 100.412702695124452, 6.767048697964374 ], [ 100.412639345238063, 6.766966999530904 ], [ 100.412656942428725, 6.766721904230495 ], [ 100.412656942428725, 6.766640205797025 ], [ 100.412737889505777, 6.766577075189344 ], [ 100.412797719954042, 6.766558507363555 ], [ 100.412861069840432, 6.766658773622814 ], [ 100.412942016917498, 6.766759039882072 ], [ 100.413022963994564, 6.766736758491126 ], [ 100.413269324663872, 6.766695909274391 ], [ 100.413392504998527, 6.766736758491126 ], [ 100.41343121881799, 6.766814743359438 ], [ 100.413596632410247, 6.767018989443113 ], [ 100.413638865667835, 6.767119255702371 ], [ 100.413659982296636, 6.76728265256931 ], [ 100.413659982296636, 6.76736435100278 ], [ 100.413600151848371, 6.767405200219515 ], [ 100.41354032140012, 6.767468330827197 ], [ 100.413459374323054, 6.767405200219515 ], [ 100.413413621627328, 6.767353210307308 ], [ 100.413381946684126, 6.767334642481519 ], [ 100.413244688596933, 6.767312361090572 ], [ 100.413125027700417, 6.767412627349831 ], [ 100.41314262489108, 6.767572310651612 ], [ 100.413223571968146, 6.767772843170129 ], [ 100.413343232864662, 6.767932526471911 ], [ 100.413586074095846, 6.768110777599482 ], [ 100.413864109708356, 6.768352159334733 ], [ 100.413983770604872, 6.768389294986311 ], [ 100.414026003862475, 6.768311310117999 ], [ 100.414004887233673, 6.768151626816216 ], [ 100.414205495207256, 6.767991943514435 ], [ 100.414402583742714, 6.767910245080965 ], [ 100.414483530819766, 6.767891677255176 ], [ 100.414786202499215, 6.768051360556958 ], [ 100.415205015637042, 6.768170194642005 ], [ 100.415423220801287, 6.768229611684529 ], [ 100.415504167878353, 6.768407862812099 ], [ 100.415546401135956, 6.768626963156405 ], [ 100.415546401135956, 6.768846063500709 ], [ 100.415627348213008, 6.769146862278485 ], [ 100.415648464841809, 6.769466228882049 ], [ 100.415747009109538, 6.769744746268877 ], [ 100.415908903263656, 6.769767027659824 ], [ 100.41594761708312, 6.7697076106173 ], [ 100.416028564160172, 6.769544213750361 ], [ 100.416165822247365, 6.76936596262279 ], [ 100.416186938876166, 6.769183997930062 ], [ 100.4161059917991, 6.768927761934179 ], [ 100.416046161350835, 6.768745797241452 ], [ 100.4161059917991, 6.768645530982193 ], [ 100.41622565269563, 6.768686380198928 ], [ 100.416447377298013, 6.768924048369022 ], [ 100.416605752013993, 6.769124580887539 ], [ 100.416827476616376, 6.769325113406055 ], [ 100.417006967961157, 6.769325113406055 ], [ 100.417186459305952, 6.769165430104273 ], [ 100.417344834021932, 6.769143148713328 ], [ 100.417464494918462, 6.769261982798374 ], [ 100.41760527244378, 6.769503364533626 ], [ 100.417805880417362, 6.769822731137189 ], [ 100.418108552096811, 6.770242364000012 ], [ 100.418347873889857, 6.77052088138684 ], [ 100.41844993759571, 6.770758549556935 ], [ 100.418390107147445, 6.770918232858716 ], [ 100.418189499173863, 6.77105934833471 ], [ 100.417950177380817, 6.77114104676818 ], [ 100.417749569407235, 6.77140099632922 ], [ 100.417710855587771, 6.771738930758572 ], [ 100.417731972216572, 6.771861478408777 ], [ 100.417890346932552, 6.771961744668035 ], [ 100.4181719019832, 6.77183919701783 ], [ 100.418530884672776, 6.771657232325103 ], [ 100.418710376017557, 6.771698081541837 ], [ 100.418889867362338, 6.771917181886143 ], [ 100.419150305784186, 6.772258829880653 ], [ 100.419333316567105, 6.772336814748964 ], [ 100.419491691283085, 6.772236548489706 ], [ 100.419731013076131, 6.772095433013713 ], [ 100.419811960153197, 6.772095433013713 ], [ 100.419952737678514, 6.772095433013713 ], [ 100.420132229023309, 6.772013734580243 ], [ 100.420209656662237, 6.77195431753772 ], [ 100.420329317558753, 6.771976598928666 ], [ 100.420371550816355, 6.771995166754454 ], [ 100.420410264635819, 6.772114000839502 ], [ 100.420491211712871, 6.77213256866529 ], [ 100.420631989238203, 6.77213256866529 ], [ 100.420691819686454, 6.772195699272971 ], [ 100.420811480582984, 6.772314533358019 ], [ 100.421012088556566, 6.772333101183807 ], [ 100.421529445962122, 6.772191985707813 ], [ 100.421730053935704, 6.772251402750337 ], [ 100.422152386511669, 6.772370236835384 ], [ 100.422391708304716, 6.772429653877908 ], [ 100.422592316278298, 6.772730452655683 ], [ 100.422891468519609, 6.772927271609042 ], [ 100.422993532225462, 6.773168653344293 ], [ 100.422933701777211, 6.773387753688599 ], [ 100.422754210432416, 6.773766537334686 ], [ 100.422595835716436, 6.774089617503408 ], [ 100.422536005268171, 6.774368134890237 ], [ 100.422606394030836, 6.774654079407381 ], [ 100.422715496612952, 6.774828616969794 ], [ 100.422736613241753, 6.775385651743451 ], [ 100.422856274138283, 6.775627033478703 ], [ 100.423077998740666, 6.775667882695438 ], [ 100.423278606714248, 6.775586184261968 ], [ 100.423556642326758, 6.775367083917662 ], [ 100.423697419852076, 6.775244536267458 ], [ 100.424056402541652, 6.774865752621371 ], [ 100.424197180066969, 6.774765486362112 ], [ 100.424235893886433, 6.77480262201369 ], [ 100.424295724334698, 6.775025435923153 ], [ 100.424316840963485, 6.775222254876511 ], [ 100.424295724334698, 6.775504485828498 ], [ 100.424295724334698, 6.775705018347015 ], [ 100.424457618488816, 6.775823852432062 ], [ 100.424675823653061, 6.775801571041115 ], [ 100.424756770730127, 6.775723586172804 ], [ 100.424816601178378, 6.775541621480075 ], [ 100.424936262074908, 6.77550077226334 ], [ 100.425077039600225, 6.77550077226334 ], [ 100.425157986677291, 6.775541621480075 ], [ 100.425175583867954, 6.775760721824381 ], [ 100.425179103306093, 6.775901837300374 ], [ 100.425077039600225, 6.775961254342898 ], [ 100.425017209151974, 6.776080088427944 ], [ 100.425038325780761, 6.776280620946461 ], [ 100.425179103306093, 6.776321470163196 ], [ 100.425418425099139, 6.77629918877225 ], [ 100.425619033072721, 6.776321470163196 ], [ 100.425777407788701, 6.776458872074032 ], [ 100.425939301942819, 6.776577706159078 ], [ 100.426058962839349, 6.776540570507501 ], [ 100.426037846210548, 6.776458872074032 ], [ 100.425939301942819, 6.776280620946461 ], [ 100.425918185314032, 6.776080088427944 ], [ 100.425978015762283, 6.77603923921121 ], [ 100.426076560030012, 6.776098656253733 ], [ 100.426157507107078, 6.776198922512991 ], [ 100.426217337555329, 6.776358605814774 ], [ 100.426319401261196, 6.776440304248244 ], [ 100.426417945528925, 6.776458872074032 ], [ 100.426498892605977, 6.776518289116555 ], [ 100.426439062157712, 6.776618555375814 ], [ 100.426199740364666, 6.776778238677595 ], [ 100.425939301942819, 6.776978771196112 ], [ 100.425858354865767, 6.777138454497894 ], [ 100.42596041857162, 6.777357554842199 ], [ 100.426161026545202, 6.777398404058935 ], [ 100.426259570812931, 6.777238720757152 ], [ 100.426439062157712, 6.777056756064424 ], [ 100.426541125863579, 6.777079037455371 ], [ 100.42672061720836, 6.777416971884723 ], [ 100.426900108553141, 6.777435539710511 ], [ 100.427040886078473, 6.777275856408729 ], [ 100.427220377423254, 6.777257288582941 ], [ 100.427399868768035, 6.777476388927246 ], [ 100.427639190561081, 6.777754906314075 ], [ 100.427882031792265, 6.778152257785951 ], [ 100.42810023695651, 6.778193107002686 ], [ 100.428360675378357, 6.778111408569216 ], [ 100.428501452903674, 6.778111408569216 ], [ 100.428663347057807, 6.778412207346991 ], [ 100.42892378547964, 6.778612739865508 ], [ 100.42904344637617, 6.778612739865508 ], [ 100.429300365359879, 6.778311941087733 ], [ 100.429680464678242, 6.777951725267434 ], [ 100.429881072651838, 6.777851459008176 ], [ 100.429958500290766, 6.777870026833964 ], [ 100.430222458150737, 6.778367644565098 ], [ 100.43035971623793, 6.778490192215304 ], [ 100.43054272702085, 6.778668443342874 ], [ 100.43054272702085, 6.778768709602132 ], [ 100.43042306612432, 6.778887543687179 ], [ 100.430444182753121, 6.779106644031485 ], [ 100.430602557469101, 6.779448292025995 ], [ 100.430623674097902, 6.779626543153565 ], [ 100.430683504546167, 6.779968191148075 ], [ 100.430665907355504, 6.780228140709116 ], [ 100.430546246458974, 6.780387824010897 ], [ 100.430366755114193, 6.780748039831196 ], [ 100.430486416010723, 6.781026557218024 ], [ 100.430926345777351, 6.781323642430642 ], [ 100.431288847905051, 6.781464757906636 ], [ 100.43138739217278, 6.781624441208417 ], [ 100.43138739217278, 6.781862109378511 ], [ 100.431169187008521, 6.782463706934061 ], [ 100.431130473189057, 6.782523123976585 ], [ 100.431091759369593, 6.782805354928572 ], [ 100.431130473189057, 6.783024455272877 ], [ 100.431331081162639, 6.783221274226236 ], [ 100.431510572507435, 6.783343821876441 ], [ 100.431591519584487, 6.7835406408298 ], [ 100.4315704029557, 6.783681756305793 ], [ 100.431573922393824, 6.78388228882431 ], [ 100.431711180481017, 6.784119956994404 ], [ 100.431732297109818, 6.784242504644609 ], [ 100.431693583290354, 6.78440218794639 ], [ 100.431633752842089, 6.784602720464907 ], [ 100.431633752842089, 6.784780971592477 ], [ 100.431735816547942, 6.78485895646079 ], [ 100.431915307892737, 6.784840388635001 ], [ 100.432034968789253, 6.785059488979306 ], [ 100.432094799237518, 6.78537885558287 ], [ 100.432235576762835, 6.785419704799605 ], [ 100.432474898555881, 6.78555710671044 ], [ 100.432496015184682, 6.785739071403169 ], [ 100.432277810020437, 6.786099287223467 ], [ 100.432316523839901, 6.786459503043766 ], [ 100.432559365071072, 6.78669717121386 ], [ 100.432939464389449, 6.786856854515642 ], [ 100.433140072363031, 6.786975688600689 ] ] ] } },
{ "type": "Feature", "properties": { "id": null, "EL_Hash": "w1pqkmq0d3", "ORDERRIVER_Name_T": 4, "HY_Name_T": "คลองรำใหญ่", "EL_Name": "คลองรำใหญ่mq0d3", "Lat": 6.7525683539200001, "Long": 100.39041733000001, "Length_km": 0.70308064562999995, "LocalName": "", "ElementA": "w1pqkmq0d3", "ElementB": "w1pqt00539", "ReLation": "FlowsTo" }, "geometry": { "type": "MultiLineString", "coordinates": [ [ [ 100.387883617410239, 6.752636351587271 ], [ 100.388122939203285, 6.75257322097959 ], [ 100.388281313919265, 6.75249152254612 ], [ 100.388439688635259, 6.75240982411265 ], [ 100.388598063351239, 6.752365261330757 ], [ 100.388756438067233, 6.7523615477656 ], [ 100.388876098963749, 6.752302130723076 ], [ 100.388992240422141, 6.752161015247083 ], [ 100.389108381880533, 6.751919633511831 ], [ 100.389185809519461, 6.751819367252573 ], [ 100.389404014683706, 6.751793372296468 ], [ 100.389484961760772, 6.751930774207304 ], [ 100.389565908837824, 6.752031040466563 ], [ 100.389808750069008, 6.752305844288234 ], [ 100.390012877480729, 6.752439532633912 ], [ 100.390431690618556, 6.75257322097959 ], [ 100.390773076117455, 6.752766326367791 ], [ 100.391202447569697, 6.753171104969982 ], [ 100.391445288800867, 6.753423627400707 ], [ 100.391610702393123, 6.75367986339659 ], [ 100.391730363289653, 6.753835833133214 ], [ 100.391892257443772, 6.753936099392472 ], [ 100.392075268226691, 6.754092069129096 ], [ 100.392275876200273, 6.754207189648985 ], [ 100.39253631462212, 6.754222043909617 ], [ 100.392673572709299, 6.754121777650358 ], [ 100.392860102930356, 6.753976948609207 ] ] ] } },
{ "type": "Feature", "properties": { "id": null, "EL_Hash": "w1pqkhyh1t", "ORDERRIVER_Name_T": 4, "HY_Name_T": "คลองรำใหญ่", "EL_Name": "คลองรำใหญ่hyh1t", "Lat": 6.7504403486699998, "Long": 100.37939953599999, "Length_km": 2.9806567671800002, "LocalName": "", "ElementA": "w1pqkhyh1t", "ElementB": "w1pqkmq0d3", "ReLation": "FlowsTo" }, "geometry": { "type": "MultiLineString", "coordinates": [ [ [ 100.370606695615123, 6.751618834734057 ], [ 100.370606695615123, 6.751559417691532 ], [ 100.370684123254051, 6.751396020824593 ], [ 100.370838978531907, 6.751236337522811 ], [ 100.370997353247887, 6.751132357698395 ], [ 100.371292986051074, 6.75100981004819 ], [ 100.371673085369437, 6.750942965875351 ], [ 100.372130612326728, 6.75091325735409 ], [ 100.372408647939238, 6.750950393005667 ], [ 100.372711319618688, 6.751143498393868 ], [ 100.373154768823454, 6.751455437867117 ], [ 100.373337779606373, 6.751689392472053 ], [ 100.37354190701808, 6.751945628467936 ], [ 100.373964239594045, 6.752276135766972 ], [ 100.3741085365575, 6.75249152254612 ], [ 100.374210600263368, 6.752710622890425 ], [ 100.374273950149757, 6.753048557319778 ], [ 100.374277469587895, 6.753185959230613 ], [ 100.374280989026019, 6.753345642532395 ], [ 100.374340819474284, 6.753423627400707 ], [ 100.374541427447866, 6.753501612269019 ], [ 100.374921526766229, 6.753553602181228 ], [ 100.375058784853422, 6.753531320790281 ], [ 100.375238276198203, 6.753527607225124 ], [ 100.375417767542999, 6.753505325834177 ], [ 100.375495195181927, 6.753445908791654 ], [ 100.375555025630177, 6.753364210358184 ], [ 100.37553390900139, 6.753185959230613 ], [ 100.375467039676863, 6.752848024801261 ], [ 100.375467039676863, 6.752788607758737 ], [ 100.375421286981123, 6.752469241155174 ], [ 100.375379053723535, 6.75231327141855 ], [ 100.375315703837131, 6.752175869507714 ], [ 100.375294587208344, 6.752094171074244 ], [ 100.375291067770206, 6.751956769163408 ], [ 100.375312184399007, 6.751875070729938 ], [ 100.375389612037935, 6.751834221513204 ], [ 100.375586700573379, 6.751811940122257 ], [ 100.375804905737624, 6.751767377340365 ], [ 100.375966799891756, 6.75172652812363 ], [ 100.376146291236537, 6.751800799426785 ], [ 100.376287068761854, 6.751956769163408 ], [ 100.376389132467722, 6.752116452465191 ], [ 100.376568623812503, 6.752131306725821 ], [ 100.376667168080232, 6.752090457509087 ], [ 100.376744595719146, 6.751990191249828 ], [ 100.376765712347947, 6.751930774207304 ], [ 100.37678330953861, 6.75188992499057 ], [ 100.376860737177537, 6.7518082265571 ], [ 100.376959281445266, 6.75172652812363 ], [ 100.377078942341797, 6.751685678906895 ], [ 100.377216200428975, 6.75164482969016 ], [ 100.37733938076363, 6.751741382384261 ], [ 100.377399211211895, 6.751819367252573 ], [ 100.377539988737226, 6.75185650290415 ], [ 100.377659649633742, 6.751834221513204 ], [ 100.377800427159059, 6.751871357164781 ], [ 100.377937685246252, 6.751811940122257 ], [ 100.378074943333445, 6.751611407603741 ], [ 100.378169968163036, 6.751507427779325 ], [ 100.378268512430765, 6.75146657856259 ], [ 100.378409289956082, 6.75138488012912 ], [ 100.378465600966209, 6.751344030912385 ], [ 100.378546548043275, 6.751262332478915 ], [ 100.378564145233938, 6.751184347610603 ], [ 100.378560625795799, 6.751065513525556 ], [ 100.378578222986462, 6.750965247266298 ], [ 100.378676767254191, 6.750824131790305 ], [ 100.378835141970185, 6.7507015841401 ], [ 100.378972400057364, 6.750597604315684 ], [ 100.379130774773358, 6.75053818727316 ], [ 100.379208202412286, 6.750497338056426 ], [ 100.379289149489338, 6.75045648883969 ], [ 100.379465121395995, 6.750430493883586 ], [ 100.379605898921312, 6.750449061709375 ], [ 100.379806506894894, 6.750605031445999 ], [ 100.380049348126079, 6.750720151965888 ], [ 100.380309786547926, 6.750835272485777 ], [ 100.380651172046825, 6.751046945699768 ], [ 100.380932727097473, 6.751184347610603 ], [ 100.381154451699857, 6.751399734389751 ], [ 100.38125651540571, 6.75151485490964 ], [ 100.381298748663312, 6.751674538211422 ], [ 100.381263554281986, 6.751815653687415 ], [ 100.381186126643058, 6.751953055598251 ], [ 100.381087582375329, 6.752057035422667 ], [ 100.380971440916937, 6.752216718724449 ], [ 100.380890493839871, 6.752316984983707 ], [ 100.380816585639081, 6.752458100459701 ], [ 100.380816585639081, 6.752617783761482 ], [ 100.380837702267883, 6.752677200804006 ], [ 100.380918649344935, 6.752714336455583 ], [ 100.381077024060929, 6.752714336455583 ], [ 100.381235398776909, 6.752628924456955 ], [ 100.381393773492903, 6.752510090371908 ], [ 100.381509914951295, 6.752406110547493 ], [ 100.381647173038488, 6.752305844288234 ], [ 100.381861858764594, 6.751941914902778 ], [ 100.381978000222986, 6.751823080817731 ], [ 100.382094141681378, 6.751622548299214 ], [ 100.382153972129643, 6.751600266908268 ], [ 100.382234919206695, 6.751577985517321 ], [ 100.382333463474424, 6.751577985517321 ], [ 100.382474240999741, 6.751715387428157 ], [ 100.382780432117315, 6.752146160986452 ], [ 100.382843782003718, 6.752383829156546 ], [ 100.382988078967173, 6.752658632978218 ], [ 100.383030312224761, 6.75279974845421 ], [ 100.383012715034099, 6.752937150365046 ], [ 100.382956404023972, 6.753078265841039 ], [ 100.382921209642646, 6.753356783227868 ], [ 100.382942326271447, 6.753497898703862 ], [ 100.383083103796764, 6.753553602181228 ], [ 100.383343542218611, 6.753549888616069 ], [ 100.383519514125254, 6.753546175050912 ], [ 100.383699005470049, 6.7535647428767 ], [ 100.38387849681483, 6.753601878528277 ], [ 100.383980560520683, 6.753698431222379 ], [ 100.38406150759775, 6.753757848264902 ], [ 100.384223401751868, 6.753891536610579 ], [ 100.384325465457721, 6.753932385827315 ], [ 100.384441606916113, 6.753928672262157 ], [ 100.384603501070231, 6.753965807913734 ], [ 100.384723161966761, 6.754062360607834 ], [ 100.38490617274968, 6.754259179561194 ], [ 100.385068066903798, 6.75431488303856 ], [ 100.385226441619778, 6.754352018690136 ], [ 100.385324985887507, 6.754352018690136 ], [ 100.385444646784038, 6.754288888082455 ], [ 100.385701565767747, 6.754106923389728 ], [ 100.385895134865066, 6.753943526522788 ], [ 100.386014795761582, 6.753861828089318 ], [ 100.386384336765559, 6.75341991383555 ], [ 100.386525114290876, 6.753356783227868 ], [ 100.386641255749268, 6.753334501836922 ], [ 100.386760916645798, 6.753312220445975 ], [ 100.386820747094049, 6.753252803403452 ], [ 100.386880577542314, 6.753171104969982 ], [ 100.387095263268435, 6.753067125145567 ], [ 100.387489440339337, 6.752781180628422 ], [ 100.387647815055317, 6.752699482194952 ], [ 100.387883617410239, 6.752636351587271 ] ] ] } },
{ "type": "Feature", "properties": { "id": null, "EL_Hash": "w1pq7vvcf7", "ORDERRIVER_Name_T": 4, "HY_Name_T": "คลองรำใหญ่", "EL_Name": "คลองรำใหญ่vvcf7", "Lat": 6.7555403333, "Long": 100.368101615, "Length_km": 1.2286032419299999, "LocalName": "", "ElementA": "w1pq7vvcf7", "ElementB": "w1pqkhyh1t", "ReLation": "FlowsTo" }, "geometry": { "type": "MultiLineString", "coordinates": [ [ [ 100.362867451160568, 6.755332399891774 ], [ 100.36306805913415, 6.75538810336914 ], [ 100.364046462935136, 6.755510651019344 ], [ 100.364444159444162, 6.755521791714818 ], [ 100.36500375010732, 6.755733464928808 ], [ 100.365225474709703, 6.755889434665431 ], [ 100.365387368863821, 6.756004555185321 ], [ 100.365528146389138, 6.756041690836899 ], [ 100.365707637733934, 6.756060258662687 ], [ 100.365964556717643, 6.756075112923318 ], [ 100.366263708958954, 6.756030550141425 ], [ 100.366640288839193, 6.755822590492593 ], [ 100.366798663555173, 6.755800309101646 ], [ 100.36705910197702, 6.755856012579012 ], [ 100.367178762873536, 6.75589314823059 ], [ 100.367298423770066, 6.75589314823059 ], [ 100.367396968037795, 6.755889434665431 ], [ 100.367794664546821, 6.755804022666805 ], [ 100.367949519824677, 6.755681475016599 ], [ 100.368164205550798, 6.755480942498083 ], [ 100.368343696895579, 6.755317545631144 ], [ 100.368540785431023, 6.755194997980938 ], [ 100.36871675733768, 6.755091018156523 ], [ 100.36883641823421, 6.755031601113999 ], [ 100.368991273512066, 6.754909053463795 ], [ 100.369230595305112, 6.754845922856113 ], [ 100.369427683840556, 6.754760510857485 ], [ 100.369607175185337, 6.754697380249804 ], [ 100.370001352256239, 6.7545748325996 ], [ 100.370180843601034, 6.754470852775183 ], [ 100.370296985059412, 6.754348305124979 ], [ 100.370314582250089, 6.754170053997409 ], [ 100.370388490450878, 6.753969521478892 ], [ 100.370522229099933, 6.753668722701116 ], [ 100.370758031454841, 6.753327074706607 ], [ 100.370891770103896, 6.75312654218809 ], [ 100.37093048392336, 6.753026275928831 ], [ 100.370986794933501, 6.752885160452838 ], [ 100.370983275495362, 6.752647492282744 ], [ 100.370962158866561, 6.752465527590016 ], [ 100.370796745274305, 6.752172155942556 ], [ 100.370793225836181, 6.752012472640774 ], [ 100.370793225836181, 6.751912206381516 ], [ 100.370750992578579, 6.751834221513204 ], [ 100.370648928872725, 6.751756236644892 ], [ 100.370610215053262, 6.75167825177658 ], [ 100.370606695615123, 6.751618834734057 ] ] ] } },
{ "type": "Feature", "properties": { "id": null, "EL_Hash": "w1pq7v8u2m", "ORDERRIVER_Name_T": 4, "HY_Name_T": "คลองรำใหญ่", "EL_Name": "คลองรำใหญ่v8u2m", "Lat": 6.7546042865100002, "Long": 100.361153696, "Length_km": 0.46505282376000001, "LocalName": "", "ElementA": "w1pq7v8u2m", "ElementB": "w1pq7vvcf7", "ReLation": "FlowsTo" }, "geometry": { "type": "MultiLineString", "coordinates": [ [ [ 100.359340974151252, 6.753947240087945 ], [ 100.359439518418981, 6.753936099392472 ], [ 100.359759787289093, 6.754010370695626 ], [ 100.359977992453338, 6.754047506347204 ], [ 100.360284183570911, 6.754322310168875 ], [ 100.360386247276764, 6.754496847731287 ], [ 100.360667802327413, 6.754693666684647 ], [ 100.360826177043393, 6.7546713852937 ], [ 100.361044382207652, 6.754604541120862 ], [ 100.361125329284704, 6.754604541120862 ], [ 100.361382248268427, 6.754600827555704 ], [ 100.361561739613208, 6.754578546164757 ], [ 100.361698997700401, 6.7545748325996 ], [ 100.361818658596917, 6.754593400425389 ], [ 100.362001669379836, 6.754630536076966 ], [ 100.362061499828101, 6.754626822511808 ], [ 100.362258588363545, 6.754626822511808 ], [ 100.362420482517663, 6.754682525989174 ], [ 100.362638687681923, 6.754816214334851 ], [ 100.362723154197113, 6.755016746853368 ], [ 100.362786504083502, 6.755131867373257 ], [ 100.362867451160568, 6.755332399891774 ] ] ] } },
{ "type": "Feature", "properties": { "id": null, "EL_Hash": "w1pq7tymg6", "ORDERRIVER_Name_T": 4, "HY_Name_T": "คลองรำใหญ่", "EL_Name": "คลองรำใหญ่tymg6", "Lat": 6.7562204139400004, "Long": 100.357849852, "Length_km": 0.72568437937999997, "LocalName": "", "ElementA": "w1pq7tymg6", "ElementB": "w1pq7v8u2m", "ReLation": "FlowsTo" }, "geometry": { "type": "MultiLineString", "coordinates": [ [ [ 100.354860729407889, 6.757166901079687 ], [ 100.355019104123883, 6.757122338297794 ], [ 100.35527954254573, 6.757159473949371 ], [ 100.35571595287422, 6.757170614644845 ], [ 100.356374087805094, 6.757159473949371 ], [ 100.356729551056532, 6.756996077082432 ], [ 100.357222272395163, 6.756669283348552 ], [ 100.357419360930621, 6.756524454307401 ], [ 100.357574216208462, 6.75636477100562 ], [ 100.3579296794599, 6.756179092747734 ], [ 100.358366089788404, 6.756030550141425 ], [ 100.358644125400915, 6.755948851707956 ], [ 100.35876378629743, 6.755956278838271 ], [ 100.358897524946485, 6.755896861795748 ], [ 100.358953835956626, 6.755815163362278 ], [ 100.35899254977609, 6.755674047886284 ], [ 100.359006627528615, 6.75543637971619 ], [ 100.358943277642226, 6.755061309635261 ], [ 100.358939758204087, 6.754860777116744 ], [ 100.358936238765949, 6.754682525989174 ], [ 100.358929199889687, 6.754422576428134 ], [ 100.359006627528615, 6.754203476083828 ], [ 100.359143885615808, 6.754040079216888 ], [ 100.359242429883537, 6.753958380783419 ], [ 100.359340974151252, 6.753947240087945 ] ] ] } },
{ "type": "Feature", "properties": { "id": null, "EL_Hash": "w1pq7w5ryr", "ORDERRIVER_Name_T": 4, "HY_Name_T": "คลองรำใหญ่", "EL_Name": "คลองรำใหญ่w5ryr", "Lat": 6.7579626243700002, "Long": 100.353859087, "Length_km": 0.28708988205000002, "LocalName": "", "ElementA": "w1pq7w5ryr", "ElementB": "w1pq7tymg6", "ReLation": "FlowsTo" }, "geometry": { "type": "MultiLineString", "coordinates": [ [ [ 100.353122126970163, 6.759027397223703 ], [ 100.353217151799754, 6.758845432530975 ], [ 100.353431837525875, 6.7585446337532 ], [ 100.353604289994394, 6.758262402801214 ], [ 100.35387880616878, 6.757939322632492 ], [ 100.354255386049005, 6.757735076548817 ], [ 100.354491188403927, 6.757590247507666 ], [ 100.354684757501246, 6.757367433598204 ], [ 100.354860729407889, 6.757166901079687 ] ] ] } },
{ "type": "Feature", "properties": { "id": null, "EL_Hash": "w1pmvqhy7k", "ORDERRIVER_Name_T": 6, "HY_Name_T": "คลองลำชี", "EL_Name": "คลองลำชีqhy7k", "Lat": 6.6697970413099998, "Long": 100.43269726299999, "Length_km": 1.71587831634, "LocalName": "", "ElementA": "w1pmvqhy7k", "ElementB": "w1pmvrhc86", "ReLation": "FlowsTo" }, "geometry": { "type": "MultiLineString", "coordinates": [ [ [ 100.427551204607752, 6.668167598509818 ], [ 100.42773773482881, 6.668290146160023 ], [ 100.427903148421066, 6.668434975201174 ], [ 100.428121353585311, 6.668579804242325 ], [ 100.428297325491968, 6.66862065345906 ], [ 100.428494414027412, 6.66862065345906 ], [ 100.429004732556706, 6.668561236416537 ], [ 100.429191262777749, 6.668572377112009 ], [ 100.429356676370006, 6.668624367024218 ], [ 100.429483376142798, 6.668746914674422 ], [ 100.429659348049455, 6.668888030150415 ], [ 100.429814203327311, 6.668992009974832 ], [ 100.430042966805956, 6.669055140582513 ], [ 100.430335080170991, 6.669159120406928 ], [ 100.430416027248057, 6.66918882892819 ], [ 100.430606076907239, 6.669281668057134 ], [ 100.430750373870694, 6.669363366490603 ], [ 100.430968579034939, 6.669508195531754 ], [ 100.431165667570397, 6.669589893965224 ], [ 100.43134163947704, 6.669653024572905 ], [ 100.431478897564233, 6.66961217535617 ], [ 100.431538728012498, 6.669497054836281 ], [ 100.431549286326899, 6.669396788577023 ], [ 100.431457780935432, 6.669263100231345 ], [ 100.431331081162639, 6.66918882892819 ], [ 100.431373314420242, 6.669077421973459 ], [ 100.431478897564233, 6.669025432061251 ], [ 100.431686544414077, 6.669029145626409 ], [ 100.431894191263936, 6.669036572756724 ], [ 100.432165188000184, 6.669099703364405 ], [ 100.432267251706037, 6.669081135538617 ], [ 100.432415068107616, 6.668977155714201 ], [ 100.432601598328674, 6.668802618151788 ], [ 100.432749414730267, 6.668720919718318 ], [ 100.43285147843612, 6.668720919718318 ], [ 100.432904270008123, 6.668795191021473 ], [ 100.432893711693723, 6.66892887936715 ], [ 100.432809245178518, 6.66917397466756 ], [ 100.432735336977728, 6.669419069967969 ], [ 100.432714220348927, 6.66972729587606 ], [ 100.432661428776939, 6.669942682655208 ], [ 100.432566403947348, 6.67016549656467 ], [ 100.432358757097489, 6.670369742648345 ], [ 100.432161668562046, 6.670432873256026 ], [ 100.431922346768999, 6.670481149603076 ], [ 100.431756933176743, 6.670607410818439 ], [ 100.431704141604754, 6.670830224727902 ], [ 100.431640791718351, 6.671034470811576 ], [ 100.431640791718351, 6.67123871689525 ], [ 100.431679505537815, 6.671454103674399 ], [ 100.43184843856821, 6.671650922627758 ], [ 100.432077202046855, 6.671691771844492 ], [ 100.432263732267899, 6.671773470277962 ], [ 100.432323562716164, 6.671825460190171 ], [ 100.432450262488956, 6.671959148535848 ], [ 100.432510092937221, 6.672155967489207 ], [ 100.432422106983893, 6.67267215304613 ], [ 100.432510092937221, 6.672798414261492 ], [ 100.432594559452411, 6.672861544869174 ], [ 100.432717739787066, 6.672954383998117 ], [ 100.432953542141973, 6.672950670432959 ], [ 100.433252694383285, 6.673088072343794 ], [ 100.433639832577924, 6.673314599818415 ], [ 100.433826362798968, 6.673533700162721 ], [ 100.43407272346829, 6.673737946246395 ], [ 100.434297967508797, 6.674012750068066 ], [ 100.434579522559446, 6.674350684497418 ], [ 100.434804766599953, 6.674450950756677 ], [ 100.435198943670855, 6.67455864414625 ], [ 100.435350279510587, 6.674551217015935 ], [ 100.435572004112956, 6.674547503450778 ] ] ] } },
{ "type": "Feature", "properties": { "id": null, "EL_Hash": "w1pmvmb976", "ORDERRIVER_Name_T": 5, "HY_Name_T": "คลองลำชี", "EL_Name": "คลองลำชีmb976", "Lat": 6.6675562380300004, "Long": 100.42685347600001, "Length_km": 0.2800435154, "LocalName": "", "ElementA": "w1pmvmb976", "ElementB": "w1pmvqhy7k", "ReLation": "FlowsTo" }, "geometry": { "type": "MultiLineString", "coordinates": [ [ [ 100.425678863520986, 6.667506583911744 ], [ 100.425928743628418, 6.667510297476902 ], [ 100.426284206879856, 6.667365468435751 ], [ 100.426491853729715, 6.667354327740278 ], [ 100.426699500579559, 6.667417458347959 ], [ 100.426833239228614, 6.667521438172376 ], [ 100.426938822372605, 6.667707116430261 ], [ 100.426966977877669, 6.667911362513935 ], [ 100.427009211135271, 6.668167598509818 ], [ 100.427100716526724, 6.66827900546455 ], [ 100.427206299670715, 6.668312427550969 ], [ 100.427382271577372, 6.668219588422026 ], [ 100.427551204607752, 6.668167598509818 ] ] ] } },
{ "type": "Feature", "properties": { "id": null, "EL_Hash": "w1prvv2jtf", "ORDERRIVER_Name_T": 6, "HY_Name_T": "คลองวาด", "EL_Name": "คลองวาดv2jtf", "Lat": 7.0171036542299996, "Long": 100.448251814, "Length_km": 2.0633690586200002, "LocalName": "", "ElementA": "w1prvv2jtf", "ElementB": "w1prvzebec", "ReLation": "FlowsTo" }, "geometry": { "type": "MultiLineString", "coordinates": [ [ [ 100.442480661168119, 7.01525225241077 ], [ 100.442533452740122, 7.015111136934777 ], [ 100.442825566105171, 7.014854900938894 ], [ 100.443184548794733, 7.014814051722159 ], [ 100.44324085980486, 7.014728639723532 ], [ 100.443455545530981, 7.014728639723532 ], [ 100.443631517437638, 7.014814051722159 ], [ 100.44388139754507, 7.014832619547947 ], [ 100.443997539003462, 7.014784343200898 ], [ 100.444053850013603, 7.0146172327688 ], [ 100.444053850013603, 7.014550388595961 ], [ 100.44411016102373, 7.014398132424494 ], [ 100.444303730121035, 7.014320147556183 ], [ 100.444511376970894, 7.014312720425867 ], [ 100.444623998991148, 7.014327574686498 ], [ 100.44482460696473, 7.014416700250283 ], [ 100.444968903928185, 7.014528107205015 ], [ 100.445053370443375, 7.014661795550693 ], [ 100.445074487072176, 7.014814051722159 ], [ 100.445109681453502, 7.015048006327095 ], [ 100.445197667406831, 7.015022011370991 ], [ 100.445482741895617, 7.014903177285944 ], [ 100.445676310992923, 7.014743493984163 ], [ 100.445788933013191, 7.014687790506796 ], [ 100.445901555033444, 7.014721212593217 ], [ 100.445968424357972, 7.014854900938894 ], [ 100.445968424357972, 7.015070287718042 ], [ 100.445901555033444, 7.015293101627504 ], [ 100.445954346605433, 7.01541564927771 ], [ 100.446102163007026, 7.015501061276337 ], [ 100.446253498846744, 7.015541910493072 ], [ 100.446468184572865, 7.015534483362757 ], [ 100.446644156479522, 7.015519629102125 ], [ 100.446788453442963, 7.015449071364129 ], [ 100.447024255797885, 7.015445357798971 ], [ 100.44715799444694, 7.01546392562476 ], [ 100.447379719049323, 7.015679312403908 ], [ 100.447538093765303, 7.015972684051367 ], [ 100.447559210394104, 7.016110085962203 ], [ 100.447594404775444, 7.01632547274135 ], [ 100.447710546233822, 7.016436879696082 ], [ 100.447893557016741, 7.016414598305135 ], [ 100.448080087237798, 7.016262342133669 ], [ 100.448203267572453, 7.016184357265357 ], [ 100.448308850716444, 7.016199211525988 ], [ 100.448386278355372, 7.01632547274135 ], [ 100.448393317231634, 7.016448020391556 ], [ 100.448393317231634, 7.016581708737233 ], [ 100.448337006221507, 7.016908502471113 ], [ 100.448203267572453, 7.017213014814045 ], [ 100.448164553752989, 7.017365270985511 ], [ 100.448189189819928, 7.017446969418981 ], [ 100.448329967345245, 7.017443255853824 ], [ 100.4484742643087, 7.017380125246143 ], [ 100.448766377673735, 7.01720558768373 ], [ 100.449100724296386, 7.017031050121317 ], [ 100.44930837114623, 7.017023622991001 ], [ 100.449516017996075, 7.016975346643951 ], [ 100.449751820350997, 7.01687879394985 ], [ 100.449920753381377, 7.016811949777011 ], [ 100.450072089221095, 7.016756246299646 ], [ 100.450244541689614, 7.016733964908699 ], [ 100.450385319214945, 7.01674881916933 ], [ 100.450480344044536, 7.0168305176028 ], [ 100.450628160446115, 7.017012482295528 ], [ 100.450649277074916, 7.017135029945733 ], [ 100.450571849435988, 7.017283572552042 ], [ 100.450452188539472, 7.017495245766032 ], [ 100.450420513596271, 7.017628934111709 ], [ 100.450392358091207, 7.017870315846961 ], [ 100.450392358091207, 7.018078275495793 ], [ 100.450543693930925, 7.01865387809524 ], [ 100.450607043817328, 7.018898973395649 ], [ 100.450607043817328, 7.019300038432682 ], [ 100.450621121569853, 7.01956370155888 ], [ 100.450793574038372, 7.019604550775616 ], [ 100.450892118306101, 7.019522852342146 ], [ 100.450973065383153, 7.019307465562998 ], [ 100.451008259764492, 7.019058656697431 ], [ 100.45105049302208, 7.018835842787968 ], [ 100.451106804032207, 7.018806134266706 ], [ 100.451251100995663, 7.019036375306484 ], [ 100.451342606387129, 7.019307465562998 ], [ 100.451398917397256, 7.019701103469716 ], [ 100.451578408742037, 7.020276706069162 ], [ 100.451662875257227, 7.02036211806779 ], [ 100.45171566682923, 7.020376972328421 ], [ 100.451828288849484, 7.020347263807159 ], [ 100.452081688395069, 7.02002047007328 ], [ 100.452257660301711, 7.019793942598659 ] ] ] } },
{ "type": "Feature", "properties": { "id": null, "EL_Hash": "w1prucug9t", "ORDERRIVER_Name_T": 4, "HY_Name_T": "คลองวาด", "EL_Name": "คลองวาดcug9t", "Lat": 6.9975483618999998, "Long": 100.41064406700001, "Length_km": 10.139210263800001, "LocalName": "", "ElementA": "w1prucug9t", "ElementB": "w1prvw0jxd", "ReLation": "FlowsTo" }, "geometry": { "type": "MultiLineString", "coordinates": [ [ [ 100.384079104788412, 6.9934944741517 ], [ 100.384610539946507, 6.993891825623576 ], [ 100.385018794769934, 6.994107212402724 ], [ 100.385300349820582, 6.994162915880089 ], [ 100.385504477232303, 6.99434116700766 ], [ 100.385648774195744, 6.994441433266918 ], [ 100.385831784978663, 6.994500850309442 ], [ 100.386250598116504, 6.99429289066061 ], [ 100.386750358331398, 6.993921534144838 ], [ 100.38719380753615, 6.993695006670217 ], [ 100.387454245957997, 6.993550177629066 ], [ 100.387714684379844, 6.993505614847174 ], [ 100.387897695162764, 6.993624448932221 ], [ 100.387961045049153, 6.993802700059791 ], [ 100.388024394935556, 6.993884398493261 ], [ 100.388105342012608, 6.993984664752519 ], [ 100.388126458641409, 6.994103498837566 ], [ 100.388108861450746, 6.994244614313559 ], [ 100.388049031002481, 6.99430774492124 ], [ 100.387925850667827, 6.994229760052929 ], [ 100.38778507314251, 6.994110925967882 ], [ 100.387661892807856, 6.994092358142093 ], [ 100.387499998653738, 6.994073790316304 ], [ 100.387461284834274, 6.994174056575563 ], [ 100.387503518091862, 6.994333739877344 ], [ 100.387851942467037, 6.994712523523432 ], [ 100.388098303136346, 6.994931623867737 ], [ 100.388182769651536, 6.995132156386254 ], [ 100.388323547176867, 6.995191573428778 ], [ 100.38854527177925, 6.995247276906143 ], [ 100.388707165933369, 6.99518785986362 ], [ 100.388724763124031, 6.995065312213415 ], [ 100.388707165933369, 6.99492791030258 ], [ 100.388781074134158, 6.994742232044693 ], [ 100.388819787953622, 6.994537985961019 ], [ 100.388837385144285, 6.994396870485026 ], [ 100.388978162669602, 6.994274322834821 ], [ 100.389118940194933, 6.994333739877344 ], [ 100.389344184235441, 6.994489709613969 ], [ 100.38952719501836, 6.994508277439757 ], [ 100.389667972543691, 6.994445146832076 ], [ 100.389865061079135, 6.994322599181872 ], [ 100.389903774898599, 6.994159202314932 ], [ 100.389903774898599, 6.994058936055674 ], [ 100.389861541640997, 6.993980951187361 ], [ 100.389618700409827, 6.993843549276526 ], [ 100.389414572998106, 6.993784132234002 ], [ 100.389291392663452, 6.993624448932221 ], [ 100.389308989854115, 6.993461052065281 ], [ 100.389428650750645, 6.993401635022757 ], [ 100.389551831085299, 6.9933979214576 ], [ 100.389692608610616, 6.993416489283389 ], [ 100.389791152878345, 6.993375640066653 ], [ 100.389829866697809, 6.993193675373925 ], [ 100.389766516811406, 6.992970861464462 ], [ 100.389826347259671, 6.992852027379415 ], [ 100.390005838604452, 6.992725766164053 ], [ 100.390245160397498, 6.992521520080379 ], [ 100.3902873936551, 6.992521520080379 ], [ 100.390428171180417, 6.99251780651522 ], [ 100.390568948705749, 6.992558655731956 ], [ 100.390730842859867, 6.992554942166798 ], [ 100.390892737013985, 6.99263292703511 ], [ 100.390977203529175, 6.992755474685315 ], [ 100.391160214312094, 6.992870595205204 ], [ 100.391381938914478, 6.992870595205204 ], [ 100.391638857898187, 6.992644067730583 ], [ 100.392022476654688, 6.992417540255962 ], [ 100.392180851370682, 6.992332128257335 ], [ 100.392240681818933, 6.992191012781341 ], [ 100.392237162380809, 6.992090746522083 ], [ 100.392216045752008, 6.991990480262825 ], [ 100.392173812494406, 6.99186793261262 ], [ 100.392173812494406, 6.991789947744308 ], [ 100.392233642942671, 6.991708249310838 ], [ 100.392353303839201, 6.991663686528946 ], [ 100.39253631462212, 6.991663686528946 ], [ 100.392761558662627, 6.991901354699039 ], [ 100.393152216295391, 6.992380404604385 ], [ 100.393395057526575, 6.992618072774479 ], [ 100.393641418195884, 6.992718339033737 ], [ 100.393940570437195, 6.992610645644164 ], [ 100.394141178410777, 6.992387831734701 ], [ 100.394605744244345, 6.992380404604385 ], [ 100.394845066037391, 6.992217007737445 ], [ 100.395066790639774, 6.992213294172288 ], [ 100.395270918051494, 6.992369263908912 ], [ 100.395478564901339, 6.992651494860898 ], [ 100.395538395349604, 6.992651494860898 ], [ 100.395636939617333, 6.992606932079006 ], [ 100.395795314333313, 6.992424967386278 ], [ 100.395876261410379, 6.992280138345127 ], [ 100.396073349945823, 6.992116741478187 ], [ 100.396316191177007, 6.992094460087241 ], [ 100.396925053974016, 6.992287565475442 ], [ 100.397491683513437, 6.992380404604385 ], [ 100.397875302269938, 6.992354409648281 ], [ 100.398160376758725, 6.992410113125647 ], [ 100.398360984732307, 6.992369263908912 ], [ 100.398540476077088, 6.992283851910284 ], [ 100.398719967421869, 6.992202153476814 ], [ 100.399005041910641, 6.992198439911657 ], [ 100.399286596961289, 6.992313560431546 ], [ 100.399532957630598, 6.992450962342382 ], [ 100.399698371222854, 6.992651494860898 ], [ 100.399698371222854, 6.992774042511103 ], [ 100.399599826955125, 6.992956007203832 ], [ 100.399480166058609, 6.993078554854036 ], [ 100.399420335610344, 6.993178821113294 ], [ 100.399402738419681, 6.993323650154445 ], [ 100.399504802125534, 6.993483333456227 ], [ 100.399708929537255, 6.99347961989107 ], [ 100.399888420882036, 6.993394207892442 ], [ 100.400261481324151, 6.993126831201087 ], [ 100.400345947839341, 6.993126831201087 ], [ 100.400553594689185, 6.993145399026875 ], [ 100.40076124153903, 6.993286514502868 ], [ 100.400887941311822, 6.993386780762126 ], [ 100.400912577378762, 6.993531609803277 ], [ 100.400789397044107, 6.993680152409587 ], [ 100.400543036374785, 6.993810127190106 ], [ 100.400314272896139, 6.993895539188734 ], [ 100.400191092561485, 6.993958669796415 ], [ 100.400089028855632, 6.994003232578308 ], [ 100.399839148748185, 6.994110925967882 ], [ 100.399821551557508, 6.994192624401351 ], [ 100.399884901443912, 6.994278036399979 ], [ 100.399969367959102, 6.994315172051556 ], [ 100.400134781551358, 6.994333739877344 ], [ 100.400402258849468, 6.994248327878717 ], [ 100.400652138956914, 6.994222332922613 ], [ 100.400986485579551, 6.994259468574191 ], [ 100.401422895908041, 6.994356021268291 ], [ 100.401947292189874, 6.994534272395861 ], [ 100.402197172297321, 6.99463453865512 ], [ 100.402489285662355, 6.994712523523432 ], [ 100.40265821869275, 6.994712523523432 ], [ 100.402739165769802, 6.994690242132486 ], [ 100.402802515656205, 6.994604830133858 ], [ 100.402820112846868, 6.994523131700388 ], [ 100.402820112846868, 6.994396870485026 ], [ 100.402711010264738, 6.994148061619459 ], [ 100.402601907682623, 6.993858403537157 ], [ 100.402598388244485, 6.993609594671589 ], [ 100.40265821869275, 6.993464765630439 ], [ 100.402760282398603, 6.993357072240865 ], [ 100.40294681261966, 6.993271660242238 ], [ 100.403133342840704, 6.993267946677079 ], [ 100.403362106319349, 6.993327363719603 ], [ 100.403633103055597, 6.993241951720975 ], [ 100.403777400019052, 6.99321967033003 ], [ 100.403904099791845, 6.993297655198341 ], [ 100.404094149451026, 6.993524182672962 ], [ 100.40432643236781, 6.993813840755264 ], [ 100.404453132140603, 6.993810127190106 ], [ 100.404534079217655, 6.993746996582425 ], [ 100.40467837618111, 6.99357617258517 ], [ 100.404734687191237, 6.993305082328657 ], [ 100.404773401010701, 6.993119404070771 ], [ 100.404794517639502, 6.993033992072143 ], [ 100.404875464716568, 6.992889163030992 ], [ 100.404995125613084, 6.992699771207949 ], [ 100.405287238978133, 6.992592077818375 ], [ 100.405452652570389, 6.992588364253217 ], [ 100.405600468971969, 6.992670062686687 ], [ 100.405744765935424, 6.992710911903422 ], [ 100.405850349079415, 6.992729479729211 ], [ 100.405931296156481, 6.992684916947318 ], [ 100.405952412785268, 6.992540087906167 ], [ 100.405948893347144, 6.992413826690805 ], [ 100.405945373909006, 6.992268997649654 ], [ 100.406029840424196, 6.992183585651026 ], [ 100.406131904130064, 6.992183585651026 ], [ 100.406318434351107, 6.99216130426008 ], [ 100.406695014231346, 6.99225785695418 ], [ 100.406948413776931, 6.992398972430173 ], [ 100.407219410513164, 6.992603218513848 ], [ 100.407324993657156, 6.992725766164053 ], [ 100.407476329496888, 6.992952293638673 ], [ 100.407539679383277, 6.993074841288879 ], [ 100.407627665336605, 6.993282800937711 ], [ 100.407775481738184, 6.99352789623812 ], [ 100.40804999791257, 6.993795272929476 ], [ 100.408282280829354, 6.99399951901315 ], [ 100.408577913632527, 6.994203765096825 ], [ 100.40878907992051, 6.994530558830704 ], [ 100.408834832616236, 6.994675387871855 ], [ 100.408898182502625, 6.994861066129741 ], [ 100.408901701940763, 6.995050457952784 ], [ 100.408908740817026, 6.995403246642767 ], [ 100.408848910368775, 6.995548075683918 ], [ 100.408785560482372, 6.995611206291599 ], [ 100.408683496776518, 6.995718899681173 ], [ 100.408542719251187, 6.995886010113271 ], [ 100.408546238689325, 6.996116251153049 ], [ 100.408690535652781, 6.996194236021362 ], [ 100.408943935198366, 6.996316783671566 ], [ 100.4092360485634, 6.996394768539878 ], [ 100.409362748336193, 6.996558165406817 ], [ 100.409412020470057, 6.996996366095429 ], [ 100.409457773165784, 6.997200612179103 ], [ 100.409665420015628, 6.997323159829308 ], [ 100.409936416751876, 6.99740114469762 ], [ 100.410397463147305, 6.997479129565932 ], [ 100.410626226625951, 6.997538546608455 ], [ 100.41100280650619, 6.997779928343707 ], [ 100.41119637560351, 6.997984174427382 ], [ 100.411298439309363, 6.998047305035063 ], [ 100.411548319416809, 6.998043591469905 ], [ 100.411734849637867, 6.997895048863596 ], [ 100.411917860420786, 6.997701943475395 ], [ 100.412019924126639, 6.997620245041925 ], [ 100.412312037491688, 6.99753111947814 ], [ 100.412600631418599, 6.997545973738771 ], [ 100.413167260958005, 6.997664807823818 ], [ 100.413455854884916, 6.997679662084448 ], [ 100.413561438028907, 6.997802209734653 ], [ 100.413568476905184, 6.99805101860022 ], [ 100.413445296570529, 6.998322108856733 ], [ 100.413258766349472, 6.998388953029573 ], [ 100.413093352757215, 6.998411234420519 ], [ 100.412927939164959, 6.998478078593358 ], [ 100.412825875459106, 6.99860433980872 ], [ 100.412871628154832, 6.998853148674288 ], [ 100.413167260958005, 6.999012831976069 ], [ 100.413519204771319, 6.999009118410911 ], [ 100.41389226521342, 6.998960842063862 ], [ 100.414353311608849, 6.999035113367015 ], [ 100.414979771596535, 6.999228218755217 ], [ 100.415599192707944, 6.999477027620784 ], [ 100.415834995062852, 6.999540158228466 ], [ 100.416028564160172, 6.9996775601393 ], [ 100.416127108427901, 6.999833529875925 ], [ 100.416289002582019, 7.000000640308023 ], [ 100.416355871906546, 7.0000377759596 ], [ 100.416531843813203, 7.000093479436965 ], [ 100.416760607291849, 7.000253162738747 ], [ 100.416911943131566, 7.000357142563163 ], [ 100.417126628857687, 7.000494544473999 ], [ 100.41725332863048, 7.000717358383461 ], [ 100.417344834021932, 7.000906750206505 ], [ 100.417460975480324, 7.000925318032294 ], [ 100.41760527244378, 7.000906750206505 ], [ 100.417830516484287, 7.000802770382089 ], [ 100.418126149287474, 7.000620805689361 ], [ 100.418354912766119, 7.000397991779898 ], [ 100.41880188140901, 7.000156610044646 ], [ 100.419069358707119, 7.0000377759596 ], [ 100.419375549824693, 7.000030348829284 ], [ 100.419600793865214, 7.000063770915704 ], [ 100.419738051952407, 7.000182605000751 ], [ 100.419780285209995, 7.000331147607059 ], [ 100.419773246333733, 7.000531680125576 ], [ 100.419759168581194, 7.000810197512405 ], [ 100.41982955734386, 7.000962453683871 ], [ 100.420051281946243, 7.000802770382089 ], [ 100.420273006548626, 7.000717358383461 ], [ 100.420487692274747, 7.000516825864946 ], [ 100.420702378000854, 7.000498258039157 ], [ 100.420874830469373, 7.000501971604314 ], [ 100.421071919004831, 7.000602237863573 ], [ 100.421188060463223, 7.000717358383461 ], [ 100.421216215968286, 7.000813911077563 ], [ 100.421251410349612, 7.00102929785671 ], [ 100.421307721359739, 7.001211262549439 ], [ 100.421423862818131, 7.001385800111851 ], [ 100.421659665173038, 7.001604900456156 ], [ 100.421835637079695, 7.001705166715415 ], [ 100.422110153254067, 7.001868563582354 ], [ 100.422349475047127, 7.002017106188664 ], [ 100.422521927515646, 7.002161935229815 ], [ 100.42270845773669, 7.002488728963693 ], [ 100.422894987957747, 7.002648412265475 ], [ 100.423077998740666, 7.002778387045995 ], [ 100.423278606714248, 7.002811809132415 ], [ 100.423479214687831, 7.002834090523361 ], [ 100.423658706032612, 7.002834090523361 ], [ 100.423792444681666, 7.002856371914308 ], [ 100.423915625016321, 7.002938070347777 ], [ 100.423978974902724, 7.003082899388929 ], [ 100.424042324789113, 7.003327994689338 ], [ 100.424151427371243, 7.003547095033642 ], [ 100.424285166020297, 7.003639934162586 ], [ 100.424464657365078, 7.003680783379321 ], [ 100.424598396014133, 7.003688210509636 ], [ 100.424756770730127, 7.003706778335425 ], [ 100.424950339827433, 7.003743913987002 ], [ 100.425157986677291, 7.003873888767522 ], [ 100.42525653094502, 7.004271240239398 ], [ 100.425207258811156, 7.004538616930754 ], [ 100.425165025553554, 7.004754003709901 ], [ 100.42513687004849, 7.004969390489049 ], [ 100.425179103306093, 7.005158782312092 ], [ 100.425263569821283, 7.005225626484932 ], [ 100.425421944537263, 7.005288757092613 ], [ 100.425671824644709, 7.005311038483559 ], [ 100.42597097688602, 7.005311038483559 ], [ 100.426270129127332, 7.005329606309347 ], [ 100.426812122599813, 7.005311038483559 ], [ 100.427026808325934, 7.00532589274419 ], [ 100.427227416299516, 7.005337033439663 ], [ 100.427420985396836, 7.005392736917029 ], [ 100.427603996179755, 7.00540759117766 ], [ 100.427677904380545, 7.005767806997959 ], [ 100.427713098761885, 7.005957198821002 ], [ 100.427790526400798, 7.006113168557626 ], [ 100.427860915163464, 7.006128022818257 ], [ 100.428082639765847, 7.006016615863525 ], [ 100.428248053358104, 7.005775234128274 ], [ 100.428371233692758, 7.005630405087123 ], [ 100.428476816836749, 7.00553756595818 ], [ 100.428684463686594, 7.005433586133764 ], [ 100.428853396716988, 7.005429872568606 ], [ 100.42896953817538, 7.005533852393022 ], [ 100.42905400469057, 7.005678681434173 ], [ 100.42912791289136, 7.006005475168052 ], [ 100.429156068396424, 7.006261711163935 ], [ 100.42924757378789, 7.00648081150824 ], [ 100.429398909627608, 7.006614499853918 ], [ 100.429627673106253, 7.006640494810022 ], [ 100.4298775532137, 7.006640494810022 ], [ 100.430127433321147, 7.00674076106928 ], [ 100.430504013201386, 7.006974715674216 ], [ 100.430891151396011, 7.007271800886834 ], [ 100.43118326476106, 7.007494614796297 ], [ 100.431440183744769, 7.007899393398488 ], [ 100.431559844641299, 7.008125920873109 ], [ 100.43165486947089, 7.008371016173519 ], [ 100.431725258233541, 7.008627252169401 ], [ 100.431753413738605, 7.008924337382019 ], [ 100.431876594073273, 7.009091447814116 ], [ 100.431954021712201, 7.009154578421797 ], [ 100.432189824067109, 7.009284553202317 ], [ 100.432439704174556, 7.009418241547995 ], [ 100.432738856415867, 7.009577924849777 ], [ 100.433030969780901, 7.009637341892301 ], [ 100.433301966517149, 7.009674477543878 ], [ 100.433439224604342, 7.009845301541133 ], [ 100.433446263480604, 7.009971562756495 ], [ 100.433495535614469, 7.010205517361431 ], [ 100.43367502695925, 7.010309497185848 ], [ 100.433917868190434, 7.01035405996774 ], [ 100.434301486946936, 7.010420904140579 ], [ 100.434480978291717, 7.01048403474826 ], [ 100.434579522559446, 7.010673426571303 ], [ 100.434730858399163, 7.010881386220136 ], [ 100.43487163592448, 7.010977938914237 ], [ 100.4350652050218, 7.011067064478022 ], [ 100.435301007376722, 7.011234174910119 ], [ 100.43553680973163, 7.011497838036317 ], [ 100.435631834561221, 7.011635239947153 ], [ 100.435864117478005, 7.011761501162515 ], [ 100.436099919832913, 7.011787496118619 ], [ 100.436328683311572, 7.011832058900512 ], [ 100.43656448566648, 7.012002882897766 ], [ 100.436814365773927, 7.012080867766079 ], [ 100.436993857118708, 7.012088294896394 ], [ 100.437222620597353, 7.012088294896394 ], [ 100.43742322857095, 7.012121716982814 ], [ 100.437542889467466, 7.012169993329864 ], [ 100.437651992049595, 7.012392807239327 ], [ 100.437743497441048, 7.012600766888159 ], [ 100.437901872157042, 7.012712173842891 ], [ 100.43806376631116, 7.012712173842891 ], [ 100.438264374284742, 7.012712173842891 ], [ 100.438401632371935, 7.012775304450572 ], [ 100.438429787876998, 7.012912706361408 ], [ 100.438429787876998, 7.013128093140555 ], [ 100.438486098887125, 7.013425178353173 ], [ 100.438612798659918, 7.013562580264008 ], [ 100.438820445509762, 7.01372226356579 ], [ 100.438936586968154, 7.013807675564418 ], [ 100.439035131235883, 7.013926509649465 ], [ 100.439172389323062, 7.014030489473881 ], [ 100.439235739209465, 7.014182745645347 ], [ 100.43928501134333, 7.014271871209132 ], [ 100.439619357965967, 7.014383278163864 ], [ 100.439770693805684, 7.0146172327688 ], [ 100.440027612789393, 7.014895750155629 ], [ 100.440133195933385, 7.014999729980045 ], [ 100.440256376268039, 7.015055433457411 ], [ 100.440456984241621, 7.015077714848357 ], [ 100.440650553338941, 7.015081428413515 ], [ 100.440900433446387, 7.015144559021196 ], [ 100.441069366476782, 7.015270820236559 ], [ 100.441157352430096, 7.015449071364129 ], [ 100.4412207023165, 7.015645890317488 ], [ 100.441340363213016, 7.015798146488955 ], [ 100.44149873792901, 7.015909553443686 ], [ 100.441650073768727, 7.015902126313371 ], [ 100.441854201180448, 7.015902126313371 ], [ 100.441998498143903, 7.01588727205274 ], [ 100.442241339375073, 7.015775865098008 ], [ 100.442448986224932, 7.01533395084424 ], [ 100.442480661168119, 7.01525225241077 ] ] ] } },
{ "type": "Feature", "properties": { "id": null, "EL_Hash": "w1pru28wc3", "ORDERRIVER_Name_T": 4, "HY_Name_T": "คลองวาด", "EL_Name": "คลองวาด28wc3", "Lat": 6.9912169779299997, "Long": 100.382822609, "Length_km": 0.57925654418000005, "LocalName": "", "ElementA": "w1pru28wc3", "ElementB": "w1prucug9t", "ReLation": "FlowsTo" }, "geometry": { "type": "MultiLineString", "coordinates": [ [ [ 100.381404331807303, 6.989034482397281 ], [ 100.381516953827557, 6.989212733524852 ], [ 100.381787950563805, 6.989836612471349 ], [ 100.382076544490715, 6.990193114726489 ], [ 100.382382735608289, 6.990553330546788 ], [ 100.383413930981263, 6.992113027913029 ], [ 100.383829224680966, 6.992751761120157 ], [ 100.384079104788412, 6.9934944741517 ] ] ] } },
{ "type": "Feature", "properties": { "id": null, "EL_Hash": "w1pru0r21t", "ORDERRIVER_Name_T": 4, "HY_Name_T": "คลองวาด", "EL_Name": "คลองวาด0r21t", "Lat": 6.9887059332700003, "Long": 100.38112385, "Length_km": 0.09614663198, "LocalName": "", "ElementA": "w1pru0r21t", "ElementB": "w1pru2m0cz", "ReLation": "FlowsTo" }, "geometry": { "type": "MultiLineString", "coordinates": [ [ [ 100.380798988448419, 6.9884180305811 ], [ 100.381288190348911, 6.988852517704553 ], [ 100.381404331807303, 6.989034482397281 ] ] ] } },
{ "type": "Feature", "properties": { "id": null, "EL_Hash": "w1preztfhd", "ORDERRIVER_Name_T": 4, "HY_Name_T": "คลองวาด", "EL_Name": "คลองวาดztfhd", "Lat": 6.9849134427299999, "Long": 100.368204132, "Length_km": 3.93568244109, "LocalName": "", "ElementA": "w1preztfhd", "ElementB": "w1pru0r21t", "ReLation": "FlowsTo" }, "geometry": { "type": "MultiLineString", "coordinates": [ [ [ 100.357563657894076, 6.992852027379415 ], [ 100.357813538001508, 6.992970861464462 ], [ 100.358281623273214, 6.993208529634556 ], [ 100.35894679708035, 6.99321967033003 ], [ 100.35973163178403, 6.993067414158562 ], [ 100.359992070205863, 6.993004283550881 ], [ 100.360351052895439, 6.992673776251845 ], [ 100.360692438394338, 6.992406399560489 ], [ 100.361297781753223, 6.992317273996703 ], [ 100.361779944777453, 6.992250429823865 ], [ 100.362022786008637, 6.992246716258707 ], [ 100.362304341059271, 6.992265284084496 ], [ 100.36242752139394, 6.992220721302603 ], [ 100.362504949032868, 6.992120455043345 ], [ 100.362441599146464, 6.991938490350616 ], [ 100.362378249260075, 6.991697108615365 ], [ 100.362416963079539, 6.991537425313583 ], [ 100.362853373408029, 6.991125219581076 ], [ 100.363353133622923, 6.990716727413727 ], [ 100.363933840914882, 6.990304521681221 ], [ 100.36425410978498, 6.990100275597547 ], [ 100.364898166963329, 6.98986632099261 ], [ 100.365218435833441, 6.989662074908935 ], [ 100.365436640997686, 6.989435547434315 ], [ 100.365598535151804, 6.989435547434315 ], [ 100.365739312677121, 6.98949125091168 ], [ 100.365901206831253, 6.989409552478211 ], [ 100.365978634470167, 6.989268437002218 ], [ 100.365975115032043, 6.989105040135278 ], [ 100.36587305132619, 6.989008487441177 ], [ 100.36575339042966, 6.988967638224442 ], [ 100.36554926301794, 6.988830236313607 ], [ 100.365464796502749, 6.98871140222856 ], [ 100.365440160435824, 6.988347472843103 ], [ 100.365419043807023, 6.988265774409633 ], [ 100.365295863472369, 6.988146940324587 ], [ 100.365176202575839, 6.988187789541321 ], [ 100.365074138869986, 6.98819150310648 ], [ 100.364993191792919, 6.988132086063955 ], [ 100.364954477973455, 6.988072669021432 ], [ 100.364950958535331, 6.987990970587962 ], [ 100.364950958535331, 6.987950121371227 ], [ 100.365049502803046, 6.987886990763546 ], [ 100.365573899084879, 6.987801578764919 ], [ 100.365774507058461, 6.987697598940502 ], [ 100.365915284583778, 6.987534202073563 ], [ 100.365953998403242, 6.987411654423358 ], [ 100.365971595593905, 6.987251971121577 ], [ 100.365950478965104, 6.98714799129716 ], [ 100.365950478965104, 6.987110855645583 ], [ 100.365989192784568, 6.987006875821167 ], [ 100.366049023232833, 6.986966026604432 ], [ 100.366129970309899, 6.986984594430221 ], [ 100.366210917386951, 6.98714799129716 ], [ 100.366432641989334, 6.987081147124321 ], [ 100.366629730524792, 6.986717217738865 ], [ 100.366745871983184, 6.98643127322172 ], [ 100.366907766137302, 6.986290157745728 ], [ 100.367150607368472, 6.986282730615412 ], [ 100.367491992867386, 6.986282730615412 ], [ 100.367653887021504, 6.986260449224465 ], [ 100.367713717469769, 6.986178750790996 ], [ 100.367710198031631, 6.98607477096658 ], [ 100.367629250954565, 6.985896519839009 ], [ 100.36760461488764, 6.985655138103758 ], [ 100.367660925897766, 6.985432324194295 ], [ 100.367861533871348, 6.985205796719674 ], [ 100.368100855664395, 6.984942133593476 ], [ 100.368340177457441, 6.984879002985795 ], [ 100.368604135317426, 6.984834440203902 ], [ 100.368808262729146, 6.985012691331472 ], [ 100.368829379357933, 6.985153806807466 ], [ 100.368671004641953, 6.985294922283459 ], [ 100.36844928003957, 6.985462032715557 ], [ 100.368431682848907, 6.98560314819155 ], [ 100.368473916106495, 6.985721982276597 ], [ 100.368699160147017, 6.985881665578378 ], [ 100.368938481940063, 6.985818534970697 ], [ 100.36907925946538, 6.985673705929546 ], [ 100.369279867438962, 6.985510309062607 ], [ 100.369540305860809, 6.98550659549745 ], [ 100.369990793941838, 6.986048776010476 ], [ 100.37030050449755, 6.986067343836265 ], [ 100.37050463190927, 6.986085911662054 ], [ 100.370807303588705, 6.985963364011848 ], [ 100.371296505489198, 6.985777685753963 ], [ 100.371599177168648, 6.985777685753963 ], [ 100.37196871817261, 6.98604134888016 ], [ 100.372151728955529, 6.986141615139418 ], [ 100.372475517263766, 6.986182464356154 ], [ 100.372901369277869, 6.986100765922684 ], [ 100.373246274214907, 6.986078484531737 ], [ 100.373573581961281, 6.986241881398677 ], [ 100.373696762295936, 6.986405278265617 ], [ 100.373858656450054, 6.986524112350664 ], [ 100.374122614310039, 6.986524112350664 ], [ 100.374449922056414, 6.986483263133929 ], [ 100.374671646658797, 6.986483263133929 ], [ 100.375016551595834, 6.986642946435711 ], [ 100.375220679007541, 6.986988307995379 ], [ 100.375386092599797, 6.987355950945993 ], [ 100.375526870125114, 6.987719880331449 ], [ 100.375590220011517, 6.988005824848593 ], [ 100.375671167088569, 6.988146940324587 ], [ 100.375773230794437, 6.988470020493308 ], [ 100.375836580680826, 6.988492301884254 ], [ 100.375917527757892, 6.988470020493308 ], [ 100.37607942191201, 6.988328905017315 ], [ 100.376350418648258, 6.987872136502915 ], [ 100.376466560106635, 6.987608473376717 ], [ 100.376667168080232, 6.987567624159983 ], [ 100.376871295491938, 6.987664176854083 ], [ 100.376955762007128, 6.987964975631859 ], [ 100.376983917512206, 6.988529437535831 ], [ 100.377251394810315, 6.988767105705925 ], [ 100.377635013566817, 6.988781959966556 ], [ 100.377835621540399, 6.988741110749821 ], [ 100.378177007039298, 6.988614849534459 ], [ 100.378595820177139, 6.988184075976164 ], [ 100.378814025341384, 6.987979829892489 ], [ 100.378997036124304, 6.987938980675755 ], [ 100.379482718586658, 6.988132086063955 ], [ 100.37976779307543, 6.988351186408261 ], [ 100.380095100821805, 6.988525723970674 ], [ 100.380316825424188, 6.988484874753939 ], [ 100.380496316768969, 6.988380894929523 ], [ 100.380798988448419, 6.9884180305811 ] ] ] } },
{ "type": "Feature", "properties": { "id": null, "EL_Hash": "w1prg9h8qw", "ORDERRIVER_Name_T": 4, "HY_Name_T": "คลองวาด", "EL_Name": "คลองวาด9h8qw", "Lat": 6.99287368254, "Long": 100.355585902, "Length_km": 0.53815029796000002, "LocalName": "", "ElementA": "w1prg9h8qw", "ElementB": "w1preztfhd", "ReLation": "FlowsTo" }, "geometry": { "type": "MultiLineString", "coordinates": [ [ [ 100.35357613448933, 6.9934944741517 ], [ 100.353720431452786, 6.993390494327285 ], [ 100.353977350436494, 6.993167680417821 ], [ 100.354237788858342, 6.992982002159936 ], [ 100.354621407614843, 6.992814891727838 ], [ 100.354860729407889, 6.992792610336892 ], [ 100.355061337381471, 6.992647781295741 ], [ 100.355180998278001, 6.99258465068806 ], [ 100.355283061983855, 6.992562369297113 ], [ 100.355466072766774, 6.99268120338216 ], [ 100.355568136472627, 6.992800037467207 ], [ 100.355610369730229, 6.992982002159936 ], [ 100.355673719616618, 6.993041419202459 ], [ 100.355874327590215, 6.993037705637301 ], [ 100.356074935563797, 6.992833459553626 ], [ 100.35629666016618, 6.992770328945945 ], [ 100.356398723872033, 6.992829745988469 ], [ 100.356521904206687, 6.993030278506986 ], [ 100.356602851283753, 6.993089695549509 ], [ 100.356704914989606, 6.993089695549509 ], [ 100.356905522963189, 6.993004283550881 ], [ 100.357042781050382, 6.992881735900677 ], [ 100.357243389023964, 6.992777756076261 ], [ 100.357405283178082, 6.992777756076261 ], [ 100.357563657894076, 6.992852027379415 ] ] ] } },
{ "type": "Feature", "properties": { "id": null, "EL_Hash": "w1prg2hn5u", "ORDERRIVER_Name_T": 4, "HY_Name_T": "คลองวาด", "EL_Name": "คลองวาด2hn5u", "Lat": 6.9883592604400002, "Long": 100.34379382199999, "Length_km": 3.54619698022, "LocalName": "", "ElementA": "w1prg2hn5u", "ElementB": "w1prg9h8qw", "ReLation": "FlowsTo" }, "geometry": { "type": "MultiLineString", "coordinates": [ [ [ 100.335985982700379, 6.983129913796509 ], [ 100.336267537751027, 6.98296651692957 ], [ 100.336492781791549, 6.98296651692957 ], [ 100.336675792574454, 6.982985084755359 ], [ 100.336858803357373, 6.982985084755359 ], [ 100.33714387784616, 6.982944235538624 ], [ 100.337365602448543, 6.982921954147677 ], [ 100.337611963117851, 6.982762270845895 ], [ 100.337875920977822, 6.982617441804744 ], [ 100.338058931760742, 6.982517175545486 ], [ 100.338178592657272, 6.98241319572107 ], [ 100.338421433888456, 6.982168100420661 ], [ 100.33854461422311, 6.982026984944667 ], [ 100.338664275119626, 6.981926718685409 ], [ 100.338766338825494, 6.981926718685409 ], [ 100.338868402531347, 6.982045552770456 ], [ 100.338868402531347, 6.982290648070865 ], [ 100.338889519160148, 6.982472612763593 ], [ 100.3389704662372, 6.982617441804744 ], [ 100.339114763200655, 6.982736275889792 ], [ 100.339237943535309, 6.982799406497473 ], [ 100.33937872106064, 6.98283654214905 ], [ 100.339582848472347, 6.982877391365784 ], [ 100.339825689703531, 6.98299993901599 ], [ 100.34000870048645, 6.982877391365784 ], [ 100.340110764192303, 6.982817974323261 ], [ 100.340455669129341, 6.98283654214905 ], [ 100.340761860246928, 6.982895959191573 ], [ 100.341106765183966, 6.983059356058513 ], [ 100.341332009224473, 6.983219039360295 ], [ 100.341515020007392, 6.983282169967976 ], [ 100.341617083713246, 6.983319305619553 ], [ 100.342085168984951, 6.983542119529016 ], [ 100.342268179767871, 6.983501270312281 ], [ 100.342570851447306, 6.983482702486492 ], [ 100.342877042564879, 6.983560687354805 ], [ 100.342957989641945, 6.983787214829426 ], [ 100.342859445374216, 6.983946898131207 ], [ 100.342676434591297, 6.984028596564677 ], [ 100.342493423808378, 6.984069445781413 ], [ 100.342310413025459, 6.984173425605828 ], [ 100.342187232690804, 6.984255124039298 ], [ 100.341884561011369, 6.984336822472768 ], [ 100.341740264047914, 6.984377671689503 ], [ 100.341740264047914, 6.984559636382231 ], [ 100.341884561011369, 6.98480473168264 ], [ 100.342067571794288, 6.98480473168264 ], [ 100.342229465948407, 6.984823299508429 ], [ 100.342352646283061, 6.984864148725164 ], [ 100.342574370885444, 6.985005264201157 ], [ 100.342676434591297, 6.985086962634627 ], [ 100.342697551220098, 6.98522807811062 ], [ 100.342676434591297, 6.985391474977559 ], [ 100.342637720771833, 6.985573439670288 ], [ 100.342514540437179, 6.985673705929546 ], [ 100.342352646283061, 6.985736836537227 ], [ 100.342152038309479, 6.985818534970697 ], [ 100.342088688423075, 6.985877952013221 ], [ 100.342088688423075, 6.986000499663426 ], [ 100.34221186875773, 6.986182464356154 ], [ 100.342394879540649, 6.986405278265617 ], [ 100.342539176504104, 6.986568675132556 ], [ 100.342701070658222, 6.98670979060855 ], [ 100.342722187287023, 6.986895468866436 ], [ 100.342560293132905, 6.986995735125694 ], [ 100.342437112798251, 6.987096001384952 ], [ 100.342377282349986, 6.987159131992634 ], [ 100.342335049092398, 6.987322528859573 ], [ 100.342458229427052, 6.987504493552302 ], [ 100.342602526390507, 6.987727307461764 ], [ 100.342722187287023, 6.987868422937757 ], [ 100.342926314698744, 6.988072669021432 ], [ 100.343091728291, 6.988232352323214 ], [ 100.343274739073919, 6.988314050756684 ], [ 100.343475347047502, 6.988354899973419 ], [ 100.343577410753355, 6.988332618582472 ], [ 100.343700591088009, 6.988332618582472 ], [ 100.34392583512853, 6.988395749190154 ], [ 100.34410884591145, 6.988659412316352 ], [ 100.344249623436767, 6.98900477387602 ], [ 100.344534697925539, 6.989305572653794 ], [ 100.344619164440743, 6.989409552478211 ], [ 100.344576931183141, 6.989532100128415 ], [ 100.344436153657824, 6.989632366387673 ], [ 100.344355206580758, 6.989754914037879 ], [ 100.344242584560504, 6.989933165165449 ], [ 100.344263701189305, 6.990074280641442 ], [ 100.344365764895159, 6.990252531769013 ], [ 100.344552295116216, 6.99037136585406 ], [ 100.344851447357513, 6.990326803072167 ], [ 100.345312493752942, 6.990100275597547 ], [ 100.345594048803591, 6.989992582207972 ], [ 100.345938953740628, 6.990011150033761 ], [ 100.346160678343011, 6.990085421336915 ], [ 100.346287378115804, 6.990267386029643 ], [ 100.346389441821657, 6.99054961698163 ], [ 100.346297936430204, 6.991095511059815 ], [ 100.346283858677666, 6.991596842356106 ], [ 100.346287378115804, 6.9917379578321 ], [ 100.346347208564055, 6.991819656265569 ], [ 100.346449272269922, 6.991856791917147 ], [ 100.346670996872305, 6.991875359742935 ], [ 100.346892721474688, 6.991912495394512 ], [ 100.347096848886395, 6.991908781829355 ], [ 100.347237626411726, 6.99194963104609 ], [ 100.347279859669314, 6.992068465131137 ], [ 100.347304495736253, 6.992309846866388 ], [ 100.347406559442106, 6.992510379384905 ], [ 100.347670517302092, 6.992629213469952 ], [ 100.347793697636746, 6.992625499904794 ], [ 100.347930955723925, 6.992543801471324 ], [ 100.348131563697521, 6.992280138345127 ], [ 100.348311055042302, 6.992053610870506 ], [ 100.348490546387083, 6.991912495394512 ], [ 100.348670037731864, 6.991808515570097 ], [ 100.348891762334247, 6.991723103571469 ], [ 100.349053656488366, 6.991723103571469 ], [ 100.349254264461962, 6.991760239223046 ], [ 100.349335211539014, 6.991838224091358 ], [ 100.349321133786489, 6.99216130426008 ], [ 100.349324653224613, 6.992543801471324 ], [ 100.34937040592034, 6.992907730856781 ], [ 100.349497105693132, 6.993208529634556 ], [ 100.349599169398999, 6.993349645110549 ], [ 100.350028540851227, 6.993605881106432 ], [ 100.350391042978927, 6.993620735367063 ], [ 100.350655000838913, 6.993617021801905 ], [ 100.350915439260746, 6.993490760586543 ], [ 100.351116047234328, 6.993427629978862 ], [ 100.351274421950322, 6.993386780762126 ], [ 100.351376485656175, 6.993423916413704 ], [ 100.351482068800166, 6.993583599715485 ], [ 100.351563015877232, 6.993683865974744 ], [ 100.351643962954284, 6.993702433800532 ], [ 100.351784740479616, 6.993539036933593 ], [ 100.35198182901506, 6.993357072240865 ], [ 100.352062776092126, 6.993293941633183 ], [ 100.352182436988642, 6.993312509458972 ], [ 100.352773702595002, 6.993565031889697 ], [ 100.353055257645636, 6.993643016758009 ], [ 100.353459993030938, 6.99357617258517 ], [ 100.35357613448933, 6.9934944741517 ] ] ] } },
{ "type": "Feature", "properties": { "id": null, "EL_Hash": "w1prep7rt8", "ORDERRIVER_Name_T": 4, "HY_Name_T": "คลองวาด", "EL_Name": "คลองวาดp7rt8", "Lat": 6.9844770950699999, "Long": 100.331852312, "Length_km": 1.8511285823400001, "LocalName": "", "ElementA": "w1prep7rt8", "ElementB": "w1prg2hn5u", "ReLation": "FlowsTo" }, "geometry": { "type": "MultiLineString", "coordinates": [ [ [ 100.326645393895291, 6.982855109974839 ], [ 100.32679321029687, 6.982665718151795 ], [ 100.326881196250199, 6.982416909286227 ], [ 100.326965662765389, 6.982249798854131 ], [ 100.327092362538181, 6.982145819029714 ], [ 100.327321126016827, 6.982145819029714 ], [ 100.327447825789619, 6.982294361636023 ], [ 100.327549889495486, 6.982650863891164 ], [ 100.327676589268265, 6.982817974323261 ], [ 100.327926469375711, 6.983029647537252 ], [ 100.328095402406106, 6.983092778144933 ], [ 100.328324165884752, 6.983074210319144 ], [ 100.328577565430322, 6.983055642493355 ], [ 100.328662031945527, 6.983118773101037 ], [ 100.328700745764991, 6.983222752925452 ], [ 100.328489579477008, 6.98374636561269 ], [ 100.328633876440463, 6.983850345437107 ], [ 100.328823926099645, 6.983854059002264 ], [ 100.329098442274017, 6.98381320978553 ], [ 100.329643955184636, 6.983605250136698 ], [ 100.330192987533394, 6.98327474283766 ], [ 100.330509736965368, 6.983085351014617 ], [ 100.330696267186426, 6.983066783188828 ], [ 100.330907433474408, 6.983111345970721 ], [ 100.331051730437864, 6.983237607186084 ], [ 100.33107284706665, 6.983445566834916 ], [ 100.331009497180261, 6.983761219873322 ], [ 100.331027094370924, 6.984117722128462 ], [ 100.331213624591982, 6.984433375166868 ], [ 100.331403674251163, 6.984477937948761 ], [ 100.33165355435861, 6.984500219339708 ], [ 100.332012537048172, 6.984459370122972 ], [ 100.332054770305774, 6.984314541081821 ], [ 100.332033653676973, 6.984062018651096 ], [ 100.331889356713518, 6.983954325261523 ], [ 100.331952706599921, 6.983493843181966 ], [ 100.331935109409258, 6.983115059535879 ], [ 100.331938628847382, 6.982821687888419 ], [ 100.332044211991374, 6.982676858847268 ], [ 100.332170911764166, 6.982654577456322 ], [ 100.332357441985209, 6.982721421629161 ], [ 100.332631958159595, 6.982743703020107 ], [ 100.332776255123051, 6.982806833627788 ], [ 100.332881838267042, 6.982955376234097 ], [ 100.333036693544898, 6.98301479327662 ], [ 100.333261937585405, 6.98301479327662 ], [ 100.333462545558987, 6.982973944059886 ], [ 100.333564609264855, 6.98293309484315 ], [ 100.33370890622831, 6.982810547192946 ], [ 100.333789853305362, 6.982687999542741 ], [ 100.333849683753627, 6.982424336416543 ], [ 100.333786333867238, 6.982179241116134 ], [ 100.333828567124826, 6.982097542682664 ], [ 100.334050291727209, 6.982015844249194 ], [ 100.334254419138929, 6.98195642720667 ], [ 100.334437429921849, 6.98195642720667 ], [ 100.334620440704768, 6.982056693465929 ], [ 100.334743621039422, 6.982216376767711 ], [ 100.334866801374076, 6.982684285977584 ], [ 100.335007578899393, 6.983011079711463 ], [ 100.335028695528194, 6.983193044404191 ], [ 100.335092045414598, 6.983415858313654 ], [ 100.335113162043385, 6.983660953614063 ], [ 100.335215225749252, 6.983761219873322 ], [ 100.335356003274569, 6.983738938482375 ], [ 100.335496780799886, 6.983657240048905 ], [ 100.33580297191746, 6.983352727705973 ], [ 100.335985982700379, 6.983129913796509 ] ] ] } },
{ "type": "Feature", "properties": { "id": null, "EL_Hash": "w1prdyd4k1", "ORDERRIVER_Name_T": 4, "HY_Name_T": "คลองวาด", "EL_Name": "คลองวาดyd4k1", "Lat": 6.9794575640899996, "Long": 100.319081982, "Length_km": 3.6723707966200001, "LocalName": "", "ElementA": "w1prdyd4k1", "ElementB": "w1prep7rt8", "ReLation": "FlowsTo" }, "geometry": { "type": "MultiLineString", "coordinates": [ [ [ 100.310906466564319, 6.983917189609945 ], [ 100.310959258136322, 6.983831777611318 ], [ 100.311170424424304, 6.983772360568794 ], [ 100.31139918790295, 6.983835491176476 ], [ 100.311585718123993, 6.984002601608573 ], [ 100.311839117669578, 6.983961752391838 ], [ 100.311986934071172, 6.983857772567422 ], [ 100.312198100359154, 6.98364981291859 ], [ 100.312261450245543, 6.983419571878811 ], [ 100.312264969683682, 6.983148481622298 ], [ 100.312370552827673, 6.98291824058252 ], [ 100.312479655409788, 6.982435477112016 ], [ 100.312479655409788, 6.98203812564014 ], [ 100.312504291476728, 6.981826452426151 ], [ 100.312609874620719, 6.981767035383627 ], [ 100.312733054955373, 6.981703904775946 ], [ 100.313070921016148, 6.981748467557838 ], [ 100.31326097067533, 6.981495945127113 ], [ 100.313408787076909, 6.981139442871973 ], [ 100.313472136963313, 6.980994613830822 ], [ 100.31345453977265, 6.980846071224513 ], [ 100.31345453977265, 6.980678960792416 ], [ 100.313517889659039, 6.980615830184735 ], [ 100.313665706060632, 6.980471001143584 ], [ 100.313876872348615, 6.98049328253453 ], [ 100.31402116931207, 6.980537845316422 ], [ 100.314126752456048, 6.980430151926848 ], [ 100.314214738409376, 6.980181343061282 ], [ 100.31433791874403, 6.980077363236865 ], [ 100.314573721098952, 6.979761710198459 ], [ 100.314742654129333, 6.979576031940574 ], [ 100.314890470530926, 6.979512901332892 ], [ 100.315098117380771, 6.979512901332892 ], [ 100.315267050411165, 6.979706006721093 ], [ 100.31539023074582, 6.979895398544137 ], [ 100.315601397033802, 6.979958529151818 ], [ 100.315787927254846, 6.979876830718348 ], [ 100.31595686028524, 6.979791418719721 ], [ 100.316062443429232, 6.979583459070889 ], [ 100.316023729609768, 6.979267806032483 ], [ 100.315875913208174, 6.979204675424802 ], [ 100.315604916471926, 6.979096982035228 ], [ 100.315604916471926, 6.978952152994077 ], [ 100.315689382987131, 6.978848173169661 ], [ 100.315816082759909, 6.978762761171033 ], [ 100.315858316017511, 6.978595650738936 ], [ 100.315840718826848, 6.978406258915892 ], [ 100.31594630197084, 6.97827999770053 ], [ 100.315925185342039, 6.97819829926706 ], [ 100.315840718826848, 6.978072038051698 ], [ 100.315882952084436, 6.977968058227281 ], [ 100.31594630197084, 6.977968058227281 ], [ 100.316051885114831, 6.978008907444017 ], [ 100.316157468258822, 6.978031188834962 ], [ 100.316368634546805, 6.977949490401493 ], [ 100.316453101061995, 6.977800947795185 ], [ 100.316537567577186, 6.97774153075266 ], [ 100.316766331055831, 6.977763812143607 ], [ 100.316914147457425, 6.977845510577077 ], [ 100.317164027564871, 6.977953203966651 ], [ 100.317311843966465, 6.977934636140862 ], [ 100.317459660368044, 6.977997766748543 ], [ 100.317501893625646, 6.978079465182013 ], [ 100.317498374187508, 6.978228007788322 ], [ 100.317498374187508, 6.978395118220419 ], [ 100.317561724073911, 6.978584510043463 ], [ 100.317621554522162, 6.978647640651144 ], [ 100.317727137666154, 6.978647640651144 ], [ 100.317790487552557, 6.978565942217674 ], [ 100.317794006990681, 6.978313419786949 ], [ 100.31777289036188, 6.978228007788322 ], [ 100.317878473505871, 6.978187158571587 ], [ 100.318005173278664, 6.978127741529064 ], [ 100.318149470242119, 6.978127741529064 ], [ 100.318297286643713, 6.978190872136745 ], [ 100.318360636530102, 6.978254002744426 ], [ 100.318339519901301, 6.978339414743053 ], [ 100.318212820128522, 6.978357982568842 ], [ 100.31817058687092, 6.978421113176523 ], [ 100.318191703499721, 6.978506525175151 ], [ 100.318293767205574, 6.978569655782832 ], [ 100.318378233720765, 6.978673635607248 ], [ 100.318399350349566, 6.978714484823983 ], [ 100.318483816864756, 6.978736766214929 ], [ 100.318504933493557, 6.978655067781459 ], [ 100.318526050122358, 6.978591937173778 ], [ 100.318610516637548, 6.978569655782832 ], [ 100.318694983152739, 6.978591937173778 ], [ 100.31871609978154, 6.978655067781459 ], [ 100.318712580343416, 6.97879989682261 ], [ 100.318754813601004, 6.979033851427547 ], [ 100.318818163487407, 6.979160112642909 ], [ 100.318877993935658, 6.979241811076379 ], [ 100.318962460450862, 6.979264092467325 ], [ 100.319046926966053, 6.979349504465953 ], [ 100.319089160223641, 6.979475765681315 ], [ 100.319085640785516, 6.979642876113412 ], [ 100.319043407527914, 6.97972828811204 ], [ 100.319085640785516, 6.979791418719721 ], [ 100.319170107300707, 6.97980998654551 ], [ 100.319275690444698, 6.979769137328775 ], [ 100.319339040331087, 6.979832267936456 ], [ 100.319335520892963, 6.979958529151818 ], [ 100.319293287635361, 6.980147920974862 ], [ 100.319166587862568, 6.980147920974862 ], [ 100.319001174270312, 6.980207338017386 ], [ 100.31881112461113, 6.980311317841801 ], [ 100.318684424838352, 6.980396729840429 ], [ 100.318684424838352, 6.980437579057164 ], [ 100.318765371915404, 6.98054155888158 ], [ 100.318870955059396, 6.980563840272526 ], [ 100.319061004718577, 6.980649252271154 ], [ 100.319163068424444, 6.980734664269781 ], [ 100.319205301682032, 6.980838644094198 ], [ 100.319247534939635, 6.980987186700506 ], [ 100.3193073653879, 6.981113447915869 ], [ 100.319370715274289, 6.981072598699134 ], [ 100.319434065160678, 6.980987186700506 ], [ 100.31947629841828, 6.980987186700506 ], [ 100.319539648304669, 6.981050317308187 ], [ 100.319602998191073, 6.981031749482399 ], [ 100.319687464706263, 6.980987186700506 ], [ 100.319771931221453, 6.981054030873345 ], [ 100.319835281107856, 6.981135729306815 ], [ 100.319958461442511, 6.981180292088707 ], [ 100.320000694700099, 6.981135729306815 ], [ 100.320085161215303, 6.981031749482399 ], [ 100.320127394472891, 6.980972332439875 ], [ 100.320359677389675, 6.98086835261546 ], [ 100.320486377162467, 6.98086835261546 ], [ 100.320655310192848, 6.980909201832194 ], [ 100.320862957042692, 6.980953764614087 ], [ 100.320989656815485, 6.980935196788298 ], [ 100.321137473217078, 6.980953764614087 ], [ 100.321221939732268, 6.980957478179245 ], [ 100.321345120066923, 6.98106145800366 ], [ 100.321387353324525, 6.98121000060997 ], [ 100.321450703210914, 6.981336261825332 ], [ 100.32153165028798, 6.981417960258802 ], [ 100.321552766916781, 6.981440241649748 ], [ 100.321573883545568, 6.981503372257429 ], [ 100.321595000174369, 6.98156650286511 ], [ 100.3220771631986, 6.981715045471419 ], [ 100.322203862971392, 6.981674196254684 ], [ 100.322369276563634, 6.981674196254684 ], [ 100.322453743078839, 6.981718759036577 ], [ 100.322432626450038, 6.98184502025194 ], [ 100.322284810048444, 6.981904437294463 ], [ 100.322200343533254, 6.982012130684036 ], [ 100.322179226904453, 6.982156959725187 ], [ 100.322302407239107, 6.982409482155912 ], [ 100.322492456898303, 6.982517175545486 ], [ 100.322742337005749, 6.982621155369902 ], [ 100.32299573655132, 6.982643436760848 ], [ 100.323206902839303, 6.982561738327378 ], [ 100.323418069127285, 6.982290648070865 ], [ 100.323629235415268, 6.981978708597617 ], [ 100.323942465409118, 6.982000989988563 ], [ 100.3241325150683, 6.98202327137951 ], [ 100.324361278546945, 6.982108683378137 ], [ 100.324445745062135, 6.982275793810235 ], [ 100.3245055755104, 6.982528316240959 ], [ 100.324547808767988, 6.982758557280738 ], [ 100.3245055755104, 6.982903386321889 ], [ 100.324378875737608, 6.982903386321889 ], [ 100.324252175964816, 6.982817974323261 ], [ 100.324128995630161, 6.982691713107899 ], [ 100.323981179228568, 6.982669431716952 ], [ 100.323875596084577, 6.982713994498845 ], [ 100.323770012940585, 6.982962803364412 ], [ 100.323643313167807, 6.983025933972094 ], [ 100.323453263508611, 6.983044501797882 ], [ 100.323326563735833, 6.983085351014617 ], [ 100.323220980591842, 6.983211612229979 ], [ 100.32319986396304, 6.983423285443969 ], [ 100.32326321384943, 6.983612677267013 ], [ 100.323470860699288, 6.983779787699111 ], [ 100.323910790465916, 6.984013742304047 ], [ 100.324287370346156, 6.984058305085939 ], [ 100.324625236406916, 6.983976606652469 ], [ 100.325212982575138, 6.983642385788275 ], [ 100.325445265491922, 6.98351983813807 ], [ 100.325550848635913, 6.983330446315026 ], [ 100.325659951218043, 6.983100205275248 ], [ 100.325888714696688, 6.982977657625043 ], [ 100.326099880984671, 6.982936808408308 ], [ 100.326332163901441, 6.982959089799254 ], [ 100.326645393895291, 6.982855109974839 ] ] ] } },
{ "type": "Feature", "properties": { "id": null, "EL_Hash": "w1prst1xnc", "ORDERRIVER_Name_T": 4, "HY_Name_T": "คลองสอ", "EL_Name": "คลองสอt1xnc", "Lat": 6.9720366846199999, "Long": 100.39541962, "Length_km": 0.31475121082000002, "LocalName": "", "ElementA": "w1prst1xnc", "ElementB": "w1prstduxx", "ReLation": "FlowsTo" }, "geometry": { "type": "MultiLineString", "coordinates": [ [ [ 100.395281476365895, 6.97064862130142 ], [ 100.39522164591763, 6.970789736777412 ], [ 100.39522164591763, 6.971157379728027 ], [ 100.395284995804019, 6.971521309113483 ], [ 100.395408176138673, 6.972007786149145 ], [ 100.39551023984454, 6.972234313623765 ], [ 100.395468006586938, 6.972475695359017 ], [ 100.395369462319209, 6.972579675183432 ], [ 100.395348345690422, 6.972720790659426 ], [ 100.395348345690422, 6.972861906135419 ], [ 100.39539057894801, 6.972984453785624 ], [ 100.395450409396275, 6.973084720044882 ], [ 100.395591186921592, 6.973248116911822 ], [ 100.395622861864794, 6.973307533954346 ] ] ] } },
{ "type": "Feature", "properties": { "id": null, "EL_Hash": "w1prs7m94f", "ORDERRIVER_Name_T": 4, "HY_Name_T": "คลองสอ", "EL_Name": "คลองสอ7m94f", "Lat": 6.9613976612600004, "Long": 100.389752816, "Length_km": 2.58008158115, "LocalName": "", "ElementA": "w1prs7m94f", "ElementB": "w1prst1xnc", "ReLation": "FlowsTo" }, "geometry": { "type": "MultiLineString", "coordinates": [ [ [ 100.382217322016032, 6.954223522608833 ], [ 100.38237921617015, 6.954364638084826 ], [ 100.382622057401335, 6.954427768692508 ], [ 100.382928248518908, 6.954405487301561 ], [ 100.383069026044225, 6.954405487301561 ], [ 100.383375217161799, 6.954505753560819 ], [ 100.383639175021784, 6.954750848861229 ], [ 100.383864419062292, 6.955092496855739 ], [ 100.384068546474012, 6.955196476680155 ], [ 100.384191726808666, 6.955215044505944 ], [ 100.384332504333997, 6.955215044505944 ], [ 100.384536631745704, 6.955215044505944 ], [ 100.384656292642234, 6.955233612331732 ], [ 100.38482170623449, 6.955374727807725 ], [ 100.385025833646196, 6.955519556848876 ], [ 100.385289791506182, 6.955538124674665 ], [ 100.3854516856603, 6.955538124674665 ], [ 100.385694526891484, 6.955638390933924 ], [ 100.385940887560793, 6.955801787800863 ], [ 100.386042951266646, 6.95600232031938 ], [ 100.386123898343712, 6.95616571718632 ], [ 100.386145014972513, 6.956369963269994 ], [ 100.38628579249783, 6.95673389265545 ], [ 100.386472322718888, 6.956915857348179 ], [ 100.386736280578859, 6.957138671257642 ], [ 100.386838344284712, 6.957261218907846 ], [ 100.387021355067631, 6.957465464991521 ], [ 100.387306429556418, 6.957807112986031 ], [ 100.387531673596925, 6.958029926895493 ], [ 100.387714684379844, 6.958111625328963 ], [ 100.387936408982227, 6.958070776112229 ], [ 100.388179250213412, 6.958070776112229 ], [ 100.388362260996331, 6.958171042371487 ], [ 100.388527674588573, 6.958375288455161 ], [ 100.388770515819758, 6.958679800798095 ], [ 100.388953526602677, 6.958880333316611 ], [ 100.389178770643198, 6.95912542861702 ], [ 100.389361781426118, 6.959389091743219 ], [ 100.389361781426118, 6.959511639393424 ], [ 100.38952719501836, 6.959834719562145 ], [ 100.389565908837824, 6.959975835038138 ], [ 100.389608142095426, 6.960098382688343 ], [ 100.389587025466625, 6.960261779555283 ], [ 100.389548311647161, 6.960362045814541 ], [ 100.38952719501836, 6.960547724072427 ], [ 100.38952719501836, 6.961011919717142 ], [ 100.389650375353014, 6.961216165800816 ], [ 100.389752439058881, 6.961398130493544 ], [ 100.389794672316469, 6.961602376577218 ], [ 100.38981578894527, 6.961843758312471 ], [ 100.389917852651138, 6.96200715517941 ], [ 100.390019916356991, 6.962148270655403 ], [ 100.390079746805256, 6.962333948913288 ], [ 100.390100863434043, 6.962534481431806 ], [ 100.390164213320446, 6.962657029082011 ], [ 100.390181810511109, 6.962716446124534 ], [ 100.390283874216962, 6.96290212438242 ], [ 100.390283874216962, 6.963002390641678 ], [ 100.390283874216962, 6.963165787508617 ], [ 100.390304990845763, 6.963225204551141 ], [ 100.390347224103365, 6.963266053767876 ], [ 100.39047040443802, 6.963266053767876 ], [ 100.390734362297991, 6.963388601418081 ], [ 100.390896256452123, 6.963466586286393 ], [ 100.390956086900374, 6.963548284719863 ], [ 100.391244680827285, 6.964075610972259 ], [ 100.391448808239005, 6.964420972531927 ], [ 100.391610702393123, 6.964584369398866 ], [ 100.39175147991844, 6.964744052700648 ], [ 100.391916893510697, 6.964989148001058 ], [ 100.392078787664815, 6.96513026347705 ], [ 100.392321628895999, 6.96537535877746 ], [ 100.392546872936521, 6.965616740512711 ], [ 100.39261022282291, 6.965839554422175 ], [ 100.392729883719426, 6.966062368331638 ], [ 100.392895297311682, 6.966266614415312 ], [ 100.393219085619933, 6.96661197597498 ], [ 100.393402096402838, 6.966834789884443 ], [ 100.39364845707216, 6.967057603793906 ], [ 100.393810351226278, 6.967421533179363 ], [ 100.394197489420918, 6.967867160998289 ], [ 100.394728924578999, 6.968721280984564 ], [ 100.394809871656065, 6.968903245677292 ], [ 100.394890818733117, 6.969003511936551 ], [ 100.395073829516036, 6.969044361153285 ], [ 100.395218126479492, 6.969144627412543 ], [ 100.395277956927757, 6.96924860723696 ], [ 100.395320190185359, 6.969489988972212 ], [ 100.395341306814146, 6.969634818013363 ], [ 100.3954644871488, 6.969775933489355 ], [ 100.395626381302932, 6.969976466007872 ], [ 100.39566861456052, 6.970180712091547 ], [ 100.395626381302932, 6.97032182756754 ], [ 100.395608784112255, 6.97040352600101 ], [ 100.39542577332935, 6.97056692286795 ], [ 100.395281476365895, 6.97064862130142 ] ] ] } },
{ "type": "Feature", "properties": { "id": null, "EL_Hash": "w1pmv6un7t", "ORDERRIVER_Name_T": 5, "HY_Name_T": "คลองสะเดา", "EL_Name": "คลองสะเดา6un7t", "Lat": 6.6519507854200004, "Long": 100.431677632, "Length_km": 2.5059581391100001, "LocalName": "", "ElementA": "w1pmv6un7t", "ElementB": "w1pmvm50b3", "ReLation": "FlowsTo" }, "geometry": { "type": "MultiLineString", "coordinates": [ [ [ 100.43489627199142, 6.64601618234403 ], [ 100.434294448070673, 6.646465523728114 ], [ 100.433938984819235, 6.646874015895463 ], [ 100.43371022134059, 6.647211950324816 ], [ 100.433509613366994, 6.647501608407118 ], [ 100.433435705166204, 6.64783954283647 ], [ 100.433435705166204, 6.648010366833725 ], [ 100.433477938423806, 6.648166336570349 ], [ 100.433664468644849, 6.648288884220554 ], [ 100.433977698638699, 6.64839286404497 ], [ 100.434276850879996, 6.648444853957178 ], [ 100.434414108967189, 6.648485703173913 ], [ 100.434473939415454, 6.648619391519591 ], [ 100.434473939415454, 6.648845918994212 ], [ 100.434389472900264, 6.64902788368694 ], [ 100.434329642451999, 6.649183853423564 ], [ 100.43426629256561, 6.649395526637554 ], [ 100.434224059308008, 6.649603486286386 ], [ 100.434224059308008, 6.649867149412584 ], [ 100.434160709421619, 6.650123385408467 ], [ 100.434139592792818, 6.650502169054554 ], [ 100.434470419977316, 6.651189178608732 ], [ 100.434491536606117, 6.651345148345356 ], [ 100.434428186719728, 6.65146769599556 ], [ 100.434333161890137, 6.65154939442903 ], [ 100.43422053986987, 6.651567962254819 ], [ 100.434114956725878, 6.651426846778826 ], [ 100.434034009648826, 6.65124116852094 ], [ 100.433886193247233, 6.651014641046319 ], [ 100.433699663026189, 6.650851244179379 ], [ 100.43348145786193, 6.650706415138228 ], [ 100.433161188991832, 6.650684133747282 ], [ 100.432847958997982, 6.650665565921494 ], [ 100.432496015184682, 6.650672993051809 ], [ 100.432203901819634, 6.650684133747282 ], [ 100.431911788454599, 6.650754691485279 ], [ 100.431746374862342, 6.65089952052643 ], [ 100.431598558460763, 6.651103766610104 ], [ 100.431443703182907, 6.651400851822721 ], [ 100.431433144868507, 6.651623665732185 ], [ 100.431454261497308, 6.65180934399007 ], [ 100.431679505537815, 6.651954173031221 ], [ 100.43184843856821, 6.651931891640275 ], [ 100.432013852160452, 6.65180934399007 ], [ 100.432077202046855, 6.651627379297342 ], [ 100.432087760361256, 6.651360002605987 ], [ 100.432182785190847, 6.65125602278157 ], [ 100.432411548669492, 6.65120774643452 ], [ 100.432721259225204, 6.651226314260309 ], [ 100.433002814275838, 6.651230027825466 ], [ 100.433316044269688, 6.65128944486799 ], [ 100.43347089954753, 6.651423133213668 ], [ 100.43347089954753, 6.651608811471553 ], [ 100.433439224604342, 6.651876188162909 ], [ 100.433365316403538, 6.652121283463319 ], [ 100.433280849888348, 6.652488926413933 ], [ 100.433333641460351, 6.652808293017497 ], [ 100.433425146851803, 6.65303110692696 ], [ 100.433477938423806, 6.653279915792527 ], [ 100.433548327186458, 6.653577001005144 ], [ 100.433632793701662, 6.653617850221879 ], [ 100.433946023695498, 6.653536151788409 ], [ 100.434121995602155, 6.653695835090192 ], [ 100.434224059308008, 6.653944643955758 ], [ 100.434255734251209, 6.65423430203806 ], [ 100.434255734251209, 6.654490538033943 ], [ 100.434202942679207, 6.654694784117617 ], [ 100.434086801220815, 6.654910170896765 ], [ 100.433889712685371, 6.655092135589493 ], [ 100.433618715949123, 6.655359512280849 ], [ 100.433432185728066, 6.655574899059997 ], [ 100.433097839105429, 6.65602424044408 ], [ 100.432784609111593, 6.656373315568906 ], [ 100.432408029231354, 6.656811516257516 ], [ 100.4322954072111, 6.657038043732137 ], [ 100.432242615639097, 6.657231149120339 ], [ 100.432260212829775, 6.657446535899487 ], [ 100.432313004401763, 6.657632214157372 ], [ 100.432446743050818, 6.657743621112104 ], [ 100.432594559452411, 6.657795611024312 ], [ 100.432823322931057, 6.657817892415258 ], [ 100.433122475172368, 6.657858741631993 ], [ 100.43332308314595, 6.657918158674517 ], [ 100.433488496738207, 6.657951580760936 ], [ 100.43360111875846, 6.658022138498932 ], [ 100.433632793701662, 6.658103836932402 ] ] ] } },
{ "type": "Feature", "properties": { "id": null, "EL_Hash": "w1pmv3n2qu", "ORDERRIVER_Name_T": 5, "HY_Name_T": "คลองสะเดา", "EL_Name": "คลองสะเดา3n2qu", "Lat": 6.64130125354, "Long": 100.434902956, "Length_km": 1.3135626096, "LocalName": "", "ElementA": "w1pmv3n2qu", "ElementB": "w1pmv6un7t", "ReLation": "FlowsTo" }, "geometry": { "type": "MultiLineString", "coordinates": [ [ [ 100.439010495168944, 6.640018774614316 ], [ 100.438760615061497, 6.640107900178101 ], [ 100.438714862365771, 6.640122754438732 ], [ 100.438612798659918, 6.640104186612944 ], [ 100.438464982258324, 6.639977925397581 ], [ 100.438289010351667, 6.639755111488117 ], [ 100.438197504960215, 6.639498875492236 ], [ 100.438053207996759, 6.639242639496353 ], [ 100.437926508223967, 6.639138659671937 ], [ 100.437729419688523, 6.638993830630786 ], [ 100.437500656209863, 6.638912132197316 ], [ 100.437138154082163, 6.6388081523729 ], [ 100.436722860382474, 6.638919559327632 ], [ 100.436430747017425, 6.639134946106779 ], [ 100.436223100167581, 6.639368900711715 ], [ 100.435990817250797, 6.639706835141068 ], [ 100.435825403658541, 6.639933362615689 ], [ 100.435677587256947, 6.640137608699363 ], [ 100.435501615350304, 6.640404985390719 ], [ 100.435346760072449, 6.640709497733652 ], [ 100.435198943670855, 6.640936025208272 ], [ 100.43498073850661, 6.641203401899628 ], [ 100.43481180547623, 6.641415075113618 ], [ 100.434780130533028, 6.641582185545715 ], [ 100.434864597048218, 6.641723301021709 ], [ 100.435008894011673, 6.641886697888648 ], [ 100.435311565691123, 6.642072376146534 ], [ 100.435603679056157, 6.642198637361896 ], [ 100.435881714668668, 6.642462300488094 ], [ 100.436047128260924, 6.642740817874923 ], [ 100.436170308595578, 6.643026762392068 ], [ 100.43621254185318, 6.643323847604685 ], [ 100.436275891739569, 6.643684063424984 ], [ 100.436335722187835, 6.643970007942128 ], [ 100.436346280502235, 6.644218816807695 ], [ 100.436272372301431, 6.644504761324839 ], [ 100.436075283765987, 6.644790705841984 ], [ 100.43564591231376, 6.645240047226068 ], [ 100.435272851871659, 6.645659680088889 ], [ 100.43489627199142, 6.64601618234403 ] ] ] } },
{ "type": "Feature", "properties": { "id": null, "EL_Hash": "w1pmv8d5r6", "ORDERRIVER_Name_T": 5, "HY_Name_T": "คลองสะเดา", "EL_Name": "คลองสะเดา8d5r6", "Lat": 6.6390616977599999, "Long": 100.440069525, "Length_km": 0.34499928785, "LocalName": "", "ElementA": "w1pmv8d5r6", "ElementB": "w1pmv3n2qu", "ReLation": "FlowsTo" }, "geometry": { "type": "MultiLineString", "coordinates": [ [ [ 100.441104560858108, 6.638065439341356 ], [ 100.441104560858108, 6.63820655481735 ], [ 100.441094002543707, 6.638381092379762 ], [ 100.441009536028517, 6.638496212899652 ], [ 100.44075965592107, 6.638689318287853 ], [ 100.440302128963779, 6.638964122109524 ], [ 100.44001001559873, 6.639086669759728 ], [ 100.439728460548082, 6.63919807671446 ], [ 100.439446905497448, 6.639261207322141 ], [ 100.439372997296644, 6.6393614735814 ], [ 100.439372997296644, 6.639465453405816 ], [ 100.43926037527639, 6.639762538618434 ], [ 100.439154792132399, 6.639885086268638 ], [ 100.439010495168944, 6.640018774614316 ] ] ] } },
{ "type": "Feature", "properties": { "id": null, "EL_Hash": "w1pmv81tpk", "ORDERRIVER_Name_T": 5, "HY_Name_T": "คลองสะเดา", "EL_Name": "คลองสะเดา81tpk", "Lat": 6.6366262704499999, "Long": 100.439388932, "Length_km": 1.0727464738100001, "LocalName": "", "ElementA": "w1pmv81tpk", "ElementB": "w1pmv8d5r6", "ReLation": "FlowsTo" }, "geometry": { "type": "MultiLineString", "coordinates": [ [ [ 100.440650553338941, 6.632376257519732 ], [ 100.440706864349067, 6.632573076473092 ], [ 100.44072446153973, 6.63283673959929 ], [ 100.440717422663468, 6.633297221678847 ], [ 100.44062943671014, 6.633661151064302 ], [ 100.440460503679759, 6.633869110713135 ], [ 100.440411231545895, 6.634054788971021 ], [ 100.440421789860295, 6.634307311401746 ], [ 100.440467542556021, 6.634522698180893 ], [ 100.440506256375485, 6.634700949308463 ], [ 100.440495698061085, 6.634871773305719 ], [ 100.440449945365359, 6.635135436431916 ], [ 100.440411231545895, 6.635387958862641 ], [ 100.440344362221367, 6.635725893291994 ], [ 100.440302128963779, 6.635941280071141 ], [ 100.440196545819788, 6.636086109112292 ], [ 100.440052248856333, 6.636227224588286 ], [ 100.439605280213428, 6.63643147067196 ], [ 100.439408191677984, 6.636576299713111 ], [ 100.439344841791581, 6.636747123710366 ], [ 100.439200544828125, 6.636943942663725 ], [ 100.439010495168944, 6.636973651184987 ], [ 100.438711342927633, 6.636973651184987 ], [ 100.438514254392189, 6.636962510489514 ], [ 100.43830660754233, 6.637021927532038 ], [ 100.438253815970342, 6.637096198835192 ], [ 100.438243257655941, 6.63719646509445 ], [ 100.438345321361794, 6.637371002656863 ], [ 100.438605759783641, 6.637608670826957 ], [ 100.438989378540143, 6.637801776215158 ], [ 100.439672149537955, 6.638314248206924 ], [ 100.439943146274203, 6.638440509422286 ], [ 100.44062943671014, 6.638336529597869 ], [ 100.441002497152255, 6.638154564905141 ], [ 100.441104560858108, 6.638065439341356 ] ] ] } },
{ "type": "Feature", "properties": { "id": null, "EL_Hash": "w1pmtz232h", "ORDERRIVER_Name_T": 5, "HY_Name_T": "คลองสะเดา", "EL_Name": "คลองสะเดาz232h", "Lat": 6.6318627637400001, "Long": 100.448350988, "Length_km": 3.7139336192600001, "LocalName": "", "ElementA": "w1pmtz232h", "ElementB": "w1pmv81tpk", "ReLation": "FlowsTo" }, "geometry": { "type": "MultiLineString", "coordinates": [ [ [ 100.454580489469521, 6.626453121093173 ], [ 100.454277817790086, 6.626557100917588 ], [ 100.454031457120777, 6.626817050478628 ], [ 100.453859004652259, 6.626976733780411 ], [ 100.453535216344008, 6.627043577953249 ], [ 100.45338388050429, 6.627043577953249 ], [ 100.453239583540835, 6.627099281430615 ], [ 100.453172714216308, 6.627192120559558 ], [ 100.453134000396844, 6.627362944556813 ], [ 100.453155117025645, 6.627511487163122 ], [ 100.453327569494164, 6.627626607683011 ], [ 100.453496502524544, 6.627700878986166 ], [ 100.453573930163472, 6.627830853766685 ], [ 100.453573930163472, 6.627960828547206 ], [ 100.453535216344008, 6.62800167776394 ], [ 100.453440191514417, 6.627979396372995 ], [ 100.453172714216308, 6.627860562287947 ], [ 100.452982664557126, 6.627719446811954 ], [ 100.452859484222472, 6.627682311160377 ], [ 100.452792614897945, 6.627719446811954 ], [ 100.452753901078481, 6.627756582463531 ], [ 100.452813731526746, 6.627867989418263 ], [ 100.452993222871527, 6.628101944023199 ], [ 100.453134000396844, 6.62837674784487 ], [ 100.453211428035772, 6.628592134624018 ], [ 100.453250141855236, 6.628852084185058 ], [ 100.453232544664573, 6.629108320180941 ], [ 100.4532888556747, 6.629256862787249 ], [ 100.453394438818691, 6.629342274785877 ], [ 100.453725266003204, 6.629557661565024 ], [ 100.453936432291187, 6.629761907648699 ], [ 100.453971626672512, 6.629951299471743 ], [ 100.453954029481849, 6.630099842078051 ], [ 100.453869562966659, 6.63011840990384 ], [ 100.453591527354135, 6.630018143644581 ], [ 100.453267739045899, 6.629895595994377 ], [ 100.452574409733685, 6.629546520869551 ], [ 100.452240063111049, 6.629360842611665 ], [ 100.451965546936677, 6.629208586440199 ], [ 100.451775497277495, 6.629219727135672 ], [ 100.451624161437778, 6.629275430613037 ], [ 100.451497461664985, 6.629305139134299 ], [ 100.451395397959118, 6.629286571308511 ], [ 100.451251100995663, 6.629152882962833 ], [ 100.451022337517017, 6.628985772530736 ], [ 100.450754860218908, 6.628863224880531 ], [ 100.450374760900544, 6.628714682274222 ], [ 100.450015778210968, 6.628655265231699 ], [ 100.449843325742449, 6.628684973752961 ], [ 100.449699028778994, 6.628733250100011 ], [ 100.449558251253677, 6.62881494853348 ], [ 100.449463226424086, 6.628911501227582 ], [ 100.449368201594496, 6.629048903138417 ], [ 100.44930837114623, 6.629342274785877 ], [ 100.449329487775032, 6.629698777041018 ], [ 100.449340046089432, 6.63011840990384 ], [ 100.44930837114623, 6.630456344333192 ], [ 100.449273176764905, 6.630664303982025 ], [ 100.449252060136104, 6.630953962064327 ], [ 100.449273176764905, 6.631161921713159 ], [ 100.449329487775032, 6.631358740666518 ], [ 100.449435070919023, 6.631574127445665 ], [ 100.449670873273931, 6.63182664987639 ], [ 100.449787014732323, 6.632090313002588 ], [ 100.449787014732323, 6.632220287783108 ], [ 100.449670873273931, 6.632409679606152 ], [ 100.44950194024355, 6.632502518735095 ], [ 100.449340046089432, 6.632465383083518 ], [ 100.44922390463104, 6.632368830389417 ], [ 100.449090165981985, 6.632090313002588 ], [ 100.448956427332931, 6.631882353353756 ], [ 100.448854363627063, 6.631815509180917 ], [ 100.448738222168672, 6.631837790571863 ], [ 100.448502419813764, 6.631893494049229 ], [ 100.448312370154582, 6.631856358397652 ], [ 100.448083606675937, 6.631722670051974 ], [ 100.447861882073553, 6.631666966574608 ], [ 100.447699987919435, 6.631666966574608 ], [ 100.447538093765303, 6.631741237877763 ], [ 100.447376199611185, 6.631893494049229 ], [ 100.447274135905332, 6.631975192482699 ], [ 100.447207266580804, 6.631975192482699 ], [ 100.44715799444694, 6.631930629700806 ], [ 100.447140397256277, 6.631722670051974 ], [ 100.44716855276134, 6.631481288316722 ], [ 100.447274135905332, 6.63114335388737 ], [ 100.447386757925585, 6.630983670585588 ], [ 100.447481782755176, 6.630812846588333 ], [ 100.447502899383977, 6.630541756331819 ], [ 100.447481782755176, 6.630382073030038 ], [ 100.447386757925585, 6.629914163820166 ], [ 100.447414913430649, 6.629602224346917 ], [ 100.447481782755176, 6.629331134090403 ], [ 100.447531054889041, 6.629182591484095 ], [ 100.44752049657464, 6.629134315137044 ], [ 100.447464185564513, 6.629041476008101 ], [ 100.447330446915458, 6.628985772530736 ], [ 100.44716855276134, 6.628993199661052 ], [ 100.447017216921623, 6.62906004383389 ], [ 100.446834206138703, 6.62906004383389 ], [ 100.446616000974444, 6.629041476008101 ], [ 100.446264057161144, 6.628788953577377 ], [ 100.446169032331554, 6.628562426102756 ], [ 100.44613031851209, 6.628179928891511 ], [ 100.446151435140891, 6.627916265765313 ], [ 100.446169032331554, 6.627589472031434 ], [ 100.446151435140891, 6.627314668209762 ], [ 100.446035293682499, 6.627166125603454 ], [ 100.445827646832655, 6.627013869431988 ], [ 100.445616480544672, 6.626902462477256 ], [ 100.445521455715081, 6.62671678421937 ], [ 100.445398275380413, 6.626508824570538 ], [ 100.445275095045758, 6.626471688918961 ], [ 100.445151914711104, 6.626508824570538 ], [ 100.444930190108721, 6.62666850787232 ], [ 100.44483516527913, 6.626835618304417 ], [ 100.44483516527913, 6.627013869431988 ], [ 100.444894995727395, 6.627240396906608 ], [ 100.444951306737522, 6.627411220903864 ], [ 100.444930190108721, 6.627492919337334 ], [ 100.444856281907931, 6.627615466987538 ], [ 100.444733101573277, 6.627745441768058 ], [ 100.444599362924222, 6.627964542112363 ], [ 100.444550090790358, 6.628168788196038 ], [ 100.444550090790358, 6.628339612193293 ], [ 100.444599362924222, 6.628495581929917 ], [ 100.44466623224875, 6.628629270275595 ], [ 100.444683829439413, 6.628759245056115 ], [ 100.444627518429286, 6.628892933401793 ], [ 100.444511376970894, 6.629022908182313 ], [ 100.444321327311712, 6.62919001861441 ], [ 100.443846203163744, 6.629546520869551 ], [ 100.443677270133364, 6.629754480518383 ], [ 100.443353481825113, 6.630222389728256 ], [ 100.443142315537131, 6.630393213725511 ], [ 100.443008576888076, 6.630534329201504 ], [ 100.442934668687286, 6.630823987283806 ], [ 100.442846682733958, 6.631065369019058 ], [ 100.442667191389177, 6.631180489538947 ], [ 100.442438427910531, 6.631199057364736 ], [ 100.442265975442012, 6.631291896493678 ], [ 100.442132236792958, 6.631444152665146 ], [ 100.442037211963367, 6.631666966574608 ], [ 100.441896434438036, 6.631741237877763 ], [ 100.441713423655116, 6.631863785527967 ], [ 100.441600801634863, 6.631930629700806 ], [ 100.441456504671407, 6.632053177351011 ], [ 100.441277013326626, 6.632116307958692 ], [ 100.44103769153358, 6.632194292827005 ], [ 100.440858200188799, 6.632287131955947 ], [ 100.440650553338941, 6.632376257519732 ] ] ] } },
{ "type": "Feature", "properties": { "id": null, "EL_Hash": "w1pmwn8yf3", "ORDERRIVER_Name_T": 5, "HY_Name_T": "คลองสะเดา", "EL_Name": "คลองสะเดาn8yf3", "Lat": 6.6286683956900001, "Long": 100.460116547, "Length_km": 1.45964034806, "LocalName": "", "ElementA": "w1pmwn8yf3", "ElementB": "w1pmtz232h", "ReLation": "FlowsTo" }, "geometry": { "type": "MultiLineString", "coordinates": [ [ [ 100.464470110623381, 6.62593693553625 ], [ 100.464297658154862, 6.62601863396972 ], [ 100.464072414114341, 6.62601863396972 ], [ 100.463653600976514, 6.626048342490981 ], [ 100.462777260881381, 6.626066910316769 ], [ 100.462499225268871, 6.626122613794135 ], [ 100.462214150780099, 6.626256302139813 ], [ 100.461900920786249, 6.62655338735243 ], [ 100.461844609776122, 6.626620231525269 ], [ 100.461672157307603, 6.626828191174102 ], [ 100.461471549334021, 6.62702501012746 ], [ 100.46129205798924, 6.627080713604826 ], [ 100.46119703315965, 6.627051005083564 ], [ 100.461147761025785, 6.626891321781783 ], [ 100.461035139005531, 6.62666850787232 ], [ 100.460767661707422, 6.626657367176847 ], [ 100.46060576755329, 6.62684675899989 ], [ 100.460549456543163, 6.627344376731024 ], [ 100.460454431713572, 6.627511487163122 ], [ 100.460303095873854, 6.627615466987538 ], [ 100.460236226549327, 6.627756582463531 ], [ 100.46026438205439, 6.628053667676149 ], [ 100.460274940368791, 6.628120511848987 ], [ 100.46025382373999, 6.628495581929917 ], [ 100.460074332395209, 6.628722109404538 ], [ 100.45989132161229, 6.628889219836635 ], [ 100.459606247123517, 6.629022908182313 ], [ 100.459303575444068, 6.628985772530736 ], [ 100.459053695336621, 6.628796380707692 ], [ 100.458694712647059, 6.628402742800974 ], [ 100.458159758050826, 6.627793718115108 ], [ 100.457315092898895, 6.627240396906608 ], [ 100.456723827292549, 6.626835618304417 ], [ 100.456171275505667, 6.626490256744749 ], [ 100.455847487197417, 6.626360281964229 ], [ 100.455657437538235, 6.626319432747494 ], [ 100.455256221591071, 6.626330573442967 ], [ 100.454999302607362, 6.626367709094545 ], [ 100.454580489469521, 6.626453121093173 ] ] ] } },
{ "type": "Feature", "properties": { "id": null, "EL_Hash": "w1pmwn583q", "ORDERRIVER_Name_T": 5, "HY_Name_T": "คลองสะเดา", "EL_Name": "คลองสะเดาn583q", "Lat": 6.62483162901, "Long": 100.46385412799999, "Length_km": 0.3044133682, "LocalName": "", "ElementA": "w1pmwn583q", "ElementB": "w1pmwn8yf3", "ReLation": "FlowsTo" }, "geometry": { "type": "MultiLineString", "coordinates": [ [ [ 100.464536979947908, 6.623712510006777 ], [ 100.464470110623381, 6.623749645658354 ], [ 100.464413799613254, 6.623805349135719 ], [ 100.46437508579379, 6.623946464611713 ], [ 100.464308216469263, 6.624087580087706 ], [ 100.464230788830335, 6.624154424260545 ], [ 100.464005544789813, 6.624351243213904 ], [ 100.463928117150886, 6.624481217994424 ], [ 100.463843650635695, 6.624726313294834 ], [ 100.463861247826358, 6.624893423726931 ], [ 100.463973869846612, 6.625053107028712 ], [ 100.464195594448995, 6.625205363200179 ], [ 100.464431396803917, 6.625465312761219 ], [ 100.464519382757246, 6.625721548757102 ], [ 100.464519382757246, 6.625862664233095 ], [ 100.464470110623381, 6.62593693553625 ] ] ] } },
{ "type": "Feature", "properties": { "id": null, "EL_Hash": "w1pmwkex89", "ORDERRIVER_Name_T": 5, "HY_Name_T": "คลองสะเดา", "EL_Name": "คลองสะเดาkex89", "Lat": 6.6178109088300001, "Long": 100.47480856, "Length_km": 4.0942978226799998, "LocalName": "", "ElementA": "w1pmwkex89", "ElementB": "w1pmwn583q", "ReLation": "FlowsTo" }, "geometry": { "type": "MultiLineString", "coordinates": [ [ [ 100.47643268083759, 6.610202559962999 ], [ 100.476330617131737, 6.610518213001404 ], [ 100.476284864435996, 6.610729886215394 ], [ 100.476210956235207, 6.610830152474652 ], [ 100.476119450843754, 6.610859860995914 ], [ 100.475968115004022, 6.610811584648864 ], [ 100.475827337478705, 6.610685323433501 ], [ 100.475612651752584, 6.61054049439235 ], [ 100.475376849397676, 6.610328821178361 ], [ 100.475221994119821, 6.610291685526784 ], [ 100.475070658280103, 6.610206273528156 ], [ 100.474936919631048, 6.610206273528156 ], [ 100.474831336487057, 6.610284258396468 ], [ 100.474824297610795, 6.610451368828565 ], [ 100.474803180981993, 6.610581343609086 ], [ 100.474834855925195, 6.610752167606341 ], [ 100.474891166935322, 6.610863574561072 ], [ 100.475081216594504, 6.610993549341592 ], [ 100.475214955243558, 6.611071534209905 ], [ 100.475500029732331, 6.611275780293579 ], [ 100.475700637705913, 6.611613714722931 ], [ 100.475728793210976, 6.611791965850502 ], [ 100.475707676582189, 6.612007352629649 ], [ 100.475672482200849, 6.612215312278481 ], [ 100.475633768381385, 6.612419558362156 ], [ 100.475633768381385, 6.612553246707834 ], [ 100.475746390401653, 6.612813196268874 ], [ 100.475957556689622, 6.612984020266129 ], [ 100.47608073702429, 6.613021155917706 ], [ 100.476186320168281, 6.613021155917706 ], [ 100.476316539379198, 6.613028583048021 ], [ 100.476383408703725, 6.61304715087381 ], [ 100.47643268083759, 6.613125135742123 ], [ 100.476460836342653, 6.613303386869693 ], [ 100.47644323915199, 6.613451929476001 ], [ 100.4763482143224, 6.613526200779156 ], [ 100.476186320168281, 6.613581904256522 ], [ 100.475556340742457, 6.613563336430733 ], [ 100.475281824568086, 6.613659889124833 ], [ 100.475014347269976, 6.613641321299045 ], [ 100.474863011430259, 6.613544768604944 ], [ 100.474718714466803, 6.613377658172848 ], [ 100.474584975817749, 6.613199407045276 ], [ 100.47437732896789, 6.612891181137186 ], [ 100.474282304138299, 6.612813196268874 ], [ 100.474127448860443, 6.612813196268874 ], [ 100.473976113020726, 6.612898608267502 ], [ 100.473824777181008, 6.613028583048021 ], [ 100.47374734954208, 6.613188266349804 ], [ 100.473740310665818, 6.613377658172848 ], [ 100.473786063361544, 6.613678456950622 ], [ 100.47410985166978, 6.614231778159122 ], [ 100.474194318184971, 6.614372893635116 ], [ 100.474233032004435, 6.614558571893001 ], [ 100.474166162679907, 6.614729395890256 ], [ 100.473976113020726, 6.61500048614677 ], [ 100.473740310665818, 6.615319852750334 ], [ 100.47367344134129, 6.615516671703693 ], [ 100.47367344134129, 6.615639219353898 ], [ 100.473852932686071, 6.615769194134417 ], [ 100.474159123803645, 6.615873173958834 ], [ 100.474321017957763, 6.615973440218092 ], [ 100.474349173462826, 6.616095987868297 ], [ 100.474338615148426, 6.616248244039763 ], [ 100.474225993128172, 6.616303947517129 ], [ 100.473976113020726, 6.616303947517129 ], [ 100.47366288302689, 6.616255671170078 ], [ 100.473226472698386, 6.616162832041136 ], [ 100.47298715090534, 6.61610712856377 ], [ 100.472892126075749, 6.61610712856377 ], [ 100.472881567761348, 6.616144264215347 ], [ 100.473092734049331, 6.616396786646072 ], [ 100.473339094718639, 6.616808992378578 ], [ 100.473500988872772, 6.617005811331937 ], [ 100.473578416511685, 6.617061514809303 ], [ 100.473719194037017, 6.617042946983515 ], [ 100.473814218866607, 6.616883263681733 ], [ 100.473919802010599, 6.61666044977227 ], [ 100.474053540659654, 6.61661217342522 ], [ 100.474120409984181, 6.616623314120693 ], [ 100.474187279308708, 6.616690158293531 ], [ 100.474254148633236, 6.616912972202995 ], [ 100.474282304138299, 6.617016952027411 ], [ 100.474423081663616, 6.61716549463372 ], [ 100.474651845142276, 6.617221198111086 ], [ 100.474841894801457, 6.617317750805186 ], [ 100.474929880754786, 6.617570273235911 ], [ 100.474880608620921, 6.617729956537692 ], [ 100.474746869971867, 6.617878499144002 ], [ 100.474549781436409, 6.617971338272945 ], [ 100.474405484472953, 6.618160730095988 ], [ 100.4742928624527, 6.618442961047974 ], [ 100.474310459643362, 6.618647207131649 ], [ 100.474366770653489, 6.618892302432059 ], [ 100.474328056834025, 6.619137397732468 ], [ 100.474254148633236, 6.619200528340149 ], [ 100.474159123803645, 6.619219096165938 ], [ 100.474035943468991, 6.619163392688572 ], [ 100.473740310665818, 6.618929438083636 ], [ 100.473645285836213, 6.618702910609015 ], [ 100.473617130331149, 6.618049323141256 ], [ 100.473529144377835, 6.617755951493796 ], [ 100.47336021134744, 6.617503429063072 ], [ 100.473166642250121, 6.617336318630975 ], [ 100.472846373380023, 6.617184062459508 ], [ 100.472557779453112, 6.61716549463372 ], [ 100.47232197709819, 6.617158067503405 ], [ 100.472149524629671, 6.617035519853199 ], [ 100.471948916656089, 6.616883263681733 ], [ 100.471815178007034, 6.616808992378578 ], [ 100.471625128347853, 6.616820133074052 ], [ 100.471417481498008, 6.616864695855944 ], [ 100.470970512855104, 6.617072655504777 ], [ 100.470636166232467, 6.61734374576129 ], [ 100.470389805563158, 6.617681680190643 ], [ 100.469826695461862, 6.61845038817829 ], [ 100.469685917936545, 6.618725191999961 ], [ 100.46956273760189, 6.618948005909425 ], [ 100.469407882324035, 6.619193101209834 ], [ 100.46918967715979, 6.619575598421078 ], [ 100.469020744129395, 6.620054648326424 ], [ 100.46888700548034, 6.620392582755777 ], [ 100.468742708516885, 6.620730517185129 ], [ 100.468675839192358, 6.621153863613109 ], [ 100.468601930991568, 6.621744320473185 ], [ 100.468506906161977, 6.622100822728327 ], [ 100.468352050884121, 6.622360772289367 ], [ 100.467926198870032, 6.62279525941282 ], [ 100.46749682741779, 6.62305520897386 ], [ 100.467095611470626, 6.623133193842173 ], [ 100.466926678440245, 6.623133193842173 ], [ 100.466810536981853, 6.623207465145327 ], [ 100.4666979149616, 6.623393143403213 ], [ 100.466659201142136, 6.62352683174889 ], [ 100.466726070466663, 6.623686515050673 ], [ 100.466810536981853, 6.623705082876461 ], [ 100.466905561811444, 6.623645665833937 ], [ 100.466982989450372, 6.623515691053417 ], [ 100.4670604170893, 6.623489696097313 ], [ 100.467162480795153, 6.623497123227629 ], [ 100.467211752929018, 6.623601103052045 ], [ 100.46722935011968, 6.623823916961507 ], [ 100.466972431135972, 6.62403187661034 ], [ 100.466620487322672, 6.62408015295739 ], [ 100.466430437663476, 6.624069012261917 ], [ 100.465803977675805, 6.624087580087706 ], [ 100.465469631053168, 6.624013308784551 ], [ 100.464966351400136, 6.623797922005404 ], [ 100.464716471292689, 6.623723650702249 ], [ 100.464536979947908, 6.623712510006777 ] ] ] } },
{ "type": "Feature", "properties": { "id": null, "EL_Hash": "w1pmw7kfb4", "ORDERRIVER_Name_T": 5, "HY_Name_T": "คลองสะเดา", "EL_Name": "คลองสะเดา7kfb4", "Lat": 6.6101329412699998, "Long": 100.47649566699999, "Length_km": 0.02119244052, "LocalName": "", "ElementA": "w1pmw7kfb4", "ElementB": "w1pmwkex89", "ReLation": "FlowsTo" }, "geometry": { "type": "MultiLineString", "coordinates": [ [ [ 100.476559380610382, 6.610061444487005 ], [ 100.47643268083759, 6.610202559962999 ] ] ] } },
{ "type": "Feature", "properties": { "id": null, "EL_Hash": "w1pmw6x759", "ORDERRIVER_Name_T": 5, "HY_Name_T": "คลองสะเดา", "EL_Name": "คลองสะเดา6x759", "Lat": 6.6060553395200001, "Long": 100.480078347, "Length_km": 1.25928068461, "LocalName": "", "ElementA": "w1pmw6x759", "ElementB": "w1pmw7kfb4", "ReLation": "FlowsTo" }, "geometry": { "type": "MultiLineString", "coordinates": [ [ [ 100.480272387840742, 6.601806189141398 ], [ 100.480001391104494, 6.601917596096129 ], [ 100.479853574702901, 6.601991867399284 ], [ 100.479705758301321, 6.602084706528227 ], [ 100.479575539090391, 6.602262957655797 ], [ 100.479512189204002, 6.602474630869787 ], [ 100.479484033698938, 6.602638027736726 ], [ 100.479522747518402, 6.60286084164619 ], [ 100.479540344709065, 6.603042806338918 ], [ 100.479617772347993, 6.603228484596804 ], [ 100.479730394368246, 6.60338074076827 ], [ 100.479871171893578, 6.603429017115321 ], [ 100.480064740990883, 6.603417876419847 ], [ 100.480289985031405, 6.60338074076827 ], [ 100.480458918061785, 6.603388167898586 ], [ 100.480606734463379, 6.603477293462371 ], [ 100.480663045473506, 6.603551564765525 ], [ 100.480684162102307, 6.603651831024784 ], [ 100.480571540082053, 6.603882072064563 ], [ 100.480406126489797, 6.604216292928757 ], [ 100.480258310088203, 6.604465101794324 ], [ 100.480131610315411, 6.60473247848568 ], [ 100.480064740990883, 6.605007282307351 ], [ 100.480089377057823, 6.605768563164683 ], [ 100.48008233818156, 6.606028512725723 ], [ 100.480047143800221, 6.606329311503498 ], [ 100.479723355491984, 6.606986612536415 ], [ 100.479381969993085, 6.607484230267548 ], [ 100.479269347972817, 6.607614205048069 ], [ 100.479103934380575, 6.607762747654378 ], [ 100.479001870674708, 6.60788900886974 ], [ 100.478621771356345, 6.608353204514454 ], [ 100.478435241135287, 6.608546309902656 ], [ 100.478083297321987, 6.608943661374532 ], [ 100.47774895069935, 6.60930387719483 ], [ 100.47746035677244, 6.609444992670824 ], [ 100.477080257454062, 6.609537831799766 ], [ 100.476950038243146, 6.609519263973978 ], [ 100.476819819032229, 6.609485841887559 ], [ 100.476745910831426, 6.609522977539136 ], [ 100.476672002630636, 6.609742077883442 ], [ 100.476559380610382, 6.610061444487005 ] ] ] } },
{ "type": "Feature", "properties": { "id": null, "EL_Hash": "w1pmw9544j", "ORDERRIVER_Name_T": 5, "HY_Name_T": "คลองสะเดา", "EL_Name": "คลองสะเดา9544j", "Lat": 6.5976654765099996, "Long": 100.485165169, "Length_km": 3.1193321796800002, "LocalName": "", "ElementA": "w1pmw9544j", "ElementB": "w1pmw6x759", "ReLation": "FlowsTo" }, "geometry": { "type": "MultiLineString", "coordinates": [ [ [ 100.487452041632153, 6.588960967260852 ], [ 100.487304225230559, 6.589079801345899 ], [ 100.487269030849234, 6.589246911777995 ], [ 100.487307744668698, 6.589807660116811 ], [ 100.487705441177724, 6.590713770015294 ], [ 100.487867335331842, 6.591155684269063 ], [ 100.487941243532646, 6.591411920264946 ], [ 100.487906049151306, 6.591541895045466 ], [ 100.48778638825479, 6.591653302000197 ], [ 100.487554105338006, 6.591690437651774 ], [ 100.487420366688951, 6.591671869825985 ], [ 100.487254953096695, 6.591619879913778 ], [ 100.487170486581505, 6.591638447739566 ], [ 100.487114175571378, 6.591683010521459 ], [ 100.487050825684975, 6.591831553127768 ], [ 100.487005072989248, 6.592032085646284 ], [ 100.486998034112986, 6.592418296422687 ], [ 100.48695228141726, 6.592648537462465 ], [ 100.48696283973166, 6.592908487023506 ], [ 100.487019150741787, 6.5931461551936 ], [ 100.487265511411096, 6.593584355882211 ], [ 100.487501313766003, 6.593970566658613 ], [ 100.487670246796398, 6.594245370480285 ], [ 100.487782868816652, 6.594390199521436 ], [ 100.487997554542773, 6.594546169258059 ], [ 100.488110176563026, 6.594746701776576 ], [ 100.488085540496101, 6.594865535861623 ], [ 100.48787085476998, 6.595106917596874 ], [ 100.487687843987061, 6.595385434983704 ], [ 100.487420366688951, 6.595901620540626 ], [ 100.487328861297485, 6.596168997231982 ], [ 100.487142331076441, 6.596473509574915 ], [ 100.487012111865511, 6.596566348703858 ], [ 100.486892450968995, 6.59667775565859 ], [ 100.486807984453804, 6.596804016873952 ], [ 100.486790387263142, 6.596933991654472 ], [ 100.486790387263142, 6.597108529216885 ], [ 100.486857256587669, 6.597245931127721 ], [ 100.487015631303649, 6.59740932799466 ], [ 100.487082500628176, 6.597509594253919 ], [ 100.487131772762041, 6.597684131816331 ], [ 100.487152889390842, 6.598118618939784 ], [ 100.487124733885778, 6.598404563456929 ], [ 100.487100097818839, 6.598623663801233 ], [ 100.487026189618049, 6.598798201363646 ], [ 100.486913567597796, 6.598883613362274 ], [ 100.486793906701266, 6.598928176144167 ], [ 100.486670726366611, 6.598946743969956 ], [ 100.486505312774355, 6.598894754057747 ], [ 100.486315263115173, 6.598757352146912 ], [ 100.486072421883989, 6.598619950236076 ], [ 100.485716958632551, 6.598293156502197 ], [ 100.485491714592044, 6.598126046070099 ], [ 100.485220717855796, 6.597769543814959 ], [ 100.485058823701678, 6.59745760434171 ], [ 100.484935643367024, 6.597219936171617 ], [ 100.484844137975557, 6.597138237738147 ], [ 100.484759671460367, 6.597167946259408 ], [ 100.484685763259577, 6.597257071823194 ], [ 100.484647049440113, 6.597416755124976 ], [ 100.484622413373174, 6.597754689554328 ], [ 100.484622413373174, 6.598077769723049 ], [ 100.484731515955303, 6.598694221539231 ], [ 100.48470336045024, 6.599006161012479 ], [ 100.48458369955371, 6.599381231093409 ], [ 100.484361974951341, 6.599771155434969 ], [ 100.484214158549747, 6.599938265867066 ], [ 100.48403818664309, 6.600057099952113 ], [ 100.48379534541192, 6.600149939081056 ], [ 100.483647529010327, 6.600187074732633 ], [ 100.483580659685799, 6.600161079776529 ], [ 100.483552504180736, 6.599986542214117 ], [ 100.483636970695926, 6.599730306218234 ], [ 100.483865734174572, 6.599314386920569 ], [ 100.484080419900693, 6.599009874577637 ], [ 100.484105055967618, 6.598879899797116 ], [ 100.484059303271891, 6.598787060668173 ], [ 100.483907967432174, 6.598716502930177 ], [ 100.48374959271618, 6.598605095975445 ], [ 100.483489154294347, 6.598534538237448 ], [ 100.483207599243698, 6.598590241714814 ], [ 100.482911966440525, 6.598775919972701 ], [ 100.482697280714405, 6.599017301707952 ], [ 100.482531867122148, 6.599303246225096 ], [ 100.482433322854433, 6.599771155434969 ], [ 100.482391089596831, 6.600369039425361 ], [ 100.482334778586704, 6.600536149857459 ], [ 100.482317181396041, 6.60081095367913 ], [ 100.482292545329102, 6.601104325326589 ], [ 100.482246792633376, 6.601401410539207 ], [ 100.482183442746987, 6.601620510883512 ], [ 100.482035626345393, 6.601843324792975 ], [ 100.481915965448877, 6.602118128614646 ], [ 100.481842057248073, 6.602340942524109 ], [ 100.481806862866748, 6.602708585474724 ], [ 100.481715357475281, 6.602883123037136 ], [ 100.481567541073701, 6.603068801295022 ], [ 100.481444360739047, 6.603169067554281 ], [ 100.481331738718779, 6.603180208249753 ], [ 100.481222636136664, 6.603124504772388 ], [ 100.481138169621474, 6.603005670687341 ], [ 100.481071300296946, 6.602786570343036 ], [ 100.481085378049471, 6.602474630869787 ], [ 100.481046664230007, 6.602151550701066 ], [ 100.480972756029217, 6.601995580964442 ], [ 100.48078622580816, 6.601876746879395 ], [ 100.480596176148978, 6.601776480620137 ], [ 100.480448359747385, 6.601787621315609 ], [ 100.480272387840742, 6.601806189141398 ] ] ] } },
{ "type": "Feature", "properties": { "id": null, "EL_Hash": "w1pmqwxe1w", "ORDERRIVER_Name_T": 5, "HY_Name_T": "คลองสะเดา", "EL_Name": "คลองสะเดาwxe1w", "Lat": 6.5841082098700001, "Long": 100.491330166, "Length_km": 3.1026092379, "LocalName": "", "ElementA": "w1pmqwxe1w", "ElementB": "w1pmw9544j", "ReLation": "FlowsTo" }, "geometry": { "type": "MultiLineString", "coordinates": [ [ [ 100.50385614277026, 6.580215521314425 ], [ 100.503740001311868, 6.580211807749268 ], [ 100.503549951652687, 6.580222948444741 ], [ 100.503268396602039, 6.58045318948452 ], [ 100.502560989537301, 6.580969375041443 ], [ 100.502367420439981, 6.581162480429644 ], [ 100.502145695837598, 6.58147813346805 ], [ 100.501952126740278, 6.581790072941298 ], [ 100.501797271462422, 6.581968324068868 ], [ 100.501621299555779, 6.582072303893285 ], [ 100.501392536077134, 6.582105725979704 ], [ 100.501061708892621, 6.582035168241708 ], [ 100.500878698109702, 6.582001746155288 ], [ 100.50067809013612, 6.581986891894657 ], [ 100.50051971542014, 6.582024027546234 ], [ 100.500178329921226, 6.582053736067496 ], [ 100.499998838576445, 6.582046308937181 ], [ 100.499622258696206, 6.582035168241708 ], [ 100.498823346240002, 6.581897766330872 ], [ 100.498689607590947, 6.581886625635399 ], [ 100.498031472660074, 6.581860630679294 ], [ 100.497633776151034, 6.581894052765715 ], [ 100.497288871213996, 6.581972037634026 ], [ 100.496620177968722, 6.582332253454325 ], [ 100.495437646756017, 6.582881861097667 ], [ 100.494399412506766, 6.583230936222493 ], [ 100.493234478484737, 6.583535448565426 ], [ 100.492368696704006, 6.583661709780788 ], [ 100.491879494803513, 6.583683991171735 ], [ 100.491457162227547, 6.583665423345946 ], [ 100.491302306949692, 6.583899377950882 ], [ 100.491372695712357, 6.58442299063812 ], [ 100.491344540207294, 6.584515829767064 ], [ 100.491344540207294, 6.584645804547583 ], [ 100.491488837170749, 6.585444221056493 ], [ 100.491527550990213, 6.585756160529741 ], [ 100.491481798294487, 6.585867567484472 ], [ 100.49139029290302, 6.585941838787627 ], [ 100.491203762681977, 6.585960406613416 ], [ 100.491073543471046, 6.585923270961838 ], [ 100.490904610440666, 6.585804436876791 ], [ 100.490718080219608, 6.585652180705325 ], [ 100.490415408540173, 6.585340241232077 ], [ 100.490183125623389, 6.585195412190926 ], [ 100.490003634278608, 6.585158276539349 ], [ 100.489799506866888, 6.585195412190926 ], [ 100.489669287655957, 6.585325386971446 ], [ 100.489644651589032, 6.585518492359647 ], [ 100.489690404284758, 6.585637326444694 ], [ 100.489803026305026, 6.585730165573637 ], [ 100.489898051134617, 6.585886135310261 ], [ 100.489898051134617, 6.586105235654567 ], [ 100.48988045394394, 6.586298341042768 ], [ 100.489919167763404, 6.586435742953603 ], [ 100.490066984164997, 6.58647287860518 ], [ 100.490151450680187, 6.586454310779392 ], [ 100.490411889102035, 6.586268632521506 ], [ 100.490626574828156, 6.586056959307516 ], [ 100.490718080219608, 6.586071813568147 ], [ 100.490756794039072, 6.58616465269709 ], [ 100.490739196848409, 6.586450597214235 ], [ 100.490799027296674, 6.587148747463885 ], [ 100.490799027296674, 6.587278722244405 ], [ 100.490802546734798, 6.587542385370603 ], [ 100.490784949544135, 6.587858038409009 ], [ 100.490693444152683, 6.588121701535207 ], [ 100.490517472246026, 6.588437354573613 ], [ 100.490323903148706, 6.588585897179922 ], [ 100.490211281128452, 6.588734439786231 ], [ 100.49015848955645, 6.588908977348644 ], [ 100.490176086747127, 6.589027811433691 ], [ 100.490306305958043, 6.589154072649053 ], [ 100.490457641797761, 6.589235771082523 ], [ 100.490552666627352, 6.589410308644935 ], [ 100.490535069436689, 6.589566278381559 ], [ 100.490478758426562, 6.589707393857553 ], [ 100.490274631014842, 6.589870790724492 ], [ 100.489788948552487, 6.589967343418593 ], [ 100.489053385982686, 6.590145594546164 ], [ 100.488923166771755, 6.590075036808167 ], [ 100.488821103065902, 6.589971056983751 ], [ 100.488736636550712, 6.589818800812284 ], [ 100.488602897901657, 6.589495720643563 ], [ 100.488479717566989, 6.589395454384305 ], [ 100.488370614984873, 6.589414022210093 ], [ 100.488296706784084, 6.589506861339036 ], [ 100.48822279858328, 6.589573705511875 ], [ 100.488110176563026, 6.58958113264219 ], [ 100.487948282408908, 6.589436303601039 ], [ 100.487835660388654, 6.589217203256734 ], [ 100.48758226084307, 6.58897953508664 ], [ 100.487452041632153, 6.588960967260852 ] ] ] } },
{ "type": "Feature", "properties": { "id": null, "EL_Hash": "w1pmrjbugh", "ORDERRIVER_Name_T": 5, "HY_Name_T": "คลองสะเดา", "EL_Name": "คลองสะเดาjbugh", "Lat": 6.5802754265100001, "Long": 100.504094577, "Length_km": 0.05566792073, "LocalName": "", "ElementA": "w1pmrjbugh", "ElementB": "w1pmqwxe1w", "ReLation": "FlowsTo" }, "geometry": { "type": "MultiLineString", "coordinates": [ [ [ 100.504324228041952, 6.580364063920735 ], [ 100.504281994784364, 6.580364063920735 ], [ 100.504144736697171, 6.580297219747895 ], [ 100.503968764790514, 6.580219234879584 ], [ 100.50385614277026, 6.580215521314425 ] ] ] } },
{ "type": "Feature", "properties": { "id": null, "EL_Hash": "w1pmrje58h", "ORDERRIVER_Name_T": 5, "HY_Name_T": "คลองสะเดา", "EL_Name": "คลองสะเดาje58h", "Lat": 6.5786876453999996, "Long": 100.50705905300001, "Length_km": 0.75879675043999995, "LocalName": "", "ElementA": "w1pmrje58h", "ElementB": "w1pmrjbugh", "ReLation": "FlowsTo" }, "geometry": { "type": "MultiLineString", "coordinates": [ [ [ 100.508881900424242, 6.576420257723238 ], [ 100.508723525708263, 6.576461106939973 ], [ 100.508551073239744, 6.576490815461234 ], [ 100.508441970657614, 6.57653166467797 ], [ 100.508389179085611, 6.576591081720493 ], [ 100.508382140209349, 6.576672780153963 ], [ 100.508533476049067, 6.576988433192369 ], [ 100.508568670430407, 6.577259523448882 ], [ 100.508515878858404, 6.577467483097714 ], [ 100.508399737400012, 6.577660588485916 ], [ 100.508227284931493, 6.57781655822254 ], [ 100.508023157519787, 6.57794653300306 ], [ 100.507780316288603, 6.578054226392634 ], [ 100.50748468348543, 6.57815820621705 ], [ 100.507298153264372, 6.578273326736939 ], [ 100.50712218135773, 6.578585266210188 ], [ 100.507009559337462, 6.578767230902915 ], [ 100.506854704059606, 6.578889778553121 ], [ 100.50674560147749, 6.578960336291117 ], [ 100.506537954627632, 6.578978904116906 ], [ 100.506273996767661, 6.579001185507852 ], [ 100.506073388794078, 6.579112592462583 ], [ 100.505932611268747, 6.579342833502362 ], [ 100.505802392057831, 6.579368828458466 ], [ 100.505626420151174, 6.579383682719097 ], [ 100.505432851053868, 6.579398536979728 ], [ 100.505288554090413, 6.579446813326778 ], [ 100.505197048698946, 6.579543366020879 ], [ 100.505137218250681, 6.579669627236242 ], [ 100.505094984993093, 6.579807029147076 ], [ 100.504996440725364, 6.579929576797282 ], [ 100.504584666463799, 6.580200667053795 ], [ 100.504457966691007, 6.580312074008527 ], [ 100.504369980737678, 6.580364063920735 ], [ 100.504324228041952, 6.580364063920735 ] ] ] } },
{ "type": "Feature", "properties": { "id": null, "EL_Hash": "w1pmr6gurd", "ORDERRIVER_Name_T": 5, "HY_Name_T": "คลองสะเดา", "EL_Name": "คลองสะเดา6gurd", "Lat": 6.5636998336800003, "Long": 100.519397957, "Length_km": 6.2620786223199998, "LocalName": "", "ElementA": "w1pmr6gurd", "ElementB": "w1pmrje58h", "ReLation": "FlowsTo" }, "geometry": { "type": "MultiLineString", "coordinates": [ [ [ 100.524156261921647, 6.546314384989619 ], [ 100.524135145292846, 6.546388656292772 ], [ 100.523959173386203, 6.546563193855185 ], [ 100.52395213450994, 6.546878846893591 ], [ 100.523579074067825, 6.547458163058196 ], [ 100.523195455311324, 6.548271433827736 ], [ 100.522892783631889, 6.548561091910038 ], [ 100.522523242627912, 6.548880458513602 ], [ 100.522414140045797, 6.548977011207702 ], [ 100.522129065557024, 6.54906242320633 ], [ 100.522027001851157, 6.54906242320633 ], [ 100.521921418707166, 6.549040141815383 ], [ 100.521858068820777, 6.548958443381913 ], [ 100.521819355001313, 6.548887885643917 ], [ 100.52180175781065, 6.548646503908666 ], [ 100.521731369047984, 6.548486820606883 ], [ 100.521636344218393, 6.548382840782468 ], [ 100.521467411187999, 6.548327137305102 ], [ 100.52129495871948, 6.54833085087026 ], [ 100.521101389622174, 6.548338278000575 ], [ 100.52101692310697, 6.548393981477941 ], [ 100.521006364792584, 6.548535096953934 ], [ 100.521087311869636, 6.548757910863397 ], [ 100.521273842090693, 6.549088418162434 ], [ 100.521865107697039, 6.549652880066407 ], [ 100.522002365784232, 6.549849699019766 ], [ 100.522037560165558, 6.550042804407967 ], [ 100.521974210279168, 6.550206201274907 ], [ 100.521829913315713, 6.55029904040385 ], [ 100.521418139054148, 6.550094794320175 ], [ 100.520886703896053, 6.550124502841437 ], [ 100.520826873447788, 6.550176492753645 ], [ 100.520809276257125, 6.550276759012903 ], [ 100.520844470638451, 6.550492145792052 ], [ 100.520960612096843, 6.550655542658991 ], [ 100.521301997595756, 6.551082602652128 ], [ 100.52140406130161, 6.551286848735803 ], [ 100.521368866920284, 6.551461386298215 ], [ 100.521256244900016, 6.551602501774209 ], [ 100.521073234117111, 6.551695340903152 ], [ 100.520953573220581, 6.551810461423041 ], [ 100.520904301086716, 6.551944149768719 ], [ 100.520946534344318, 6.552222667155548 ], [ 100.520981728725644, 6.552649727148685 ], [ 100.520777601313924, 6.553247611139078 ], [ 100.52065442097927, 6.553466711483384 ], [ 100.520626265474206, 6.553722947479266 ], [ 100.520643862664869, 6.554027459822199 ], [ 100.520847990076589, 6.554473087641125 ], [ 100.520911339962979, 6.554792454244689 ], [ 100.520876145581653, 6.555063544501202 ], [ 100.5207740818758, 6.55524550919393 ], [ 100.520615707159806, 6.555349489018346 ], [ 100.520115946944912, 6.555356916148662 ], [ 100.519813275265477, 6.555338348322874 ], [ 100.519538759091091, 6.555561162232336 ], [ 100.519464850890301, 6.555642860665806 ], [ 100.5194331759471, 6.555728272664433 ], [ 100.5194437342615, 6.555843393184323 ], [ 100.519464850890301, 6.555977081530001 ], [ 100.519493006395365, 6.556121910571152 ], [ 100.519556356281768, 6.556233317525884 ], [ 100.519665458863884, 6.556374433001876 ], [ 100.519749925379074, 6.55656382482492 ], [ 100.519732328188411, 6.556690086040282 ], [ 100.519302956736183, 6.557351100638356 ], [ 100.51891229910342, 6.557659326546447 ], [ 100.518813754835691, 6.557767019936021 ], [ 100.518771521578088, 6.557874713325594 ], [ 100.518753924387426, 6.557982406715168 ], [ 100.518775041016227, 6.558060391583481 ], [ 100.518884143598356, 6.558212647754947 ], [ 100.51955283684363, 6.558702838355766 ], [ 100.519978688857734, 6.559133611914061 ], [ 100.520249685593967, 6.559397275040259 ], [ 100.520450293567549, 6.559712928078665 ], [ 100.520464371320088, 6.559872611380447 ], [ 100.520425657500624, 6.560006299726124 ], [ 100.520341190985434, 6.56012884737633 ], [ 100.520239127279567, 6.560251395026534 ], [ 100.520126505259313, 6.560310812069058 ], [ 100.520020922115322, 6.560362801981266 ], [ 100.519932936161993, 6.560344234155477 ], [ 100.519859027961203, 6.560318239199373 ], [ 100.519781600322275, 6.560470495370839 ], [ 100.519725289312149, 6.560971826667132 ], [ 100.519707692121486, 6.561287479705538 ], [ 100.519630264482558, 6.561406313790584 ], [ 100.519535239652967, 6.56157713778784 ], [ 100.519521161900428, 6.561684831177413 ], [ 100.519545797967368, 6.561781383871514 ], [ 100.519781600322275, 6.561944780738453 ], [ 100.519989247172134, 6.562108177605393 ], [ 100.520175777393177, 6.562397835687695 ], [ 100.520239127279567, 6.562672639509366 ], [ 100.520242646717705, 6.562832322811148 ], [ 100.520210971774503, 6.562958584026511 ], [ 100.520119466383051, 6.563058850285769 ], [ 100.520006844362797, 6.563147975849554 ], [ 100.519869586275604, 6.563225960717866 ], [ 100.519774561446013, 6.563244528543654 ], [ 100.519647861673221, 6.563240814978497 ], [ 100.519535239652967, 6.563144262284396 ], [ 100.519464850890301, 6.563010573938718 ], [ 100.519440214823376, 6.562832322811148 ], [ 100.519390942689512, 6.562531524033373 ], [ 100.519320553926846, 6.562434971339272 ], [ 100.51920089303033, 6.562375554296748 ], [ 100.519109387638863, 6.56239040855738 ], [ 100.51900732393301, 6.56247210699085 ], [ 100.518936935170345, 6.562613222466843 ], [ 100.518898221350881, 6.562713488726101 ], [ 100.518943974046607, 6.562940016200722 ], [ 100.5190706738194, 6.563404211845437 ], [ 100.51915514033459, 6.563563895147219 ], [ 100.519302956736183, 6.563653020711004 ], [ 100.51947892864284, 6.563738432709632 ], [ 100.519566914596169, 6.563857266794678 ], [ 100.519602108977494, 6.564050372182879 ], [ 100.519538759091091, 6.564258331831712 ], [ 100.519521161900428, 6.564796798779581 ], [ 100.519563395158031, 6.565283275815242 ], [ 100.519496525833503, 6.565550652506597 ], [ 100.519313515050584, 6.565896014066265 ], [ 100.519229048535394, 6.565948003978473 ], [ 100.519148101458327, 6.565944290413316 ], [ 100.519067154381275, 6.565818029197954 ], [ 100.518813754835691, 6.565461526942812 ], [ 100.518725768882362, 6.565390969204816 ], [ 100.518637782929034, 6.565357547118396 ], [ 100.517888142606694, 6.565632350940067 ], [ 100.517733287328852, 6.565780893546376 ], [ 100.51758195148912, 6.565996280325524 ], [ 100.517465810030743, 6.566304506233614 ], [ 100.517430615649403, 6.566460475970239 ], [ 100.517479887783267, 6.566638727097809 ], [ 100.517543237669656, 6.566891249528534 ], [ 100.517543237669656, 6.567184621175993 ], [ 100.517486926659529, 6.567541123431134 ], [ 100.51732855194355, 6.568235560115627 ], [ 100.51721944936142, 6.568543786023718 ], [ 100.517113866217429, 6.568651479413292 ], [ 100.5170153219497, 6.568707182890658 ], [ 100.516913258243846, 6.568696042195184 ], [ 100.516814713976117, 6.568632911587503 ], [ 100.516568353306809, 6.56792362064238 ], [ 100.516508522858544, 6.567867917165014 ], [ 100.516420536905215, 6.567882771425644 ], [ 100.516283278818037, 6.567945902033325 ], [ 100.516223448369772, 6.568079590379003 ], [ 100.516174176235907, 6.568276409332363 ], [ 100.516146020730844, 6.568484368981195 ], [ 100.516174176235907, 6.568670047239081 ], [ 100.516297356570561, 6.569178805665688 ], [ 100.516198812302846, 6.569435041661571 ], [ 100.515934854442861, 6.56959843852851 ], [ 100.515744804783679, 6.569676423396822 ], [ 100.515565313438898, 6.569680136961979 ], [ 100.515431574789844, 6.569661569136191 ], [ 100.515301355578913, 6.569539021485987 ], [ 100.515051475471466, 6.569401619575151 ], [ 100.514850867497884, 6.569238222708211 ], [ 100.5146080262667, 6.569156524274741 ], [ 100.51453411806591, 6.569178805665688 ], [ 100.514470768179521, 6.569230795577896 ], [ 100.514463729303245, 6.569353343228101 ], [ 100.514527079189648, 6.569542735051145 ], [ 100.514864945250423, 6.570133191911221 ], [ 100.514914217384273, 6.570296588778161 ], [ 100.514833270307221, 6.570593673990778 ], [ 100.514667856714965, 6.570976171202023 ], [ 100.514428534921919, 6.571406944760319 ], [ 100.514322951777928, 6.571655753625886 ], [ 100.514312393463527, 6.571741165624513 ], [ 100.514326471216066, 6.571815436927668 ], [ 100.514379262788054, 6.572067959358392 ], [ 100.514421496045657, 6.572327908919433 ], [ 100.514516520875247, 6.572580431350158 ], [ 100.514548195818449, 6.572662129783628 ], [ 100.514745284353893, 6.573297149425597 ], [ 100.515142980862933, 6.574232967845342 ], [ 100.515227447378123, 6.574585756535325 ], [ 100.515223927939985, 6.574867987487312 ], [ 100.515157058615458, 6.575046238614882 ], [ 100.515069072662129, 6.575113082787722 ], [ 100.515002203337602, 6.575120509918037 ], [ 100.514840309183484, 6.575113082787722 ], [ 100.514674895591227, 6.574790002619 ], [ 100.514632662333639, 6.574764007662896 ], [ 100.514551715256573, 6.574764007662896 ], [ 100.514491884808308, 6.574778861923527 ], [ 100.514308874025403, 6.57491997739952 ], [ 100.514094188299282, 6.575090801396775 ], [ 100.513612025275052, 6.57555499704149 ], [ 100.513362145167605, 6.575677544691694 ], [ 100.513221367642288, 6.575703539647798 ], [ 100.513084109555095, 6.575699826082641 ], [ 100.512922215400977, 6.575584705562751 ], [ 100.512696971360469, 6.575354464522973 ], [ 100.51239429968102, 6.575324756001711 ], [ 100.511915656094928, 6.575536429215701 ], [ 100.511788956322135, 6.575751815994849 ], [ 100.511795995198398, 6.575889217905685 ], [ 100.511876942275464, 6.575982057034627 ], [ 100.512014200362657, 6.576015479121047 ], [ 100.512176094516775, 6.575959775643681 ], [ 100.512418935747945, 6.57597834346947 ], [ 100.512471727319948, 6.576160308162198 ], [ 100.512447091253023, 6.576371981376187 ], [ 100.512348546985294, 6.576535378243127 ], [ 100.512267599908228, 6.57670991580554 ], [ 100.512098666877847, 6.576813895629956 ], [ 100.511891020028003, 6.576847317716376 ], [ 100.511665775987481, 6.576869599107322 ], [ 100.511327909926706, 6.576925302584687 ], [ 100.511113224200599, 6.576940156845319 ], [ 100.510905577350741, 6.577003287453 ], [ 100.510370622754522, 6.577337508317195 ], [ 100.51009610658015, 6.577385784664244 ], [ 100.509877901415891, 6.577378357533929 ], [ 100.509701929509248, 6.577326367621721 ], [ 100.509582268612718, 6.577233528492778 ], [ 100.509437971649263, 6.577092413016785 ], [ 100.509286635809545, 6.57688816693311 ], [ 100.509159936036752, 6.576702488675225 ], [ 100.5090684306453, 6.576527951112812 ], [ 100.508962847501309, 6.576431398418711 ], [ 100.508881900424242, 6.576420257723238 ] ] ] } },
{ "type": "Feature", "properties": { "id": null, "EL_Hash": "w1pmpw8u8j", "ORDERRIVER_Name_T": 5, "HY_Name_T": "คลองสะเดา", "EL_Name": "คลองสะเดาw8u8j", "Lat": 6.5404142364700002, "Long": 100.52593776400001, "Length_km": 1.80866628063, "LocalName": "", "ElementA": "w1pmpw8u8j", "ElementB": "w1pmr6gurd", "ReLation": "FlowsTo" }, "geometry": { "type": "MultiLineString", "coordinates": [ [ [ 100.530346953597672, 6.535949824634428 ], [ 100.530061879108899, 6.535808709158434 ], [ 100.529709935295585, 6.535790141332646 ], [ 100.529199616766306, 6.535905261852535 ], [ 100.528520365206617, 6.536350889671461 ], [ 100.528400704310101, 6.536484578017139 ], [ 100.528344393299975, 6.536610839232502 ], [ 100.528344393299975, 6.536740814013021 ], [ 100.528407743186364, 6.536818798881334 ], [ 100.52846405419649, 6.536989622878589 ], [ 100.528432379253303, 6.537164160441002 ], [ 100.528309198918635, 6.53731270304731 ], [ 100.52809099375439, 6.537450104958146 ], [ 100.527552519720032, 6.537520662696142 ], [ 100.52718297871607, 6.537758330866236 ], [ 100.527010526247551, 6.537880878516441 ], [ 100.52688030703662, 6.537925441298333 ], [ 100.526500207718257, 6.537958863384753 ], [ 100.526292560868413, 6.538040561818223 ], [ 100.526236249858272, 6.538170536598743 ], [ 100.52623976929641, 6.538363641986944 ], [ 100.526454455022531, 6.538838978327132 ], [ 100.526465013336932, 6.539080360062384 ], [ 100.526426299517468, 6.539225189103535 ], [ 100.525989889188963, 6.539366304579528 ], [ 100.525831514472983, 6.539544555707098 ], [ 100.525775203462857, 6.539663389792145 ], [ 100.525761125710318, 6.539971615700236 ], [ 100.525782242339119, 6.540198143174857 ], [ 100.526063797389753, 6.540591781081575 ], [ 100.526067316827891, 6.541093112377867 ], [ 100.52588782548311, 6.541501604545216 ], [ 100.525395104144479, 6.541991795146035 ], [ 100.525095951903168, 6.542474558616538 ], [ 100.524955174377851, 6.542853342262625 ], [ 100.524842552357597, 6.542942467826411 ], [ 100.524670099889079, 6.543016739129565 ], [ 100.523920459566739, 6.543150427475243 ], [ 100.523498126990773, 6.543384382080179 ], [ 100.523413660475583, 6.543477221209122 ], [ 100.523290480140915, 6.543681467292797 ], [ 100.523255285759589, 6.543948843984152 ], [ 100.523318635645992, 6.544175371458773 ], [ 100.523498126990773, 6.544476170236548 ], [ 100.524075314844595, 6.544821531796216 ], [ 100.524441336410433, 6.545055486401152 ], [ 100.524599711126413, 6.54535257161377 ], [ 100.524613788878952, 6.545553104132287 ], [ 100.524539880678148, 6.545794485867538 ], [ 100.524258325627514, 6.546139847427206 ], [ 100.52417385911231, 6.546240113686464 ], [ 100.524156261921647, 6.546314384989619 ] ] ] } },
{ "type": "Feature", "properties": { "id": null, "EL_Hash": "w1pmvjjfkp", "ORDERRIVER_Name_T": 5, "HY_Name_T": "คลองหล้าปัง", "EL_Name": "คลองหล้าปังjjfkp", "Lat": 6.6636331406, "Long": 100.423108559, "Length_km": 2.1077972043800002, "LocalName": "", "ElementA": "w1pmvjjfkp", "ElementB": "w1pmvmb976", "ReLation": "FlowsTo" }, "geometry": { "type": "MultiLineString", "coordinates": [ [ [ 100.420990971927765, 6.65814097258398 ], [ 100.420980413613364, 6.658356359363127 ], [ 100.420917063726975, 6.658482620578489 ], [ 100.420822038897384, 6.65853089692554 ], [ 100.420603833733125, 6.658501188404278 ], [ 100.420290603739289, 6.658408349275335 ], [ 100.419917543297188, 6.658415776405651 ], [ 100.419752129704932, 6.658571746142275 ], [ 100.419667663189742, 6.65877599222595 ], [ 100.419583196674552, 6.659032228221831 ], [ 100.419572638360151, 6.65929589134803 ], [ 100.419695818694805, 6.659544700213597 ], [ 100.419843635096399, 6.659737805601798 ], [ 100.419882348915863, 6.659912343164211 ], [ 100.419861232287062, 6.660138870638832 ], [ 100.419840115658261, 6.660272558984509 ], [ 100.41982955734386, 6.660517654284919 ], [ 100.419882348915863, 6.660681051151859 ], [ 100.420005529250517, 6.660762749585328 ], [ 100.42018150115716, 6.660855588714272 ], [ 100.420308200929952, 6.660937287147741 ], [ 100.420484172836609, 6.661063548363104 ], [ 100.420825558335508, 6.661163814622362 ], [ 100.421107113386157, 6.661174955317835 ], [ 100.421325318550402, 6.661256653751305 ], [ 100.42161743191545, 6.66139405566214 ], [ 100.42188490921356, 6.661609442441288 ], [ 100.422022167300753, 6.661750557917282 ], [ 100.422032725615153, 6.661913954784221 ], [ 100.422011608986352, 6.66211077373758 ], [ 100.421990492357551, 6.662337301212201 ], [ 100.421986972919413, 6.662634386424818 ], [ 100.421986972919413, 6.662890622420701 ], [ 100.421934181347424, 6.663042878592167 ], [ 100.421821559327171, 6.663113436330164 ], [ 100.421881389775422, 6.663317682413838 ], [ 100.421986972919413, 6.663451370759517 ], [ 100.422141828197269, 6.663544209888459 ], [ 100.422631030097762, 6.663811586579815 ], [ 100.423004090539862, 6.663904425708758 ], [ 100.423088557055067, 6.663774450928238 ], [ 100.423109673683854, 6.663629621887087 ], [ 100.423204698513445, 6.663343677369943 ], [ 100.423380670420102, 6.663209989024264 ], [ 100.423465136935292, 6.663057732852798 ], [ 100.423486253564093, 6.662953753028382 ], [ 100.423496811878493, 6.662790356161443 ], [ 100.423549603450482, 6.662586110077768 ], [ 100.42382060018673, 6.662133055128526 ], [ 100.423922663892597, 6.66209591947695 ], [ 100.424257010515234, 6.662073638086003 ], [ 100.424464657365078, 6.66220732643168 ], [ 100.424630070957335, 6.662381863994094 ], [ 100.424795484549591, 6.662597250773241 ], [ 100.424982014770634, 6.662916617376805 ], [ 100.42513687004849, 6.663080014243745 ], [ 100.425460658356727, 6.663499647106566 ], [ 100.425668305206585, 6.663800445884342 ], [ 100.425865393742029, 6.664075249706013 ], [ 100.426030807334286, 6.664383475614104 ], [ 100.42608007946815, 6.664628570914513 ], [ 100.426101196096951, 6.664866239084607 ], [ 100.426234934746006, 6.665100193689543 ], [ 100.426379231709461, 6.665326721164164 ], [ 100.426548164739842, 6.665530967247839 ], [ 100.426660786760095, 6.665705504810251 ], [ 100.426681903388896, 6.665920891589399 ], [ 100.426555203616104, 6.666177127585281 ], [ 100.426241973622268, 6.666422222885691 ], [ 100.425890029808969, 6.66658561975263 ], [ 100.425566241500718, 6.666730448793781 ], [ 100.425274128135683, 6.666893845660721 ], [ 100.425182622744217, 6.667098091744395 ], [ 100.425242453192482, 6.667280056437123 ], [ 100.425274128135683, 6.66738403626154 ], [ 100.425369152965274, 6.667436026173748 ], [ 100.42552400824313, 6.667488016085955 ], [ 100.425555683186317, 6.66746573469501 ], [ 100.425678863520986, 6.667506583911744 ] ] ] } },
{ "type": "Feature", "properties": { "id": null, "EL_Hash": "w1pmv5grcm", "ORDERRIVER_Name_T": 5, "HY_Name_T": "คลองหล้าปัง", "EL_Name": "คลองหล้าปัง5grcm", "Lat": 6.6576990224700001, "Long": 100.41955776899999, "Length_km": 0.36180984403, "LocalName": "", "ElementA": "w1pmv5grcm", "ElementB": "w1pmvjjfkp", "ReLation": "FlowsTo" }, "geometry": { "type": "MultiLineString", "coordinates": [ [ [ 100.418485131977036, 6.65691920964709 ], [ 100.418404184899984, 6.657041757297295 ], [ 100.418474573662635, 6.657223721990023 ], [ 100.418601273435428, 6.657409400247909 ], [ 100.418713895455681, 6.657513380072325 ], [ 100.418858192419137, 6.657658209113476 ], [ 100.419055280954595, 6.657717626156 ], [ 100.419410744206033, 6.657699058330211 ], [ 100.419692299256667, 6.657699058330211 ], [ 100.420002009812379, 6.657680490504423 ], [ 100.420199098347837, 6.657669349808949 ], [ 100.420438420140883, 6.657721339721157 ], [ 100.420607353171263, 6.657762188937892 ], [ 100.420751650134719, 6.657825319545574 ], [ 100.420895947098174, 6.657918158674517 ], [ 100.420948738670177, 6.657999857107987 ], [ 100.420990971927765, 6.65814097258398 ] ] ] } },
{ "type": "Feature", "properties": { "id": null, "EL_Hash": "w1pmv5ejf2", "ORDERRIVER_Name_T": 5, "HY_Name_T": "คลองหล้าปัง", "EL_Name": "คลองหล้าปัง5ejf2", "Lat": 6.6559556090700003, "Long": 100.419262789, "Length_km": 0.74845706941000001, "LocalName": "", "ElementA": "w1pmv5ejf2", "ElementB": "w1pmv5grcm", "ReLation": "FlowsTo" }, "geometry": { "type": "MultiLineString", "coordinates": [ [ [ 100.417805880417362, 6.654230588472902 ], [ 100.417886827494428, 6.654549955076466 ], [ 100.41800296895282, 6.654754201160141 ], [ 100.418094474344272, 6.65486932168003 ], [ 100.418302121194117, 6.654899030201292 ], [ 100.41844993759571, 6.654899030201292 ], [ 100.418573117930364, 6.654910170896765 ], [ 100.418738531522621, 6.6549510201135 ], [ 100.418780764780209, 6.654980728634762 ], [ 100.418928581181802, 6.6549510201135 ], [ 100.419009528258869, 6.654910170896765 ], [ 100.41911511140286, 6.654932452287711 ], [ 100.419167902974849, 6.655066140633389 ], [ 100.419174941851111, 6.655300095238325 ], [ 100.41916438353671, 6.655433783584003 ], [ 100.419090475335921, 6.655649170363151 ], [ 100.418977853315667, 6.655831135055879 ], [ 100.418903945114877, 6.655957396271241 ], [ 100.418925061743664, 6.656079943921446 ], [ 100.419037683763932, 6.656120793138181 ], [ 100.419196058479912, 6.65600938618345 ], [ 100.419340355443367, 6.65589426566356 ], [ 100.419488171844961, 6.655812567230091 ], [ 100.419569118922013, 6.655853416446825 ], [ 100.419611352179615, 6.656102225312392 ], [ 100.419702857571068, 6.656254481483859 ], [ 100.419840115658261, 6.65636588843859 ], [ 100.420005529250517, 6.656451300437218 ], [ 100.420149826213972, 6.656584988782896 ], [ 100.42018150115716, 6.656674114346681 ], [ 100.42010759295637, 6.656766953475624 ], [ 100.419973854307315, 6.65678923486657 ], [ 100.419787324086272, 6.656703822867943 ], [ 100.419548002293226, 6.656592415913211 ], [ 100.419414263644157, 6.65652928530553 ], [ 100.419277005556978, 6.65652928530553 ], [ 100.419192539041788, 6.656570134522265 ], [ 100.419153825222324, 6.656674114346681 ], [ 100.419048242078333, 6.656733531389205 ], [ 100.418664623321831, 6.656785521301413 ], [ 100.418485131977036, 6.65691920964709 ] ] ] } },
{ "type": "Feature", "properties": { "id": null, "EL_Hash": "w1pmucwcp5", "ORDERRIVER_Name_T": 5, "HY_Name_T": "คลองหล้าปัง", "EL_Name": "คลองหล้าปังcwcp5", "Lat": 6.6441735601699996, "Long": 100.41362362, "Length_km": 6.7516534091100002, "LocalName": "", "ElementA": "w1pmucwcp5", "ElementB": "w1pmv5ejf2", "ReLation": "FlowsTo" }, "geometry": { "type": "MultiLineString", "coordinates": [ [ [ 100.398976886405578, 6.638002308733675 ], [ 100.399114144492771, 6.637931750995678 ], [ 100.399353466285817, 6.637746072737793 ], [ 100.399635021336465, 6.637448987525175 ], [ 100.3999271347015, 6.637010786836564 ], [ 100.400177014808946, 6.636550304757007 ], [ 100.400437453230793, 6.636212370327655 ], [ 100.400553594689185, 6.636108390503239 ], [ 100.400645100080652, 6.636149239719974 ], [ 100.400708449967041, 6.636323777282387 ], [ 100.400799955358494, 6.636602294669215 ], [ 100.400947771760087, 6.636643143885951 ], [ 100.401246924001398, 6.636602294669215 ], [ 100.401651659386701, 6.636665425276896 ], [ 100.401831150731482, 6.636646857451108 ], [ 100.401964889380537, 6.636542877626692 ], [ 100.401954331066136, 6.636461179193222 ], [ 100.401894500617871, 6.636338631543017 ], [ 100.401873383989084, 6.636286641630809 ], [ 100.401915617246672, 6.636256933109547 ], [ 100.402038797581326, 6.636297782326283 ], [ 100.402140861287194, 6.636420329976487 ], [ 100.402225327802384, 6.63651316910543 ], [ 100.40238018308024, 6.636606008234373 ], [ 100.402651179816473, 6.636669138842055 ], [ 100.402943293181522, 6.6365948675389 ], [ 100.403098148459378, 6.636464892758379 ], [ 100.403267081489759, 6.636342345108175 ], [ 100.403495844968404, 6.636331204412702 ], [ 100.40366125856066, 6.63638319432491 ], [ 100.403816113838516, 6.636516882670588 ], [ 100.403970969116372, 6.636721128754262 ], [ 100.404013202373974, 6.63701821396688 ], [ 100.403992085745173, 6.637367289091705 ], [ 100.403988566307035, 6.637798062650001 ], [ 100.404073032822225, 6.638462790813232 ], [ 100.404259563043283, 6.638741308200061 ], [ 100.404569273598995, 6.638886137241212 ], [ 100.405047917185087, 6.639038393412679 ], [ 100.405420977627188, 6.639071815499098 ], [ 100.405765882564225, 6.639112664715833 ], [ 100.406128384691925, 6.639134946106779 ], [ 100.406233967835917, 6.639194363149302 ], [ 100.406255084464718, 6.639298342973719 ], [ 100.406212851207115, 6.639472880536132 ], [ 100.40598408772847, 6.63965484522886 ], [ 100.405857387955677, 6.639810814965483 ], [ 100.405836271326891, 6.639933362615689 ], [ 100.40591017952768, 6.640026201744631 ], [ 100.406075593119937, 6.640148749394836 ], [ 100.406283239969781, 6.640323286957249 ], [ 100.406395861990035, 6.640456975302927 ], [ 100.40654015895349, 6.640601804344078 ], [ 100.406726689174548, 6.640783769036806 ], [ 100.406955452653193, 6.640980587990165 ], [ 100.407082152425986, 6.641091994944897 ], [ 100.407226449389441, 6.641073427119108 ], [ 100.40737426579102, 6.640980587990165 ], [ 100.407529121068876, 6.640869181035433 ], [ 100.40764174308913, 6.640828331818699 ], [ 100.407726209604334, 6.640828331818699 ], [ 100.407870506567789, 6.640932311643114 ], [ 100.407877545444052, 6.64093973877343 ], [ 100.408007764654968, 6.640828331818699 ], [ 100.40803943959817, 6.64064636712597 ], [ 100.40803943959817, 6.640349281913353 ], [ 100.408102789484559, 6.640052196700736 ], [ 100.40819781431415, 6.639888799833796 ], [ 100.408289319705617, 6.639732830097172 ], [ 100.40842657779281, 6.639610282446966 ], [ 100.408665899585856, 6.639610282446966 ], [ 100.408841871492498, 6.639684553750121 ], [ 100.408986168455954, 6.639899940529268 ], [ 100.409109348790608, 6.640289864870829 ], [ 100.409130465419409, 6.640627799300182 ], [ 100.408986168455954, 6.640843186079329 ], [ 100.408796118796772, 6.640924884512799 ], [ 100.408465291612274, 6.641002869381111 ], [ 100.408380825097069, 6.641158839117735 ], [ 100.408370266782669, 6.641351944505937 ], [ 100.408380825097069, 6.641556190589611 ], [ 100.408461772174135, 6.641741868847497 ], [ 100.408690535652781, 6.642050094755588 ], [ 100.40898264901783, 6.642235773013473 ], [ 100.409366267774331, 6.642358320663678 ], [ 100.409668939453766, 6.64242145127136 ], [ 100.409855469674824, 6.64242145127136 ], [ 100.409999766638279, 6.64233975283789 ], [ 100.410186296859322, 6.642206064492211 ], [ 100.410270763374513, 6.642042667625272 ], [ 100.410281321688913, 6.641767863803601 ], [ 100.410232049555049, 6.641377939462041 ], [ 100.41025316618385, 6.641132844161631 ], [ 100.410397463147305, 6.640917457382484 ], [ 100.410576954492086, 6.640806050427752 ], [ 100.410774043027544, 6.640865467470276 ], [ 100.41100280650619, 6.64098801512048 ], [ 100.411210453356034, 6.641143984857105 ], [ 100.411344192005089, 6.641389080157514 ], [ 100.411375866948291, 6.641708446761077 ], [ 100.411312517061901, 6.641931260670541 ], [ 100.411301958747501, 6.642098371102638 ], [ 100.411340672566965, 6.642362034228836 ], [ 100.411351230881365, 6.642495722574514 ], [ 100.411372347510166, 6.642514290400302 ], [ 100.411488488968544, 6.642536571791249 ], [ 100.411717252447204, 6.642406597010728 ], [ 100.411893224353847, 6.642406597010728 ], [ 100.412005846374115, 6.642395456315255 ], [ 100.412079754574904, 6.642302617186313 ], [ 100.412153662775694, 6.642168928840634 ], [ 100.412297959739149, 6.642079803276849 ], [ 100.412526723217795, 6.642068662581377 ], [ 100.412882186469233, 6.642050094755588 ], [ 100.413170780396143, 6.642102084667796 ], [ 100.413350271740924, 6.64230633075147 ], [ 100.413357310617201, 6.642551426051879 ], [ 100.413149663767342, 6.642837370569024 ], [ 100.412776603325241, 6.643082465869433 ], [ 100.412649903552449, 6.643279284822793 ], [ 100.412544320408458, 6.643502098732255 ], [ 100.412544320408458, 6.643810324640346 ], [ 100.412720292315115, 6.644025711419493 ], [ 100.413065197252152, 6.64429308811085 ], [ 100.413269324663872, 6.644456484977789 ], [ 100.413396024436665, 6.644374786544319 ], [ 100.413480490951855, 6.644333937327584 ], [ 100.413582554657708, 6.64421138967738 ], [ 100.413688137801699, 6.644111123418121 ], [ 100.413751487688103, 6.644029424984652 ], [ 100.413864109708356, 6.64391801802992 ], [ 100.413959134537947, 6.643743480467507 ], [ 100.414103431501402, 6.643580083600567 ], [ 100.414272364531783, 6.643516952992886 ], [ 100.414469453067241, 6.643375837516893 ], [ 100.414585594525633, 6.643149310042272 ], [ 100.414719333174688, 6.642985913175332 ], [ 100.414916421710132, 6.642945063958598 ], [ 100.41512406855999, 6.643089892999749 ], [ 100.415250768332768, 6.643253289866689 ], [ 100.415331715409835, 6.643498385167097 ], [ 100.415331715409835, 6.643747194032665 ], [ 100.415278923837832, 6.644033138549809 ], [ 100.415300040466633, 6.644359932283688 ], [ 100.415412662486887, 6.644627308975044 ], [ 100.415349312600497, 6.644924394187662 ], [ 100.415152224065054, 6.645076650359128 ], [ 100.41500440766346, 6.645344027050483 ], [ 100.414944577215195, 6.645485142526477 ], [ 100.414743969241613, 6.645834217651302 ], [ 100.414620788906959, 6.646101594342658 ], [ 100.414546880706169, 6.646335548947594 ], [ 100.414546880706169, 6.646498945814534 ], [ 100.414680619355224, 6.64652122720548 ], [ 100.414856591261866, 6.646387538859802 ], [ 100.414951616091471, 6.646305840426333 ], [ 100.415106471369313, 6.646194433471601 ], [ 100.415254287770907, 6.646164724950339 ], [ 100.415377468105561, 6.646224141992863 ], [ 100.415472492935152, 6.646298413296017 ], [ 100.415595673269806, 6.646432101641695 ], [ 100.415701256413797, 6.646554649291899 ], [ 100.415736450795137, 6.646580644248004 ], [ 100.415877228320454, 6.646543508596427 ], [ 100.415982811464445, 6.646480377988746 ], [ 100.416025044722048, 6.646257564079282 ], [ 100.416130627866039, 6.646008755213715 ], [ 100.416296041458281, 6.645908488954457 ], [ 100.41650368830814, 6.645960478866664 ], [ 100.416795801673175, 6.645990187387927 ], [ 100.417003448523033, 6.645990187387927 ], [ 100.417189978744076, 6.645993900953084 ], [ 100.417274445259267, 6.646075599386554 ], [ 100.417211095372878, 6.646268704774755 ], [ 100.417052720656898, 6.646524940770638 ], [ 100.417073837285685, 6.646803458157467 ], [ 100.417292042449944, 6.646937146503144 ], [ 100.41753136424299, 6.647007704241141 ], [ 100.417584155814978, 6.647141392586819 ], [ 100.417563039186177, 6.647211950324816 ], [ 100.417446897727785, 6.647282508062812 ], [ 100.417323717393131, 6.647200809629343 ], [ 100.417165342677151, 6.647130251891346 ], [ 100.417084395600085, 6.647119111195873 ], [ 100.416978812456094, 6.647159960412607 ], [ 100.416957695827293, 6.647312216584074 ], [ 100.417021045713696, 6.647520176232907 ], [ 100.417207575934739, 6.64757959327543 ], [ 100.417499689299788, 6.647549884754168 ], [ 100.4178199581699, 6.647542457623852 ], [ 100.418080396591733, 6.647561025449641 ], [ 100.418207096364526, 6.647613015361849 ], [ 100.418277485127192, 6.647705854490792 ], [ 100.418235251869589, 6.647798693619735 ], [ 100.418101513220535, 6.647950949791202 ], [ 100.417798841541099, 6.647950949791202 ], [ 100.417675661206445, 6.648103205962668 ], [ 100.417591194691241, 6.648266602829607 ], [ 100.417559519748053, 6.648411431870758 ], [ 100.417538403119252, 6.648533979520963 ], [ 100.417517286490451, 6.648760506995584 ], [ 100.417577116938716, 6.648912763167051 ], [ 100.417767166597898, 6.648923903862523 ], [ 100.417900905246952, 6.649005602295993 ], [ 100.418055760524808, 6.649243270466087 ], [ 100.418140227039999, 6.64938438594208 ], [ 100.418284524003454, 6.649510647157443 ], [ 100.418358432204244, 6.649469797940708 ], [ 100.418428820966909, 6.649406667333027 ], [ 100.418471054224511, 6.649272978987349 ], [ 100.418502729167699, 6.649139290641672 ], [ 100.418513287482099, 6.648975893774732 ], [ 100.4185344041109, 6.648875627515473 ], [ 100.418661103883693, 6.648741939169796 ], [ 100.418826517475949, 6.648741939169796 ], [ 100.418970814439405, 6.648805069777477 ], [ 100.419055280954595, 6.648857059689685 ], [ 100.419044722640194, 6.648979607339889 ], [ 100.418981372753805, 6.649068732903674 ], [ 100.419055280954595, 6.649161572032617 ], [ 100.419136228031647, 6.649224702640299 ], [ 100.419178461289249, 6.64936953168145 ], [ 100.419125669717261, 6.649510647157443 ], [ 100.418928581181802, 6.649644335503121 ], [ 100.418647026131154, 6.649714893241118 ], [ 100.418492170853312, 6.649778023848799 ], [ 100.418344354451719, 6.649919139324792 ], [ 100.418210615802664, 6.650011978453735 ], [ 100.418034643896007, 6.650123385408467 ], [ 100.417844594236826, 6.650205083841937 ], [ 100.417460975480324, 6.650286782275406 ], [ 100.417376508965134, 6.650368480708876 ], [ 100.417344834021932, 6.650450179142346 ], [ 100.417355392336333, 6.650554158966762 ], [ 100.417460975480324, 6.65065442522602 ], [ 100.41768973895897, 6.650776972876224 ], [ 100.417855152551226, 6.650739837224648 ], [ 100.418062799401071, 6.650698988007913 ], [ 100.418238771307728, 6.650635857400232 ], [ 100.418478093100774, 6.650628430269916 ], [ 100.418583676244765, 6.650658138791178 ], [ 100.418562559615964, 6.650791827136856 ], [ 100.418509768043975, 6.650944083308322 ], [ 100.418520326358376, 6.651140902261681 ], [ 100.418446418157572, 6.651334007649883 ], [ 100.418291562879716, 6.651497404516822 ], [ 100.418164863106938, 6.651638519992815 ], [ 100.418059279962947, 6.651824198250702 ], [ 100.41796777457148, 6.651935605205433 ], [ 100.418048721648546, 6.652143564854265 ], [ 100.418122629849336, 6.652254971808997 ], [ 100.418266926812791, 6.65234781093794 ], [ 100.418569598492226, 6.652533489195825 ], [ 100.419016567135131, 6.652719167453712 ], [ 100.419245330613776, 6.652860282929705 ], [ 100.419431860834834, 6.652923413537386 ], [ 100.419555041169488, 6.653057101883063 ], [ 100.419628949370278, 6.653213071619688 ], [ 100.419657104875341, 6.653376468486627 ], [ 100.419699338132943, 6.653580714570302 ], [ 100.419720454761745, 6.653807242044922 ], [ 100.419720454761745, 6.654000347433124 ], [ 100.419769726895595, 6.65415260360459 ], [ 100.419906984982788, 6.654278864819953 ], [ 100.420104073518246, 6.654431120991419 ], [ 100.420185020595298, 6.654546241511309 ], [ 100.420185020595298, 6.654698497682775 ], [ 100.420093515203845, 6.654832186028453 ], [ 100.419945698802252, 6.654791336811718 ], [ 100.41955152173135, 6.654542527946151 ], [ 100.419072878145258, 6.654245442733534 ], [ 100.418794842532748, 6.653989206737651 ], [ 100.41860831231169, 6.653721830046295 ], [ 100.418513287482099, 6.653495302571675 ], [ 100.418411223776246, 6.653350473530524 ], [ 100.418295082317854, 6.653309624313788 ], [ 100.418108552096811, 6.653309624313788 ], [ 100.417974813447742, 6.653391322747258 ], [ 100.417869230303751, 6.653577001005144 ], [ 100.417805880417362, 6.654230588472902 ] ] ] } },
{ "type": "Feature", "properties": { "id": null, "EL_Hash": "w1pmu8k1cv", "ORDERRIVER_Name_T": 5, "HY_Name_T": "คลองหล้าปัง", "EL_Name": "คลองหล้าปัง8k1cv", "Lat": 6.6374438851399997, "Long": 100.39863663200001, "Length_km": 0.15049819493, "LocalName": "", "ElementA": "w1pmu8k1cv", "ElementB": "w1pmucwcp5", "ReLation": "FlowsTo" }, "geometry": { "type": "MultiLineString", "coordinates": [ [ [ 100.398438412371235, 6.636810254318048 ], [ 100.398522878886425, 6.636977364750145 ], [ 100.398512320572024, 6.637181610833819 ], [ 100.398603825963477, 6.637374716222021 ], [ 100.398730525736269, 6.637642092913376 ], [ 100.398800914498935, 6.637835198301578 ], [ 100.398853706070923, 6.637939178125994 ], [ 100.398976886405578, 6.638002308733675 ] ] ] } },
{ "type": "Feature", "properties": { "id": null, "EL_Hash": "w1pmsrr5tn", "ORDERRIVER_Name_T": 5, "HY_Name_T": "คลองหล้าปัง", "EL_Name": "คลองหล้าปังrr5tn", "Lat": 6.6322592251400003, "Long": 100.39191686300001, "Length_km": 2.7120625185499998, "LocalName": "", "ElementA": "w1pmsrr5tn", "ElementB": "w1pmu8k1cv", "ReLation": "FlowsTo" }, "geometry": { "type": "MultiLineString", "coordinates": [ [ [ 100.385926809808268, 6.624009595219394 ], [ 100.385954965313331, 6.624083866522549 ], [ 100.386028873514121, 6.624176705651491 ], [ 100.386085184524248, 6.624321534692642 ], [ 100.386148534410637, 6.624588911383998 ], [ 100.386183728791977, 6.624856288075353 ], [ 100.386145014972513, 6.625093956245447 ], [ 100.386162612163176, 6.625212790330495 ], [ 100.386225962049565, 6.625324197285225 ], [ 100.386373778451159, 6.625417036414169 ], [ 100.386542711481539, 6.625446744935431 ], [ 100.386708125073795, 6.625502448412797 ], [ 100.386810188779648, 6.625602714672055 ], [ 100.386866499789789, 6.625777252234467 ], [ 100.386852422037251, 6.626014920404561 ], [ 100.386852422037251, 6.626200598662447 ], [ 100.386908733047377, 6.626274869965601 ], [ 100.387010796753245, 6.626338000573283 ], [ 100.387130457649761, 6.626356568399071 ], [ 100.387278274051354, 6.626386276920333 ], [ 100.387503518091862, 6.626516251700854 ], [ 100.387704126065444, 6.626757633436105 ], [ 100.387897695162764, 6.627006442301672 ], [ 100.388020875497418, 6.627125276386719 ], [ 100.388140536393948, 6.627199547689873 ], [ 100.388277794481127, 6.627247824036924 ], [ 100.388429130320858, 6.627292386818817 ], [ 100.388763476943495, 6.627325808905236 ], [ 100.389974163661265, 6.627340663165866 ], [ 100.390252199273775, 6.62735180386134 ], [ 100.390445768371094, 6.627437215859968 ], [ 100.390547832076948, 6.627622894117853 ], [ 100.390530234886285, 6.627830853766685 ], [ 100.390509118257484, 6.62798682350331 ], [ 100.390526715448146, 6.628161361065723 ], [ 100.390681570726002, 6.628321044367504 ], [ 100.390878659261446, 6.628413883496448 ], [ 100.391008878472377, 6.628532717581495 ], [ 100.391072228358766, 6.628707255143907 ], [ 100.391051111729965, 6.628907787662424 ], [ 100.390850503756383, 6.629587370086286 ], [ 100.390811789936919, 6.629683922780387 ], [ 100.390737881736129, 6.629880741733746 ], [ 100.390699167916665, 6.630107269208366 ], [ 100.390716765107328, 6.630237243988887 ], [ 100.390780114993731, 6.630404354420984 ], [ 100.391086306111305, 6.630734861720021 ], [ 100.391167253188357, 6.630846268674753 ], [ 100.391251719703561, 6.631020806237165 ], [ 100.391269316894224, 6.631187916669263 ], [ 100.391286914084887, 6.631343886405887 ], [ 100.391322108466213, 6.631470147621249 ], [ 100.391431211048342, 6.631629830923031 ], [ 100.391561430259259, 6.631730097182289 ], [ 100.391691649470189, 6.631811795615759 ], [ 100.391821868681106, 6.631960338222068 ], [ 100.391913374072573, 6.632246282739212 ], [ 100.392040073845351, 6.632632493515615 ], [ 100.392272356762135, 6.632937005858548 ], [ 100.39250112024078, 6.633196955419588 ], [ 100.392648936642374, 6.633360352286528 ], [ 100.39277915585329, 6.633657437499145 ], [ 100.392849544615956, 6.633939668451132 ], [ 100.393025516522613, 6.634344447053323 ], [ 100.393173332924192, 6.634574688093101 ], [ 100.393310591011385, 6.634834637654142 ], [ 100.393578068309495, 6.635172572083494 ], [ 100.393732923587351, 6.635458516600639 ], [ 100.393877220550806, 6.635655335553997 ], [ 100.394127100658253, 6.635703611901048 ], [ 100.394271397621708, 6.635755601813256 ], [ 100.394376980765699, 6.635870722333145 ], [ 100.394436811213964, 6.636115817633554 ], [ 100.394479044471552, 6.636372053629437 ], [ 100.394542394357956, 6.636587440408585 ], [ 100.394612783120607, 6.636780545796785 ], [ 100.394809871656065, 6.637088771704876 ], [ 100.395038635134711, 6.637203892224766 ], [ 100.395246281984555, 6.637378429787178 ], [ 100.395411695576811, 6.637564108045065 ], [ 100.395900897477304, 6.637697796390742 ], [ 100.39612966095595, 6.637716364216531 ], [ 100.396379541063396, 6.637790635519685 ], [ 100.396689251619108, 6.637820344040946 ], [ 100.396991923298543, 6.637824057606105 ], [ 100.397294594977993, 6.637812916910631 ], [ 100.397481125199036, 6.637864906822839 ], [ 100.39760430553369, 6.637928037430521 ], [ 100.397667655420094, 6.638017162994306 ], [ 100.397625422162491, 6.638080293601988 ], [ 100.397562072276102, 6.638132283514195 ], [ 100.39760430553369, 6.638232549773454 ], [ 100.397727485868359, 6.638317961772081 ], [ 100.397885860584339, 6.638440509422286 ], [ 100.398061832490995, 6.638522207855756 ], [ 100.39818501282565, 6.638533348551229 ], [ 100.39826947934084, 6.638451650117759 ], [ 100.39826947934084, 6.638121142818722 ], [ 100.398146299006186, 6.637567821610222 ], [ 100.39806535192912, 6.637241027876343 ], [ 100.397980885413929, 6.636955083359199 ], [ 100.397980885413929, 6.636739696580051 ], [ 100.398107585186722, 6.636687706667843 ], [ 100.398220207206975, 6.636698847363316 ], [ 100.398438412371235, 6.636810254318048 ] ] ] } },
{ "type": "Feature", "properties": { "id": null, "EL_Hash": "w1pmsm3zkv", "ORDERRIVER_Name_T": 5, "HY_Name_T": "คลองหล้าปัง", "EL_Name": "คลองหล้าปังm3zkv", "Lat": 6.6219083499, "Long": 100.384696168, "Length_km": 0.58348724765000004, "LocalName": "", "ElementA": "w1pmsm3zkv", "ElementB": "w1pmsrr5tn", "ReLation": "FlowsTo" }, "geometry": { "type": "MultiLineString", "coordinates": [ [ [ 100.384856900615816, 6.62002865337032 ], [ 100.384930808816605, 6.620270035105571 ], [ 100.384948406007268, 6.620414864146722 ], [ 100.384973042074208, 6.620570833883347 ], [ 100.385046950274997, 6.620689667968394 ], [ 100.385141975104588, 6.620775079967022 ], [ 100.385261636001118, 6.620819642748914 ], [ 100.385409452402698, 6.620886486921753 ], [ 100.385500957794164, 6.621016461702273 ], [ 100.385490399479764, 6.621153863613109 ], [ 100.385398894088311, 6.621361823261941 ], [ 100.385247558248579, 6.621436094565095 ], [ 100.385025833646196, 6.621469516651515 ], [ 100.384828745110752, 6.621532647259196 ], [ 100.384723161966761, 6.621762888298974 ], [ 100.384684448147297, 6.621963420817491 ], [ 100.384691487023559, 6.622230797508847 ], [ 100.384765395224363, 6.622368199419682 ], [ 100.384849861739553, 6.622468465678941 ], [ 100.384867458930216, 6.622605867589776 ], [ 100.384913211625943, 6.622772978021874 ], [ 100.385124377913925, 6.623032927582914 ], [ 100.38536721914511, 6.623151761667961 ], [ 100.385634696443219, 6.623292877143954 ], [ 100.385782512844813, 6.623448846880578 ], [ 100.385902173741329, 6.623671660790041 ], [ 100.385937368122654, 6.623898188264662 ], [ 100.385926809808268, 6.624009595219394 ] ] ] } },
{ "type": "Feature", "properties": { "id": null, "EL_Hash": "w1pmsk3e6b", "ORDERRIVER_Name_T": 4, "HY_Name_T": "คลองหล้าปัง", "EL_Name": "คลองหล้าปังk3e6b", "Lat": 6.6157051254499999, "Long": 100.38426605399999, "Length_km": 1.1100891364500001, "LocalName": "", "ElementA": "w1pmsk3e6b", "ElementB": "w1pmsm3zkv", "ReLation": "FlowsTo" }, "geometry": { "type": "MultiLineString", "coordinates": [ [ [ 100.385617099252556, 6.612144754540485 ], [ 100.385958484751455, 6.612649799401934 ], [ 100.386183728791977, 6.613266251218116 ], [ 100.386187248230101, 6.614729395890256 ], [ 100.385627657566957, 6.615238154316864 ], [ 100.384670370394758, 6.615297571359387 ], [ 100.384167090741741, 6.615806329785995 ], [ 100.384054468721487, 6.616649309076797 ], [ 100.38399815771136, 6.616820133074052 ], [ 100.384167090741741, 6.6176853937558 ], [ 100.384473281859314, 6.617975051838102 ], [ 100.38471260365236, 6.618015901054837 ], [ 100.384842822863277, 6.618101313053464 ], [ 100.385092702970724, 6.618220147138511 ], [ 100.385127897352064, 6.618636066436176 ], [ 100.385134936228326, 6.61892201095332 ], [ 100.385141975104588, 6.619122543471837 ], [ 100.385141975104588, 6.619315648860038 ], [ 100.385046950274997, 6.619471618596663 ], [ 100.384934328254744, 6.619802125895699 ], [ 100.384856900615816, 6.62002865337032 ] ] ] } },
{ "type": "Feature", "properties": { "id": null, "EL_Hash": "w1pms766yd", "ORDERRIVER_Name_T": 4, "HY_Name_T": "คลองหล้าปัง", "EL_Name": "คลองหล้าปัง766yd", "Lat": 6.6101338193399997, "Long": 100.385458496, "Length_km": 0.46533375250999998, "LocalName": "", "ElementA": "w1pms766yd", "ElementB": "w1pmsk3e6b", "ReLation": "FlowsTo" }, "geometry": { "type": "MultiLineString", "coordinates": [ [ [ 100.385099741847, 6.608093254953414 ], [ 100.385159572295251, 6.609444992670824 ], [ 100.385669890824545, 6.61062219282582 ], [ 100.385842343293064, 6.611353765161891 ], [ 100.385617099252556, 6.612144754540485 ] ] ] } },
{ "type": "Feature", "properties": { "id": null, "EL_Hash": "w1pms66pkm", "ORDERRIVER_Name_T": 4, "HY_Name_T": "คลองหล้าปัง", "EL_Name": "คลองหล้าปัง66pkm", "Lat": 6.6054293158600004, "Long": 100.385010208, "Length_km": 0.6485004385000001, "LocalName": "", "ElementA": "w1pms66pkm", "ElementB": "w1pms766yd", "ReLation": "FlowsTo" }, "geometry": { "type": "MultiLineString", "coordinates": [ [ [ 100.385817707226138, 6.602630600606411 ], [ 100.38553615217549, 6.603417876419847 ], [ 100.385427049593375, 6.604375976230539 ], [ 100.384867458930216, 6.605787130990472 ], [ 100.384476801297453, 6.606630110281274 ], [ 100.384649253765971, 6.60741738609471 ], [ 100.385099741847, 6.608093254953414 ] ] ] } },
{ "type": "Feature", "properties": { "id": null, "EL_Hash": "w1pms3f2mw", "ORDERRIVER_Name_T": 4, "HY_Name_T": "คลองหล้าปัง", "EL_Name": "คลองหล้าปัง3f2mw", "Lat": 6.6014877669500001, "Long": 100.385411168, "Length_km": 0.27191546707999997, "LocalName": "", "ElementA": "w1pms3f2mw", "ElementB": "w1pms66pkm", "ReLation": "FlowsTo" }, "geometry": { "type": "MultiLineString", "coordinates": [ [ [ 100.384684448147297, 6.600495300640723 ], [ 100.385588943747493, 6.601731917838244 ], [ 100.385817707226138, 6.602630600606411 ] ] ] } },
{ "type": "Feature", "properties": { "id": null, "EL_Hash": "w1pms29rnw", "ORDERRIVER_Name_T": 4, "HY_Name_T": "คลองหล้าปัง", "EL_Name": "คลองหล้าปัง29rnw", "Lat": 6.5957775654399997, "Long": 100.3840776, "Length_km": 1.1225636969199999, "LocalName": "", "ElementA": "w1pms29rnw", "ElementB": "w1pms3f2mw", "ReLation": "FlowsTo" }, "geometry": { "type": "MultiLineString", "coordinates": [ [ [ 100.383420969857539, 6.591155684269063 ], [ 100.383874977376692, 6.59182783956261 ], [ 100.383593422326058, 6.592785939373301 ], [ 100.384160051865479, 6.593855446138724 ], [ 100.384445126354251, 6.594698425429526 ], [ 100.384388815344124, 6.595262887333499 ], [ 100.383603980640459, 6.596558921573543 ], [ 100.383607500078583, 6.597684131816331 ], [ 100.384343062648398, 6.599032155968583 ], [ 100.384684448147297, 6.600495300640723 ] ] ] } },
{ "type": "Feature", "properties": { "id": null, "EL_Hash": "w1pmwsxyhy", "ORDERRIVER_Name_T": 4, "HY_Name_T": "คลองหลำโส๊ะ", "EL_Name": "คลองหลำโส๊ะsxyhy", "Lat": 6.617580533, "Long": 100.49181159699999, "Length_km": 4.0456792672499997, "LocalName": "", "ElementA": "w1pmwsxyhy", "ElementB": "w1pmw7vbu9", "ReLation": "FlowsTo" }, "geometry": { "type": "MultiLineString", "coordinates": [ [ [ 100.49938293690316, 6.62766002976943 ], [ 100.499249198254105, 6.62756347707533 ], [ 100.499147134548252, 6.627470637946387 ], [ 100.49903099308986, 6.627333236035551 ], [ 100.498869098935742, 6.627206974820189 ], [ 100.498605141075757, 6.627151271342823 ], [ 100.498034992098212, 6.62679848265284 ], [ 100.497746398171302, 6.626557100917588 ], [ 100.49732758503346, 6.626208025792763 ], [ 100.497236079642008, 6.626078051012243 ], [ 100.49704954942095, 6.625966644057511 ], [ 100.496525153139132, 6.625873804928569 ], [ 100.496208403707158, 6.625706694496471 ], [ 100.495986679104774, 6.625587860411424 ], [ 100.495824784950656, 6.625565579020478 ], [ 100.49574383787359, 6.625576719715951 ], [ 100.495275752601898, 6.625528443368901 ], [ 100.494863978340334, 6.625428177109642 ], [ 100.494659850928613, 6.625417036414169 ], [ 100.494434606888106, 6.625461599196061 ], [ 100.494202323971322, 6.625469026326376 ], [ 100.494026352064665, 6.625424463544484 ], [ 100.493642733308164, 6.625183081809233 ], [ 100.493484358592184, 6.625108810506078 ], [ 100.493382294886317, 6.624722599729676 ], [ 100.493301347809265, 6.624410660256427 ], [ 100.493188725789011, 6.624013308784551 ], [ 100.492847340290098, 6.623389429838054 ], [ 100.492639693440253, 6.623203751580169 ], [ 100.492407410523469, 6.623073776799648 ], [ 100.492090661091495, 6.622988364801022 ], [ 100.491858378174712, 6.622888098541763 ], [ 100.491689445144331, 6.622776691587031 ], [ 100.491615536943542, 6.622639289676195 ], [ 100.491597939752864, 6.62245361141831 ], [ 100.491552187057138, 6.622297641681686 ], [ 100.491337501331031, 6.621837159602129 ], [ 100.49128119032089, 6.6216551949094 ], [ 100.491319904140354, 6.621543787954669 ], [ 100.491432526160622, 6.621488084477304 ], [ 100.491685925706193, 6.621469516651515 ], [ 100.492002675138167, 6.621424953869622 ], [ 100.492291269065078, 6.621372963957414 ], [ 100.492551707486925, 6.621306119784575 ], [ 100.492579862991988, 6.621235562046579 ], [ 100.492555226925063, 6.621049883788692 ], [ 100.492425007714132, 6.620882773356596 ], [ 100.492199763673625, 6.620726803619971 ], [ 100.492002675138167, 6.620689667968394 ], [ 100.491770392221383, 6.620734230750286 ], [ 100.491612017505403, 6.620871632661122 ], [ 100.491443084475023, 6.621027602397747 ], [ 100.491284709759029, 6.62102017526743 ], [ 100.491172087738775, 6.620927336138488 ], [ 100.491108737852372, 6.62076022570639 ], [ 100.491129854481173, 6.620117778934105 ], [ 100.491147451671836, 6.619950668502008 ], [ 100.491277670882766, 6.619787271635069 ], [ 100.491400851217421, 6.619612734072656 ], [ 100.491446603913147, 6.61942705581477 ], [ 100.491439565036885, 6.619226523296253 ], [ 100.491298787511568, 6.619033417908051 ], [ 100.491133373919311, 6.618940578779108 ], [ 100.491055946280383, 6.618803176868274 ], [ 100.491031310213458, 6.618606357914914 ], [ 100.491066504594784, 6.618361262614505 ], [ 100.491312865264092, 6.618030755315468 ], [ 100.491619056381666, 6.617744810798324 ], [ 100.491854858736588, 6.617544278279807 ], [ 100.491956922442441, 6.617395735673498 ], [ 100.491921728061115, 6.61721377098077 ], [ 100.491640173010467, 6.617065228374461 ], [ 100.49146420110381, 6.617072655504777 ], [ 100.491193204367576, 6.61709865046088 ], [ 100.490855338306801, 6.617154353938246 ], [ 100.490623055390017, 6.617280615153609 ], [ 100.49044708348336, 6.617354886456763 ], [ 100.490249994947916, 6.617362313587079 ], [ 100.490098659108199, 6.617410589934129 ], [ 100.489810065181288, 6.617611122452645 ], [ 100.489549626759441, 6.6176853937558 ], [ 100.489391252043447, 6.617692820886115 ], [ 100.489194163508003, 6.617644544539065 ], [ 100.48909209980215, 6.617544278279807 ], [ 100.48897243890562, 6.617406876368971 ], [ 100.488792947560839, 6.617314037240028 ], [ 100.488560664644055, 6.617228625241401 ], [ 100.488419887118738, 6.617202630285297 ], [ 100.488300226222208, 6.617135786112458 ], [ 100.488113696001164, 6.616942680724256 ], [ 100.488057384991023, 6.616797851683105 ], [ 100.487895490836905, 6.616560183513012 ], [ 100.487733596682787, 6.616404213776387 ], [ 100.487547066461744, 6.616266811865552 ], [ 100.487434444441476, 6.616129409954716 ], [ 100.487349977926286, 6.615873173958834 ], [ 100.487339419611885, 6.615680068570632 ], [ 100.487335900173761, 6.615394124053488 ], [ 100.487374613993225, 6.615245581447179 ], [ 100.487364055678825, 6.615026481102874 ], [ 100.48731478354496, 6.614851943540462 ], [ 100.487332380735623, 6.614651411021945 ], [ 100.487445002755877, 6.614484300589847 ], [ 100.487603377471871, 6.614391461460905 ], [ 100.488226318021418, 6.614075808422498 ], [ 100.488374134422997, 6.613964401467767 ], [ 100.488465639814464, 6.61384556738272 ], [ 100.488493795319528, 6.613715592602199 ], [ 100.488444523185663, 6.613567049995891 ], [ 100.488324862289147, 6.613533627909471 ], [ 100.48814889038249, 6.613570763561048 ], [ 100.487476677699078, 6.613656175559676 ], [ 100.487008592427387, 6.613715592602199 ], [ 100.486318782553312, 6.61368217051578 ], [ 100.485910527729871, 6.613656175559676 ], [ 100.485460039648842, 6.613641321299045 ], [ 100.48443588315213, 6.613656175559676 ], [ 100.483707359458592, 6.613633894168729 ], [ 100.48332374070209, 6.613671029820307 ], [ 100.48304570508958, 6.61368217051578 ], [ 100.48291548587865, 6.613656175559676 ], [ 100.482785266667733, 6.613555909300418 ], [ 100.482482594988284, 6.613392512433478 ], [ 100.482352375777367, 6.613355376781901 ], [ 100.482250312071514, 6.613392512433478 ], [ 100.48217640387071, 6.613429648085055 ], [ 100.48210249566992, 6.613385085303163 ], [ 100.482035626345393, 6.613321954695482 ], [ 100.481866693315013, 6.613184552784646 ], [ 100.481669604779555, 6.613091713655703 ], [ 100.481560502197439, 6.613084286525387 ], [ 100.481419724672108, 6.613102854351176 ], [ 100.481233194451065, 6.613132562872438 ], [ 100.481081858611333, 6.613125135742123 ], [ 100.480895328390289, 6.61303229661318 ], [ 100.480747511988696, 6.612961738875183 ], [ 100.480670084349768, 6.612880040441713 ], [ 100.480560981767653, 6.612805769138559 ], [ 100.480223115706877, 6.612523538186572 ], [ 100.48007177986716, 6.612430699057629 ], [ 100.479811341445313, 6.612360141319632 ], [ 100.479698719425059, 6.612285870016478 ], [ 100.479603694595454, 6.612215312278481 ] ] ] } },
{ "type": "Feature", "properties": { "id": null, "EL_Hash": "w1pmw7kup4", "ORDERRIVER_Name_T": 4, "HY_Name_T": "คลองห้วยคู", "EL_Name": "คลองห้วยคู7kup4", "Lat": 6.6103494697, "Long": 100.476804878, "Length_km": 0.08344778665, "LocalName": "", "ElementA": "w1pmw7kup4", "ElementB": "w1pmw7kfb4", "ReLation": "FlowsTo" }, "geometry": { "type": "MultiLineString", "coordinates": [ [ [ 100.476890207794881, 6.610677896303186 ], [ 100.476928921614345, 6.610603625000032 ], [ 100.476925402176221, 6.610510785871089 ], [ 100.476869091166094, 6.610417946742146 ], [ 100.476767027460227, 6.610310253352572 ], [ 100.476559380610382, 6.610061444487005 ] ] ] } },
{ "type": "Feature", "properties": { "id": null, "EL_Hash": "w1pmw7vbu9", "ORDERRIVER_Name_T": 4, "HY_Name_T": "คลองห้วยคู", "EL_Name": "คลองห้วยคู7vbu9", "Lat": 6.6125352712999996, "Long": 100.478064104, "Length_km": 0.5461452556, "LocalName": "", "ElementA": "w1pmw7vbu9", "ElementB": "w1pmw7kup4", "ReLation": "FlowsTo" }, "geometry": { "type": "MultiLineString", "coordinates": [ [ [ 100.479603694595454, 6.612215312278481 ], [ 100.479547383585327, 6.612196744452693 ], [ 100.479381969993085, 6.612196744452693 ], [ 100.479061701122973, 6.612215312278481 ], [ 100.47885053483499, 6.612219025843639 ], [ 100.478709757309673, 6.612181890192062 ], [ 100.478540824279278, 6.612111332454066 ], [ 100.478361332934497, 6.612011066194807 ], [ 100.478157205522777, 6.611936794891653 ], [ 100.47802698631186, 6.611929367761337 ], [ 100.477886208786529, 6.611947935587126 ], [ 100.47782285890014, 6.612048201846385 ], [ 100.477840456090803, 6.6121521816708 ], [ 100.477917883729731, 6.612334146363528 ], [ 100.478037544626261, 6.612423271927314 ], [ 100.478065700131324, 6.612516111056257 ], [ 100.478058661255062, 6.612571814533623 ], [ 100.478012908559322, 6.6126089501852 ], [ 100.477956597549195, 6.612590382359411 ], [ 100.477861572719604, 6.612519824621415 ], [ 100.477787664518814, 6.61244555331826 ], [ 100.477467395648702, 6.612077910367645 ], [ 100.477337176437786, 6.611858810023341 ], [ 100.477164723969267, 6.611602574027458 ], [ 100.476978193748209, 6.611301775249683 ], [ 100.476865571727956, 6.611116096991797 ], [ 100.476826857908492, 6.610989835776435 ], [ 100.476805741279691, 6.610822725344337 ], [ 100.476890207794881, 6.610677896303186 ] ] ] } },
{ "type": "Feature", "properties": { "id": null, "EL_Hash": "w1prwrvyes", "ORDERRIVER_Name_T": 4, "HY_Name_T": "คลองหวะ", "EL_Name": "คลองหวะrvyes", "Lat": 6.9870731253000002, "Long": 100.47802217, "Length_km": 2.6409909194400001, "LocalName": "", "ElementA": "w1prwrvyes", "ElementB": "w1pry7qd9c", "ReLation": "FlowsTo" }, "geometry": { "type": "MultiLineString", "coordinates": [ [ [ 100.484903968423822, 6.982765984411053 ], [ 100.484903968423822, 6.982765984411053 ], [ 100.484854696289958, 6.982817974323261 ], [ 100.484749113145966, 6.983029647537252 ], [ 100.484749113145966, 6.983375009096919 ], [ 100.484706879888378, 6.983608963701855 ], [ 100.484523869105459, 6.983750079177849 ], [ 100.484196561359084, 6.983854059002264 ], [ 100.484034667204966, 6.983894908219 ], [ 100.483911486870312, 6.983995174478258 ], [ 100.483788306535644, 6.984177139170986 ], [ 100.483707359458592, 6.984422234471396 ], [ 100.483524348675672, 6.984567063512547 ], [ 100.483320221263952, 6.98478987742201 ], [ 100.483094977223445, 6.9850981033301 ], [ 100.483073860594644, 6.98526150019704 ], [ 100.483235754748762, 6.985566012539973 ], [ 100.483256871377563, 6.985647710973442 ], [ 100.483218157558099, 6.98599307253311 ], [ 100.483299104635151, 6.986587242958345 ], [ 100.483337818454615, 6.986932604518013 ], [ 100.483256871377563, 6.987055152168217 ], [ 100.483154807671696, 6.987114569210741 ], [ 100.483052743965843, 6.987055152168217 ], [ 100.482890849811724, 6.986873187475489 ], [ 100.482707839028805, 6.986605810784134 ], [ 100.482401647911232, 6.986505544524875 ], [ 100.481747032418482, 6.986483263133929 ], [ 100.481155766812137, 6.986646660000869 ], [ 100.480237193459402, 6.987014302951483 ], [ 100.479969716161293, 6.987096001384952 ], [ 100.479828938635976, 6.987237116860945 ], [ 100.479663525043719, 6.987300247468627 ], [ 100.479357333926146, 6.987300247468627 ], [ 100.479153206514425, 6.987359664511151 ], [ 100.478910365283255, 6.987545342769036 ], [ 100.478642887985146, 6.987708739635976 ], [ 100.478480993831027, 6.98768645824503 ], [ 100.478111452827051, 6.987545342769036 ], [ 100.477826378338278, 6.987482212161355 ], [ 100.477703198003624, 6.987318815294415 ], [ 100.477703198003624, 6.987237116860945 ], [ 100.477745431261212, 6.987218549035157 ], [ 100.477949558672933, 6.987196267644211 ], [ 100.478030505749985, 6.987096001384952 ], [ 100.477991791930521, 6.986992021560536 ], [ 100.477805261709477, 6.986810056867808 ], [ 100.477601134297757, 6.986687509217603 ], [ 100.477316059808985, 6.986668941391815 ], [ 100.477090815768463, 6.986546393741611 ], [ 100.47698875206261, 6.986279017050254 ], [ 100.476886688356757, 6.986197318616784 ], [ 100.47678462465089, 6.986178750790996 ], [ 100.476541783419719, 6.986360715483724 ], [ 100.476478433533316, 6.986442413917194 ], [ 100.476397486456264, 6.986464695308141 ], [ 100.476274306121596, 6.986423846091405 ], [ 100.47615464522508, 6.986423846091405 ], [ 100.476091295338691, 6.986483263133929 ], [ 100.47607017870989, 6.986564961567399 ], [ 100.47607017870989, 6.986687509217603 ], [ 100.47615464522508, 6.986850906084543 ], [ 100.476172242415743, 6.987032870777271 ], [ 100.47615464522508, 6.987155418427476 ], [ 100.476091295338691, 6.987218549035157 ], [ 100.475950517813359, 6.987218549035157 ], [ 100.475725273772852, 6.987177699818422 ], [ 100.47568304051525, 6.987055152168217 ], [ 100.475580976809397, 6.986910323127066 ], [ 100.475500029732331, 6.986828624693596 ], [ 100.475334616140074, 6.986869473910332 ], [ 100.475232552434221, 6.987014302951483 ], [ 100.475214955243558, 6.987136850601687 ], [ 100.475151605357155, 6.987259398251892 ], [ 100.474989711203037, 6.987422795118832 ], [ 100.474845414239581, 6.987545342769036 ], [ 100.474602573008411, 6.98752306137809 ], [ 100.474356212339089, 6.987545342769036 ], [ 100.474194318184971, 6.987586191985772 ], [ 100.473926840886861, 6.987463644335566 ], [ 100.473701596846354, 6.987400513727885 ], [ 100.473641766398089, 6.987277966077681 ], [ 100.473641766398089, 6.987073719994006 ], [ 100.473701596846354, 6.986951172343801 ], [ 100.473683999655677, 6.986850906084543 ], [ 100.473539702692221, 6.986746926260127 ], [ 100.473293342022913, 6.986687509217603 ], [ 100.473152564497596, 6.986687509217603 ], [ 100.472927320457075, 6.986646660000869 ], [ 100.472744309674155, 6.986624378609922 ], [ 100.472663362597103, 6.986564961567399 ], [ 100.472540182262449, 6.986564961567399 ], [ 100.472374768670193, 6.986646660000869 ], [ 100.472029863733155, 6.986951172343801 ], [ 100.471825736321435, 6.987259398251892 ], [ 100.471540661832663, 6.98752306137809 ], [ 100.47129430116334, 6.987727307461764 ], [ 100.471171120828686, 6.987749588852711 ], [ 100.47096699341698, 6.987768156678499 ], [ 100.470805099262847, 6.987645609028295 ], [ 100.470639685670605, 6.987400513727885 ], [ 100.470498908145274, 6.987341096685362 ], [ 100.470294780733568, 6.987259398251892 ], [ 100.470090653321847, 6.987300247468627 ], [ 100.469988589615994, 6.987318815294415 ], [ 100.469773903889873, 6.987467357900724 ], [ 100.469650723555219, 6.987508207117459 ], [ 100.46955217928749, 6.987760729548183 ] ] ] } },
{ "type": "Feature", "properties": { "id": null, "EL_Hash": "w1prwwsk5y", "ORDERRIVER_Name_T": 4, "HY_Name_T": "คลองหวะ", "EL_Name": "คลองหวะwsk5y", "Lat": 6.97978650661, "Long": 100.486960176, "Length_km": 1.10220877426, "LocalName": "", "ElementA": "w1prwwsk5y", "ElementB": "w1prwrvyes", "ReLation": "FlowsTo" }, "geometry": { "type": "MultiLineString", "coordinates": [ [ [ 100.488152409820628, 6.976705446073657 ], [ 100.488131293191827, 6.976724013899446 ], [ 100.488166487573153, 6.976776003811654 ], [ 100.488426925995, 6.977021099112063 ], [ 100.488550106329654, 6.977106511110691 ], [ 100.488659208911784, 6.977251340151842 ], [ 100.488757753179499, 6.977251340151842 ], [ 100.488870375199767, 6.977251340151842 ], [ 100.488930205648018, 6.977277335107946 ], [ 100.489042827668285, 6.97738502849752 ], [ 100.489102658116551, 6.977496435452252 ], [ 100.489116735869075, 6.977592988146352 ], [ 100.489078022049611, 6.977667259449507 ], [ 100.489004113848821, 6.977711822231399 ], [ 100.488930205648018, 6.977786093534553 ], [ 100.488807025313363, 6.977882646228654 ], [ 100.488599378463519, 6.978008907444017 ], [ 100.488525470262729, 6.978008907444017 ], [ 100.488465639814464, 6.977982912487913 ], [ 100.488402289928075, 6.977934636140862 ], [ 100.488293187345946, 6.977923495445389 ], [ 100.488205201392617, 6.977971771792439 ], [ 100.488170007011291, 6.978046043095594 ], [ 100.488170007011291, 6.978120314398748 ], [ 100.488208720830755, 6.978242862048953 ], [ 100.488219279145156, 6.97832827404758 ], [ 100.488159448696891, 6.978439681002312 ], [ 100.488032748924098, 6.978562228652517 ], [ 100.487803985445453, 6.978792469692295 ], [ 100.48758226084307, 6.979056132818493 ], [ 100.487371094555087, 6.979189821164171 ], [ 100.487177525457767, 6.979267806032483 ], [ 100.487043786808712, 6.97930494168406 ], [ 100.486966359169784, 6.979401494378161 ], [ 100.48695228141726, 6.980207338017386 ], [ 100.486892450968995, 6.980266755059909 ], [ 100.486702401309813, 6.980400443405587 ], [ 100.486547546031957, 6.980552699577053 ], [ 100.486241354914384, 6.98078665418199 ], [ 100.485973877616274, 6.980938910353456 ], [ 100.485822541776542, 6.981094880090081 ], [ 100.485783827957079, 6.98121000060997 ], [ 100.485766230766416, 6.981399392433013 ], [ 100.485745114137615, 6.981536794343849 ], [ 100.485667686498701, 6.981592497821214 ], [ 100.485132731902468, 6.981596211386372 ], [ 100.48505530426354, 6.981692764080472 ], [ 100.484960279433949, 6.981807884600362 ], [ 100.484861735166234, 6.98184502025194 ], [ 100.484826540784894, 6.98184502025194 ], [ 100.48478782696543, 6.981807884600362 ], [ 100.484727996517165, 6.981748467557838 ], [ 100.484710399326502, 6.981692764080472 ], [ 100.484664646630776, 6.981700191210788 ], [ 100.484661127192638, 6.981700191210788 ], [ 100.484657607754514, 6.981703904775946 ], [ 100.484654088316375, 6.981703904775946 ], [ 100.484523869105459, 6.981748467557838 ], [ 100.484439402590269, 6.981863588077728 ], [ 100.484453480342793, 6.982108683378137 ], [ 100.484689282697701, 6.982357492243704 ], [ 100.484889890671298, 6.982520889110644 ], [ 100.484903968423822, 6.982765984411053 ] ] ] } },
{ "type": "Feature", "properties": { "id": null, "EL_Hash": "w1prwvn87n", "ORDERRIVER_Name_T": 4, "HY_Name_T": "คลองหวะ", "EL_Name": "คลองหวะvn87n", "Lat": 6.9709051797399999, "Long": 100.501007302, "Length_km": 4.3213543440500004, "LocalName": "", "ElementA": "w1prwvn87n", "ElementB": "w1prwwsk5y", "ReLation": "FlowsTo" }, "geometry": { "type": "MultiLineString", "coordinates": [ [ [ 100.513654258532654, 6.970069305136816 ], [ 100.513541636512386, 6.970069305136816 ], [ 100.513027798544968, 6.970009888094292 ], [ 100.512735685179919, 6.970009888094292 ], [ 100.512549154958876, 6.970006174529134 ], [ 100.512147939011712, 6.970058164441342 ], [ 100.511866383961063, 6.970099013658078 ], [ 100.511662256549343, 6.970132435744497 ], [ 100.511387740374971, 6.970121295049023 ], [ 100.510958368922743, 6.970195566352178 ], [ 100.510662736119571, 6.970206707047651 ], [ 100.51042341432651, 6.970292119046278 ], [ 100.510286156239331, 6.97030697330691 ], [ 100.510155937028401, 6.970292119046278 ], [ 100.510067951075087, 6.970251269829544 ], [ 100.510022198379346, 6.970195566352178 ], [ 100.509937731864156, 6.970106440788393 ], [ 100.509927173549755, 6.970002460963976 ], [ 100.509941251302294, 6.969902194704718 ], [ 100.509962367931095, 6.969798214880302 ], [ 100.509962367931095, 6.969675667230097 ], [ 100.509934212426018, 6.969586541666312 ], [ 100.509846226472703, 6.969463994016108 ], [ 100.509712487823649, 6.969360014191691 ], [ 100.509434452211138, 6.969174335933806 ], [ 100.50926199974262, 6.969077783239705 ], [ 100.509071950083424, 6.968940381328869 ], [ 100.508998041882634, 6.968851255765084 ], [ 100.508888939300505, 6.968739848810353 ], [ 100.508815031099715, 6.968673004637513 ], [ 100.508508839982142, 6.968520748466047 ], [ 100.508438451219476, 6.96848361281447 ], [ 100.508378620771225, 6.968375919424896 ], [ 100.508311751446698, 6.968257085339849 ], [ 100.508237843245894, 6.968182814036695 ], [ 100.508202648864568, 6.968160532645748 ], [ 100.508149857292565, 6.968167959776064 ], [ 100.508093546282439, 6.968231090383745 ], [ 100.508023157519787, 6.968309075252058 ], [ 100.50792109381392, 6.968379632990054 ], [ 100.507804952355528, 6.968383346555211 ], [ 100.507674733144611, 6.968357351599107 ], [ 100.507540994495557, 6.968268226035322 ], [ 100.507431891913427, 6.96822366325343 ], [ 100.50720664787292, 6.968149391950275 ], [ 100.507048273156926, 6.968127110559329 ], [ 100.506932131698534, 6.968101115603225 ], [ 100.50684414574522, 6.968049125691017 ], [ 100.506728004286828, 6.968000849343967 ], [ 100.506671693276687, 6.967989708648494 ], [ 100.50662594058096, 6.968086261342594 ], [ 100.506643537771623, 6.96814196481996 ], [ 100.506713926534289, 6.96823851751406 ], [ 100.506534435189508, 6.968335070208161 ], [ 100.506309191148986, 6.968383346555211 ], [ 100.506354943844713, 6.968450190728051 ], [ 100.506397177102315, 6.968498467075101 ], [ 100.506439410359917, 6.968535602726678 ], [ 100.506485163055643, 6.968647009681409 ], [ 100.506460526988704, 6.968762130201299 ], [ 100.506439410359917, 6.968754703070983 ], [ 100.506238802386335, 6.968691572463302 ], [ 100.506175452499932, 6.968706426723933 ], [ 100.506122660927943, 6.968747275940668 ], [ 100.506080427670341, 6.968814120113507 ], [ 100.50598540284075, 6.968854969330241 ], [ 100.505855183629834, 6.968832687939296 ], [ 100.50578127542903, 6.96879183872256 ], [ 100.505644017341851, 6.968680431767829 ], [ 100.505615861836787, 6.96861358759499 ], [ 100.505626420151174, 6.968535602726678 ], [ 100.505686250599439, 6.96851703490089 ], [ 100.50578127542903, 6.968491039944785 ], [ 100.505879819696759, 6.96843533646742 ], [ 100.505939650145024, 6.968368492294581 ], [ 100.505974844526349, 6.968279366730796 ], [ 100.505974844526349, 6.968219949688272 ], [ 100.505946689021286, 6.968179100471537 ], [ 100.505834067001032, 6.968108542733541 ], [ 100.50563345902745, 6.968078834212279 ], [ 100.505464525997056, 6.968071407081963 ], [ 100.505327267909877, 6.968008276474282 ], [ 100.505327267909877, 6.967948859431758 ], [ 100.505327267909877, 6.967885728824077 ], [ 100.5053096707192, 6.967811457520923 ], [ 100.505253359709073, 6.967755754043557 ], [ 100.505179451508283, 6.967737186217769 ], [ 100.505105543307494, 6.967729759087453 ], [ 100.505021076792303, 6.967726045522295 ], [ 100.504897896457635, 6.967807743955765 ], [ 100.504862702076309, 6.967870874563446 ], [ 100.50484862432377, 6.967971140822705 ], [ 100.50478879387552, 6.968082547777437 ], [ 100.504704327360329, 6.968175386906379 ], [ 100.504616341407001, 6.96827193960048 ], [ 100.504538913768073, 6.968323929512688 ], [ 100.504479083319808, 6.968379632990054 ], [ 100.504387577928355, 6.968468758553839 ], [ 100.504306630851289, 6.968624728290463 ], [ 100.504222164336099, 6.968795552287718 ], [ 100.504021556362517, 6.968962662719815 ], [ 100.503905414904125, 6.969059215413916 ], [ 100.503803351198258, 6.969066642544232 ], [ 100.503729442997468, 6.969059215413916 ], [ 100.503599223786551, 6.969029506892655 ], [ 100.50348308232816, 6.969040647588128 ], [ 100.503381018622292, 6.969103778195809 ], [ 100.503303590983364, 6.969185476629279 ], [ 100.503222643906312, 6.969270888627906 ], [ 100.503208566153774, 6.969356300626534 ], [ 100.503226163344451, 6.969397149843268 ], [ 100.50328951323084, 6.969449139755477 ], [ 100.503363421431629, 6.969456566885792 ], [ 100.503412693565494, 6.969456566885792 ], [ 100.503437329632433, 6.969486275407053 ], [ 100.50345844626122, 6.969534551754104 ], [ 100.503472524013759, 6.969593968796628 ], [ 100.503486601766284, 6.969634818013363 ], [ 100.503574587719612, 6.969657099404309 ], [ 100.503616820977214, 6.96967195366494 ], [ 100.503648495920416, 6.969705375751359 ], [ 100.503655534796678, 6.969738797837778 ], [ 100.503641457044139, 6.969779647054514 ], [ 100.50356754884335, 6.969827923401564 ], [ 100.503423251879894, 6.969887340444087 ], [ 100.503250799411376, 6.969950471051769 ], [ 100.503127619076722, 6.969946757486611 ], [ 100.502990360989529, 6.969939330356295 ], [ 100.502895336159938, 6.969961611747242 ], [ 100.502846064026073, 6.97001360165945 ], [ 100.502786233577808, 6.97009530009292 ], [ 100.502715844815157, 6.970151003570285 ], [ 100.502684169871955, 6.970162144265759 ], [ 100.502620819985566, 6.970162144265759 ], [ 100.502532834032237, 6.970136149309655 ], [ 100.502402614821307, 6.970176998526389 ], [ 100.502360381563719, 6.970210420612808 ], [ 100.502202006847725, 6.970284691915963 ], [ 100.502135137523197, 6.970344108958487 ], [ 100.502106982018134, 6.970410953131325 ], [ 100.50207882651307, 6.970563209302792 ], [ 100.502124579208797, 6.97066347556205 ], [ 100.502166812466399, 6.970708038343943 ], [ 100.502209045724001, 6.970734033300047 ], [ 100.502247759543465, 6.970782309647097 ], [ 100.502254798419727, 6.970838013124463 ], [ 100.502240720667189, 6.970912284427618 ], [ 100.502205526285863, 6.970949420079195 ], [ 100.502142176399474, 6.971023691382349 ], [ 100.501973243369079, 6.971034832077822 ], [ 100.501857101910687, 6.970979128600456 ], [ 100.501660013375243, 6.970864008080567 ], [ 100.501593144050716, 6.970685756952997 ], [ 100.501441808210998, 6.970700611213627 ], [ 100.501293991809405, 6.970767455386467 ], [ 100.501142655969687, 6.970771168951624 ], [ 100.501061708892621, 6.970804591038044 ], [ 100.501008917320632, 6.970882575906356 ], [ 100.500949086872367, 6.971305922334335 ], [ 100.500903334176641, 6.971636429633373 ], [ 100.500839984290238, 6.971729268762315 ], [ 100.500741440022523, 6.97177011797905 ], [ 100.500646415192918, 6.971751550153262 ], [ 100.500466923848137, 6.971718128066843 ], [ 100.500297990817756, 6.971721841632 ], [ 100.500153693854301, 6.971792399369996 ], [ 100.500069227339111, 6.971944655541463 ], [ 100.500051630148434, 6.972082057452298 ], [ 100.500037552395909, 6.972130333799349 ], [ 100.500016435767108, 6.972189750841872 ], [ 100.499998838576445, 6.972215745797977 ], [ 100.499953085880719, 6.972297444231446 ], [ 100.499801750040987, 6.972312298492077 ], [ 100.499682089144471, 6.972230600058607 ], [ 100.499601142067405, 6.972048635365879 ], [ 100.499516675552215, 6.97198179119304 ], [ 100.49938293690316, 6.97198179119304 ], [ 100.499196406682117, 6.972145188059979 ], [ 100.49874239916295, 6.972256595014711 ], [ 100.498137055804065, 6.972200891537345 ], [ 100.49800331715501, 6.972234313623765 ], [ 100.497985719964348, 6.972330866317866 ], [ 100.497999797716872, 6.972546253097013 ], [ 100.497880136820356, 6.972743072050372 ], [ 100.497661931656097, 6.972873046830893 ], [ 100.49715865200308, 6.972869333265735 ], [ 100.497024913354025, 6.972754212745846 ], [ 100.496722241674576, 6.972653946486587 ], [ 100.496570905834858, 6.972731931354899 ], [ 100.496468842129005, 6.972962172394678 ], [ 100.496278792469823, 6.973337242475607 ], [ 100.495891654275184, 6.973415227343919 ], [ 100.495557307652547, 6.97333352891045 ], [ 100.495325024735763, 6.973118142131302 ], [ 100.495258155411236, 6.972921323177943 ], [ 100.495173688896045, 6.972806202658053 ], [ 100.495022353056328, 6.972806202658053 ], [ 100.494786550701406, 6.972850765439946 ], [ 100.494536670593959, 6.972884187526366 ], [ 100.494283271048388, 6.972899041786997 ], [ 100.493977079930815, 6.973158991348037 ], [ 100.493709602632691, 6.973337242475607 ], [ 100.493741277575893, 6.973664036209486 ], [ 100.493769433080956, 6.974302769416614 ], [ 100.493734238699631, 6.974466166283554 ], [ 100.493498436344709, 6.974614708889862 ], [ 100.492840301413835, 6.974822668538694 ], [ 100.492354618951481, 6.974852377059956 ], [ 100.491985077947504, 6.974752110800698 ], [ 100.491735197840057, 6.9744884476745 ], [ 100.491467720541948, 6.974143086114832 ], [ 100.491383254026758, 6.974042819855574 ], [ 100.491214320996363, 6.974072528376835 ], [ 100.490827182801738, 6.974202503157356 ], [ 100.489986037087931, 6.9744884476745 ], [ 100.489908609449017, 6.974518156195762 ], [ 100.489831181810089, 6.974547864717024 ], [ 100.48972207922796, 6.974581286803443 ], [ 100.489736156980484, 6.974302769416614 ], [ 100.489781909676225, 6.97424335237409 ], [ 100.489767831923686, 6.974105950463255 ], [ 100.489658729341571, 6.974057674116205 ], [ 100.489521471254378, 6.974057674116205 ], [ 100.489275110585069, 6.974169081070936 ], [ 100.489151930250401, 6.974336191503033 ], [ 100.489060424858948, 6.974473593413869 ], [ 100.489032269353885, 6.974830095669009 ], [ 100.48897243890562, 6.974919221232796 ], [ 100.488926686209894, 6.97534999479109 ], [ 100.488866855761628, 6.975413125398772 ], [ 100.488771830932038, 6.975535673048976 ], [ 100.488726078236311, 6.97564336643855 ], [ 100.488683844978709, 6.975810476870647 ], [ 100.488645131159245, 6.976011009389164 ], [ 100.488595859025381, 6.97619668764705 ], [ 100.488546586891516, 6.976330375992728 ], [ 100.488472678690727, 6.976441782947459 ], [ 100.488349498356072, 6.976553189902191 ], [ 100.488229837459542, 6.976638601900818 ], [ 100.488152409820628, 6.976705446073657 ] ] ] } },
{ "type": "Feature", "properties": { "id": null, "EL_Hash": "w1prxkf10y", "ORDERRIVER_Name_T": 4, "HY_Name_T": "คลองหวะ", "EL_Name": "คลองหวะkf10y", "Lat": 6.9696593695000004, "Long": 100.516696146, "Length_km": 0.68893984731000002, "LocalName": "", "ElementA": "w1prxkf10y", "ElementB": "w1prwvn87n", "ReLation": "FlowsTo" }, "geometry": { "type": "MultiLineString", "coordinates": [ [ [ 100.519658419987621, 6.968713853854249 ], [ 100.518753924387426, 6.969003511936551 ], [ 100.51817321709548, 6.969204044455068 ], [ 100.517574912612858, 6.969386009147795 ], [ 100.517282799247823, 6.969456566885792 ], [ 100.517096269026766, 6.969497416102527 ], [ 100.516959010939573, 6.969523411058631 ], [ 100.516828791728656, 6.969579114535997 ], [ 100.516688014203339, 6.969664526534624 ], [ 100.516350148142564, 6.969757365663567 ], [ 100.516082670844455, 6.969824209836406 ], [ 100.515980607138587, 6.969846491227353 ], [ 100.515825751860731, 6.969883626878929 ], [ 100.515667377144752, 6.96993190322598 ], [ 100.515473808047432, 6.970006174529134 ], [ 100.515318952769576, 6.970058164441342 ], [ 100.515202811311184, 6.970087872962604 ], [ 100.515009242213878, 6.970099013658078 ], [ 100.514847348059746, 6.970084159397446 ], [ 100.51465377896244, 6.9700618780065 ], [ 100.51452355975151, 6.970032169485238 ], [ 100.514414457169394, 6.970006174529134 ], [ 100.514217368633936, 6.970002460963976 ], [ 100.513999163469691, 6.970035883050396 ], [ 100.51381967212491, 6.970069305136816 ], [ 100.513654258532654, 6.970069305136816 ] ] ] } },
{ "type": "Feature", "properties": { "id": null, "EL_Hash": "w1prxevcz0", "ORDERRIVER_Name_T": 4, "HY_Name_T": "คลองหวะ", "EL_Name": "คลองหวะevcz0", "Lat": 6.9642612648800002, "Long": 100.533102048, "Length_km": 3.2451011580800002, "LocalName": "", "ElementA": "w1prxevcz0", "ElementB": "w1prxkf10y", "ReLation": "FlowsTo" }, "geometry": { "type": "MultiLineString", "coordinates": [ [ [ 100.545051166117531, 6.964290997751406 ], [ 100.54501949117433, 6.964239007839199 ], [ 100.544903349715938, 6.964086751667732 ], [ 100.544780169381283, 6.963982771843316 ], [ 100.544674586237292, 6.963919641235634 ], [ 100.544572522531425, 6.963886219149215 ], [ 100.544435264444246, 6.963871364888584 ], [ 100.544287448042652, 6.963863937758269 ], [ 100.544220578718125, 6.963912214105319 ], [ 100.544100917821609, 6.96400876679942 ], [ 100.544019970744543, 6.964049616016155 ], [ 100.543900309848027, 6.96405704314647 ], [ 100.543671546369367, 6.964075610972259 ], [ 100.543569482663514, 6.964068183841944 ], [ 100.543474457833923, 6.964034761755524 ], [ 100.543323121994206, 6.963964204017527 ], [ 100.543140111211287, 6.963901073409846 ], [ 100.542907828294503, 6.963875078453742 ], [ 100.542707220320921, 6.9638787920189 ], [ 100.542517170661739, 6.963886219149215 ], [ 100.542291926621218, 6.963856510627953 ], [ 100.542154668534025, 6.963860224193111 ], [ 100.54206668258071, 6.963901073409846 ], [ 100.541957579998581, 6.964012480364578 ], [ 100.541873113483391, 6.964153595840571 ], [ 100.541619713937806, 6.964365269054561 ], [ 100.541524689108215, 6.96439869114098 ], [ 100.541366314392235, 6.964361555489403 ], [ 100.541278328438906, 6.964294711316564 ], [ 100.541169225856777, 6.964183304361833 ], [ 100.541053084398385, 6.964019907494893 ], [ 100.540926384625593, 6.963882505584057 ], [ 100.540782087662137, 6.963730249412591 ], [ 100.540655387889359, 6.96350372193797 ], [ 100.540560363059768, 6.963381174287766 ], [ 100.540430143848837, 6.963254913072403 ], [ 100.540233055313394, 6.963139792552514 ], [ 100.540109874978739, 6.963002390641678 ], [ 100.539990214082209, 6.962850134470211 ], [ 100.53988111150008, 6.962746154645796 ], [ 100.539764970041688, 6.96270530542906 ], [ 100.53945525948599, 6.962701591863903 ], [ 100.539462298362253, 6.962761008906426 ], [ 100.539441181733451, 6.962809285253477 ], [ 100.539349676341999, 6.962835280209581 ], [ 100.53925113207427, 6.962831566644423 ], [ 100.53925113207427, 6.963050666988728 ], [ 100.539212418254806, 6.963228918116299 ], [ 100.539138510054016, 6.963370033592292 ], [ 100.539036446348149, 6.963451732025762 ], [ 100.538804163431379, 6.963451732025762 ], [ 100.538624672086584, 6.963381174287766 ], [ 100.538483894561267, 6.963299475854296 ], [ 100.538230495015682, 6.96298382281589 ], [ 100.538131950747967, 6.962798144558004 ], [ 100.538058042547163, 6.962605039169802 ], [ 100.538015809289575, 6.96251220004086 ], [ 100.537973576031973, 6.962489918649913 ], [ 100.537853915135457, 6.962489918649913 ], [ 100.537727215362665, 6.962534481431806 ], [ 100.537565321208547, 6.962556762822752 ], [ 100.537385829863751, 6.962545622127279 ], [ 100.537216896833371, 6.962575330648541 ], [ 100.537016288859789, 6.962586471344014 ], [ 100.536805122571806, 6.962623606995591 ], [ 100.536600995160086, 6.962697878298745 ], [ 100.536414464939043, 6.962753581776111 ], [ 100.536256090223048, 6.962812998818634 ], [ 100.53609419606893, 6.962846420905054 ], [ 100.535942860229213, 6.962857561600527 ], [ 100.535777446636956, 6.962924405773366 ], [ 100.535594435854037, 6.963028385597783 ], [ 100.535421983385518, 6.963150933247987 ], [ 100.535256569793262, 6.963217777420826 ], [ 100.535038364629017, 6.963277194463349 ], [ 100.534837756655435, 6.963370033592292 ], [ 100.534633629243714, 6.963485154112181 ], [ 100.534461176775196, 6.963566852545651 ], [ 100.534323918688017, 6.96368197306554 ], [ 100.53414794678136, 6.963815661411219 ], [ 100.533982533189103, 6.963971631147842 ], [ 100.533852313978187, 6.964086751667732 ], [ 100.533644667128328, 6.964149882275413 ], [ 100.533363112077694, 6.964172163666359 ], [ 100.533063959836383, 6.964272429925618 ], [ 100.532609952317216, 6.964428399662242 ], [ 100.532145386483663, 6.96457694226855 ], [ 100.531694898402634, 6.964736625570333 ], [ 100.531423901666386, 6.964818324003803 ], [ 100.530551081009392, 6.964443253922873 ], [ 100.5287315314946, 6.964439540357715 ], [ 100.527763686008015, 6.964933444523692 ], [ 100.527380067251514, 6.965185966954416 ], [ 100.527010526247551, 6.965501619992822 ], [ 100.526683218501176, 6.96566873042492 ], [ 100.526415741203067, 6.965768996684178 ], [ 100.526053239075367, 6.965910112160172 ], [ 100.525440856840206, 6.966151493895423 ], [ 100.525141704598909, 6.966251760154681 ], [ 100.524867188424523, 6.966374307804886 ], [ 100.524687697079742, 6.966467146933829 ], [ 100.524564516745087, 6.966493141889933 ], [ 100.524353350457105, 6.966548845367299 ], [ 100.524159781359785, 6.966623116670453 ], [ 100.523976770576866, 6.966708528669081 ], [ 100.523762084850745, 6.966857071275389 ], [ 100.523557957439039, 6.967005613881698 ], [ 100.523392543846782, 6.967150442922849 ], [ 100.523198974749462, 6.967310126224631 ], [ 100.522980769585217, 6.967432673874836 ], [ 100.522713292287108, 6.967566362220514 ], [ 100.522452853865261, 6.967674055610088 ], [ 100.52224872645354, 6.967737186217769 ], [ 100.522083312861284, 6.967863447433131 ], [ 100.52196013252663, 6.967960000127231 ], [ 100.521685616352258, 6.968045412125859 ], [ 100.521534280512526, 6.968104829168382 ], [ 100.521337191977082, 6.968171673341222 ], [ 100.52122105051869, 6.968212522557956 ], [ 100.521108428498437, 6.968234803948903 ], [ 100.520992287040045, 6.96822366325343 ], [ 100.520904301086716, 6.96822366325343 ], [ 100.520788159628324, 6.968297934556584 ], [ 100.520629784912344, 6.968372205859739 ], [ 100.520520682330215, 6.968427909337104 ], [ 100.52021801065078, 6.968520748466047 ], [ 100.519739367064687, 6.968687858898145 ], [ 100.519658419987621, 6.968713853854249 ] ] ] } },
{ "type": "Feature", "properties": { "id": null, "EL_Hash": "w1px81xp9f", "ORDERRIVER_Name_T": 4, "HY_Name_T": "คลองหวะ", "EL_Name": "คลองหวะ1xp9f", "Lat": 6.9529001801700003, "Long": 100.556569591, "Length_km": 4.9659642858500002, "LocalName": "", "ElementA": "w1px81xp9f", "ElementB": "w1prxevcz0", "ReLation": "FlowsTo" }, "geometry": { "type": "MultiLineString", "coordinates": [ [ [ 100.569525338894707, 6.93969605571184 ], [ 100.569486625075243, 6.939751759189206 ], [ 100.569388080807514, 6.93985945257878 ], [ 100.569342328111787, 6.940007995185089 ], [ 100.56934936698805, 6.94015282422624 ], [ 100.569391600245652, 6.940342216049283 ], [ 100.569391600245652, 6.940565029958746 ], [ 100.569366964178712, 6.940813838824313 ], [ 100.56928601710166, 6.941040366298934 ], [ 100.569194511710194, 6.941170341079454 ], [ 100.569120603509404, 6.941304029425132 ], [ 100.569120603509404, 6.941504561943649 ], [ 100.569103006318741, 6.941760797939532 ], [ 100.56908188968994, 6.942002179674783 ], [ 100.568976306545949, 6.942280697061612 ], [ 100.568898878907021, 6.942496083840759 ], [ 100.568800334639292, 6.94272261131538 ], [ 100.568705309809701, 6.942863726791374 ], [ 100.568592687789447, 6.943053118614417 ], [ 100.568511740712381, 6.943190520525253 ], [ 100.568480065769194, 6.9433093546103 ], [ 100.568437832511592, 6.943405907304401 ], [ 100.568427274197191, 6.943565590606182 ], [ 100.568395599254004, 6.943922092861324 ], [ 100.568363924310802, 6.944130052510156 ], [ 100.568275938357473, 6.944312017202884 ], [ 100.56816331633722, 6.944412283462142 ], [ 100.568015499935626, 6.944501409025928 ], [ 100.567916955667897, 6.944568253198766 ], [ 100.567853605781508, 6.944657378762551 ], [ 100.567836008590845, 6.944757645021809 ], [ 100.567814891962044, 6.944939609714538 ], [ 100.567723386570592, 6.945103006581478 ], [ 100.5676178034266, 6.945221840666525 ], [ 100.567487584215669, 6.945292398404521 ], [ 100.567389039947955, 6.945377810403149 ], [ 100.567353845566615, 6.945444654575987 ], [ 100.567315131747151, 6.945608051442927 ], [ 100.567248262422623, 6.945749166918921 ], [ 100.567107484897306, 6.945871714569125 ], [ 100.566987824000776, 6.945912563785861 ], [ 100.566780177150932, 6.946049965696695 ], [ 100.566660516254402, 6.946131664130165 ], [ 100.566431752775756, 6.946146518390797 ], [ 100.566174833792047, 6.946198508303004 ], [ 100.566093886714981, 6.94625421178037 ], [ 100.566016459076067, 6.946387900126048 ], [ 100.566016459076067, 6.946536442732357 ], [ 100.566016459076067, 6.946725834555401 ], [ 100.565977745256603, 6.946807532988871 ], [ 100.56582992885501, 6.946822387249501 ], [ 100.565748981777944, 6.946848382205605 ], [ 100.565573009871301, 6.946915226378444 ], [ 100.565467426727309, 6.947037774028649 ], [ 100.565372401897719, 6.947160321678854 ], [ 100.565252741001188, 6.947375708458001 ], [ 100.565185871676661, 6.947472261152102 ], [ 100.565066210780145, 6.947565100281045 ], [ 100.564946549883615, 6.947631944453883 ], [ 100.564770577976958, 6.947702502191881 ], [ 100.564622761575379, 6.947769346364719 ], [ 100.564489022926324, 6.947958738187763 ], [ 100.56424618169514, 6.948040436621232 ], [ 100.564112443046085, 6.948014441665128 ], [ 100.563936471139428, 6.947977306013551 ], [ 100.563802732490373, 6.947936456796817 ], [ 100.563640838336255, 6.947951311057447 ], [ 100.563464866429598, 6.948018155230287 ], [ 100.563345205533082, 6.948166697836595 ], [ 100.563253700141615, 6.948330094703534 ], [ 100.563225544636552, 6.948519486526578 ], [ 100.563295933399218, 6.94867916982836 ], [ 100.563376880476284, 6.948827712434669 ], [ 100.563376880476284, 6.949002249997082 ], [ 100.563366322161883, 6.949161933298863 ], [ 100.563366322161883, 6.949228777471703 ], [ 100.563327608342419, 6.949299335209699 ], [ 100.563151636435762, 6.949325330165803 ], [ 100.563098844863774, 6.949325330165803 ], [ 100.562975664529105, 6.949340184426434 ], [ 100.562760978802999, 6.949436737120535 ], [ 100.562655395659007, 6.949555571205582 ], [ 100.562560370829416, 6.949692973116417 ], [ 100.56247942375235, 6.949852656418199 ], [ 100.562197868701716, 6.950097751718609 ], [ 100.562064130052647, 6.950153455195974 ], [ 100.561958546908656, 6.950201731543024 ], [ 100.561810730507077, 6.950235153629444 ], [ 100.561648836352958, 6.95024258075976 ], [ 100.561539733770829, 6.95024258075976 ], [ 100.561360242426048, 6.95024258075976 ], [ 100.561170192766866, 6.950212872238497 ], [ 100.561001259736472, 6.950220299368813 ], [ 100.560888637716218, 6.950309424932598 ], [ 100.560849923896754, 6.950368841975122 ], [ 100.560842885020492, 6.950487676060169 ], [ 100.56088511827808, 6.950736484925736 ], [ 100.560867521087417, 6.951048424398984 ], [ 100.560807690639152, 6.951297233264551 ], [ 100.56070210749516, 6.951531187869487 ], [ 100.560575407722382, 6.951698298301585 ], [ 100.560381838625062, 6.951843127342736 ], [ 100.560219944470944, 6.951876549429155 ], [ 100.559963025487221, 6.951913685080733 ], [ 100.559829286838166, 6.951924825776206 ], [ 100.559702587065388, 6.951954534297467 ], [ 100.559635717740861, 6.951947107167152 ], [ 100.559547731787532, 6.951935966471678 ], [ 100.559480862463005, 6.951895117254944 ], [ 100.559364721004613, 6.951828273082105 ], [ 100.559329526623273, 6.951813418821474 ], [ 100.559216904603019, 6.951817132386632 ], [ 100.559128918649691, 6.951817132386632 ], [ 100.559023335505699, 6.951876549429155 ], [ 100.558907194047308, 6.95195082073231 ], [ 100.558826246970256, 6.951973102123256 ], [ 100.558741780455065, 6.95195082073231 ], [ 100.558678430568662, 6.951921112211048 ], [ 100.558565808548408, 6.951831986647263 ], [ 100.558375758889227, 6.951739147518319 ], [ 100.558118839905518, 6.951739147518319 ], [ 100.557999179008988, 6.951783710300212 ], [ 100.557851362607408, 6.951984242818729 ], [ 100.557812648787944, 6.952158780381142 ], [ 100.557840804293008, 6.952348172204186 ], [ 100.557840804293008, 6.952496714810494 ], [ 100.557749298901541, 6.952686106633537 ], [ 100.55755924924236, 6.952793800023112 ], [ 100.557344563516239, 6.952793800023112 ], [ 100.557129877790132, 6.95273066941543 ], [ 100.55682016723442, 6.952704674459326 ], [ 100.556725142404829, 6.95273066941543 ], [ 100.556577326003236, 6.952853217065635 ], [ 100.556552689936311, 6.953001759671944 ], [ 100.556566767688835, 6.953191151494988 ], [ 100.556647714765901, 6.953350834796769 ], [ 100.556704025776028, 6.953484523142447 ], [ 100.556823686672558, 6.95365906070486 ], [ 100.556865919930146, 6.953859593223377 ], [ 100.556813128358158, 6.954022990090317 ], [ 100.556679389709103, 6.954063839307051 ], [ 100.556545651060048, 6.95404898504642 ], [ 100.556436548477919, 6.953956145917477 ], [ 100.556260576571262, 6.953796462615696 ], [ 100.55607052691208, 6.953796462615696 ], [ 100.5559121521961, 6.953867020353692 ], [ 100.555845282871573, 6.953933864526531 ], [ 100.555778413547046, 6.954067552872209 ], [ 100.555764335794507, 6.954190100522413 ], [ 100.555750258041982, 6.95439063304093 ], [ 100.555686908155579, 6.954580024863974 ], [ 100.555563727820925, 6.954702572514178 ], [ 100.555363119847343, 6.954769416687017 ], [ 100.555081564796694, 6.954773130252175 ], [ 100.554905592890051, 6.954865969381118 ], [ 100.554814087498585, 6.954962522075219 ], [ 100.554761295926596, 6.955125918942159 ], [ 100.554747218174057, 6.95528560224394 ], [ 100.55478945143166, 6.955474994066984 ], [ 100.554817606936723, 6.95566067232487 ], [ 100.554859840194311, 6.955824069191809 ], [ 100.554887995699374, 6.95605059666643 ], [ 100.554983020528965, 6.956347681879048 ], [ 100.555025253786567, 6.956615058570403 ], [ 100.555039331539106, 6.956856440305655 ], [ 100.555000617719642, 6.9571423848228 ], [ 100.554947826147639, 6.957383766558051 ], [ 100.554814087498585, 6.957762550204138 ], [ 100.554627557277541, 6.958126479589595 ], [ 100.554483260314086, 6.95839385628095 ], [ 100.554335443912493, 6.958813489143772 ], [ 100.554201705263438, 6.959166277833756 ], [ 100.554029252794919, 6.959433654525111 ], [ 100.553870878078925, 6.959689890520994 ], [ 100.553642114600279, 6.959960980777507 ], [ 100.553508375951225, 6.960042679210977 ], [ 100.553198665395513, 6.960072387732239 ], [ 100.553093082251522, 6.9600055435594 ], [ 100.552955824164343, 6.95984214669246 ], [ 100.552885435401677, 6.959559915740473 ], [ 100.552737619000084, 6.959292539049118 ], [ 100.552533491588378, 6.959118001486705 ], [ 100.552290650357193, 6.95901402166229 ], [ 100.551952784296418, 6.958906328272715 ], [ 100.5517908901423, 6.958921182533346 ], [ 100.551576204416193, 6.959058584444182 ], [ 100.551445985205262, 6.959325961135537 ], [ 100.551298168803669, 6.959597051392051 ], [ 100.551097560830087, 6.95974559399836 ], [ 100.550935666675969, 6.95992384512593 ], [ 100.550868797351441, 6.960139231905078 ], [ 100.550893433418381, 6.960636849636212 ], [ 100.550523892414404, 6.960625708940738 ], [ 100.550347920507761, 6.96064056320137 ], [ 100.550076923771513, 6.960588573289161 ], [ 100.549862238045392, 6.960521729116323 ], [ 100.549714421643813, 6.960480879899587 ], [ 100.549418788840626, 6.960510588420849 ], [ 100.549161869856917, 6.96060714111495 ], [ 100.54894718413081, 6.960740829460628 ], [ 100.548640993013223, 6.960930221283672 ], [ 100.548450943354041, 6.961093618150612 ], [ 100.54810251897888, 6.961338713451021 ], [ 100.547768172356228, 6.961476115361856 ], [ 100.547592200449586, 6.961583808751429 ], [ 100.547377514723465, 6.961680361445531 ], [ 100.547152270682957, 6.961869753268575 ], [ 100.546867196194171, 6.961966305962675 ], [ 100.546571563390998, 6.962018295874883 ], [ 100.546342799912352, 6.962022009440041 ], [ 100.54604716710918, 6.961996014483937 ], [ 100.545737456553468, 6.961944024571729 ], [ 100.545561484646811, 6.961918029615624 ], [ 100.545385512740168, 6.961932883876256 ], [ 100.545294007348701, 6.96197373309299 ], [ 100.545227138024174, 6.962081426482564 ], [ 100.545174346452185, 6.962255964044977 ], [ 100.545160268699647, 6.962471350824124 ], [ 100.545202501957249, 6.962645888386537 ], [ 100.54529752678684, 6.962809285253477 ], [ 100.545353837796966, 6.962887270121789 ], [ 100.545420707121494, 6.963143506117672 ], [ 100.545434784874033, 6.963266053767876 ], [ 100.545448862626557, 6.963410882809027 ], [ 100.545424226559632, 6.96360027463207 ], [ 100.545357357235105, 6.963789666455114 ], [ 100.545276410158039, 6.963964204017527 ], [ 100.545051166117531, 6.964290997751406 ] ] ] } },
{ "type": "Feature", "properties": { "id": null, "EL_Hash": "w1r2qupmu0", "ORDERRIVER_Name_T": 6, "HY_Name_T": "คลองใหญ่", "EL_Name": "คลองใหญ่upmu0", "Lat": 7.0981560632000003, "Long": 100.502080756, "Length_km": 0.4445583672, "LocalName": "", "ElementA": "w1r2qupmu0", "ElementB": "w1r2rhb8p5", "ReLation": "FlowsTo" }, "geometry": { "type": "MultiLineString", "coordinates": [ [ [ 100.500129057787362, 7.097815946562314 ], [ 100.500639376316656, 7.098035046906618 ], [ 100.501515716411788, 7.09801647908083 ], [ 100.502265356734128, 7.098202157338716 ], [ 100.502525795155975, 7.098358127075341 ], [ 100.502955166608203, 7.098443539073968 ], [ 100.50316985233431, 7.098499242551334 ], [ 100.503314149297765, 7.098543805333226 ], [ 100.503500679518822, 7.098614363071222 ], [ 100.503676651425479, 7.098740624286585 ], [ 100.503884298275324, 7.09894487037026 ] ] ] } },
{ "type": "Feature", "properties": { "id": null, "EL_Hash": "w1r2quub7m", "ORDERRIVER_Name_T": 6, "HY_Name_T": "คลองใหญ่", "EL_Name": "คลองใหญ่uub7m", "Lat": 7.1013577840800002, "Long": 100.49861526700001, "Length_km": 0.85687539353999997, "LocalName": "", "ElementA": "w1r2quub7m", "ElementB": "w1r2qupmu0", "ReLation": "FlowsTo" }, "geometry": { "type": "MultiLineString", "coordinates": [ [ [ 100.497278312899596, 7.104886574622609 ], [ 100.497440207053728, 7.104712037060196 ], [ 100.497584504017183, 7.104381529761159 ], [ 100.497672489970498, 7.104095585244014 ], [ 100.497721762104362, 7.103854203508763 ], [ 100.497749917609426, 7.103627676034142 ], [ 100.497756956485702, 7.103430857080783 ], [ 100.497781592552627, 7.103263746648686 ], [ 100.497844942439016, 7.103122631172693 ], [ 100.497901253449157, 7.10294809361028 ], [ 100.497968122773685, 7.102799551003971 ], [ 100.4980772253558, 7.102680716918924 ], [ 100.498263755576858, 7.102498752226196 ], [ 100.498313027710722, 7.102283365447049 ], [ 100.498313027710722, 7.102060551537585 ], [ 100.498358780406448, 7.101908295366119 ], [ 100.498481960741103, 7.101715189977917 ], [ 100.498559388380031, 7.101525798154873 ], [ 100.49866849096216, 7.101202717986152 ], [ 100.498928929383993, 7.100823934340065 ], [ 100.499175290053316, 7.100467432084924 ], [ 100.499411092408224, 7.099891829485478 ], [ 100.499759516783399, 7.098878026197421 ], [ 100.499998838576445, 7.09821329803419 ], [ 100.500129057787362, 7.097815946562314 ] ] ] } },
{ "type": "Feature", "properties": { "id": null, "EL_Hash": "w1r2tvdgcv", "ORDERRIVER_Name_T": 6, "HY_Name_T": "คลองอู่ตะเภา", "EL_Name": "คลองอู่ตะเภาvdgcv", "Lat": 7.1500270483800001, "Long": 100.451852608, "Length_km": 1.68750557704, "LocalName": "", "ElementA": "w1r2tvdgcv", "ElementB": "w1r2tvu6nb", "ReLation": "FlowsTo" }, "geometry": { "type": "MultiLineString", "coordinates": [ [ [ 100.453116403206181, 7.142854064795117 ], [ 100.45310584489178, 7.143277411223097 ], [ 100.453116403206181, 7.143515079393191 ], [ 100.452884120289397, 7.144172380426107 ], [ 100.452528657037959, 7.145171329453533 ], [ 100.452451229399031, 7.145869479703184 ], [ 100.452507540409158, 7.146270544740218 ], [ 100.452799653774207, 7.147072674814284 ], [ 100.452929872985123, 7.147588860371207 ], [ 100.452929872985123, 7.147993638973398 ], [ 100.452782056583544, 7.148409558271063 ], [ 100.452194310415322, 7.149460497210697 ], [ 100.45187404154521, 7.149939547116043 ], [ 100.451817730535083, 7.150169788155821 ], [ 100.451912755364674, 7.150444591977492 ], [ 100.452215427044123, 7.150801094232634 ], [ 100.452634240181951, 7.151231867790929 ], [ 100.452785576021668, 7.151610651437016 ], [ 100.45274334276408, 7.152156545515201 ], [ 100.452609604115025, 7.15283984150422 ], [ 100.452317490749977, 7.15384993122712 ], [ 100.451962027498539, 7.155030844947274 ], [ 100.451933871993475, 7.155754990153029 ], [ 100.452018338508665, 7.156594255878673 ], [ 100.452222465920386, 7.157180999173593 ] ] ] } },
{ "type": "Feature", "properties": { "id": null, "EL_Hash": "w1r2tgkj2k", "ORDERRIVER_Name_T": 6, "HY_Name_T": "คลองอู่ตะเภา", "EL_Name": "คลองอู่ตะเภาgkj2k", "Lat": 7.1379178372499998, "Long": 100.453506394, "Length_km": 1.1021850372599999, "LocalName": "", "ElementA": "w1r2tgkj2k", "ElementB": "w1r2tvdgcv", "ReLation": "FlowsTo" }, "geometry": { "type": "MultiLineString", "coordinates": [ [ [ 100.453633760611737, 7.133105956256108 ], [ 100.453390919380553, 7.134160608760899 ], [ 100.453035456129115, 7.135646034823987 ], [ 100.453000261747789, 7.136165933946067 ], [ 100.453098806015518, 7.136934641933714 ], [ 100.453169194778184, 7.137246581406963 ], [ 100.453404997133092, 7.137614224357577 ], [ 100.453489463648282, 7.137833324701882 ], [ 100.453535216344008, 7.138067279306819 ], [ 100.453507060838945, 7.138316088172385 ], [ 100.453401477694953, 7.138538902081849 ], [ 100.453302933427238, 7.139263047287604 ], [ 100.453281816798437, 7.140154302925456 ], [ 100.4532994139891, 7.140978714390469 ], [ 100.453137519834982, 7.141933100636003 ], [ 100.453116403206181, 7.142854064795117 ] ] ] } },
{ "type": "Feature", "properties": { "id": null, "EL_Hash": "w1r2tfk1js", "ORDERRIVER_Name_T": 6, "HY_Name_T": "คลองอู่ตะเภา", "EL_Name": "คลองอู่ตะเภาfk1js", "Lat": 7.1316948419699999, "Long": 100.45373018799999, "Length_km": 0.31263309962000002, "LocalName": "", "ElementA": "w1r2tfk1js", "ElementB": "w1r2tgkj2k", "ReLation": "FlowsTo" }, "geometry": { "type": "MultiLineString", "coordinates": [ [ [ 100.453989223863175, 7.130320782387819 ], [ 100.453848446337858, 7.130669857512644 ], [ 100.453756940946391, 7.131093203940624 ], [ 100.453714707688803, 7.132051303751315 ], [ 100.453633760611737, 7.133105956256108 ] ] ] } },
{ "type": "Feature", "properties": { "id": null, "EL_Hash": "w1r2tby5w5", "ORDERRIVER_Name_T": 6, "HY_Name_T": "คลองอู่ตะเภา", "EL_Name": "คลองอู่ตะเภาby5w5", "Lat": 7.1238789700499998, "Long": 100.456499532, "Length_km": 1.57056826601, "LocalName": "", "ElementA": "w1r2tby5w5", "ElementB": "w1r2tfk1js", "ReLation": "FlowsTo" }, "geometry": { "type": "MultiLineString", "coordinates": [ [ [ 100.457209509754904, 7.117048500514135 ], [ 100.457198951440517, 7.117319590770649 ], [ 100.457107446049051, 7.118173710756923 ], [ 100.457160237621054, 7.119228363261715 ], [ 100.457241184698105, 7.120041634031256 ], [ 100.457445312109826, 7.120936603234266 ], [ 100.457455870424226, 7.121705311221914 ], [ 100.457336209527696, 7.122344044429041 ], [ 100.45717079593544, 7.12283423502986 ], [ 100.456899799199206, 7.123313284935205 ], [ 100.456463388870702, 7.123929736751387 ], [ 100.455903798207544, 7.124657595522299 ], [ 100.455618723718771, 7.12509579621091 ], [ 100.45559760708997, 7.125582273246571 ], [ 100.455587048775584, 7.126451247493477 ], [ 100.455530737765443, 7.127182819829547 ], [ 100.455284377096135, 7.127940387121722 ], [ 100.454974666540423, 7.128556838937903 ], [ 100.454362284305276, 7.129533506574383 ], [ 100.454052573749564, 7.130161099086037 ], [ 100.453989223863175, 7.130320782387819 ] ] ] } },
{ "type": "Feature", "properties": { "id": null, "EL_Hash": "w1r2qn2ex3", "ORDERRIVER_Name_T": 6, "HY_Name_T": "คลองอู่ตะเภา", "EL_Name": "คลองอู่ตะเภาn2ex3", "Lat": 7.1101380481199996, "Long": 100.459989526, "Length_km": 1.7529219683599999, "LocalName": "", "ElementA": "w1r2qn2ex3", "ElementB": "w1r2tby5w5", "ReLation": "FlowsTo" }, "geometry": { "type": "MultiLineString", "coordinates": [ [ [ 100.466426918225352, 7.108588999084853 ], [ 100.46622631025177, 7.108588999084853 ], [ 100.465881405314732, 7.10849615995591 ], [ 100.465448514424367, 7.10836618517539 ], [ 100.464748146235891, 7.108251064655501 ], [ 100.463878845017021, 7.10802453718088 ], [ 100.462706872118716, 7.107656894230266 ], [ 100.461943154043851, 7.107653180665109 ], [ 100.461661598993203, 7.107742306228894 ], [ 100.461446913267096, 7.107909416660991 ], [ 100.46119703315965, 7.108221356134239 ], [ 100.460964750242866, 7.108834094385263 ], [ 100.460764142269284, 7.109402269854393 ], [ 100.460567053733826, 7.109740204283746 ], [ 100.460345329131457, 7.109937023237105 ], [ 100.459813893973362, 7.11023782201488 ], [ 100.459247264433941, 7.110434640968239 ], [ 100.45894811219263, 7.11056461574876 ], [ 100.458708790399584, 7.110802283918853 ], [ 100.458462429730275, 7.111259052433253 ], [ 100.458223107937229, 7.111975770508693 ], [ 100.457818372551927, 7.113320081095786 ], [ 100.457512181434353, 7.114456432034047 ], [ 100.457371403909036, 7.115451667496316 ], [ 100.457213029193042, 7.117033646253504 ], [ 100.457209509754904, 7.117048500514135 ] ] ] } },
{ "type": "Feature", "properties": { "id": null, "EL_Hash": "w1r2q74gcd", "ORDERRIVER_Name_T": 6, "HY_Name_T": "คลองอู่ตะเภา", "EL_Name": "คลองอู่ตะเภา74gcd", "Lat": 7.09233363367, "Long": 100.47382011400001, "Length_km": 4.5078403401299996, "LocalName": "", "ElementA": "w1r2q74gcd", "ElementB": "w1r2qpwnm1", "ReLation": "FlowsTo" }, "geometry": { "type": "MultiLineString", "coordinates": [ [ [ 100.480698239854831, 7.078115483400619 ], [ 100.479740952682647, 7.07914042738415 ], [ 100.479431242126935, 7.079415231205821 ], [ 100.479103934380575, 7.079593482333392 ], [ 100.47849859102169, 7.079716029983596 ], [ 100.477657445307884, 7.079808869112539 ], [ 100.476907804985544, 7.079738311374543 ], [ 100.476647366563711, 7.079742024939701 ], [ 100.47650658903838, 7.079794014851908 ], [ 100.476397486456264, 7.079920276067271 ], [ 100.476351733760524, 7.080020542326529 ], [ 100.476376369827463, 7.080332481799777 ], [ 100.476485472409578, 7.080826385965754 ], [ 100.476745910831426, 7.081572812562455 ], [ 100.477477953963103, 7.08289855532376 ], [ 100.477784145080676, 7.083407313750368 ], [ 100.47781230058574, 7.083589278443096 ], [ 100.477766547890013, 7.083782383831298 ], [ 100.477678561936685, 7.083901217916345 ], [ 100.477344215314048, 7.084083182609072 ], [ 100.476612172182371, 7.084376554256532 ], [ 100.47603498432855, 7.084736770076831 ], [ 100.475633768381385, 7.085067277375868 ], [ 100.47524663018676, 7.085550040846371 ], [ 100.475003788955576, 7.086077367098767 ], [ 100.474866530868383, 7.086396733702331 ], [ 100.474813739296394, 7.086790371609049 ], [ 100.474803180981993, 7.087232285862817 ], [ 100.474852453115858, 7.087937863242784 ], [ 100.474958036259849, 7.088777128968428 ], [ 100.475024905584377, 7.089308168785982 ], [ 100.475183280300357, 7.089887484950586 ], [ 100.475397966026478, 7.090359107725616 ], [ 100.475514107484869, 7.09085672545675 ], [ 100.475514107484869, 7.091194659886102 ], [ 100.475429640969679, 7.091469463707774 ], [ 100.475274785691823, 7.091777689615864 ], [ 100.475081216594504, 7.091985649264696 ], [ 100.474880608620921, 7.092097056219428 ], [ 100.474606092446535, 7.092197322478686 ], [ 100.474159123803645, 7.092275307346998 ], [ 100.473423561233844, 7.092405282127518 ], [ 100.472835815065622, 7.09259838751572 ], [ 100.472205835639812, 7.09285833707676 ], [ 100.471899644522225, 7.093110859507485 ], [ 100.471751828120645, 7.093422798980733 ], [ 100.471709594863043, 7.093771874105559 ], [ 100.471822216883297, 7.094299200357955 ], [ 100.472107291372083, 7.095298149385381 ], [ 100.472751348550432, 7.096939545185093 ], [ 100.472920281580812, 7.09762655473927 ], [ 100.472892126075749, 7.09822815229482 ], [ 100.47271967360723, 7.098588368115119 ], [ 100.472448676870982, 7.098948583935417 ], [ 100.471938358341689, 7.099345935407293 ], [ 100.471322456668418, 7.09962816635928 ], [ 100.470368688934357, 7.100125784090414 ], [ 100.469780942766135, 7.100500854171344 ], [ 100.469601451421354, 7.100760803732384 ], [ 100.469453635019761, 7.101139587378471 ], [ 100.46908057457766, 7.10218309918779 ], [ 100.468809577841412, 7.102873822307125 ], [ 100.468295739873994, 7.103635103164457 ], [ 100.467422919217, 7.10496455949092 ], [ 100.467282141691683, 7.105361910962796 ], [ 100.467243427872219, 7.105985789909293 ], [ 100.467120247537565, 7.107144422238501 ], [ 100.466933717316508, 7.108069099962773 ], [ 100.46666272058026, 7.108466451434649 ], [ 100.466483229235479, 7.108588999084853 ], [ 100.466426918225352, 7.108588999084853 ] ] ] } },
{ "type": "Feature", "properties": { "id": null, "EL_Hash": "w1r2nr8jv6", "ORDERRIVER_Name_T": 6, "HY_Name_T": "คลองอู่ตะเภา", "EL_Name": "คลองอู่ตะเภาr8jv6", "Lat": 7.0734503029200004, "Long": 100.470198724, "Length_km": 1.8055817619400001, "LocalName": "", "ElementA": "w1r2nr8jv6", "ElementB": "w1r2nrvyv0", "ReLation": "FlowsTo" }, "geometry": { "type": "MultiLineString", "coordinates": [ [ [ 100.46481149612228, 7.068378515557083 ], [ 100.465459072738767, 7.069329188237459 ], [ 100.465941235762983, 7.070023624921952 ], [ 100.46611720766964, 7.070376413611935 ], [ 100.466353010024548, 7.071070850296429 ], [ 100.466574734626931, 7.07172072419903 ], [ 100.466768303724251, 7.072170065583113 ], [ 100.466961872821571, 7.072381738797104 ], [ 100.467246947310343, 7.072578557750462 ], [ 100.467957873813219, 7.072961054961707 ], [ 100.468813097279551, 7.073432677736737 ], [ 100.46916504109285, 7.073588647473361 ], [ 100.469344532437646, 7.073629496690097 ], [ 100.469699995689083, 7.073614642429465 ], [ 100.470058978378646, 7.073514376170207 ], [ 100.470238469723441, 7.073432677736737 ], [ 100.470449636011423, 7.073276708000114 ], [ 100.470724152185795, 7.072979622787495 ], [ 100.471248548467614, 7.07232232175458 ], [ 100.471593453404651, 7.071902688891758 ], [ 100.47181165856891, 7.071717010633872 ], [ 100.471945397217965, 7.071631598635244 ], [ 100.472100252495821, 7.071587035853351 ], [ 100.47227270496434, 7.071624171504928 ], [ 100.472388846422717, 7.071761573415764 ], [ 100.472473312937922, 7.071962105934281 ], [ 100.472494429566709, 7.072326035319738 ], [ 100.472571857205637, 7.073001904178442 ], [ 100.472687998664028, 7.073514376170207 ], [ 100.472881567761348, 7.074145682247019 ], [ 100.47315608393572, 7.074717571281308 ], [ 100.473339094718639, 7.074929244495298 ], [ 100.473564338759161, 7.075144631274445 ], [ 100.473733271789541, 7.075226329707915 ], [ 100.474035943468991, 7.075241183968546 ], [ 100.474401965034829, 7.075215189012442 ], [ 100.474616650760936, 7.075178053360865 ], [ 100.474965075136112, 7.075085214231922 ] ] ] } },
{ "type": "Feature", "properties": { "id": null, "EL_Hash": "w1r2nn229q", "ORDERRIVER_Name_T": 6, "HY_Name_T": "คลองอู่ตะเภา", "EL_Name": "คลองอู่ตะเภาn229q", "Lat": 7.0657020753499999, "Long": 100.459385271, "Length_km": 1.36847665413, "LocalName": "", "ElementA": "w1r2nn229q", "ElementB": "w1r2nr8jv6", "ReLation": "FlowsTo" }, "geometry": { "type": "MultiLineString", "coordinates": [ [ [ 100.457276379079431, 7.060175250123685 ], [ 100.457434753795425, 7.06019753151463 ], [ 100.457589609073281, 7.060308938469362 ], [ 100.457786697608725, 7.060513184553036 ], [ 100.457892280752716, 7.060732284897342 ], [ 100.458029538839909, 7.061166772020795 ], [ 100.458103447040699, 7.061746088185399 ], [ 100.458205510746566, 7.062265987307479 ], [ 100.458328691081221, 7.062767318603772 ], [ 100.458451871415875, 7.063302071986483 ], [ 100.458634882198794, 7.064308448144224 ], [ 100.458694712647059, 7.064720653876731 ], [ 100.458779179162249, 7.064980603437771 ], [ 100.458909398373166, 7.065255407259443 ], [ 100.459046656460359, 7.065437371952171 ], [ 100.459219108928878, 7.065608195949426 ], [ 100.459451391845661, 7.065738170729945 ], [ 100.459799816220823, 7.065912708292358 ], [ 100.460102487900272, 7.066038969507721 ], [ 100.460760622831145, 7.066206079939819 ], [ 100.461527860344148, 7.066395471762862 ], [ 100.462439394820606, 7.066692556975479 ], [ 100.463277021096275, 7.067026777839674 ], [ 100.463836611759433, 7.067379566529657 ], [ 100.464392682984453, 7.067828907913741 ], [ 100.464762223988416, 7.068315384949402 ], [ 100.46481149612228, 7.068378515557083 ] ] ] } },
{ "type": "Feature", "properties": { "id": null, "EL_Hash": "w1r2jvm91b", "ORDERRIVER_Name_T": 6, "HY_Name_T": "คลองอู่ตะเภา", "EL_Name": "คลองอู่ตะเภาvm91b", "Lat": 7.0602628056099999, "Long": 100.45563253100001, "Length_km": 0.36600688479, "LocalName": "", "ElementA": "w1r2jvm91b", "ElementB": "w1r2nn229q", "ReLation": "FlowsTo" }, "geometry": { "type": "MultiLineString", "coordinates": [ [ [ 100.454253181723161, 7.059410255701194 ], [ 100.454457309134867, 7.059473386308875 ], [ 100.454707189242313, 7.059666491697077 ], [ 100.455034496988688, 7.059989571865798 ], [ 100.455221027209745, 7.060123260211476 ], [ 100.455463868440916, 7.060230953601049 ], [ 100.455692631919575, 7.060275516382942 ], [ 100.456076250676077, 7.060290370643574 ], [ 100.456477466623241, 7.060286657078416 ], [ 100.45674494392135, 7.060234667166208 ], [ 100.457072251667725, 7.060178963688842 ], [ 100.457276379079431, 7.060175250123685 ] ] ] } },
{ "type": "Feature", "properties": { "id": null, "EL_Hash": "w1r2jgehqg", "ORDERRIVER_Name_T": 6, "HY_Name_T": "คลองอู่ตะเภา", "EL_Name": "คลองอู่ตะเภาgehqg", "Lat": 7.0512220690299996, "Long": 100.452415422, "Length_km": 2.8330386083299999, "LocalName": "", "ElementA": "w1r2jgehqg", "ElementB": "w1r2m8p8r9", "ReLation": "FlowsTo" }, "geometry": { "type": "MultiLineString", "coordinates": [ [ [ 100.451842366602023, 7.038859386118383 ], [ 100.451852924916423, 7.038926230291222 ], [ 100.451923313679075, 7.039932606448963 ], [ 100.451962027498539, 7.040712455132084 ], [ 100.451958508060414, 7.041094952343329 ], [ 100.451930352555351, 7.041425459642366 ], [ 100.451884599859611, 7.041900795982555 ], [ 100.451810691658821, 7.042602659797363 ], [ 100.451726225143631, 7.0430297197905 ], [ 100.451599525370838, 7.043568186738369 ], [ 100.451543214360711, 7.043887553341933 ], [ 100.451500981103109, 7.044199492815181 ], [ 100.45152209773191, 7.044411166029171 ], [ 100.451543214360711, 7.044663688459896 ], [ 100.451574889303913, 7.044860507413255 ], [ 100.451610083685239, 7.045023904280195 ], [ 100.451655836380965, 7.045109316278823 ], [ 100.451757900086832, 7.045257858885131 ], [ 100.451947949746014, 7.045499240620383 ], [ 100.452247101987325, 7.045848315745208 ], [ 100.452482904342233, 7.046186250174561 ], [ 100.452630720743826, 7.046475908256863 ], [ 100.452760939954743, 7.046824983381688 ], [ 100.452848925908071, 7.047240902679352 ], [ 100.452891159165659, 7.047604832064809 ], [ 100.452898198041936, 7.047872208756164 ], [ 100.452859484222472, 7.048243565271936 ], [ 100.452803173212345, 7.048626062483182 ], [ 100.452690551192077, 7.049535885946822 ], [ 100.452553293104899, 7.05030459393447 ], [ 100.452472346027832, 7.050839347317181 ], [ 100.452419554455844, 7.051206990267795 ], [ 100.45238084063638, 7.051437231307574 ], [ 100.452366762883841, 7.051778879302084 ], [ 100.452401957265167, 7.052187371469433 ], [ 100.452514579285435, 7.053260591800013 ], [ 100.452581448609962, 7.053832480834302 ], [ 100.452606084676887, 7.054270681522913 ], [ 100.452570890295561, 7.054768299254047 ], [ 100.452496982094772, 7.055273344115497 ], [ 100.452387879512642, 7.055689263413161 ], [ 100.452152077157734, 7.056413408618916 ], [ 100.451979624689201, 7.057085563912463 ], [ 100.451740302896155, 7.05796939242 ], [ 100.451444670092982, 7.058986909273214 ], [ 100.4512440621194, 7.059532803351399 ], [ 100.451099765155945, 7.059904159867171 ], [ 100.451082167965282, 7.060178963688842 ], [ 100.451166634480472, 7.060383209772517 ], [ 100.451275737062602, 7.060513184553036 ], [ 100.451455228407383, 7.060546606639456 ], [ 100.451796613906296, 7.060498330292406 ], [ 100.452349165693178, 7.060349787686097 ], [ 100.452863003660596, 7.060123260211476 ], [ 100.45345778870508, 7.059785325782124 ], [ 100.453887160157322, 7.059525376221083 ], [ 100.454126481950368, 7.059428823526983 ], [ 100.454253181723161, 7.059410255701194 ] ] ] } },
{ "type": "Feature", "properties": { "id": null, "EL_Hash": "w1prvu6yer", "ORDERRIVER_Name_T": 6, "HY_Name_T": "คลองอู่ตะเภา", "EL_Name": "คลองอู่ตะเภาu6yer", "Lat": 7.0118071782399998, "Long": 100.451923759, "Length_km": 2.2211450892000002, "LocalName": "", "ElementA": "w1prvu6yer", "ElementB": "w1prvzebec", "ReLation": "FlowsTo" }, "geometry": { "type": "MultiLineString", "coordinates": [ [ [ 100.452933392423262, 7.004657451015801 ], [ 100.452792614897945, 7.004754003709901 ], [ 100.452511059847296, 7.005047375357361 ], [ 100.452120402214533, 7.005518998132391 ], [ 100.451863483230824, 7.005957198821002 ], [ 100.451557292113236, 7.006540228550763 ], [ 100.451384839644717, 7.006948720718112 ], [ 100.451201828861812, 7.007516896187243 ], [ 100.451071609650882, 7.007925388354592 ], [ 100.451008259764492, 7.008371016173519 ], [ 100.450987143135691, 7.008608684343613 ], [ 100.450994182011954, 7.008883488165283 ], [ 100.451011779202616, 7.009113729205062 ], [ 100.451082167965282, 7.009325402419052 ], [ 100.451163115042348, 7.009511080676938 ], [ 100.451254620433801, 7.009629914761985 ], [ 100.451451708969245, 7.009785884498609 ], [ 100.451634719752164, 7.00989729145334 ], [ 100.451821249973221, 7.009967849191337 ], [ 100.452053532890005, 7.010053261189965 ], [ 100.452236543672925, 7.010153527449223 ], [ 100.452475865465971, 7.010287215794901 ], [ 100.452697590068354, 7.010450612661841 ], [ 100.452926353546999, 7.010691994397092 ], [ 100.453070650510455, 7.010925949002028 ], [ 100.453165675340045, 7.011208179954015 ], [ 100.453183272530708, 7.011482983775686 ], [ 100.453112883768043, 7.011731792641253 ], [ 100.452975625680864, 7.011921184464297 ], [ 100.452782056583544, 7.012025164288713 ], [ 100.45265887624889, 7.012025164288713 ], [ 100.452328049064377, 7.011943465855243 ], [ 100.451722705705492, 7.011739219771568 ], [ 100.451525617170049, 7.011702084119992 ], [ 100.451307412005804, 7.011661234903257 ], [ 100.451096245717821, 7.011668662033572 ], [ 100.450944909878089, 7.011683516294203 ], [ 100.450825248981573, 7.011746646901885 ], [ 100.450754860218908, 7.011839486030827 ], [ 100.450684471456242, 7.012021450723555 ], [ 100.450642238198654, 7.012311108805857 ], [ 100.450659835389317, 7.012571058366897 ], [ 100.450758379657046, 7.012931274187197 ], [ 100.450927312687426, 7.013272922181706 ], [ 100.451022337517017, 7.013406610527384 ], [ 100.451251100995663, 7.013607143045901 ], [ 100.451377800768455, 7.013763112782526 ], [ 100.451669914133504, 7.014234735557555 ], [ 100.451937391431613, 7.0146172327688 ], [ 100.452211907605985, 7.01491060441626 ], [ 100.452331568502515, 7.0150740012832 ], [ 100.45239139895078, 7.015185408237931 ], [ 100.452437151646507, 7.015300528757821 ], [ 100.452408996141443, 7.015515915536968 ], [ 100.452352685131316, 7.015846422836005 ], [ 100.452289335244913, 7.016106372397045 ], [ 100.452162635472121, 7.016340327001982 ], [ 100.451958508060414, 7.016622557953968 ], [ 100.451838847163884, 7.016797095516381 ], [ 100.45178957503002, 7.017005055165213 ], [ 100.45180013334442, 7.017454396549296 ], [ 100.451867002668948, 7.017784903848334 ], [ 100.45198314412734, 7.017929732889485 ], [ 100.452109843900132, 7.018163687494421 ], [ 100.452211907605985, 7.01857217966177 ], [ 100.452275257492389, 7.019166350087005 ], [ 100.452254140863587, 7.019519138776988 ], [ 100.452257660301711, 7.019793942598659 ] ] ] } },
{ "type": "Feature", "properties": { "id": null, "EL_Hash": "w1pry19qk9", "ORDERRIVER_Name_T": 6, "HY_Name_T": "คลองอู่ตะเภา", "EL_Name": "คลองอู่ตะเภา19qk9", "Lat": 6.9966260844, "Long": 100.46089828700001, "Length_km": 3.2595783515200001, "LocalName": "", "ElementA": "w1pry19qk9", "ElementB": "w1prvu6yer", "ReLation": "FlowsTo" }, "geometry": { "type": "MultiLineString", "coordinates": [ [ [ 100.461770701575333, 6.985332057935036 ], [ 100.461841090337998, 6.98553630401871 ], [ 100.461844609776122, 6.985540017583869 ], [ 100.462217670218223, 6.98667636852213 ], [ 100.462411239315543, 6.987159131992634 ], [ 100.462573133469661, 6.987415367988516 ], [ 100.462717430433116, 6.987586191985772 ], [ 100.463189035142946, 6.988013251978908 ], [ 100.463431876374131, 6.988224925192899 ], [ 100.463548017832522, 6.988362327103734 ], [ 100.463664159290914, 6.988533151100989 ], [ 100.463727509177303, 6.988696547967929 ], [ 100.463755664682367, 6.988930502572865 ], [ 100.463713431424779, 6.98908647230949 ], [ 100.463632484347713, 6.989242442046113 ], [ 100.463481148507995, 6.98936127613116 ], [ 100.463287579410675, 6.989450401694945 ], [ 100.463009543798165, 6.989528386563258 ], [ 100.462668158299266, 6.9895246729981 ], [ 100.462277500666488, 6.989535813693573 ], [ 100.462168398084373, 6.989591517170939 ], [ 100.462083931569168, 6.989688069865039 ], [ 100.462020581682779, 6.98989974307903 ], [ 100.462034659435318, 6.990111416293019 ], [ 100.462119125950508, 6.990330516637325 ], [ 100.462685755489929, 6.990750149500147 ], [ 100.462946193911776, 6.990969249844452 ], [ 100.46322774896241, 6.991310897838963 ], [ 100.463357968173341, 6.991596842356106 ], [ 100.463375565364004, 6.991834510526201 ], [ 100.463340370982664, 6.992131595738818 ], [ 100.463231268400548, 6.992387831734701 ], [ 100.462932116159237, 6.992569796427428 ], [ 100.462640002794188, 6.992614359209322 ], [ 100.462354928305416, 6.992673776251845 ], [ 100.462161359208096, 6.992785183206577 ], [ 100.461999465053978, 6.993033992072143 ], [ 100.461735507194007, 6.993691293105059 ], [ 100.461524340906024, 6.994337453442502 ], [ 100.461204072035912, 6.995403246642767 ], [ 100.460968269681004, 6.996064261240841 ], [ 100.460915478109001, 6.996532170450713 ], [ 100.460852128222612, 6.996870104880066 ], [ 100.460750064516745, 6.997193185048787 ], [ 100.460595209238903, 6.997397431132462 ], [ 100.460345329131457, 6.997672234954133 ], [ 100.460155279472261, 6.997817063995284 ], [ 100.460007463070681, 6.997865340342335 ], [ 100.459775180153898, 6.997768787648234 ], [ 100.459599208247241, 6.997534833043297 ], [ 100.459454911283785, 6.997286024177731 ], [ 100.459289497691543, 6.997104059485002 ], [ 100.459102967470486, 6.996996366095429 ], [ 100.458835490172376, 6.996925808357432 ], [ 100.458585610064929, 6.99689609983617 ], [ 100.458314613328682, 6.996907240531643 ], [ 100.458071772097512, 6.996981511834798 ], [ 100.457948591762843, 6.997111486615317 ], [ 100.457895800190855, 6.997241461395838 ], [ 100.457871164123915, 6.997419712523408 ], [ 100.457867644685791, 6.99761281791161 ], [ 100.45795563063912, 6.99795446590612 ], [ 100.458043616592434, 6.998177279815582 ], [ 100.4581245636695, 6.998511500679777 ], [ 100.458138641422039, 6.998741741719556 ], [ 100.458103447040699, 6.998871716500076 ], [ 100.457934514010319, 6.999049967627647 ], [ 100.457747983789261, 6.999153947452062 ], [ 100.457462909300489, 6.999224505190059 ], [ 100.457244704136244, 6.999302490058371 ], [ 100.457051135038924, 6.999413897013103 ], [ 100.456945551894933, 6.999510449707204 ], [ 100.456885721446668, 6.999618143096777 ], [ 100.456854046503466, 6.999829816310768 ], [ 100.45681885212214, 7.000338574737374 ], [ 100.456776618864552, 7.000661654906096 ], [ 100.456720307854411, 7.000943885858082 ], [ 100.456607685834157, 7.001266966026805 ], [ 100.456389480669912, 7.001764583757939 ], [ 100.456283897525921, 7.001953975580982 ], [ 100.456107925619264, 7.002187930185918 ], [ 100.455889720455019, 7.002522151050113 ], [ 100.455696151357699, 7.002826663393046 ], [ 100.455555373832382, 7.003127462170821 ], [ 100.455389960240126, 7.003532240773012 ], [ 100.455097846875077, 7.004196968936244 ], [ 100.455048574741227, 7.004282380934871 ], [ 100.454967627664161, 7.004404928585076 ], [ 100.454862044520169, 7.004482913453388 ], [ 100.454675514299126, 7.004538616930754 ], [ 100.454235584532483, 7.004624028929381 ], [ 100.454006821053838, 7.004624028929381 ], [ 100.453728785441328, 7.00459432040812 ], [ 100.453426113761893, 7.00459432040812 ], [ 100.452975625680864, 7.004627742494539 ], [ 100.452933392423262, 7.004657451015801 ] ] ] } },
{ "type": "Feature", "properties": { "id": null, "EL_Hash": "w1prwp9fwk", "ORDERRIVER_Name_T": 6, "HY_Name_T": "คลองอู่ตะเภา", "EL_Name": "คลองอู่ตะเภาp9fwk", "Lat": 6.9850137928600002, "Long": 100.46166187599999, "Length_km": 0.07402873992, "LocalName": "", "ElementA": "w1prwp9fwk", "ElementB": "w1prvbf8q0", "ReLation": "FlowsTo" }, "geometry": { "type": "MultiLineString", "coordinates": [ [ [ 100.461552496411088, 6.984697038293066 ], [ 100.461770701575333, 6.985332057935036 ] ] ] } },
{ "type": "Feature", "properties": { "id": null, "EL_Hash": "w1prtfsqww", "ORDERRIVER_Name_T": 6, "HY_Name_T": "คลองอู่ตะเภา", "EL_Name": "คลองอู่ตะเภาfsqww", "Lat": 6.9582405971199996, "Long": 100.454115719, "Length_km": 11.2254561158, "LocalName": "", "ElementA": "w1prtfsqww", "ElementB": "w1prwp9fwk", "ReLation": "FlowsTo" }, "geometry": { "type": "MultiLineString", "coordinates": [ [ [ 100.439974821217405, 6.929884816565149 ], [ 100.439978340655529, 6.930326730818917 ], [ 100.439957224026728, 6.930794640028791 ], [ 100.439978340655529, 6.931102865936881 ], [ 100.439981860093667, 6.931451941061706 ], [ 100.44008392379952, 6.931708177057589 ], [ 100.440333803906967, 6.932046111486941 ], [ 100.44084412243626, 6.932592005565126 ], [ 100.440974341647177, 6.932766543127538 ], [ 100.441062327600505, 6.933104477556891 ], [ 100.441143274677572, 6.933628090244129 ], [ 100.441044730409843, 6.933999446759901 ], [ 100.440808928054935, 6.934277964146729 ], [ 100.44011911818086, 6.934745873356603 ], [ 100.439964262903004, 6.934983541526696 ], [ 100.439936107397941, 6.935184074045213 ], [ 100.439943146274203, 6.935425455780464 ], [ 100.440073365485119, 6.935599993342877 ], [ 100.440259895706177, 6.935711400297609 ], [ 100.440460503679759, 6.935729968123398 ], [ 100.44056608682375, 6.93582280725234 ], [ 100.440559047947488, 6.936023339770857 ], [ 100.440530892442425, 6.936145887421062 ], [ 100.440597761766952, 6.936227585854532 ], [ 100.440794850302396, 6.93636127420021 ], [ 100.440896914008263, 6.936405836982102 ], [ 100.440998977714116, 6.936424404807891 ], [ 100.441083444229307, 6.936428118373049 ], [ 100.441273493888488, 6.936439259068521 ], [ 100.441502257367134, 6.936431831938206 ], [ 100.441625437701802, 6.936483821850414 ], [ 100.441716943093255, 6.936565520283884 ], [ 100.441857720618572, 6.936758625672085 ], [ 100.441882356685511, 6.93683289697524 ], [ 100.441882356685511, 6.937029715928599 ], [ 100.441864759494848, 6.937211680621327 ], [ 100.441716943093255, 6.937427067400474 ], [ 100.441519854557811, 6.937612745658361 ], [ 100.441255896697825, 6.937768715394984 ], [ 100.441034172095442, 6.937868981654243 ], [ 100.440738539292269, 6.937902403740662 ], [ 100.440587203452552, 6.938047232781813 ], [ 100.440544970194949, 6.938192061822964 ], [ 100.440622397833877, 6.938340604429273 ], [ 100.44084412243626, 6.938492860600739 ], [ 100.441006016590379, 6.938496574165898 ], [ 100.441192546811436, 6.938552277643263 ], [ 100.441442426918883, 6.938745383031464 ], [ 100.441643034892465, 6.938871644246827 ], [ 100.441949226010038, 6.938890212072615 ], [ 100.442216703308148, 6.938856789986196 ], [ 100.442389155776667, 6.93896448337577 ], [ 100.442480661168119, 6.939153875198813 ], [ 100.44249121948252, 6.939276422849018 ], [ 100.442420830719868, 6.939502950323639 ], [ 100.442389155776667, 6.939740618493733 ], [ 100.442396194652929, 6.939904015360672 ], [ 100.44250177779692, 6.939970859533512 ], [ 100.442677749703577, 6.940041417271508 ], [ 100.442983940821151, 6.940048844401823 ], [ 100.443212704299796, 6.939959718838038 ], [ 100.443297170814986, 6.939826030492361 ], [ 100.443395715082715, 6.939547513105532 ], [ 100.443645595190162, 6.939083317460817 ], [ 100.443920111364534, 6.938823367899777 ], [ 100.444173510910119, 6.938745383031464 ], [ 100.444335405064237, 6.938711960945045 ], [ 100.444521935285294, 6.938767664422411 ], [ 100.44485980134607, 6.939309844935438 ], [ 100.445134317520441, 6.939677487886051 ], [ 100.44550033908628, 6.940030276576035 ], [ 100.445725583126787, 6.940197387008132 ], [ 100.445978982672372, 6.940256804050656 ], [ 100.446112721321427, 6.940323648223495 ], [ 100.446133837950228, 6.940553889263273 ], [ 100.446049371435038, 6.940698718304424 ], [ 100.445873399528381, 6.940787843868209 ], [ 100.445634077735335, 6.940810125259156 ], [ 100.445257497855096, 6.940854688041048 ], [ 100.445053370443375, 6.940973522126095 ], [ 100.444782373707142, 6.941140632558192 ], [ 100.444514896409018, 6.941148059688508 ], [ 100.444458585398891, 6.941348592207024 ], [ 100.444479702027692, 6.941589973942277 ], [ 100.444659193372473, 6.942009606805098 ], [ 100.444849243031669, 6.942184144367511 ], [ 100.444968903928185, 6.942269556366139 ], [ 100.445088564824715, 6.942321546278347 ], [ 100.445278614483897, 6.942328973408662 ], [ 100.44538067818975, 6.942317832713189 ], [ 100.445454586390554, 6.942314119148032 ], [ 100.445546091782006, 6.942317832713189 ], [ 100.445605922230271, 6.942340114104136 ], [ 100.445679830431061, 6.942403244711817 ], [ 100.445729102564925, 6.942477516014971 ], [ 100.445757258069989, 6.942533219492336 ], [ 100.445767816384389, 6.942596350100018 ], [ 100.445753738631851, 6.942681762098646 ], [ 100.445715024812387, 6.942767174097273 ], [ 100.445665752678536, 6.942867440356531 ], [ 100.445553130658269, 6.942993701571893 ], [ 100.445472183581217, 6.943079113570521 ], [ 100.445429950323614, 6.943119962787256 ], [ 100.445384197627888, 6.943201661220726 ], [ 100.445338444932162, 6.943316781740616 ], [ 100.445299731112698, 6.943431902260505 ], [ 100.445246939540695, 6.94360272625776 ], [ 100.445106162015378, 6.943855248688484 ], [ 100.445070967634052, 6.943914665731008 ], [ 100.44502873437645, 6.943988937034162 ], [ 100.445021695500188, 6.94407434903279 ], [ 100.445032253814588, 6.944219178073941 ], [ 100.445081525948439, 6.944349152854461 ], [ 100.445359561560949, 6.944623956676132 ], [ 100.445563688972669, 6.944713082239917 ], [ 100.445841724585179, 6.944861624846226 ], [ 100.44597194379611, 6.944947036844853 ], [ 100.446063449187562, 6.945121574407266 ], [ 100.446161993455291, 6.945515212313984 ], [ 100.446295732104346, 6.945834578917548 ], [ 100.446461145696603, 6.946098242043746 ], [ 100.446577287154994, 6.946361905169944 ], [ 100.446679350860848, 6.946692412468981 ], [ 100.446732142432836, 6.947082336810541 ], [ 100.446795492319239, 6.947594808802307 ], [ 100.446862361643767, 6.947962451752921 ], [ 100.447017216921623, 6.948185265662383 ], [ 100.447453627250113, 6.948504632265947 ], [ 100.447696468481297, 6.948541767917525 ], [ 100.448027295665796, 6.948471210179528 ], [ 100.448291253525781, 6.948274391226168 ], [ 100.448481303184963, 6.948136989315334 ], [ 100.448710066663608, 6.948014441665128 ], [ 100.448822688683862, 6.947999587404498 ], [ 100.448942349580392, 6.94804415018639 ], [ 100.449097204858248, 6.948136989315334 ], [ 100.449149996430236, 6.948177838532068 ], [ 100.449192229687839, 6.948263250530696 ], [ 100.449230943507303, 6.948348662529323 ], [ 100.449227424069164, 6.948582617134259 ], [ 100.449230943507303, 6.948875988781719 ], [ 100.449227424069164, 6.949113656951813 ], [ 100.449146476992112, 6.949410742164431 ], [ 100.448966985647317, 6.949596420422316 ], [ 100.448815649807599, 6.949678118855786 ], [ 100.448713586101746, 6.949811807201464 ], [ 100.448773416550011, 6.949971490503246 ], [ 100.448889558008403, 6.950075470327662 ], [ 100.449121840925173, 6.95009403815345 ], [ 100.44941747372836, 6.950075470327662 ], [ 100.449674392712069, 6.950008626154823 ], [ 100.449783495294184, 6.949912073460722 ], [ 100.449945389448303, 6.949715254507363 ], [ 100.45004745315417, 6.949492440597901 ], [ 100.450065050344833, 6.94926591312328 ], [ 100.450093205849896, 6.94902081782287 ], [ 100.450128400231222, 6.948913124433297 ], [ 100.450226944498951, 6.948879702346876 ], [ 100.45040995528187, 6.948872275216561 ], [ 100.450621121569853, 6.948909410868138 ], [ 100.450856923924761, 6.949013390692555 ], [ 100.450962507068752, 6.949072807735078 ], [ 100.451131440099147, 6.949225063906544 ], [ 100.451279256500726, 6.949447877816008 ], [ 100.451412995149795, 6.949674405290629 ], [ 100.451483383912446, 6.949882364939461 ], [ 100.451518578293786, 6.950123746674713 ], [ 100.451469306159922, 6.950283429976494 ], [ 100.451293334253265, 6.950587942319427 ], [ 100.451141998413547, 6.950792188403102 ], [ 100.451071609650882, 6.950937017444253 ], [ 100.451022337517017, 6.951092987180877 ], [ 100.45099066257383, 6.951289806134236 ], [ 100.451004740326354, 6.951560896390749 ], [ 100.451110323470346, 6.95191739864589 ], [ 100.451184231671135, 6.952162493946299 ], [ 100.451226464928737, 6.952489287680178 ], [ 100.451173673356735, 6.952760377936692 ], [ 100.451127920661008, 6.952994332541628 ], [ 100.451166634480472, 6.953217146451092 ], [ 100.451265178748201, 6.953380543318031 ], [ 100.45142707290232, 6.953521658794024 ], [ 100.451648797504703, 6.953625638618441 ], [ 100.451814211096959, 6.953699909921594 ], [ 100.451905716488412, 6.953781608355064 ], [ 100.45199370244174, 6.953967286612951 ], [ 100.452092246709469, 6.954320075302934 ], [ 100.452222465920386, 6.954884537206906 ], [ 100.452204868729723, 6.955163054593736 ], [ 100.452109843900132, 6.955575260326242 ], [ 100.45207816895693, 6.955842637017598 ], [ 100.452099285585732, 6.956043169536115 ], [ 100.452180232662798, 6.956225134228843 ], [ 100.452324529626253, 6.956366249704836 ], [ 100.452482904342233, 6.956418239617044 ], [ 100.452701109506478, 6.956381103965467 ], [ 100.452908756356337, 6.956332827618417 ], [ 100.453098806015518, 6.956273410575893 ], [ 100.453186791968847, 6.956284551271366 ], [ 100.453281816798437, 6.956336541183575 ], [ 100.453334608370426, 6.956399671791256 ], [ 100.453366283313628, 6.956503651615671 ], [ 100.453348686122965, 6.95673389265545 ], [ 100.453302933427238, 6.956893575957232 ], [ 100.453190311406971, 6.957116389866695 ], [ 100.453031936690991, 6.957361485167104 ], [ 100.452958028490201, 6.957484032817309 ], [ 100.452908756356337, 6.957606580467514 ], [ 100.452873561974997, 6.957773690899611 ], [ 100.452887639727535, 6.957963082722655 ], [ 100.452912275794461, 6.958226745848853 ], [ 100.452975625680864, 6.958460700453789 ], [ 100.453060092196054, 6.958624097320729 ], [ 100.453183272530708, 6.958694655058725 ], [ 100.453324050056025, 6.958713222884514 ], [ 100.453443710952556, 6.958683514363252 ], [ 100.453531696905884, 6.958568393843363 ], [ 100.453595046792273, 6.958449559758316 ], [ 100.453665435554939, 6.958367861324846 ], [ 100.453820290832795, 6.958282449326219 ], [ 100.453946990605573, 6.958226745848853 ], [ 100.454087768130904, 6.958234172979168 ], [ 100.45431653160955, 6.958293590021691 ], [ 100.454481945201806, 6.958360434194531 ], [ 100.45468959205165, 6.958442132628001 ], [ 100.454858525082031, 6.958468127584105 ], [ 100.455009860921763, 6.958423564802212 ], [ 100.455326610353737, 6.958260167935272 ], [ 100.455484985069717, 6.958115338894121 ], [ 100.45563280147131, 6.957985364113601 ], [ 100.455745423491564, 6.95792223350592 ], [ 100.455872123264356, 6.957914806375604 ], [ 100.455931953712621, 6.957940801331708 ], [ 100.456044575732875, 6.958041067590967 ], [ 100.456076250676077, 6.958152474545699 ], [ 100.456051614609137, 6.958260167935272 ], [ 100.455960109217685, 6.958594388799467 ], [ 100.455766540120365, 6.958954604619766 ], [ 100.455653918100111, 6.959199699920175 ], [ 100.45559760708997, 6.959355669656799 ], [ 100.455562412708645, 6.959507925828266 ], [ 100.455580009899307, 6.959675036260363 ], [ 100.455639840347573, 6.960016684254873 ], [ 100.455660956976374, 6.960142945470236 ], [ 100.455667995852636, 6.96026549312044 ], [ 100.455653918100111, 6.960350905119068 ], [ 100.45559760708997, 6.960503161290534 ], [ 100.455580009899307, 6.960633136071054 ], [ 100.455587048775584, 6.960766824416732 ], [ 100.455643359785711, 6.960893085632095 ], [ 100.455773578996627, 6.96098221119588 ], [ 100.455963628655809, 6.961071336759665 ], [ 100.45626278089712, 6.961115899541557 ], [ 100.456519699880829, 6.961108472411242 ], [ 100.456646399653621, 6.96107876388998 ], [ 100.456762541112013, 6.961026773977772 ], [ 100.456878682570405, 6.960933934848829 ], [ 100.456924435266131, 6.960829955024413 ], [ 100.456942032456794, 6.960699980243893 ], [ 100.456882202008543, 6.960510588420849 ], [ 100.456787177178938, 6.960365759379698 ], [ 100.456688632911224, 6.96018379468697 ], [ 100.456646399653621, 6.9601020962535 ], [ 100.45664991909176, 6.959960980777507 ], [ 100.456671035720561, 6.95984214669246 ], [ 100.45673438560695, 6.959767875389306 ], [ 100.456843488189079, 6.959693604086151 ], [ 100.456952590771195, 6.959704744781624 ], [ 100.457061693353324, 6.959749307563517 ], [ 100.457167276497316, 6.959879282344037 ], [ 100.45737492334716, 6.960090955558027 ], [ 100.457522739748754, 6.96021721677339 ], [ 100.457603686825806, 6.960317483032648 ], [ 100.45765295895967, 6.960436317117695 ], [ 100.457670556150333, 6.960714834504524 ], [ 100.457645920083408, 6.960867090675991 ], [ 100.457572011882618, 6.961019346847457 ], [ 100.457529778625016, 6.961153035193135 ], [ 100.457476987053028, 6.961357281276809 ], [ 100.4574101177285, 6.961498396752803 ], [ 100.457244704136244, 6.961654366489427 ], [ 100.456984265714397, 6.961880893964048 ], [ 100.456864604817866, 6.96197373309299 ], [ 100.456751982797613, 6.962085140047722 ], [ 100.456713268978149, 6.962174265611507 ], [ 100.456706230101886, 6.962255964044977 ], [ 100.45673438560695, 6.962359943869393 ], [ 100.456878682570405, 6.962534481431806 ], [ 100.457177834811716, 6.962801858123162 ], [ 100.457329170651434, 6.962861275165685 ], [ 100.457709269969797, 6.963009817771994 ], [ 100.457941552886581, 6.963132365422198 ], [ 100.458173835803365, 6.963299475854296 ], [ 100.458363885462546, 6.963596561066913 ], [ 100.458582090626791, 6.963945636191738 ], [ 100.458831970734238, 6.964227867143725 ], [ 100.458944592754506, 6.964413545401611 ], [ 100.459022020393434, 6.964729198440017 ], [ 100.459046656460359, 6.96503371078295 ], [ 100.459117045223024, 6.965263951822728 ], [ 100.459254303310203, 6.965367931647145 ], [ 100.459493625103249, 6.965416207994195 ], [ 100.45979277734456, 6.965419921559352 ], [ 100.460042657452007, 6.965386499472933 ], [ 100.460215109920526, 6.965445916515456 ], [ 100.460331251378918, 6.965605599817239 ], [ 100.460391081827183, 6.965824700161544 ], [ 100.460391081827183, 6.966129212504477 ], [ 100.460362926322119, 6.966322317892678 ], [ 100.460320693064517, 6.966545131802141 ], [ 100.460289018121316, 6.966831076319285 ], [ 100.460281979245053, 6.967139302227376 ], [ 100.460271420930653, 6.967284131268527 ], [ 100.460215109920526, 6.967499518047674 ], [ 100.460123604529073, 6.967726045522295 ], [ 100.460003943632543, 6.967915437345339 ], [ 100.459944113184278, 6.968004562909124 ], [ 100.459898360488552, 6.968104829168382 ], [ 100.459877243859751, 6.96822366325343 ], [ 100.459908918802952, 6.96843533646742 ], [ 100.459972268689341, 6.968624728290463 ], [ 100.460049696328269, 6.968743562375511 ], [ 100.460148240595998, 6.968843828634768 ], [ 100.460197512729863, 6.968940381328869 ], [ 100.460225668234926, 6.96908521037002 ], [ 100.460215109920526, 6.969259747932433 ], [ 100.460137682281598, 6.969404576973584 ], [ 100.460025060261344, 6.969601395926943 ], [ 100.459954671498679, 6.969794501315144 ], [ 100.459968749251217, 6.970032169485238 ], [ 100.459993385318143, 6.970574349998265 ], [ 100.460049696328269, 6.970867721645725 ], [ 100.460063774080808, 6.971064540599084 ], [ 100.460032099137607, 6.971276213813073 ], [ 100.45990187992669, 6.971458178505802 ], [ 100.459789257906436, 6.971536163374114 ], [ 100.459637922066705, 6.971617861807584 ], [ 100.459493625103249, 6.971684705980422 ], [ 100.459268381062742, 6.971692133110738 ], [ 100.458867165115578, 6.971692133110738 ], [ 100.45839204096761, 6.971762690848735 ], [ 100.458142160860163, 6.97177011797905 ], [ 100.457916916819656, 6.971755263718419 ], [ 100.457765580979924, 6.971773831544208 ], [ 100.457695192217273, 6.971836962151889 ], [ 100.457656478397809, 6.971929801280832 ], [ 100.457645920083408, 6.972030067540091 ], [ 100.457670556150333, 6.972122906669034 ], [ 100.457730386598598, 6.972219459363134 ], [ 100.457934514010319, 6.972330866317866 ], [ 100.458254782880417, 6.97243855970744 ], [ 100.458557454559866, 6.972520258140909 ], [ 100.459014981517157, 6.972605670139536 ], [ 100.459349328139794, 6.972679941442691 ], [ 100.459564013865915, 6.972720790659426 ], [ 100.459715349705633, 6.97278020770195 ], [ 100.459775180153898, 6.972869333265735 ], [ 100.45978221903016, 6.972980740220466 ], [ 100.459602727685379, 6.973144137087406 ], [ 100.459271900500866, 6.973352096736238 ], [ 100.458972748259569, 6.973563769950228 ], [ 100.458701751523321, 6.973834860206741 ], [ 100.458399079843872, 6.97407995550715 ], [ 100.45819847187029, 6.974206216722513 ], [ 100.458001383334846, 6.974299055851456 ], [ 100.457719828284198, 6.974369613589452 ], [ 100.457466428738627, 6.974503301935131 ], [ 100.45729045683197, 6.974625849585335 ], [ 100.45712152380159, 6.974778105756802 ], [ 100.457026498971985, 6.97497492471016 ], [ 100.456910357513607, 6.97530171844404 ], [ 100.456773099426414, 6.975873607478329 ], [ 100.45666047740616, 6.976233823298627 ], [ 100.456572491452832, 6.97673515459492 ], [ 100.456572491452832, 6.97704338050301 ], [ 100.45661472471042, 6.977158501022899 ], [ 100.456829410436541, 6.977377601367205 ], [ 100.457272859641307, 6.977604128841826 ], [ 100.457540336939417, 6.977704395101084 ], [ 100.457976747267907, 6.978075751616855 ], [ 100.458170316365226, 6.978202012832218 ], [ 100.458325171643082, 6.978309706221792 ], [ 100.458497624111601, 6.978372836829473 ], [ 100.458719348713984, 6.978428540306838 ], [ 100.458856606801177, 6.978417399611366 ], [ 100.458969228821431, 6.978357982568842 ], [ 100.459039617584097, 6.978283711265687 ], [ 100.45907833140356, 6.978190872136745 ], [ 100.459029059269696, 6.978094319442644 ], [ 100.458944592754506, 6.978012621009174 ], [ 100.458817892981713, 6.977786093534553 ], [ 100.458736945904647, 6.977362747106573 ], [ 100.458736945904647, 6.97713993319711 ], [ 100.458751023657186, 6.976954254939224 ], [ 100.458782698600373, 6.976842847984493 ], [ 100.458846048486777, 6.976787144507127 ], [ 100.45895867050703, 6.976720300334288 ], [ 100.459159278480612, 6.976690591813027 ], [ 100.459542897237114, 6.97675000885555 ], [ 100.459785738468298, 6.976776003811654 ], [ 100.460222148796788, 6.976776003811654 ], [ 100.460408679017846, 6.97675000885555 ], [ 100.460567053733826, 6.976731441029761 ], [ 100.460721909011681, 6.976753722420708 ], [ 100.460827492155673, 6.976809425898074 ], [ 100.46092955586154, 6.97691340572249 ], [ 100.461137202711384, 6.977232772326054 ], [ 100.461277980236702, 6.977373887802047 ], [ 100.461464510457759, 6.977533571103828 ], [ 100.461622885173739, 6.977589274581194 ], [ 100.461876284719324, 6.977592988146352 ], [ 100.462157839769972, 6.977600415276667 ], [ 100.462252864599563, 6.977633837363087 ], [ 100.462390122686742, 6.977704395101084 ], [ 100.462544977964598, 6.977815802055815 ], [ 100.462629444479802, 6.977916068315073 ], [ 100.462682236051791, 6.978109173703275 ], [ 100.462699833242453, 6.978239148483795 ], [ 100.462766702566981, 6.978421113176523 ], [ 100.462879324587249, 6.978599364304094 ], [ 100.463013063236303, 6.978681062737564 ], [ 100.463319254353877, 6.978803610387768 ], [ 100.463502265136796, 6.978907590212184 ], [ 100.463646562100251, 6.979033851427547 ], [ 100.463681756481577, 6.979119263426174 ], [ 100.463678237043439, 6.979226956815748 ], [ 100.463604328842649, 6.979349504465953 ], [ 100.463509304013058, 6.979494333507104 ], [ 100.463424837497868, 6.979642876113412 ], [ 100.463393162554667, 6.979743142372671 ], [ 100.463343890420802, 6.979925107065399 ], [ 100.463305176601338, 6.980263041494752 ], [ 100.4633016571632, 6.980400443405587 ], [ 100.463291098848813, 6.980504423230003 ], [ 100.463234787838672, 6.980597262358946 ], [ 100.463062335370154, 6.980693815053047 ], [ 100.46274558593818, 6.980779227051674 ], [ 100.462509783583272, 6.980797794877462 ], [ 100.462273981228364, 6.980842357659355 ], [ 100.462136723141171, 6.980894347571564 ], [ 100.462017062244641, 6.98096490530956 ], [ 100.461865726404923, 6.981083739394607 ], [ 100.461791818204134, 6.981217427740285 ], [ 100.461731987755869, 6.981417960258802 ], [ 100.461654560116941, 6.981878442338359 ], [ 100.461580651916151, 6.982346351548231 ], [ 100.461538418658549, 6.982780838671684 ], [ 100.461629924050015, 6.983282169967976 ], [ 100.46163344348814, 6.983478988921335 ], [ 100.461612326859353, 6.983724084221745 ], [ 100.461531379782286, 6.983928330305419 ], [ 100.461496185400961, 6.984054591520781 ], [ 100.461460991019621, 6.984266264734771 ], [ 100.461548976972949, 6.984689611162751 ], [ 100.461552496411088, 6.984697038293066 ] ] ] } },
{ "type": "Feature", "properties": { "id": null, "EL_Hash": "w1prmtwvk2", "ORDERRIVER_Name_T": 6, "HY_Name_T": "คลองอู่ตะเภา", "EL_Name": "คลองอู่ตะเภาtwvk2", "Lat": 6.9305317214200004, "Long": 100.446466133, "Length_km": 2.1822598697400002, "LocalName": "", "ElementA": "w1prmtwvk2", "ElementB": "w1prtfsqww", "ReLation": "FlowsTo" }, "geometry": { "type": "MultiLineString", "coordinates": [ [ [ 100.448291253525781, 6.924682111779187 ], [ 100.448245500830055, 6.924923493514438 ], [ 100.447999140160732, 6.925179729510321 ], [ 100.447710546233822, 6.925573367417039 ], [ 100.447516977136516, 6.926074698713331 ], [ 100.447407874554386, 6.926672582703723 ], [ 100.447235422085868, 6.927173914000015 ], [ 100.44689051714883, 6.92734473799727 ], [ 100.446383718057675, 6.927474712777791 ], [ 100.44626053772302, 6.927615828253784 ], [ 100.446257018284882, 6.927916627031559 ], [ 100.446531534459254, 6.928184003722914 ], [ 100.446795492319239, 6.928128300245548 ], [ 100.446978503102159, 6.927990898334714 ], [ 100.447140397256277, 6.927812647207142 ], [ 100.447323408039196, 6.927756943729777 ], [ 100.447502899383977, 6.927779225120723 ], [ 100.447622560280507, 6.927842355728404 ], [ 100.447622560280507, 6.927901772770928 ], [ 100.447619040842369, 6.928083737463656 ], [ 100.447372680173061, 6.928421671893009 ], [ 100.447305810848533, 6.928659340063103 ], [ 100.447341005229859, 6.928960138840877 ], [ 100.447274135905332, 6.929283219009599 ], [ 100.447267097029069, 6.929520887179693 ], [ 100.447165033323202, 6.929739987523998 ], [ 100.446816608948041, 6.930074208388193 ], [ 100.446552651088055, 6.930089062648824 ], [ 100.446253498846744, 6.930044499866931 ], [ 100.446052890873162, 6.929959087868304 ], [ 100.446010657615574, 6.930040786301774 ], [ 100.446010657615574, 6.930159620386821 ], [ 100.446169032331554, 6.930282168037025 ], [ 100.446563209402456, 6.930612675336062 ], [ 100.4467602979379, 6.930816921419737 ], [ 100.446777895128577, 6.930939469069942 ], [ 100.44649282063979, 6.931132574458143 ], [ 100.445989540986773, 6.93118456437035 ], [ 100.445468664143078, 6.931132574458143 ], [ 100.445046331567113, 6.931084298111093 ], [ 100.444726062697001, 6.93095803689573 ], [ 100.444609921238623, 6.930835489245525 ], [ 100.444613440676747, 6.930594107510274 ], [ 100.444697907191937, 6.930393574991757 ], [ 100.444821087526606, 6.930256173080921 ], [ 100.444764776516465, 6.930155906821663 ], [ 100.444683829439413, 6.930152193256506 ], [ 100.444360041131176, 6.930285881602183 ], [ 100.443913072488272, 6.930538404032908 ], [ 100.443772294962955, 6.930516122641961 ], [ 100.443652634066424, 6.93045299203428 ], [ 100.443480181597906, 6.930070494823036 ], [ 100.443311248567525, 6.929684284046632 ], [ 100.443195107109133, 6.929494892223589 ], [ 100.443036732393153, 6.929372344573384 ], [ 100.442892435429698, 6.92931292753086 ], [ 100.442544011054522, 6.929320354661177 ], [ 100.442185028364946, 6.929231229097391 ], [ 100.441938667695638, 6.929350063182438 ], [ 100.441773254103381, 6.929732560393683 ], [ 100.441738059722056, 6.930040786301774 ], [ 100.441604321073001, 6.93006306769272 ], [ 100.441403713099419, 6.930018504910827 ], [ 100.441259416135964, 6.929936806477357 ], [ 100.441086963667445, 6.92986624873936 ], [ 100.440896914008263, 6.929888530130307 ], [ 100.44063999502454, 6.930044499866931 ], [ 100.440330284468843, 6.930077921953351 ], [ 100.440094482113921, 6.929925665781885 ], [ 100.439974821217405, 6.929884816565149 ] ] ] } },
{ "type": "Feature", "properties": { "id": null, "EL_Hash": "w1prmu046t", "ORDERRIVER_Name_T": 6, "HY_Name_T": "คลองอู่ตะเภา", "EL_Name": "คลองอู่ตะเภาu046t", "Lat": 6.9217998543399997, "Long": 100.448106753, "Length_km": 1.5030696663300001, "LocalName": "", "ElementA": "w1prmu046t", "ElementB": "w1prmtwvk2", "ReLation": "FlowsTo" }, "geometry": { "type": "MultiLineString", "coordinates": [ [ [ 100.447650715785571, 6.916579112605046 ], [ 100.447784454434625, 6.916761077297775 ], [ 100.447985062408208, 6.916905906338926 ], [ 100.448220864763115, 6.917091584596811 ], [ 100.448396836669772, 6.917414664765532 ], [ 100.448748780483072, 6.917804589107093 ], [ 100.448970505085455, 6.917890001105721 ], [ 100.449128879801449, 6.917893714670878 ], [ 100.4491887102497, 6.918012548755925 ], [ 100.449185190811576, 6.918153664231919 ], [ 100.448938830142254, 6.918432181618747 ], [ 100.448590405767092, 6.918784970308731 ], [ 100.448382758917234, 6.919063487695559 ], [ 100.4484742643087, 6.919605668208586 ], [ 100.448664313967882, 6.920010446810777 ], [ 100.448780455426274, 6.920214692894452 ], [ 100.448896596884666, 6.920537773063173 ], [ 100.44891067463719, 6.920760586972636 ], [ 100.448808610931337, 6.920957405925996 ], [ 100.448706547225484, 6.921035390794308 ], [ 100.448565769700153, 6.921053958620096 ], [ 100.448361642288447, 6.921150511314197 ], [ 100.448153995438588, 6.921466164352603 ], [ 100.448150476000464, 6.921629561219542 ], [ 100.448125839933525, 6.921789244521324 ], [ 100.448027295665796, 6.92184494799869 ], [ 100.447904115331141, 6.921863515824478 ], [ 100.447766857243963, 6.92168155113175 ], [ 100.447692949043159, 6.921399320179764 ], [ 100.447657754661833, 6.921157938444512 ], [ 100.447580327022905, 6.921072526445885 ], [ 100.447379719049323, 6.921068812880727 ], [ 100.447175591637603, 6.921228496182509 ], [ 100.447006658607222, 6.921603566263438 ], [ 100.446939789282695, 6.92192664643216 ], [ 100.446932750406418, 6.922164314602254 ], [ 100.447108722313075, 6.922468826945186 ], [ 100.447288213657856, 6.922613655986337 ], [ 100.447404355116248, 6.922817902070012 ], [ 100.44743603005945, 6.923200399281257 ], [ 100.447390277363723, 6.923460348842298 ], [ 100.447105202874937, 6.923653454230498 ], [ 100.446820128386165, 6.923831705358069 ], [ 100.446735661870974, 6.924050805702374 ], [ 100.446830686700565, 6.924351604480149 ], [ 100.446929230968294, 6.924474152130355 ], [ 100.447207266580804, 6.924540996303193 ], [ 100.447488821631453, 6.924566991259297 ], [ 100.447847804321015, 6.924652403257925 ], [ 100.448171592629251, 6.924600413345717 ], [ 100.448291253525781, 6.924682111779187 ] ] ] } },
{ "type": "Feature", "properties": { "id": null, "EL_Hash": "w1prmcm1jf", "ORDERRIVER_Name_T": 6, "HY_Name_T": "คลองอู่ตะเภา", "EL_Name": "คลองอู่ตะเภาcm1jf", "Lat": 6.9064681397600003, "Long": 100.455115374, "Length_km": 4.94762014354, "LocalName": "", "ElementA": "w1prmcm1jf", "ElementB": "w1prmu046t", "ReLation": "FlowsTo" }, "geometry": { "type": "MultiLineString", "coordinates": [ [ [ 100.459233186681416, 6.89250406968756 ], [ 100.459296536567805, 6.892563486730084 ], [ 100.459296536567805, 6.892864285507859 ], [ 100.459155759042488, 6.893027682374798 ], [ 100.458955151068892, 6.893228214893315 ], [ 100.458532818492941, 6.893332194717732 ], [ 100.458388521529486, 6.893447315237621 ], [ 100.458370924338809, 6.893532727236249 ], [ 100.458434274225212, 6.893933792273282 ], [ 100.458416677034549, 6.894134324791798 ], [ 100.458335729957483, 6.894338570875473 ], [ 100.458216069060967, 6.894680218869983 ], [ 100.458219588499091, 6.89530409781648 ], [ 100.458279418947356, 6.895586328768466 ], [ 100.458564493436128, 6.895927976762977 ], [ 100.458726387590247, 6.896288192583275 ], [ 100.458747504219048, 6.89693063935556 ], [ 100.458550415683604, 6.89743568421701 ], [ 100.458149199736425, 6.897799613602466 ], [ 100.457885241876454, 6.897922161252671 ], [ 100.457825411428189, 6.89800385968614 ], [ 100.457807814237526, 6.898144975162134 ], [ 100.457927475134056, 6.898445773939909 ], [ 100.457909877943379, 6.898746572717684 ], [ 100.457871164123915, 6.898928537410413 ], [ 100.457547375815679, 6.899151351319875 ], [ 100.457146159868515, 6.899192200536611 ], [ 100.457026498971985, 6.899233049753345 ], [ 100.456924435266131, 6.899533848531121 ], [ 100.457089848858388, 6.899916345742366 ], [ 100.457068732229587, 6.900180008868563 ], [ 100.456970187961858, 6.900399109212868 ], [ 100.456488024937642, 6.900584787470755 ], [ 100.456083289552339, 6.900465953385708 ], [ 100.45487260283457, 6.900128018956355 ], [ 100.454693111489789, 6.900168868173091 ], [ 100.454573450593259, 6.900309983649084 ], [ 100.454513620144994, 6.900610782426859 ], [ 100.454534736773795, 6.900911581204634 ], [ 100.454615683850861, 6.901353495458403 ], [ 100.454819811262567, 6.901695143452912 ], [ 100.455527218327319, 6.902356158050986 ], [ 100.456618244148558, 6.903058021865795 ], [ 100.457262301326907, 6.90335882064357 ], [ 100.457385481661561, 6.903559353162087 ], [ 100.457406598290362, 6.903800734897338 ], [ 100.457367884470898, 6.904120101500903 ], [ 100.457227106945581, 6.904506312277305 ], [ 100.45708632942025, 6.904747694012556 ], [ 100.456667516282423, 6.905353005133264 ], [ 100.45646690830884, 6.905453271392523 ], [ 100.45626278089712, 6.905453271392523 ], [ 100.456143120000604, 6.905353005133264 ], [ 100.456023459104074, 6.905252738874006 ], [ 100.455879162140619, 6.904951940096231 ], [ 100.455516660012918, 6.904814538185395 ], [ 100.455418115745189, 6.904955653661388 ], [ 100.455418115745189, 6.905074487746436 ], [ 100.455477946193454, 6.905315869481687 ], [ 100.455477946193454, 6.905598100433674 ], [ 100.455340688106261, 6.905739215909668 ], [ 100.455238624400408, 6.905761497300613 ], [ 100.455097846875077, 6.905921180602395 ], [ 100.455016899798025, 6.906162562337647 ], [ 100.455080249684414, 6.906444793289634 ], [ 100.455305493724936, 6.906593335895942 ], [ 100.455506101698518, 6.906652752938466 ], [ 100.455865084388094, 6.906801295544774 ], [ 100.456107925619264, 6.906704742850674 ], [ 100.456185353258192, 6.90672702424162 ], [ 100.456224067077656, 6.906827290500878 ], [ 100.456100886743002, 6.907046390845184 ], [ 100.455752462367826, 6.90736204388359 ], [ 100.45542867405959, 6.907477164403479 ], [ 100.455164716199619, 6.907510586489899 ], [ 100.454865563958307, 6.907425174491271 ], [ 100.454566411716996, 6.907417747360956 ], [ 100.454200390151158, 6.907570003532422 ], [ 100.453873082404783, 6.907907937961775 ], [ 100.453707668812527, 6.908164173957657 ], [ 100.453616163421074, 6.908583806820479 ], [ 100.453588007916011, 6.908966304031724 ], [ 100.453200869721371, 6.909218826462449 ], [ 100.452514579285435, 6.90952705237054 ], [ 100.451761419524956, 6.909954112363677 ], [ 100.451258139871939, 6.910061805753251 ], [ 100.450716146399444, 6.909972680189465 ], [ 100.450353644271743, 6.910024670101674 ], [ 100.450170633488824, 6.910080373579039 ], [ 100.45004745315417, 6.910199207664086 ], [ 100.450061530906694, 6.910481438616073 ], [ 100.450160075174423, 6.91068197113459 ], [ 100.450395877529346, 6.910867649392475 ], [ 100.450793574038372, 6.911079322606466 ], [ 100.450973065383153, 6.911161021039936 ], [ 100.451110323470346, 6.911305850081087 ], [ 100.451089206841544, 6.911406116340345 ], [ 100.450948429316227, 6.911484101208657 ], [ 100.450804132352772, 6.911498955469288 ], [ 100.450628160446115, 6.911394975644871 ], [ 100.450388838653069, 6.911209297386986 ], [ 100.450170633488824, 6.911164734605094 ], [ 100.449906675628853, 6.911220438082459 ], [ 100.449843325742449, 6.911320704341717 ], [ 100.449920753381377, 6.911602935293704 ], [ 100.450036894839769, 6.911744050769697 ], [ 100.450314930452279, 6.911970578244318 ], [ 100.450431071910671, 6.912133975111257 ], [ 100.450550732807187, 6.912256522761462 ], [ 100.451046973583956, 6.912509045192187 ], [ 100.451226464928737, 6.912531326583133 ], [ 100.451321489758328, 6.912754140492597 ], [ 100.451254620433801, 6.91307350709616 ], [ 100.451089206841544, 6.913352024482989 ], [ 100.450888598867962, 6.913407727960355 ], [ 100.450726704713844, 6.913385446569409 ], [ 100.450547213369063, 6.913281466744992 ], [ 100.450392358091207, 6.913118069878053 ], [ 100.450233983375213, 6.913014090053637 ], [ 100.450072089221095, 6.913010376488479 ], [ 100.449790534170461, 6.913084647791633 ], [ 100.449544173501138, 6.913281466744992 ], [ 100.44966031495953, 6.91354512987119 ], [ 100.449776456417922, 6.91370852673813 ], [ 100.449772936979784, 6.913868210039912 ], [ 100.449670873273931, 6.913987044124958 ], [ 100.449508979119813, 6.914024179776536 ], [ 100.449389318223282, 6.913983330559801 ], [ 100.44921334631664, 6.913738235259392 ], [ 100.449114802048911, 6.913675104651711 ], [ 100.448893077446527, 6.913712240303288 ], [ 100.448731183292409, 6.913786511606442 ], [ 100.448706547225484, 6.913946194908224 ], [ 100.448783974864412, 6.914169008817687 ], [ 100.449037374409983, 6.914417817683254 ], [ 100.449097204858248, 6.914536651768301 ], [ 100.44903033553372, 6.914859731937023 ], [ 100.448805091493199, 6.915115967932906 ], [ 100.448340525659646, 6.915205093496691 ], [ 100.448094164990323, 6.915442761666784 ], [ 100.447970984655669, 6.915621012794355 ], [ 100.447819648815951, 6.916100062699701 ], [ 100.447692949043159, 6.916315449478848 ], [ 100.447650715785571, 6.916579112605046 ] ] ] } },
{ "type": "Feature", "properties": { "id": null, "EL_Hash": "w1prjvvtpy", "ORDERRIVER_Name_T": 6, "HY_Name_T": "คลองอู่ตะเภา", "EL_Name": "คลองอู่ตะเภาvvtpy", "Lat": 6.88794628514, "Long": 100.455884641, "Length_km": 2.8050692507599999, "LocalName": "", "ElementA": "w1prjvvtpy", "ElementB": "w1prmcm1jf", "ReLation": "FlowsTo" }, "geometry": { "type": "MultiLineString", "coordinates": [ [ [ 100.458166796927102, 6.879710837719222 ], [ 100.457885241876454, 6.880193601189726 ], [ 100.457628322892745, 6.881058861871473 ], [ 100.457667036712209, 6.88134109282346 ], [ 100.457769100418062, 6.881623323775447 ], [ 100.457973227829783, 6.881801574903017 ], [ 100.458152719174564, 6.881823856293964 ], [ 100.458293496699881, 6.881783007077228 ], [ 100.458416677034549, 6.881760725686282 ], [ 100.458536337931065, 6.881879559771329 ], [ 100.458736945904647, 6.882042956638269 ], [ 100.459000903764633, 6.88213950933237 ], [ 100.459060734212883, 6.882161790723316 ], [ 100.459043137022221, 6.882262056982574 ], [ 100.458919956687566, 6.882403172458567 ], [ 100.458420196472673, 6.882585137151295 ], [ 100.457994344458584, 6.882648267758977 ], [ 100.45765295895967, 6.882648267758977 ], [ 100.457635361769007, 6.882830232451705 ], [ 100.457695192217273, 6.883153312620427 ], [ 100.457839489180728, 6.883494960614937 ], [ 100.458061213783111, 6.883955442694494 ], [ 100.458043616592434, 6.884256241472269 ], [ 100.457860605809529, 6.884438206164997 ], [ 100.457702231093535, 6.88457932164099 ], [ 100.457501623119953, 6.884601603031936 ], [ 100.457297495708232, 6.884564467380359 ], [ 100.456998343466921, 6.884605316597094 ], [ 100.456656957968022, 6.88498781380834 ], [ 100.456255742020858, 6.885333175368007 ], [ 100.455752462367826, 6.885414873801476 ], [ 100.455671515290774, 6.885533707886523 ], [ 100.455611684842509, 6.885797371012722 ], [ 100.45563280147131, 6.886098169790497 ], [ 100.456280378087783, 6.88649923482753 ], [ 100.456361325164849, 6.886658918129312 ], [ 100.456421155613114, 6.886918867690353 ], [ 100.456421155613114, 6.887123113774027 ], [ 100.45626278089712, 6.887446193942749 ], [ 100.456111445057402, 6.887565028027796 ], [ 100.455872123264356, 6.887969806629987 ], [ 100.455893239893157, 6.888270605407762 ], [ 100.455953070341408, 6.888489705752067 ], [ 100.456157197753129, 6.888731087487319 ], [ 100.456417636174976, 6.888790504529842 ], [ 100.456558413700293, 6.888749655313108 ], [ 100.456720307854411, 6.88856769062038 ], [ 100.456861085379742, 6.88856769062038 ], [ 100.457022979533861, 6.888549122794591 ], [ 100.457283417955708, 6.888467424361121 ], [ 100.457424195481025, 6.888545409229433 ], [ 100.457547375815679, 6.888727373922161 ], [ 100.457667036712209, 6.88882764018142 ], [ 100.457807814237526, 6.888887057223943 ], [ 100.457969708391644, 6.888927906440678 ], [ 100.458029538839909, 6.889128438959195 ], [ 100.457871164123915, 6.889429237736969 ], [ 100.457308054022633, 6.88957406677812 ], [ 100.456804774369616, 6.889696614428326 ], [ 100.456663996844284, 6.889637197385802 ], [ 100.45654081650963, 6.88939581565055 ], [ 100.456421155613114, 6.889273268000346 ], [ 100.456340208536048, 6.889373534259605 ], [ 100.456484505499503, 6.889897146946843 ], [ 100.45680829380774, 6.890379910417345 ], [ 100.457332690089572, 6.890699277020909 ], [ 100.457533298063154, 6.891059492841208 ], [ 100.457536817501278, 6.891282306750671 ], [ 100.457617764578345, 6.891605386919393 ], [ 100.457758542103662, 6.891742788830229 ], [ 100.457941552886581, 6.891742788830229 ], [ 100.458061213783111, 6.891623954745182 ], [ 100.458159758050826, 6.891419708661506 ], [ 100.458159758050826, 6.891059492841208 ], [ 100.458258302318555, 6.890736412672487 ], [ 100.458437793663336, 6.890613865022281 ], [ 100.458560973998004, 6.890673282064806 ], [ 100.458701751523321, 6.890773548324064 ], [ 100.458923476125705, 6.890974080842581 ], [ 100.458923476125705, 6.891014930059315 ], [ 100.458905878935042, 6.891156045535308 ], [ 100.458824931857976, 6.891256311794567 ], [ 100.458641921075056, 6.891378859444772 ], [ 100.458543376807327, 6.891538542746554 ], [ 100.458483546359076, 6.89182077369854 ], [ 100.458448351977736, 6.892103004650527 ], [ 100.458529299054803, 6.892303537169044 ], [ 100.458691193208921, 6.892526351078507 ], [ 100.458891801182503, 6.89258576812103 ], [ 100.459233186681416, 6.89250406968756 ] ] ] } },
{ "type": "Feature", "properties": { "id": null, "EL_Hash": "w1prnh2w94", "ORDERRIVER_Name_T": 6, "HY_Name_T": "คลองอู่ตะเภา", "EL_Name": "คลองอู่ตะเภาh2w94", "Lat": 6.8799433813100004, "Long": 100.459724439, "Length_km": 0.3613366385, "LocalName": "", "ElementA": "w1prnh2w94", "ElementB": "w1prjvvtpy", "ReLation": "FlowsTo" }, "geometry": { "type": "MultiLineString", "coordinates": [ [ [ 100.460102487900272, 6.878756451473689 ], [ 100.460313654188255, 6.878956983992206 ], [ 100.460419237332246, 6.879138948684933 ], [ 100.460218629358664, 6.879662561372172 ], [ 100.4598174134115, 6.879922510933212 ], [ 100.459616805437918, 6.879967073715105 ], [ 100.459352847577932, 6.879844526064899 ], [ 100.458891801182503, 6.879666274937329 ], [ 100.45842723534895, 6.879629139285752 ], [ 100.458166796927102, 6.879710837719222 ] ] ] } },
{ "type": "Feature", "properties": { "id": null, "EL_Hash": "w1prjfn2rr", "ORDERRIVER_Name_T": 6, "HY_Name_T": "คลองอู่ตะเภา", "EL_Name": "คลองอู่ตะเภาfn2rr", "Lat": 6.8665381461699999, "Long": 100.456893822, "Length_km": 4.6660021884100003, "LocalName": "", "ElementA": "w1prjfn2rr", "ElementB": "w1prnh2w94", "ReLation": "FlowsTo" }, "geometry": { "type": "MultiLineString", "coordinates": [ [ [ 100.466064416097652, 6.860318600465619 ], [ 100.465962352391784, 6.860177484989626 ], [ 100.465941235762983, 6.859917535428585 ], [ 100.46583917205713, 6.859676153693334 ], [ 100.465758224980064, 6.859475621174817 ], [ 100.465698394531813, 6.859052274746837 ], [ 100.465554097568358, 6.858992857704314 ], [ 100.465413320043027, 6.85901513909526 ], [ 100.465093051172929, 6.859137686745465 ], [ 100.464751665674015, 6.859579600999233 ], [ 100.464832612751081, 6.859820982734485 ], [ 100.4649945069052, 6.859861831951219 ], [ 100.465135284430517, 6.859921248993743 ], [ 100.465156401059318, 6.860062364469736 ], [ 100.4649945069052, 6.860144062903206 ], [ 100.464772782302816, 6.860084645860683 ], [ 100.464512343880969, 6.859962098210477 ], [ 100.46432933309805, 6.859884113342166 ], [ 100.464107608495681, 6.859624163781126 ], [ 100.46396683097035, 6.859542465347656 ], [ 100.463864767264496, 6.859564746738602 ], [ 100.463745106367966, 6.859624163781126 ], [ 100.463343890420802, 6.860047510209105 ], [ 100.46286524683471, 6.860793936805806 ], [ 100.462544977964598, 6.861139298365474 ], [ 100.462383083810479, 6.86118014758221 ], [ 100.462221189656361, 6.86118014758221 ], [ 100.461999465053978, 6.861061313497162 ], [ 100.461777740451595, 6.861020464280427 ], [ 100.461636962926278, 6.861102162713897 ], [ 100.461556015849212, 6.861302695232414 ], [ 100.461598249106814, 6.861584926184401 ], [ 100.46192203741505, 6.861885724962176 ], [ 100.462045217749704, 6.862104825306481 ], [ 100.462002984492116, 6.862227372956686 ], [ 100.461823493147335, 6.862309071390156 ], [ 100.461499704839085, 6.862249654347632 ], [ 100.460813414403148, 6.861971136960803 ], [ 100.4605318593525, 6.861648056792082 ], [ 100.460391081827183, 6.861206142538313 ], [ 100.460366445760243, 6.860704811242021 ], [ 100.46044739283731, 6.860259183423095 ], [ 100.460426276208509, 6.85995838464532 ], [ 100.460303095873854, 6.859817269169326 ], [ 100.459799816220823, 6.859861831951219 ], [ 100.459057214774759, 6.860084645860683 ], [ 100.458293496699881, 6.860630539938867 ], [ 100.457853566933252, 6.86135839870978 ], [ 100.457533298063154, 6.862364774867522 ], [ 100.457378442785298, 6.863393432416209 ], [ 100.457100407172788, 6.864340391531427 ], [ 100.457001862905059, 6.865183370822229 ], [ 100.457005382343198, 6.866212028370917 ], [ 100.456825890998402, 6.866735641058155 ], [ 100.456484505499503, 6.867136706095189 ], [ 100.456287416964059, 6.867600901739904 ], [ 100.456129042248065, 6.868187645034823 ], [ 100.456171275505667, 6.868889508849632 ], [ 100.456213508763256, 6.869231156844142 ], [ 100.456375402917374, 6.86949481997034 ], [ 100.45645634999444, 6.86975476953138 ], [ 100.456375402917374, 6.870055568309155 ], [ 100.456378922355512, 6.870579180996393 ], [ 100.456600646957895, 6.870902261165115 ], [ 100.456801254931477, 6.870939396816692 ], [ 100.457022979533861, 6.870879979774169 ], [ 100.457424195481025, 6.870516050388712 ], [ 100.457564973006342, 6.870516050388712 ], [ 100.457667036712209, 6.870594035257025 ], [ 100.457667036712209, 6.870716582907229 ], [ 100.457628322892745, 6.870998813859216 ], [ 100.457308054022633, 6.871440728112984 ], [ 100.457047615600786, 6.872086888450427 ], [ 100.45664991909176, 6.872811033656182 ], [ 100.456551374824031, 6.873457193993625 ], [ 100.456653438529884, 6.87392138963834 ], [ 100.456836449312803, 6.874121922156856 ], [ 100.456994824028797, 6.87418133919938 ], [ 100.457297495708232, 6.874240756241903 ], [ 100.457821891990065, 6.874255610502535 ], [ 100.458085849850036, 6.874355876761792 ], [ 100.458307574452419, 6.874478424411997 ], [ 100.458469468606538, 6.874797791015562 ], [ 100.458571532312391, 6.875221137443541 ], [ 100.458772140285987, 6.875258273095119 ], [ 100.458972748259569, 6.875039172750813 ], [ 100.459356367016071, 6.874853494492926 ], [ 100.45951474173205, 6.874853494492926 ], [ 100.459616805437918, 6.875013177794709 ], [ 100.459637922066705, 6.875358539354377 ], [ 100.45953937779899, 6.875640770306363 ], [ 100.459377483644857, 6.875900719867404 ], [ 100.459219108928878, 6.876205232210336 ], [ 100.45926134218648, 6.876725131332416 ], [ 100.459542897237114, 6.876925663850933 ], [ 100.459743505210696, 6.87678454837494 ], [ 100.459785738468298, 6.8765245988139 ], [ 100.459824452287762, 6.876201518645178 ], [ 100.460063774080808, 6.876000986126662 ], [ 100.460366445760243, 6.875696473783729 ], [ 100.460507223285575, 6.875737323000464 ], [ 100.460486106656774, 6.875856157085511 ], [ 100.460408679017846, 6.876119820211708 ], [ 100.460366445760243, 6.876379769772749 ], [ 100.460369965198382, 6.876680568550524 ], [ 100.460450912275448, 6.87712619636945 ], [ 100.460331251378918, 6.877326728887967 ], [ 100.460007463070681, 6.877367578104701 ], [ 100.459768141277635, 6.877449276538171 ], [ 100.459546416675252, 6.877672090447635 ], [ 100.459648480381105, 6.878032306267934 ], [ 100.45989132161229, 6.878555918955172 ], [ 100.460102487900272, 6.878756451473689 ] ] ] } },
{ "type": "Feature", "properties": { "id": null, "EL_Hash": "w1prn0kf8d", "ORDERRIVER_Name_T": 6, "HY_Name_T": "คลองอู่ตะเภา", "EL_Name": "คลองอู่ตะเภา0kf8d", "Lat": 6.8572870188600001, "Long": 100.465538927, "Length_km": 2.5428532976399998, "LocalName": "", "ElementA": "w1prn0kf8d", "ElementB": "w1prjfn2rr", "ReLation": "FlowsTo" }, "geometry": { "type": "MultiLineString", "coordinates": [ [ [ 100.465518903187018, 6.85211533503222 ], [ 100.46556113644462, 6.852211887726321 ], [ 100.46556113644462, 6.852353003202314 ], [ 100.465522422625156, 6.852390138853891 ], [ 100.465423878357427, 6.852453269461572 ], [ 100.465328853527836, 6.852653801980089 ], [ 100.465170478811856, 6.852854334498605 ], [ 100.465015623534001, 6.852995449974599 ], [ 100.464857248818006, 6.853077148408069 ], [ 100.464498266128444, 6.853002877104914 ], [ 100.464297658154862, 6.853006590670072 ], [ 100.464139283438868, 6.85301030423523 ], [ 100.463942194903424, 6.853014017800388 ], [ 100.463741586929842, 6.853014017800388 ], [ 100.463664159290914, 6.853077148408069 ], [ 100.463664159290914, 6.853155133276381 ], [ 100.463727509177303, 6.853273967361428 ], [ 100.463928117150886, 6.853429937098052 ], [ 100.463987947599151, 6.853567339008888 ], [ 100.463952753217825, 6.853727022310669 ], [ 100.46389292276956, 6.853808720744139 ], [ 100.463755664682367, 6.853968404045921 ], [ 100.463660639852776, 6.854050102479391 ], [ 100.46342131805973, 6.854154082303807 ], [ 100.463322773792001, 6.85421349934633 ], [ 100.463305176601338, 6.854272916388854 ], [ 100.463343890420802, 6.854332333431377 ], [ 100.463484667946119, 6.854391750473901 ], [ 100.46362544547145, 6.854388036908743 ], [ 100.463822534006894, 6.854384323343585 ], [ 100.463984428161012, 6.854462308211898 ], [ 100.464125205686344, 6.854640559339468 ], [ 100.464368046917514, 6.854855946118615 ], [ 100.464410280175116, 6.854974780203663 ], [ 100.464389163546315, 6.855052765071974 ], [ 100.464294138716724, 6.855153031331233 ], [ 100.464213191639658, 6.855253297590491 ], [ 100.464075933552479, 6.855257011155649 ], [ 100.46389292276956, 6.855119609244814 ], [ 100.463695834234102, 6.855063905767448 ], [ 100.463533940079984, 6.855045337941659 ], [ 100.463357968173341, 6.855149317766076 ], [ 100.463361487611465, 6.855286719676911 ], [ 100.463562095585047, 6.855561523498582 ], [ 100.463762703558629, 6.855698925409418 ], [ 100.464044258609277, 6.855814045929307 ], [ 100.464343410850589, 6.855828900189938 ], [ 100.464441955118318, 6.855866035841515 ], [ 100.464445474556442, 6.856007151317508 ], [ 100.464346930288727, 6.856125985402555 ], [ 100.464188555572733, 6.856229965226971 ], [ 100.464192075010871, 6.856408216354541 ], [ 100.464234308268459, 6.856545618265377 ], [ 100.464315255345525, 6.85662360313369 ], [ 100.464434916242041, 6.856660738785266 ], [ 100.464575693767372, 6.856619889568532 ], [ 100.464712951854551, 6.856538191135062 ], [ 100.464910040390009, 6.856415643484858 ], [ 100.46520919263132, 6.856430497745488 ], [ 100.465525942063294, 6.856408216354541 ], [ 100.46564560295981, 6.856463919831907 ], [ 100.465705433408075, 6.856582753916954 ], [ 100.465708952846214, 6.856683020176213 ], [ 100.465652641836073, 6.856942969737253 ], [ 100.465536500377695, 6.857180637907347 ], [ 100.465540019815819, 6.857399738251653 ], [ 100.465620966892885, 6.8575185723367 ], [ 100.465723030598738, 6.857537140162488 ], [ 100.465881405314732, 6.857492577380595 ], [ 100.466275582385634, 6.857329180513656 ], [ 100.466532501369343, 6.85730689912271 ], [ 100.466652162265859, 6.857344034774287 ], [ 100.466754225971727, 6.857540853727645 ], [ 100.466757745409851, 6.857700537029428 ], [ 100.466616967884534, 6.857923350938891 ], [ 100.466518423616805, 6.858183300499931 ], [ 100.466599370693871, 6.858424682235182 ], [ 100.466880925744505, 6.858547229885387 ], [ 100.467102650346888, 6.858565797711176 ], [ 100.467324374949271, 6.858461817886759 ], [ 100.46760592999992, 6.858261285368243 ], [ 100.467707993705773, 6.858079320675515 ], [ 100.467746707525237, 6.857737672681004 ], [ 100.467806537973502, 6.85769682346427 ], [ 100.467947315498819, 6.857774808332582 ], [ 100.468007145947084, 6.857897355982787 ], [ 100.468049379204686, 6.858097888501304 ], [ 100.468070495833473, 6.858521234929283 ], [ 100.468074015271611, 6.859022566225575 ], [ 100.468214792796928, 6.859364214220085 ], [ 100.468517464476378, 6.859546178912813 ], [ 100.468879966604078, 6.859464480479343 ], [ 100.468939797052343, 6.859605595955337 ], [ 100.468901083232879, 6.859765279257119 ], [ 100.468679358630496, 6.859887826907324 ], [ 100.468316856502796, 6.859887826907324 ], [ 100.468035301452147, 6.859728143605541 ], [ 100.467873407298029, 6.859609309520494 ], [ 100.467630566066845, 6.859691007953964 ], [ 100.467349011016211, 6.859691007953964 ], [ 100.467187116862092, 6.859531324652183 ], [ 100.467028742146098, 6.859531324652183 ], [ 100.466905561811444, 6.859549892477971 ], [ 100.466785900914914, 6.859631590911441 ], [ 100.46674718709545, 6.859731857170699 ], [ 100.46674718709545, 6.859772706387434 ], [ 100.466807017543715, 6.859832123429958 ], [ 100.466887964620781, 6.859895254037639 ], [ 100.467007625517297, 6.859872972646692 ], [ 100.467148403042629, 6.859872972646692 ], [ 100.467211752929018, 6.859913821863428 ], [ 100.46722935011968, 6.860032655948475 ], [ 100.467169519671415, 6.860114354381945 ], [ 100.467049858774899, 6.860173771424468 ], [ 100.466909081249582, 6.860196052815414 ], [ 100.466606409570133, 6.86021833420636 ], [ 100.466345971148286, 6.860277751248884 ], [ 100.466145363174704, 6.860378017508142 ], [ 100.466064416097652, 6.860318600465619 ] ] ] } },
{ "type": "Feature", "properties": { "id": null, "EL_Hash": "w1pqyjgwn9", "ORDERRIVER_Name_T": 6, "HY_Name_T": "คลองอู่ตะเภา", "EL_Name": "คลองอู่ตะเภาjgwn9", "Lat": 6.8441489715400001, "Long": 100.464074094, "Length_km": 3.56302066172, "LocalName": "", "ElementA": "w1pqyjgwn9", "ElementB": "w1prn0kf8d", "ReLation": "FlowsTo" }, "geometry": { "type": "MultiLineString", "coordinates": [ [ [ 100.457156718182915, 6.838579390032338 ], [ 100.457712789407935, 6.838490264468552 ], [ 100.457952111200981, 6.838627666379388 ], [ 100.458075291535636, 6.838843053158536 ], [ 100.458381482653209, 6.839214409674308 ], [ 100.458666557141996, 6.839648896797761 ], [ 100.45875454309531, 6.840064816095425 ], [ 100.458726387590247, 6.840621850869082 ], [ 100.458715829275846, 6.841119468600217 ], [ 100.458388521529486, 6.841721066155767 ], [ 100.458311093890558, 6.841880749457549 ], [ 100.458335729957483, 6.842259533103636 ], [ 100.458187913555889, 6.842857417094029 ], [ 100.458149199736425, 6.842957683353287 ], [ 100.458173835803365, 6.843076517438334 ], [ 100.458374443776947, 6.84321391934917 ], [ 100.458712309837722, 6.843147075176331 ], [ 100.458909398373166, 6.843043095351915 ], [ 100.45894811219263, 6.842965110483602 ], [ 100.45898330657397, 6.84282399500761 ], [ 100.458937553878229, 6.842467492752468 ], [ 100.459014981517157, 6.842385794318998 ], [ 100.459095928594223, 6.842385794318998 ], [ 100.459194472861952, 6.842441497796364 ], [ 100.45951474173205, 6.842456352056995 ], [ 100.45979277734456, 6.842489774143415 ], [ 100.459873724421627, 6.842549191185938 ], [ 100.459993385318143, 6.842526909794992 ], [ 100.460271420930653, 6.842441497796364 ], [ 100.460352368007719, 6.8424823470131 ], [ 100.460433315084771, 6.842597467532989 ], [ 100.460436834522909, 6.84275715083477 ], [ 100.460538898228762, 6.843035668221599 ], [ 100.460640961934629, 6.8431322209157 ], [ 100.460718389573557, 6.843069090308019 ], [ 100.460799336650609, 6.842991105439706 ], [ 100.460813414403148, 6.842712588052878 ], [ 100.460887322603938, 6.842512055534361 ], [ 100.460968269681004, 6.842471206317626 ], [ 100.461049216758056, 6.842526909794992 ], [ 100.461130163835122, 6.842604894663304 ], [ 100.461151280463923, 6.842805427181821 ], [ 100.461116086082583, 6.84300224613518 ], [ 100.461059775072457, 6.84326219569622 ], [ 100.461242785855376, 6.843381029781267 ], [ 100.46140116057137, 6.843418165432844 ], [ 100.461619365735615, 6.843410738302529 ], [ 100.461777740451595, 6.843269622826536 ], [ 100.461816454271059, 6.8431322209157 ], [ 100.461812934832935, 6.843009673265495 ], [ 100.461869245843062, 6.842812854312136 ], [ 100.462045217749704, 6.842749723704455 ], [ 100.462256384037687, 6.842720015183193 ], [ 100.462397161563018, 6.842835135703083 ], [ 100.462541458526474, 6.842994819004865 ], [ 100.462682236051791, 6.843109939524753 ], [ 100.462840610767785, 6.843106225959596 ], [ 100.462956752226162, 6.843005959700338 ], [ 100.46305881593203, 6.842983678309391 ], [ 100.463157360199759, 6.843080231003492 ], [ 100.463181996266684, 6.843299331347797 ], [ 100.463086971437093, 6.843522145257261 ], [ 100.463030660426966, 6.843659547168096 ], [ 100.463072893684554, 6.843759813427354 ], [ 100.463308696039476, 6.84373381847125 ], [ 100.46362544547145, 6.84357042160431 ], [ 100.46378382018743, 6.843488723170841 ], [ 100.463924597712762, 6.84360384369073 ], [ 100.464065375238079, 6.843722677775777 ], [ 100.464149841753269, 6.84389721533819 ], [ 100.464132244562606, 6.844038330814183 ], [ 100.463994986475413, 6.844298280375224 ], [ 100.463801417378093, 6.844443109416375 ], [ 100.463681756481577, 6.844584224892368 ], [ 100.463685275919715, 6.844684491151626 ], [ 100.463745106367966, 6.844781043845726 ], [ 100.463924597712762, 6.844758762454781 ], [ 100.464199113887133, 6.844495099328583 ], [ 100.464434916242041, 6.844372551678378 ], [ 100.464575693767372, 6.844409687329955 ], [ 100.464698874102027, 6.844606506283314 ], [ 100.464765743426554, 6.845100410449291 ], [ 100.464540499386032, 6.845471766965062 ], [ 100.464424357927641, 6.845750284351891 ], [ 100.464389163546315, 6.845891399827885 ], [ 100.464410280175116, 6.84602880173872 ], [ 100.464431396803917, 6.846129067997978 ], [ 100.464452513432718, 6.846207052866291 ], [ 100.46453346050977, 6.84622562069208 ], [ 100.464790379493479, 6.846221907126921 ], [ 100.464990987467061, 6.846259042778499 ], [ 100.465033220724663, 6.846377876863546 ], [ 100.465033220724663, 6.846496710948593 ], [ 100.464955793085736, 6.846596977207851 ], [ 100.464878365446808, 6.846775228335421 ], [ 100.464822054436681, 6.84687549459468 ], [ 100.464723510168952, 6.846920057376572 ], [ 100.4646425630919, 6.846960906593307 ], [ 100.464441955118318, 6.846942338767518 ], [ 100.464325813659926, 6.84692377094173 ], [ 100.464223749954058, 6.846927484506888 ], [ 100.464185036134594, 6.846968333723622 ], [ 100.464146322315131, 6.847046318591935 ], [ 100.464287099840462, 6.847202288328559 ], [ 100.464508824442845, 6.847257991805924 ], [ 100.464807976684156, 6.847335976674237 ], [ 100.464888923761208, 6.847432529368337 ], [ 100.464888923761208, 6.847551363453384 ], [ 100.464934676456934, 6.84777046379769 ], [ 100.464934676456934, 6.847870730056949 ], [ 100.464857248818006, 6.847970996316207 ], [ 100.464839651627344, 6.8482086644863 ], [ 100.464825573874819, 6.848427764830606 ], [ 100.464748146235891, 6.848546598915653 ], [ 100.464568654891096, 6.84855031248081 ], [ 100.464508824442845, 6.848490895438287 ], [ 100.464385644108191, 6.848353493527451 ], [ 100.464202633325272, 6.848119538922515 ], [ 100.464005544789813, 6.848123252487673 ], [ 100.463924597712762, 6.848201237355985 ], [ 100.463871806140759, 6.848424051265448 ], [ 100.463910519960223, 6.848561453176283 ], [ 100.463952753217825, 6.848698855087119 ], [ 100.46397738928475, 6.848917955431425 ], [ 100.463938675465286, 6.848995940299737 ], [ 100.463899961645822, 6.849118487949942 ], [ 100.463843650635695, 6.849296739077512 ], [ 100.463843650635695, 6.849378437510982 ], [ 100.463924597712762, 6.849434140988348 ], [ 100.464044258609277, 6.849452708814136 ], [ 100.464185036134594, 6.84943042742319 ], [ 100.464343410850589, 6.84934872898972 ], [ 100.464519382757246, 6.849285598382039 ], [ 100.464681276911364, 6.849322734033616 ], [ 100.464839651627344, 6.849460135944452 ], [ 100.465001545781462, 6.849556688638552 ], [ 100.465022662410263, 6.849616105681076 ], [ 100.465001545781462, 6.849675522723599 ], [ 100.464906520951871, 6.849757221157069 ], [ 100.464786860055355, 6.849779502548015 ], [ 100.464529941071632, 6.849883482372431 ], [ 100.464311735907387, 6.850006030022636 ], [ 100.464058336361816, 6.850187994715364 ], [ 100.463998505913551, 6.850366245842935 ], [ 100.46406185579994, 6.850447944276405 ], [ 100.464262463773522, 6.850544496970505 ], [ 100.464382124670053, 6.850581632622082 ], [ 100.464579213205496, 6.850596486882713 ], [ 100.464899482075609, 6.850752456619337 ], [ 100.464959312523874, 6.850771024445126 ], [ 100.465181037126257, 6.85092699418175 ], [ 100.465540019815819, 6.851001265484904 ], [ 100.465701913969937, 6.851075536788059 ], [ 100.465723030598738, 6.851157235221528 ], [ 100.465701913969937, 6.851235220089841 ], [ 100.465606889140346, 6.851357767740045 ], [ 100.46548722824383, 6.851439466173515 ], [ 100.465388683976101, 6.851439466173515 ], [ 100.465269023079571, 6.851443179738673 ], [ 100.465191595440658, 6.851502596781196 ], [ 100.465173998249981, 6.851643712257189 ], [ 100.465233828698246, 6.851799681993814 ], [ 100.4653570090329, 6.851918516078861 ], [ 100.465518903187018, 6.85211533503222 ] ] ] } },
{ "type": "Feature", "properties": { "id": null, "EL_Hash": "w1pqvuu14k", "ORDERRIVER_Name_T": 6, "HY_Name_T": "คลองอู่ตะเภา", "EL_Name": "คลองอู่ตะเภาuu14k", "Lat": 6.8378143690600002, "Long": 100.453596733, "Length_km": 1.2435632165199999, "LocalName": "", "ElementA": "w1pqvuu14k", "ElementB": "w1pqyjgwn9", "ReLation": "FlowsTo" }, "geometry": { "type": "MultiLineString", "coordinates": [ [ [ 100.450392358091207, 6.837569300309439 ], [ 100.450589446626651, 6.837487601875969 ], [ 100.450888598867962, 6.837461606919865 ], [ 100.451029376393294, 6.837498742571442 ], [ 100.451131440099147, 6.837654712308066 ], [ 100.451412995149795, 6.837847817696267 ], [ 100.451571369865775, 6.837825536305321 ], [ 100.451669914133504, 6.837743837871852 ], [ 100.451881080421487, 6.837361340660606 ], [ 100.452155596595858, 6.837179375967878 ], [ 100.452275257492389, 6.83717566240272 ], [ 100.452317490749977, 6.837197943793667 ], [ 100.452359724007579, 6.837335345704503 ], [ 100.452342126816916, 6.837554446048808 ], [ 100.452349165693178, 6.83789238047816 ], [ 100.452451229399031, 6.838029782388995 ], [ 100.452570890295561, 6.838048350214784 ], [ 100.452947470175801, 6.838018641693522 ], [ 100.453028417252852, 6.838096626561835 ], [ 100.453091767139256, 6.838178324995305 ], [ 100.453137519834982, 6.838512545859499 ], [ 100.453239583540835, 6.838672229161281 ], [ 100.453376841628028, 6.838709364812858 ], [ 100.45345778870508, 6.838627666379388 ], [ 100.453450749828818, 6.838367716818348 ], [ 100.453563371849071, 6.837829249870479 ], [ 100.453700629936264, 6.837769832827956 ], [ 100.453897718471723, 6.837743837871852 ], [ 100.454059612625841, 6.837780973523429 ], [ 100.454140559702893, 6.837881239782686 ], [ 100.454182792960495, 6.838096626561835 ], [ 100.454189831836757, 6.838456842382133 ], [ 100.454235584532483, 6.838713078378015 ], [ 100.454355245429014, 6.838750214029593 ], [ 100.454693111489789, 6.838765068290224 ], [ 100.454855005643907, 6.838880188810113 ], [ 100.455013380359887, 6.838876475244955 ], [ 100.455052094179351, 6.838835626028221 ], [ 100.455052094179351, 6.838757641159908 ], [ 100.45506617193189, 6.838597957858126 ], [ 100.455126002380155, 6.838557108641392 ], [ 100.455203430019068, 6.838475410207922 ], [ 100.455203430019068, 6.838338008297086 ], [ 100.455259741029209, 6.838178324995305 ], [ 100.455298454848673, 6.838118907952781 ], [ 100.455435712935852, 6.838074345170888 ], [ 100.455555373832382, 6.838092912996677 ], [ 100.45559760708997, 6.838170897864988 ], [ 100.455639840347573, 6.838308299775824 ], [ 100.455660956976374, 6.838449415251818 ], [ 100.455801734501691, 6.838505118729183 ], [ 100.455882681578757, 6.838505118729183 ], [ 100.455938992588884, 6.838323154036456 ], [ 100.456114964495526, 6.838141189343727 ], [ 100.45615367831499, 6.838122621517939 ], [ 100.456273339211521, 6.838137475778569 ], [ 100.456375402917374, 6.838256309863616 ], [ 100.456776618864552, 6.838508832294341 ], [ 100.457156718182915, 6.838579390032338 ] ] ] } },
{ "type": "Feature", "properties": { "id": null, "EL_Hash": "w1pqvempfm", "ORDERRIVER_Name_T": 6, "HY_Name_T": "คลองอู่ตะเภา", "EL_Name": "คลองอู่ตะเภาempfm", "Lat": 6.8307386164199997, "Long": 100.443980603, "Length_km": 4.16458704273, "LocalName": "", "ElementA": "w1pqvempfm", "ElementB": "w1pqvuu14k", "ReLation": "FlowsTo" }, "geometry": { "type": "MultiLineString", "coordinates": [ [ [ 100.43719446509229, 6.824326726957016 ], [ 100.437303567674419, 6.824438133911748 ], [ 100.437444345199737, 6.824538400171006 ], [ 100.437884274966365, 6.824568108692268 ], [ 100.438042649682359, 6.82456439512711 ], [ 100.43822214102714, 6.824601530778687 ], [ 100.438464982258324, 6.8247760683411 ], [ 100.438686706860707, 6.825050872162771 ], [ 100.438697265175108, 6.825589339110641 ], [ 100.438700784613232, 6.825867856497469 ], [ 100.438806367757223, 6.826101811102405 ], [ 100.438968261911356, 6.826198363796506 ], [ 100.439109039436673, 6.826358047098288 ], [ 100.439112558874797, 6.826536298225858 ], [ 100.439052728426546, 6.826636564485117 ], [ 100.438735978994572, 6.826580861007751 ], [ 100.43853537102099, 6.826584574572909 ], [ 100.438419229562598, 6.826725690048902 ], [ 100.438345321361794, 6.826967071784154 ], [ 100.43830660754233, 6.82716760430267 ], [ 100.438450904505785, 6.827401558907606 ], [ 100.438735978994572, 6.827654081338332 ], [ 100.438876756519889, 6.827772915423378 ], [ 100.438996417416419, 6.827769201858221 ], [ 100.439031611797745, 6.827631799947385 ], [ 100.438989378540143, 6.827353282560557 ], [ 100.439063286740947, 6.827171317867828 ], [ 100.439221661456926, 6.827030202391835 ], [ 100.439457463811848, 6.826926222567419 ], [ 100.439693266166756, 6.82674425787469 ], [ 100.439710863357419, 6.82656600674712 ], [ 100.439668630099831, 6.826406323445338 ], [ 100.439605280213428, 6.826268921534503 ], [ 100.439622877404091, 6.826109238232721 ], [ 100.439777732681947, 6.825986690582516 ], [ 100.439897393578477, 6.82596440919157 ], [ 100.440020573913131, 6.826083243276617 ], [ 100.440080404361396, 6.826198363796506 ], [ 100.440126157057122, 6.826417464140811 ], [ 100.440129676495246, 6.82669598152764 ], [ 100.440055768294457, 6.827056197347939 ], [ 100.439981860093667, 6.827316146908979 ], [ 100.439746057738745, 6.827457262384972 ], [ 100.439506735945699, 6.827442408124342 ], [ 100.439446905497448, 6.827483257341076 ], [ 100.439450424935572, 6.827564955774546 ], [ 100.439510255383837, 6.82772092551117 ], [ 100.439654552347292, 6.827899176638741 ], [ 100.440013535036869, 6.827969734376738 ], [ 100.440372517726431, 6.828103422722416 ], [ 100.440636475586416, 6.828337377327352 ], [ 100.440815966931197, 6.828374512978929 ], [ 100.44103769153358, 6.828411648630506 ], [ 100.441491699052747, 6.828381940109244 ], [ 100.441632476578064, 6.828419075760822 ], [ 100.441713423655116, 6.828515628454922 ], [ 100.441716943093255, 6.82869759314765 ], [ 100.441660632083128, 6.828816427232697 ], [ 100.441442426918883, 6.82886099001459 ], [ 100.441006016590379, 6.828886984970694 ], [ 100.44074909760667, 6.828953829143533 ], [ 100.440689267158405, 6.828994678360267 ], [ 100.440812447493059, 6.829191497313627 ], [ 100.440991938837854, 6.829265768616781 ], [ 100.441115119172508, 6.829421738353405 ], [ 100.441277013326626, 6.829637125132553 ], [ 100.441396674223142, 6.829655692958341 ], [ 100.44147410186207, 6.829536858873294 ], [ 100.441727501407655, 6.82925091435615 ], [ 100.4423082086996, 6.829340039919935 ], [ 100.442568647121448, 6.829514577482348 ], [ 100.442649594198514, 6.829633411567396 ], [ 100.44281500779077, 6.829889647563277 ], [ 100.443012096326214, 6.829945351040643 ], [ 100.443349962386989, 6.829859939042016 ], [ 100.443409792835254, 6.829878506867805 ], [ 100.443430909464041, 6.829978773127063 ], [ 100.443353481825113, 6.830060471560532 ], [ 100.443318287443788, 6.830298139730627 ], [ 100.443441467778442, 6.830416973815674 ], [ 100.443744139457891, 6.830647214855452 ], [ 100.444141835966917, 6.830799471026919 ], [ 100.444345963378638, 6.830936872937754 ], [ 100.444606401800485, 6.831029712066697 ], [ 100.444701426630076, 6.83091087798165 ], [ 100.44483516527913, 6.83056922998714 ], [ 100.444993539995124, 6.830506099379459 ], [ 100.445155434149243, 6.830584084247771 ], [ 100.445373639313488, 6.830676923376714 ], [ 100.445605922230271, 6.83099257641512 ], [ 100.445619999982796, 6.831111410500167 ], [ 100.445824127394516, 6.831345365105103 ], [ 100.446147915702753, 6.831638736752563 ], [ 100.446429470753401, 6.831813274314976 ], [ 100.446471704011003, 6.831991525442546 ], [ 100.446436509629663, 6.832132640918539 ], [ 100.446257018284882, 6.83219577152622 ], [ 100.44602121592996, 6.832336887002214 ], [ 100.445964904919833, 6.832459434652419 ], [ 100.446028254806237, 6.832674821431566 ], [ 100.446169032331554, 6.832771374125667 ], [ 100.446345004238211, 6.832730524908932 ], [ 100.446542092773655, 6.83248914317368 ], [ 100.447210786018928, 6.832136354483697 ], [ 100.447450107811989, 6.832091791701805 ], [ 100.447569768708505, 6.832132640918539 ], [ 100.447594404775444, 6.832388876914422 ], [ 100.447460666126375, 6.832648826475462 ], [ 100.447224863771467, 6.832893921775872 ], [ 100.447027775236023, 6.83289763534103 ], [ 100.44668638973711, 6.832841931863664 ], [ 100.446605442660058, 6.832823364037875 ], [ 100.446566728840594, 6.832864213254609 ], [ 100.446591364907519, 6.832983047339657 ], [ 100.446651195355784, 6.833161298467227 ], [ 100.446658234232046, 6.833380398811532 ], [ 100.4467602979379, 6.833558649939103 ], [ 100.447055930741087, 6.833391539507006 ], [ 100.44735156354426, 6.833369258116059 ], [ 100.447492341069577, 6.833365544550902 ], [ 100.447749260053286, 6.833242996900697 ], [ 100.448083606675937, 6.833135303511123 ], [ 100.448326447907107, 6.833231856205224 ], [ 100.448467225432438, 6.833346976725113 ], [ 100.448629119586556, 6.833443529419214 ], [ 100.44894586901853, 6.83341753446311 ], [ 100.449125360363311, 6.833476951505634 ], [ 100.449248540697965, 6.833610639851311 ], [ 100.449329487775032, 6.833770323153093 ], [ 100.44945618754781, 6.834163961059811 ], [ 100.449656795521406, 6.834319930796435 ], [ 100.450096725288034, 6.834271654449385 ], [ 100.450293813823478, 6.83423080523265 ], [ 100.450353644271743, 6.834286508710016 ], [ 100.450378280338668, 6.834527890445267 ], [ 100.450402916405608, 6.83478412644115 ], [ 100.450466266291997, 6.835003226785456 ], [ 100.45040995528187, 6.835140628696291 ], [ 100.450290294385354, 6.835222327129761 ], [ 100.450072089221095, 6.835266889911654 ], [ 100.449917233943239, 6.835408005387647 ], [ 100.449801092484861, 6.835630819297109 ], [ 100.449882039561913, 6.835786789033734 ], [ 100.450103764164297, 6.835901909553623 ], [ 100.450406435843732, 6.836057879290247 ], [ 100.450388838653069, 6.836135864158559 ], [ 100.450329008204818, 6.83619899476624 ], [ 100.45013191966936, 6.836299261025498 ], [ 100.44985388405685, 6.836306688155815 ], [ 100.449635678892605, 6.83641066798023 ], [ 100.449220385192902, 6.836496079978858 ], [ 100.449044413286245, 6.836659476845798 ], [ 100.44910424373451, 6.836796878756633 ], [ 100.449227424069164, 6.836874863624946 ], [ 100.449505459681674, 6.836908285711365 ], [ 100.449688470464594, 6.837082823273778 ], [ 100.449748300912859, 6.837183089533036 ], [ 100.449892597876314, 6.837398476312184 ], [ 100.449994661582167, 6.837595295265542 ], [ 100.450195269555749, 6.837650998742908 ], [ 100.450392358091207, 6.837569300309439 ] ] ] } },
{ "type": "Feature", "properties": { "id": null, "EL_Hash": "w1pqvd0v1m", "ORDERRIVER_Name_T": 6, "HY_Name_T": "คลองอู่ตะเภา", "EL_Name": "คลองอู่ตะเภาd0v1m", "Lat": 6.8233968959100002, "Long": 100.438096147, "Length_km": 0.32002590429, "LocalName": "", "ElementA": "w1pqvd0v1m", "ElementB": "w1pqvempfm", "ReLation": "FlowsTo" }, "geometry": { "type": "MultiLineString", "coordinates": [ [ [ 100.437968741481569, 6.822109728557859 ], [ 100.437982819234094, 6.822280552555114 ], [ 100.438144713388212, 6.822495939334261 ], [ 100.438285490913543, 6.82269275828762 ], [ 100.438313646418607, 6.823008411326026 ], [ 100.438042649682359, 6.82349117479653 ], [ 100.43778573069865, 6.823617436011892 ], [ 100.437490097895477, 6.823699134445362 ], [ 100.437352839808284, 6.823821682095566 ], [ 100.437215581721091, 6.82396279757156 ], [ 100.43719446509229, 6.824326726957016 ] ] ] } },
{ "type": "Feature", "properties": { "id": null, "EL_Hash": "w1pqv9k2n6", "ORDERRIVER_Name_T": 6, "HY_Name_T": "คลองอู่ตะเภา", "EL_Name": "คลองอู่ตะเภา9k2n6", "Lat": 6.8184013579, "Long": 100.443117805, "Length_km": 2.8028354982599999, "LocalName": "", "ElementA": "w1pqv9k2n6", "ElementB": "w1pqvd0v1m", "ReLation": "FlowsTo" }, "geometry": { "type": "MultiLineString", "coordinates": [ [ [ 100.445120239767903, 6.812428464191687 ], [ 100.44485980134607, 6.812528730450946 ], [ 100.444521935285294, 6.812428464191687 ], [ 100.444219263605845, 6.811949414286342 ], [ 100.444138316528793, 6.811492645771943 ], [ 100.444092563833053, 6.811410947338473 ], [ 100.443972902936537, 6.811414660903631 ], [ 100.443856761478145, 6.811533494988677 ], [ 100.443701906200289, 6.811756308898141 ], [ 100.443627997999499, 6.812075675501704 ], [ 100.443540012046171, 6.812695840883044 ], [ 100.443490739912306, 6.813371709741748 ], [ 100.443480181597906, 6.813869327472882 ], [ 100.443585764741897, 6.814244397553812 ], [ 100.443789892153617, 6.814537769201272 ], [ 100.444032733384802, 6.814615754069584 ], [ 100.444289652368511, 6.814608326939268 ], [ 100.44454657135222, 6.814545196331587 ], [ 100.444683829439413, 6.814404080855594 ], [ 100.444817568088467, 6.814162699120343 ], [ 100.445035773252712, 6.814081000686873 ], [ 100.445236381226294, 6.814173839815815 ], [ 100.44529621167456, 6.814233256858339 ], [ 100.445264536731358, 6.814493206419379 ], [ 100.445049851005251, 6.814912839282202 ], [ 100.444525454723419, 6.815581281010591 ], [ 100.444448027084491, 6.815740964312372 ], [ 100.444493779780231, 6.815919215439942 ], [ 100.444975942804447, 6.816149456479721 ], [ 100.445056889881513, 6.816327707607292 ], [ 100.444923151232459, 6.816665642036644 ], [ 100.444592324047946, 6.816992435770524 ], [ 100.444595843486084, 6.817289520983141 ], [ 100.444462104837029, 6.817490053501658 ], [ 100.443906033612009, 6.81769801315049 ], [ 100.443691347885888, 6.81786141001743 ], [ 100.443202145985396, 6.818347887053091 ], [ 100.442712944084903, 6.818656112961181 ], [ 100.442554569368923, 6.818797228437174 ], [ 100.442262456003874, 6.819179725648419 ], [ 100.442188547803084, 6.819421107383671 ], [ 100.442209664431886, 6.819599358511241 ], [ 100.442353961395341, 6.819736760422077 ], [ 100.442631997007851, 6.819811031725231 ], [ 100.442751657904367, 6.819866735202597 ], [ 100.442755177342505, 6.82000785067859 ], [ 100.442596802626511, 6.820070981286271 ], [ 100.442199106117485, 6.820074694851429 ], [ 100.441780292979644, 6.819903870854175 ], [ 100.441477621300209, 6.819792463899443 ], [ 100.441294610517289, 6.81953622790356 ], [ 100.441069366476782, 6.819220574865154 ], [ 100.440967302770915, 6.819124022171053 ], [ 100.440731500416007, 6.819268851212204 ], [ 100.440657592215203, 6.819528800773245 ], [ 100.44072446153973, 6.81984445381165 ], [ 100.44090747232265, 6.820119257633322 ], [ 100.440970822209053, 6.820338357977628 ], [ 100.441115119172508, 6.820594593973509 ], [ 100.441277013326626, 6.820728282319187 ], [ 100.44149873792901, 6.820925101272547 ], [ 100.4415832044442, 6.821121920225906 ], [ 100.441364999279955, 6.821285317092845 ], [ 100.441006016590379, 6.821211045789691 ], [ 100.440442906489096, 6.820921387707389 ], [ 100.440147273685923, 6.820969664054439 ], [ 100.439872757511537, 6.821270462832214 ], [ 100.439679188414217, 6.821552693784201 ], [ 100.439499697069436, 6.821556407349359 ], [ 100.439299089095854, 6.82144128682947 ], [ 100.439098481122272, 6.82124446787611 ], [ 100.438936586968154, 6.821188764398745 ], [ 100.43877821225216, 6.821270462832214 ], [ 100.438743017870834, 6.821452427524942 ], [ 100.438845081576687, 6.821667814304091 ], [ 100.438989378540143, 6.821924050299973 ], [ 100.439073845055347, 6.822239703338378 ], [ 100.43889787314869, 6.822384532379529 ], [ 100.438679667984445, 6.822388245944687 ], [ 100.43850017663965, 6.822291693250587 ], [ 100.438274932599143, 6.822094874297227 ], [ 100.438155271702612, 6.822039170819862 ], [ 100.437968741481569, 6.822109728557859 ] ] ] } },
{ "type": "Feature", "properties": { "id": null, "EL_Hash": "w1pqtwsbhr", "ORDERRIVER_Name_T": 6, "HY_Name_T": "คลองอู่ตะเภา", "EL_Name": "คลองอู่ตะเภาwsbhr", "Lat": 6.8033225171799998, "Long": 100.443718006, "Length_km": 4.17254754969, "LocalName": "", "ElementA": "w1pqtwsbhr", "ElementB": "w1pqv9k2n6", "ReLation": "FlowsTo" }, "geometry": { "type": "MultiLineString", "coordinates": [ [ [ 100.440178948629111, 6.792553463467581 ], [ 100.440140234809647, 6.792694578943575 ], [ 100.440259895706177, 6.792954528504615 ], [ 100.440400673231494, 6.793132779632185 ], [ 100.440682228282142, 6.793452146235749 ], [ 100.440661111653341, 6.793470714061538 ], [ 100.440661111653341, 6.793693527971 ], [ 100.440541450756825, 6.793912628315306 ], [ 100.44048162030856, 6.794113160833823 ], [ 100.440502736937361, 6.794291411961393 ], [ 100.440861719626923, 6.794711044824216 ], [ 100.441403713099419, 6.795167813338614 ], [ 100.441685268150053, 6.795327496640397 ], [ 100.442104081287894, 6.795587446201437 ], [ 100.442325805890277, 6.795787978719954 ], [ 100.442364519709741, 6.796085063932571 ], [ 100.442287092070814, 6.796486128969605 ], [ 100.442206144993747, 6.796727510704856 ], [ 100.442068886906554, 6.797006028091685 ], [ 100.441910512190574, 6.797306826869461 ], [ 100.441790851294044, 6.797548208604712 ], [ 100.441769734665257, 6.797785876774806 ], [ 100.441931628819376, 6.797945560076588 ], [ 100.442111120164157, 6.797964127902376 ], [ 100.442350441957203, 6.797986409293323 ], [ 100.442551049930785, 6.797964127902376 ], [ 100.442850202172096, 6.797785876774806 ], [ 100.442867799362759, 6.797663329124601 ], [ 100.442850202172096, 6.797485077997031 ], [ 100.442688308017978, 6.797206560610202 ], [ 100.442667191389177, 6.797084012959997 ], [ 100.442727021837442, 6.796965178874951 ], [ 100.442906513182223, 6.796965178874951 ], [ 100.443107121155805, 6.797043163743262 ], [ 100.443269015309923, 6.797202847045044 ], [ 100.443427390025917, 6.797444228780296 ], [ 100.443469623283505, 6.797763595383859 ], [ 100.443490739912306, 6.797923278685642 ], [ 100.443571686989372, 6.798142379029946 ], [ 100.443708945076551, 6.798361479374252 ], [ 100.443849722601882, 6.798580579718558 ], [ 100.444050330575465, 6.798799680062863 ], [ 100.444391716074364, 6.798940795538856 ], [ 100.444451546522629, 6.799078197449692 ], [ 100.444433949331966, 6.79926016214242 ], [ 100.444173510910119, 6.799378996227467 ], [ 100.443994019565338, 6.799419845444202 ], [ 100.443733581143491, 6.799460694660937 ], [ 100.443392195644577, 6.799442126835148 ], [ 100.443233820928597, 6.799442126835148 ], [ 100.443071926774479, 6.7996835085704 ], [ 100.442934668687286, 6.800062292216487 ], [ 100.443036732393153, 6.800303673951738 ], [ 100.443114160032067, 6.800500492905098 ], [ 100.443195107109133, 6.800701025423614 ], [ 100.443254937557398, 6.801061241243914 ], [ 100.443437948340318, 6.801161507503171 ], [ 100.443557609236834, 6.80118007532896 ], [ 100.443737100581629, 6.801198643154748 ], [ 100.443937708555211, 6.801139226112225 ], [ 100.44419462753892, 6.801057527678756 ], [ 100.444335405064237, 6.801079809069702 ], [ 100.444578246295421, 6.801258060197272 ], [ 100.444817568088467, 6.801536577584101 ], [ 100.444838684717269, 6.801755677928407 ], [ 100.444757737640202, 6.801956210446924 ], [ 100.444539532475957, 6.802138175139651 ], [ 100.444219263605845, 6.802197592182175 ], [ 100.443937708555211, 6.802338707658168 ], [ 100.443818047658681, 6.80258008939342 ], [ 100.443821567096819, 6.802776908346779 ], [ 100.443821567096819, 6.803077707124555 ], [ 100.44372302282909, 6.803319088859806 ], [ 100.443582245303773, 6.803497339987376 ], [ 100.443462584407243, 6.803798138765151 ], [ 100.443522414855508, 6.803976389892722 ], [ 100.443624478561361, 6.804039520500403 ], [ 100.443761736648554, 6.804035806935246 ], [ 100.444022175070401, 6.804058088326191 ], [ 100.444243899672784, 6.804017239109457 ], [ 100.444500818656493, 6.80381670659094 ], [ 100.444680310001274, 6.803534475638953 ], [ 100.444821087526606, 6.803434209379695 ], [ 100.44491963179432, 6.803456490770642 ], [ 100.444961865051923, 6.8035567570299 ], [ 100.444923151232459, 6.803753575983259 ], [ 100.444761257078341, 6.80399495771851 ], [ 100.444704946068214, 6.804295756496286 ], [ 100.444662712810612, 6.804555706057326 ], [ 100.444645115619949, 6.804774806401631 ], [ 100.444564168542882, 6.80495677109436 ], [ 100.444444507646367, 6.804975338920148 ], [ 100.444265016301571, 6.80487507266089 ], [ 100.44408552495679, 6.804815655618366 ], [ 100.443944747431473, 6.804815655618366 ], [ 100.443846203163744, 6.80487507266089 ], [ 100.443803969906156, 6.805016188136883 ], [ 100.443825086534943, 6.805116454396141 ], [ 100.44392715024081, 6.805257569872134 ], [ 100.444046811137326, 6.805495238042228 ], [ 100.444067927766127, 6.80573661977748 ], [ 100.443906033612009, 6.805974287947574 ], [ 100.443828605973081, 6.805974287947574 ], [ 100.443666711818963, 6.805855453862527 ], [ 100.443406273397116, 6.805495238042228 ], [ 100.443205665423534, 6.805198152829611 ], [ 100.443043771269416, 6.805038469527829 ], [ 100.442864279924621, 6.805019901702041 ], [ 100.442667191389177, 6.805120167961299 ], [ 100.44258624431211, 6.805380117522339 ], [ 100.442568647121448, 6.805677202734957 ], [ 100.442628477569713, 6.806059699946202 ], [ 100.442727021837442, 6.806379066549765 ], [ 100.442709424646779, 6.806936101323423 ], [ 100.442670710827315, 6.807095784625205 ], [ 100.442709424646779, 6.807177483058675 ], [ 100.442811488352632, 6.807196050884463 ], [ 100.442948746439825, 6.807095784625205 ], [ 100.443149354413407, 6.807017799756893 ], [ 100.443311248567525, 6.807036367582682 ], [ 100.443430909464041, 6.807114352450993 ], [ 100.443610400808836, 6.80731488496951 ], [ 100.443849722601882, 6.807652819398863 ], [ 100.444173510910119, 6.808094733652631 ], [ 100.444233341358384, 6.80829155260599 ], [ 100.444212224729583, 6.808492085124507 ], [ 100.444032733384802, 6.808592351383766 ], [ 100.443733581143491, 6.808655481991447 ], [ 100.443694867324027, 6.808815165293228 ], [ 100.443772294962955, 6.808952567204064 ], [ 100.443874358668808, 6.809052833463323 ], [ 100.444053850013603, 6.809052833463323 ], [ 100.444212224729583, 6.808971135029853 ], [ 100.444374118883701, 6.808852300944806 ], [ 100.444532493599695, 6.808674049817235 ], [ 100.444711984944476, 6.808610919209554 ], [ 100.444891476289257, 6.808692617643024 ], [ 100.445014656623911, 6.80881145172807 ], [ 100.445014656623911, 6.809049119898164 ], [ 100.444852762469793, 6.809271933807628 ], [ 100.444574726857283, 6.809672998844661 ], [ 100.444377638321839, 6.810070350316537 ], [ 100.444198146977044, 6.810489983179359 ], [ 100.444236860796508, 6.810891048216392 ], [ 100.44439875495064, 6.811009882301439 ], [ 100.444599362924222, 6.811110148560698 ], [ 100.444638076743686, 6.811370098121738 ], [ 100.444680310001274, 6.811730313942037 ], [ 100.444799970897805, 6.811889997243819 ], [ 100.445039292690851, 6.811990263503077 ], [ 100.445180070216168, 6.812268780889906 ], [ 100.445120239767903, 6.812428464191687 ] ] ] } },
{ "type": "Feature", "properties": { "id": null, "EL_Hash": "w1pqteem9h", "ORDERRIVER_Name_T": 6, "HY_Name_T": "คลองอู่ตะเภา", "EL_Name": "คลองอู่ตะเภาeem9h", "Lat": 6.7877746262500001, "Long": 100.441522812, "Length_km": 1.8379422522, "LocalName": "", "ElementA": "w1pqteem9h", "ElementB": "w1pqtwsbhr", "ReLation": "FlowsTo" }, "geometry": { "type": "MultiLineString", "coordinates": [ [ [ 100.446042332558761, 6.785404850538974 ], [ 100.44586284121398, 6.785427131929921 ], [ 100.445820607956378, 6.78544569975571 ], [ 100.445619999982796, 6.785349147061608 ], [ 100.445440508638015, 6.785267448628138 ], [ 100.445282133922021, 6.785308297844874 ], [ 100.445141356396704, 6.785449413320867 ], [ 100.445060409319652, 6.785568247405914 ], [ 100.445063928757776, 6.785687081490961 ], [ 100.445162473025505, 6.785906181835266 ], [ 100.445303250550822, 6.786065865137048 ], [ 100.445384197627888, 6.78622554843883 ], [ 100.445405314256689, 6.786407513131558 ], [ 100.445363080999087, 6.786608045650075 ], [ 100.445324367179623, 6.786767728951856 ], [ 100.445204706283107, 6.786808578168592 ], [ 100.444743659887678, 6.78690884442785 ], [ 100.444623998991148, 6.786986829296162 ], [ 100.44454657135222, 6.787109376946367 ], [ 100.444564168542882, 6.787269060248149 ], [ 100.444525454723419, 6.787547577634977 ], [ 100.444525454723419, 6.787729542327706 ], [ 100.444528974161557, 6.787907793455276 ], [ 100.444448027084491, 6.7879672104978 ], [ 100.44438819663624, 6.787989491888746 ], [ 100.444247419110908, 6.787788959370229 ], [ 100.444145355405055, 6.787610708242659 ], [ 100.443884916983208, 6.78742874354993 ], [ 100.443645595190162, 6.787469592766666 ], [ 100.443525934293646, 6.787610708242659 ], [ 100.443346442948851, 6.787870657803699 ], [ 100.443226782052335, 6.787889225629487 ], [ 100.443089523965142, 6.787892939194645 ], [ 100.442906513182223, 6.787829808586964 ], [ 100.442748138466243, 6.787692406676128 ], [ 100.442667191389177, 6.7874138892893 ], [ 100.442646074760376, 6.787254205987518 ], [ 100.442505297235058, 6.787231924596571 ], [ 100.44224837825135, 6.7874138892893 ], [ 100.442128717354819, 6.787632989633605 ], [ 100.442009056458303, 6.787774105109598 ], [ 100.441868278932972, 6.787792672935387 ], [ 100.441706384778854, 6.787774105109598 ], [ 100.441488179614609, 6.787774105109598 ], [ 100.441449465795145, 6.787833522152122 ], [ 100.441368518718079, 6.788074903887374 ], [ 100.441269974450364, 6.788275436405891 ], [ 100.44138963534688, 6.788475968924407 ], [ 100.441548010062874, 6.788535385966931 ], [ 100.441709904216992, 6.788513104575984 ], [ 100.441970342638839, 6.788494536750195 ], [ 100.442068886906554, 6.788513104575984 ], [ 100.442149833983621, 6.788631938661031 ], [ 100.442128717354819, 6.788832471179548 ], [ 100.442111120164157, 6.788973586655541 ], [ 100.441970342638839, 6.789110988566377 ], [ 100.441769734665257, 6.789133269957323 ], [ 100.441551529500998, 6.789192686999846 ], [ 100.441452985233283, 6.78925210404237 ], [ 100.441410751975681, 6.789434068735098 ], [ 100.441431868604482, 6.789671736905192 ], [ 100.441512815681534, 6.789831420206974 ], [ 100.441811967922845, 6.79003195272549 ], [ 100.441931628819376, 6.79011365115896 ], [ 100.442234300498811, 6.790291902286531 ], [ 100.442255417127612, 6.790511002630836 ], [ 100.442135756231082, 6.790629836715883 ], [ 100.441773254103381, 6.790852650625347 ], [ 100.441354440965554, 6.79099376610134 ], [ 100.441234780069024, 6.79091206766787 ], [ 100.441174949620773, 6.79091206766787 ], [ 100.441136235801309, 6.791012333927128 ], [ 100.441136235801309, 6.791231434271434 ], [ 100.441157352430096, 6.791353981921638 ], [ 100.441174949620773, 6.79151366522342 ], [ 100.441157352430096, 6.791714197741937 ], [ 100.441118638610632, 6.791810750436038 ], [ 100.440777253111733, 6.791873881043719 ], [ 100.440537931318687, 6.791892448869508 ], [ 100.440478100870422, 6.791992715128766 ], [ 100.440499217499223, 6.792115262778971 ], [ 100.440597761766952, 6.792174679821494 ], [ 100.440678708844004, 6.792293513906541 ], [ 100.440678708844004, 6.792412347991588 ], [ 100.440618878395739, 6.792471765034112 ], [ 100.440178948629111, 6.792553463467581 ] ] ] } },
{ "type": "Feature", "properties": { "id": null, "EL_Hash": "w1pqtdqrhw", "ORDERRIVER_Name_T": 6, "HY_Name_T": "คลองอู่ตะเภา", "EL_Name": "คลองอู่ตะเภาdqrhw", "Lat": 6.7811728154199997, "Long": 100.445790213, "Length_km": 1.3734841088, "LocalName": "", "ElementA": "w1pqtdqrhw", "ElementB": "w1pqteem9h", "ReLation": "FlowsTo" }, "geometry": { "type": "MultiLineString", "coordinates": [ [ [ 100.444247419110908, 6.778516187171407 ], [ 100.443969383498398, 6.779036086293488 ], [ 100.443986980689061, 6.779236618812004 ], [ 100.444067927766127, 6.779414869939576 ], [ 100.444409313265027, 6.779555985415568 ], [ 100.444690868315675, 6.779674819500616 ], [ 100.444768295954603, 6.779853070628186 ], [ 100.44475069876394, 6.780094452363437 ], [ 100.444711984944476, 6.780473236009525 ], [ 100.444831645840992, 6.780733185570565 ], [ 100.444912592918058, 6.780792602613088 ], [ 100.445032253814588, 6.780792602613088 ], [ 100.445109681453502, 6.780710904179619 ], [ 100.445250458978833, 6.780573502268783 ], [ 100.445331406055885, 6.780272703491008 ], [ 100.445468664143078, 6.779853070628186 ], [ 100.445648155487859, 6.779652538109669 ], [ 100.445750219193727, 6.779630256718723 ], [ 100.445908593909706, 6.779752804368927 ], [ 100.446010657615574, 6.77991248767071 ], [ 100.446169032331554, 6.780109306624069 ], [ 100.44613031851209, 6.780391537576055 ], [ 100.446010657615574, 6.780588356529414 ], [ 100.44585228289958, 6.780870587481401 ], [ 100.445792452451315, 6.781171386259175 ], [ 100.445634077735335, 6.781390486603481 ], [ 100.445472183581217, 6.781550169905263 ], [ 100.445292692236421, 6.78175070242378 ], [ 100.445334925494024, 6.781869536508827 ], [ 100.445493300210003, 6.781992084159032 ], [ 100.445634077735335, 6.782029219810608 ], [ 100.445732622003064, 6.782110918244078 ], [ 100.445855802337718, 6.782188903112391 ], [ 100.445933229976646, 6.782307737197438 ], [ 100.445996579863035, 6.782508269715954 ], [ 100.446154954579029, 6.782708802234471 ], [ 100.446394276372075, 6.782708802234471 ], [ 100.446513937268591, 6.782549118932689 ], [ 100.446675831422709, 6.782545405367531 ], [ 100.446834206138703, 6.782586254584266 ], [ 100.446953867035219, 6.782805354928572 ], [ 100.446953867035219, 6.78290562118783 ], [ 100.446915153215755, 6.783147002923082 ], [ 100.446876439396291, 6.783484937352434 ], [ 100.446957386473358, 6.783826585346944 ], [ 100.446978503102159, 6.783986268648726 ], [ 100.446939789282695, 6.784164519776296 ], [ 100.446837725576827, 6.784324203078079 ], [ 100.446640637041384, 6.784487599945018 ], [ 100.446418912439, 6.784506167770807 ], [ 100.446278134913683, 6.78456558481333 ], [ 100.446239421094219, 6.784706700289323 ], [ 100.446200707274755, 6.784985217676152 ], [ 100.446161993455291, 6.785185750194669 ], [ 100.446042332558761, 6.785404850538974 ] ] ] } },
{ "type": "Feature", "properties": { "id": null, "EL_Hash": "w1pqt9ndvq", "ORDERRIVER_Name_T": 6, "HY_Name_T": "คลองอู่ตะเภา", "EL_Name": "คลองอู่ตะเภา9ndvq", "Lat": 6.7735787087499997, "Long": 100.44616959299999, "Length_km": 2.4869267147, "LocalName": "", "ElementA": "w1pqt9ndvq", "ElementB": "w1pqtdqrhw", "ReLation": "FlowsTo" }, "geometry": { "type": "MultiLineString", "coordinates": [ [ [ 100.446545612211793, 6.76871608872019 ], [ 100.446584326031257, 6.768838636370394 ], [ 100.446545612211793, 6.76897603828123 ], [ 100.446387237495799, 6.769158002973958 ], [ 100.446165512893415, 6.769499650968468 ], [ 100.445926191100369, 6.769796736181085 ], [ 100.445648155487859, 6.769978700873814 ], [ 100.445127278644179, 6.770238650434854 ], [ 100.444968903928185, 6.770480032170106 ], [ 100.445011137185787, 6.770680564688623 ], [ 100.445088564824715, 6.770680564688623 ], [ 100.445208225721231, 6.770717700340199 ], [ 100.445370119875349, 6.770699132514411 ], [ 100.445570727848931, 6.770617434080942 ], [ 100.445848763461441, 6.770439182953371 ], [ 100.446049371435038, 6.770257218260642 ], [ 100.446267576599283, 6.770179233392331 ], [ 100.446369640305136, 6.770238650434854 ], [ 100.4464083541246, 6.770335203128955 ], [ 100.446369640305136, 6.770535735647472 ], [ 100.446348523676335, 6.770836534425246 ], [ 100.446288693228084, 6.77123759946228 ], [ 100.446228862779819, 6.771315584330592 ], [ 100.446010657615574, 6.771297016504803 ], [ 100.445729102564925, 6.771219031636492 ], [ 100.445429950323614, 6.77131929789575 ], [ 100.445130798082303, 6.771360147112485 ], [ 100.444972423366323, 6.77131929789575 ], [ 100.444849243031669, 6.771241313027438 ], [ 100.444729582135139, 6.771241313027438 ], [ 100.444690868315675, 6.771360147112485 ], [ 100.44475069876394, 6.771560679631001 ], [ 100.444810529212205, 6.771779779975307 ], [ 100.444951306737522, 6.771998880319613 ], [ 100.445011137185787, 6.772177131447183 ], [ 100.445134317520441, 6.772299679097388 ], [ 100.445253978416957, 6.772258829880653 ], [ 100.445313808865222, 6.77219941283813 ], [ 100.445412353132951, 6.772076865187924 ], [ 100.445553130658269, 6.771939463277089 ], [ 100.445750219193727, 6.771898614060354 ], [ 100.445890996719044, 6.771935749711931 ], [ 100.445993060424897, 6.772076865187924 ], [ 100.44597194379611, 6.772318246923176 ], [ 100.445894516157182, 6.772437081008223 ], [ 100.445813569080116, 6.772775015437576 ], [ 100.445753738631851, 6.773075814215351 ], [ 100.445736141441188, 6.773476879252384 ], [ 100.445753738631851, 6.773577145511642 ], [ 100.445915632785969, 6.773677411770901 ], [ 100.446116240759565, 6.773695979596689 ], [ 100.446253498846744, 6.773395180818914 ], [ 100.44633444592381, 6.773116663432085 ], [ 100.44649282063979, 6.772934698739357 ], [ 100.44661248153632, 6.772953266565146 ], [ 100.446735661870974, 6.773112949866928 ], [ 100.446735661870974, 6.773254065342921 ], [ 100.446675831422709, 6.773473165687227 ], [ 100.446496340077928, 6.773673698205743 ], [ 100.446376679181398, 6.774033914026042 ], [ 100.446475223449127, 6.774312431412871 ], [ 100.446616000974444, 6.774453546888864 ], [ 100.446718064680311, 6.774434979063075 ], [ 100.446897556025093, 6.774371848455394 ], [ 100.447017216921623, 6.774271582196135 ], [ 100.447136877818139, 6.773974496983518 ], [ 100.447133358380015, 6.77361428116322 ], [ 100.447274135905332, 6.773432316470491 ], [ 100.447414913430649, 6.773432316470491 ], [ 100.447594404775444, 6.773573431946485 ], [ 100.447773896120225, 6.77371083385732 ], [ 100.447956906903144, 6.773870517159102 ], [ 100.447995620722608, 6.774011632635095 ], [ 100.447974504093807, 6.774171315936877 ], [ 100.447854843197277, 6.774330999238659 ], [ 100.447678871290634, 6.774750632101481 ], [ 100.447576807584767, 6.775069998705045 ], [ 100.44727765534347, 6.775430214525343 ], [ 100.447098163998675, 6.77571244547733 ], [ 100.446781414566701, 6.776533143377186 ], [ 100.446542092773655, 6.777090178150844 ], [ 100.446123279635827, 6.777413258319565 ], [ 100.445803010765715, 6.777632358663871 ], [ 100.445482741895617, 6.777654640054817 ], [ 100.445025214938312, 6.777613790838082 ], [ 100.444683829439413, 6.777896021790069 ], [ 100.444247419110908, 6.778516187171407 ] ] ] } },
{ "type": "Feature", "properties": { "id": null, "EL_Hash": "w1pqmxvdez", "ORDERRIVER_Name_T": 6, "HY_Name_T": "คลองอู่ตะเภา", "EL_Name": "คลองอู่ตะเภาxvdez", "Lat": 6.7666749596900004, "Long": 100.444730431, "Length_km": 1.0541401830599999, "LocalName": "", "ElementA": "w1pqmxvdez", "ElementB": "w1pqt9ndvq", "ReLation": "FlowsTo" }, "geometry": { "type": "MultiLineString", "coordinates": [ [ [ 100.446626559288845, 6.763613650193485 ], [ 100.446732142432836, 6.764018428795676 ], [ 100.446756778499775, 6.764486338005549 ], [ 100.446679350860848, 6.764995096432156 ], [ 100.446415393000862, 6.765262473123512 ], [ 100.446232382217943, 6.765284754514458 ], [ 100.446088085254488, 6.765084221995942 ], [ 100.445986021548634, 6.76502109138826 ], [ 100.445824127394516, 6.765043372779207 ], [ 100.445683349869199, 6.765147352603623 ], [ 100.445581286163332, 6.765392447904032 ], [ 100.44577837469879, 6.765741523028858 ], [ 100.445718544250525, 6.765901206330639 ], [ 100.44538067818975, 6.766124020240103 ], [ 100.444842204155393, 6.766621637971237 ], [ 100.444539532475957, 6.76676275344723 ], [ 100.444360041131176, 6.766985567356693 ], [ 100.444321327311712, 6.767342069611834 ], [ 100.444381157759963, 6.767423768045304 ], [ 100.444504338094632, 6.767524034304563 ], [ 100.444602882362346, 6.767542602130351 ], [ 100.444803490335929, 6.767642868389609 ], [ 100.44482460696473, 6.767743134648867 ], [ 100.444743659887678, 6.767921385776438 ], [ 100.444623998991148, 6.768062501252431 ], [ 100.444602882362346, 6.768303882987683 ], [ 100.444683829439413, 6.768482134115254 ], [ 100.445183589654306, 6.768701234459559 ], [ 100.445384197627888, 6.768801500718817 ], [ 100.445605922230271, 6.768860917761341 ], [ 100.445764296946251, 6.768838636370394 ], [ 100.445845244023317, 6.768701234459559 ], [ 100.445943788291046, 6.76853783759262 ], [ 100.446063449187562, 6.76834101863926 ], [ 100.446225343341681, 6.768337305074103 ], [ 100.446362601428874, 6.768459852724307 ], [ 100.446503378954191, 6.768597254635143 ], [ 100.446545612211793, 6.76871608872019 ] ] ] } },
{ "type": "Feature", "properties": { "id": null, "EL_Hash": "w1pqmw9bxp", "ORDERRIVER_Name_T": 6, "HY_Name_T": "คลองอู่ตะเภา", "EL_Name": "คลองอู่ตะเภาw9bxp", "Lat": 6.7594657377500003, "Long": 100.439718134, "Length_km": 2.7428554625100001, "LocalName": "", "ElementA": "w1pqmw9bxp", "ElementB": "w1pqmxvdez", "ReLation": "FlowsTo" }, "geometry": { "type": "MultiLineString", "coordinates": [ [ [ 100.439341322353457, 6.75283317054063 ], [ 100.439404672239846, 6.752885160452838 ], [ 100.439548969203301, 6.753230522012506 ], [ 100.439573605270226, 6.753553602181228 ], [ 100.439471541564373, 6.753820978872583 ], [ 100.439330764039056, 6.753902677306053 ], [ 100.439126636627336, 6.753824692437741 ], [ 100.438862678767364, 6.753765275395217 ], [ 100.43853537102099, 6.75372813974364 ], [ 100.437986338672232, 6.753691004092063 ], [ 100.437884274966365, 6.753754134699744 ], [ 100.437884274966365, 6.753872968784791 ], [ 100.437887794404503, 6.754222043909617 ], [ 100.43787019721384, 6.754426289993291 ], [ 100.437789250136774, 6.75458968686023 ], [ 100.437771652946111, 6.754812500769694 ], [ 100.437873716651978, 6.755035314679157 ], [ 100.438204543836477, 6.755521791714818 ], [ 100.438514254392189, 6.755885721100274 ], [ 100.438676148546307, 6.755945138142797 ], [ 100.438799328880961, 6.755882007535116 ], [ 100.438795809442823, 6.755718610668177 ], [ 100.438957703596955, 6.755655480060495 ], [ 100.439063286740947, 6.755818876927435 ], [ 100.439084403369733, 6.75594142457764 ], [ 100.439105519998535, 6.756123389270368 ], [ 100.439211103142526, 6.756387052396566 ], [ 100.439355400105981, 6.756713846130445 ], [ 100.439397633363583, 6.756914378648962 ], [ 100.439358919544119, 6.757059207690113 ], [ 100.439362438982243, 6.757363720033046 ], [ 100.439362438982243, 6.757668232375979 ], [ 100.439510255383837, 6.758013593935646 ], [ 100.439531372012638, 6.758117573760063 ], [ 100.439429308306771, 6.758199272193533 ], [ 100.439306127972117, 6.758158422976797 ], [ 100.439123117189197, 6.758039588891751 ], [ 100.439021053483344, 6.757935609067334 ], [ 100.438876756519889, 6.757694227332083 ], [ 100.438669109670045, 6.757330297946626 ], [ 100.438588162592978, 6.757348865772415 ], [ 100.438549448773514, 6.757512262639355 ], [ 100.438528332144713, 6.75769794089724 ], [ 100.438591682031117, 6.757980171849227 ], [ 100.438735978994572, 6.758225267149636 ], [ 100.439003456292681, 6.758444367493942 ], [ 100.439372997296644, 6.758585482969935 ], [ 100.439513774821975, 6.758685749229193 ], [ 100.439556008079563, 6.758745166271717 ], [ 100.439598241337166, 6.758971693746338 ], [ 100.439665110661693, 6.759335623131794 ], [ 100.439809407625148, 6.759680984691462 ], [ 100.440055768294457, 6.759903798600925 ], [ 100.440302128963779, 6.760044914076918 ], [ 100.440404192669632, 6.760022632685972 ], [ 100.440464023117897, 6.759940934252502 ], [ 100.440562567385612, 6.759714406777881 ], [ 100.440661111653341, 6.759491592868418 ], [ 100.440763175359194, 6.759447030086526 ], [ 100.440847641874399, 6.759469311477472 ], [ 100.44090747232265, 6.759528728519996 ], [ 100.44090747232265, 6.759692125386935 ], [ 100.440970822209053, 6.759855522253875 ], [ 100.441076405353044, 6.760015205555656 ], [ 100.441238299507162, 6.760178602422596 ], [ 100.441382596470618, 6.760401416332059 ], [ 100.44142482972822, 6.760542531808053 ], [ 100.441488179614609, 6.760828476325197 ], [ 100.441797890170321, 6.761069858060448 ], [ 100.441840123427909, 6.761333521186646 ], [ 100.441759176350857, 6.761515485879374 ], [ 100.441762695788981, 6.761660314920525 ], [ 100.441864759494848, 6.761883128829989 ], [ 100.441966823200701, 6.761901696655777 ], [ 100.442068886906554, 6.761797716831361 ], [ 100.442107600726018, 6.76155633509611 ], [ 100.44224837825135, 6.761470923097482 ], [ 100.442329325328402, 6.761511772314217 ], [ 100.442579205435848, 6.761916550916408 ], [ 100.442783332847569, 6.762098515609137 ], [ 100.442825566105171, 6.762221063259341 ], [ 100.442783332847569, 6.762280480301865 ], [ 100.44250177779692, 6.762302761692811 ], [ 100.442072406344693, 6.762469872124908 ], [ 100.441790851294044, 6.76253300273259 ], [ 100.441811967922845, 6.762655550382794 ], [ 100.4419351482575, 6.762778098032999 ], [ 100.442199106117485, 6.762856082901311 ], [ 100.442748138466243, 6.762893218552888 ], [ 100.44389195585947, 6.763108605332036 ], [ 100.444134797090655, 6.763104891766877 ], [ 100.444419871579427, 6.76310117820172 ], [ 100.444687348877537, 6.763119746027509 ], [ 100.445011137185787, 6.763156881679086 ], [ 100.445359561560949, 6.763275715764133 ], [ 100.445725583126787, 6.763357414197603 ], [ 100.446337965361934, 6.763390836284022 ], [ 100.446626559288845, 6.763613650193485 ] ] ] } },
{ "type": "Feature", "properties": { "id": null, "EL_Hash": "w1pqmmm4d5", "ORDERRIVER_Name_T": 6, "HY_Name_T": "คลองอู่ตะเภา", "EL_Name": "คลองอู่ตะเภาmm4d5", "Lat": 6.7529182299599997, "Long": 100.432981924, "Length_km": 2.3017758736, "LocalName": "", "ElementA": "w1pqmmm4d5", "ElementB": "w1pqmw9bxp", "ReLation": "FlowsTo" }, "geometry": { "type": "MultiLineString", "coordinates": [ [ [ 100.433242136068884, 6.746783772898707 ], [ 100.433196383373158, 6.746839476376073 ], [ 100.433185825058757, 6.746950883330805 ], [ 100.433242136068884, 6.747062290285537 ], [ 100.433337160898475, 6.747199692196372 ], [ 100.433453302356867, 6.747485636713516 ], [ 100.433467380109406, 6.747779008360975 ], [ 100.433460341233143, 6.74811322922517 ], [ 100.433404030223002, 6.748280339657268 ], [ 100.433368835841677, 6.748317475308845 ], [ 100.433273811012086, 6.748336043134634 ], [ 100.43292538663691, 6.747986968009808 ], [ 100.432584001138011, 6.747630465754667 ], [ 100.43240450979323, 6.747641606450141 ], [ 100.432313004401763, 6.747708450622979 ], [ 100.432274290582299, 6.747827284708026 ], [ 100.4322954072111, 6.747975827314335 ], [ 100.432344679344965, 6.748120656355486 ], [ 100.432337640468702, 6.748298907483056 ], [ 100.432242615639097, 6.748454877219681 ], [ 100.432140551933244, 6.748603419825989 ], [ 100.432133513056982, 6.748777957388402 ], [ 100.432200382381509, 6.748852228691557 ], [ 100.4322954072111, 6.748859655821872 ], [ 100.432443223612694, 6.748815093039979 ], [ 100.432584001138011, 6.748718540345878 ], [ 100.432752934168391, 6.748681404694302 ], [ 100.432893711693723, 6.748688831824617 ], [ 100.433052086409702, 6.748714826780721 ], [ 100.433164708429956, 6.748844801561241 ], [ 100.433178786182495, 6.749112178252597 ], [ 100.43311895573423, 6.749394409204583 ], [ 100.433164708429956, 6.749598655288258 ], [ 100.433266772135823, 6.749780619980986 ], [ 100.433266772135823, 6.749884599805402 ], [ 100.433076722476642, 6.750137122236127 ], [ 100.432865556188659, 6.750415639622956 ], [ 100.432847958997982, 6.750742433356835 ], [ 100.432809245178518, 6.750905830223775 ], [ 100.4326473510244, 6.75109150848166 ], [ 100.432098318675656, 6.751399734389751 ], [ 100.432080721484979, 6.751503714214167 ], [ 100.432080721484979, 6.751626261864372 ], [ 100.432161668562046, 6.75172652812363 ], [ 100.432594559452411, 6.751967909858882 ], [ 100.432819803492919, 6.752127593160663 ], [ 100.432921867198786, 6.752227859419922 ], [ 100.432964100456374, 6.75232812567918 ], [ 100.432946503265711, 6.752614070196325 ], [ 100.432988736523313, 6.752900014713469 ], [ 100.432847958997982, 6.753327074706607 ], [ 100.432893711693723, 6.753672436266275 ], [ 100.432995775399576, 6.753835833133214 ], [ 100.433242136068884, 6.753995516434996 ], [ 100.433731337969377, 6.754114350520043 ], [ 100.434199423241083, 6.754192335388355 ], [ 100.434505614358656, 6.754106923389728 ], [ 100.434625275255172, 6.754006657130469 ], [ 100.434604158626371, 6.753884109480264 ], [ 100.43454432817812, 6.753820978872583 ], [ 100.434400031214665, 6.75376156183006 ], [ 100.434195903802944, 6.753742994004271 ], [ 100.434055126277627, 6.753624159919224 ], [ 100.433991776391224, 6.753561029311543 ], [ 100.434030490210688, 6.75341991383555 ], [ 100.434192384364806, 6.753315934011133 ], [ 100.434294448070673, 6.753275084794399 ], [ 100.434438745034129, 6.753293652620187 ], [ 100.434477458853593, 6.753152537144194 ], [ 100.434414108967189, 6.753070838710724 ], [ 100.434392992338388, 6.752929723234731 ], [ 100.434431706157852, 6.752744044976844 ], [ 100.434674547389037, 6.752558366718959 ], [ 100.435001855135411, 6.752435819068754 ], [ 100.435427707149515, 6.752469241155174 ], [ 100.435980258936397, 6.752628924456955 ], [ 100.436184386348117, 6.752747758542003 ], [ 100.436268852863307, 6.752911155408942 ], [ 100.436388513759823, 6.752929723234731 ], [ 100.436511694094492, 6.752848024801261 ], [ 100.436796768583264, 6.752766326367791 ], [ 100.436898832289117, 6.752744044976844 ], [ 100.437057207005111, 6.752599215935693 ], [ 100.437201503968566, 6.752558366718959 ], [ 100.437486578457339, 6.752654919413059 ], [ 100.437609758791993, 6.752614070196325 ], [ 100.437687186430921, 6.75240982411265 ], [ 100.437831483394376, 6.752387542721704 ], [ 100.437993377548494, 6.752487808980963 ], [ 100.438201024398339, 6.752710622890425 ], [ 100.438486098887125, 6.752933436799888 ], [ 100.438630395850581, 6.752952004625677 ], [ 100.4388134066335, 6.752870306192207 ], [ 100.43905624786467, 6.75278489419358 ], [ 100.439281491905192, 6.75278489419358 ], [ 100.439341322353457, 6.75283317054063 ] ] ] } },
{ "type": "Feature", "properties": { "id": null, "EL_Hash": "w1pqm7yw3k", "ORDERRIVER_Name_T": 6, "HY_Name_T": "คลองอู่ตะเภา", "EL_Name": "คลองอู่ตะเภา7yw3k", "Lat": 6.7453269126000004, "Long": 100.435013458, "Length_km": 1.09184133949, "LocalName": "", "ElementA": "w1pqm7yw3k", "ElementB": "w1pqmmm4d5", "ReLation": "FlowsTo" }, "geometry": { "type": "MultiLineString", "coordinates": [ [ [ 100.436937546108581, 6.743872337815056 ], [ 100.437011454309371, 6.743868624249899 ], [ 100.437117037453362, 6.743842629293795 ], [ 100.437190945654166, 6.743738649469378 ], [ 100.437310606550682, 6.743701513817801 ], [ 100.437384514751486, 6.743701513817801 ], [ 100.437461942390414, 6.743727508773905 ], [ 100.437528811714941, 6.743809207207375 ], [ 100.437585122725068, 6.744032021116839 ], [ 100.437683666992783, 6.744306824938509 ], [ 100.437729419688523, 6.744492503196396 ], [ 100.437722380812247, 6.744622477976915 ], [ 100.43766606980212, 6.744685608584597 ], [ 100.437405631380273, 6.744763593452909 ], [ 100.437293009360019, 6.744782161278698 ], [ 100.436993857118708, 6.744737598496805 ], [ 100.436765093640062, 6.744548206673761 ], [ 100.43637091656916, 6.744291970677879 ], [ 100.436230139043843, 6.744247407895986 ], [ 100.436068244889725, 6.744265975721775 ], [ 100.435751495457751, 6.744425659023556 ], [ 100.435491057035904, 6.74464847293302 ], [ 100.4350652050218, 6.745134949968681 ], [ 100.435008894011673, 6.745272351879517 ], [ 100.435030010640475, 6.745558296396661 ], [ 100.435096879965002, 6.745669703351392 ], [ 100.435237657490319, 6.745807105262227 ], [ 100.435381954453774, 6.746000210650429 ], [ 100.435392512768175, 6.746081909083899 ], [ 100.435392512768175, 6.746174748212842 ], [ 100.435279890747921, 6.746286155167573 ], [ 100.435093360526864, 6.746352999340412 ], [ 100.434970180192209, 6.746271300906942 ], [ 100.43481180547623, 6.746070768388425 ], [ 100.434526730987443, 6.745747688219704 ], [ 100.434336681328261, 6.745647421960446 ], [ 100.433991776391224, 6.745714266133285 ], [ 100.433872115494708, 6.745862808739593 ], [ 100.433833401675244, 6.746029919171691 ], [ 100.433921387628573, 6.746234165255365 ], [ 100.434079762344552, 6.746315863688835 ], [ 100.43423109818427, 6.74640498925262 ], [ 100.434269812003734, 6.746516396207352 ], [ 100.434262773127472, 6.746590667510506 ], [ 100.434206462117345, 6.746664938813661 ], [ 100.434104398411478, 6.746702074465238 ], [ 100.433896751561633, 6.74678005933355 ], [ 100.433242136068884, 6.746783772898707 ] ] ] } },
{ "type": "Feature", "properties": { "id": null, "EL_Hash": "w1pqmd87gh", "ORDERRIVER_Name_T": 6, "HY_Name_T": "คลองอู่ตะเภา", "EL_Name": "คลองอู่ตะเภาd87gh", "Lat": 6.7380317607000002, "Long": 100.437487205, "Length_km": 1.9834722872099999, "LocalName": "", "ElementA": "w1pqmd87gh", "ElementB": "w1pqm7yw3k", "ReLation": "FlowsTo" }, "geometry": { "type": "MultiLineString", "coordinates": [ [ [ 100.437113518015238, 6.731639854185533 ], [ 100.436846040717128, 6.732122617656037 ], [ 100.436670068810471, 6.732560818344647 ], [ 100.436645432743546, 6.732727928776745 ], [ 100.436719340944336, 6.732928461295262 ], [ 100.436863637907791, 6.733102998857674 ], [ 100.437060726443235, 6.733258968594298 ], [ 100.437247256664293, 6.733310958506507 ], [ 100.437370436998947, 6.733292390680718 ], [ 100.4374725007048, 6.733299817811034 ], [ 100.437549928343728, 6.733400084070292 ], [ 100.437567525534405, 6.733492923199234 ], [ 100.437514733962402, 6.733596903023651 ], [ 100.437363398122685, 6.733708309978383 ], [ 100.437159270710964, 6.73379372197701 ], [ 100.436955143299244, 6.733886561105953 ], [ 100.436824924088327, 6.734016535886473 ], [ 100.436814365773927, 6.734146510666993 ], [ 100.436824924088327, 6.734276485447514 ], [ 100.436997376556846, 6.734506726487292 ], [ 100.4371099985771, 6.734670123354231 ], [ 100.437328203741345, 6.734788957439278 ], [ 100.437486578457339, 6.73490036439401 ], [ 100.437609758791993, 6.73506376126095 ], [ 100.437659030925857, 6.735268007344624 ], [ 100.437708303059722, 6.735542811166295 ], [ 100.437711822497846, 6.735810187857651 ], [ 100.437704783621584, 6.735984725420064 ], [ 100.437630875420794, 6.736181544373423 ], [ 100.437444345199737, 6.736385790457097 ], [ 100.437173348463503, 6.736508338107302 ], [ 100.436997376556846, 6.736601177236245 ], [ 100.436912910041656, 6.736694016365187 ], [ 100.436905871165379, 6.736835131841181 ], [ 100.436923468356056, 6.736879694623074 ], [ 100.437018493185647, 6.736905689579178 ], [ 100.437356359246422, 6.73695025236107 ], [ 100.437514733962402, 6.736968820186859 ], [ 100.43766606980212, 6.736976247317174 ], [ 100.43775053631731, 6.737057945750644 ], [ 100.437761094631711, 6.737187920531164 ], [ 100.437641433735195, 6.737529568525674 ], [ 100.437514733962402, 6.737982623474916 ], [ 100.437430267447212, 6.738131166081224 ], [ 100.437338762055745, 6.73818686955859 ], [ 100.437271892731218, 6.738160874602486 ], [ 100.437187426216028, 6.73802347269165 ], [ 100.437127595767763, 6.737867502955027 ], [ 100.437053687566973, 6.737655829741037 ], [ 100.436976259928045, 6.737570417742409 ], [ 100.436891793412855, 6.737562990612093 ], [ 100.436789729707002, 6.737600126263671 ], [ 100.436620796676607, 6.73771524678356 ], [ 100.436546888475817, 6.737826653738292 ], [ 100.436529291285154, 6.737945487823339 ], [ 100.436578563419019, 6.738064321908386 ], [ 100.436719340944336, 6.738157161037329 ], [ 100.437190945654166, 6.738439391989315 ], [ 100.437437306323474, 6.738665919463936 ], [ 100.437567525534405, 6.738814462070245 ], [ 100.437655511487719, 6.739014994588762 ], [ 100.43766606980212, 6.739126401543493 ], [ 100.437609758791993, 6.739330647627168 ], [ 100.43750769508614, 6.739542320841157 ], [ 100.437331723179483, 6.739765134750621 ], [ 100.43720502340669, 6.739943385878191 ], [ 100.437183906777889, 6.740043652137449 ], [ 100.43720502340669, 6.740110496310288 ], [ 100.437261334416817, 6.740129064136076 ], [ 100.437391553627748, 6.740117923440604 ], [ 100.437532331153065, 6.740099355614815 ], [ 100.437606239353855, 6.740106782745131 ], [ 100.437637914297056, 6.740162486222497 ], [ 100.437627355982656, 6.740255325351439 ], [ 100.437574564410667, 6.740403867957748 ], [ 100.437454903514137, 6.740622968302054 ], [ 100.437285970483757, 6.740882917863093 ], [ 100.43692698779418, 6.741748178544841 ], [ 100.436729899258737, 6.742450042359651 ], [ 100.436712302068074, 6.742784263223845 ], [ 100.436772132516325, 6.743270740259506 ], [ 100.436810846335788, 6.743374720083922 ], [ 100.436793249145126, 6.743493554168969 ], [ 100.436712302068074, 6.743623528949489 ], [ 100.436740457573137, 6.74375350373001 ], [ 100.436814365773927, 6.743824061468006 ], [ 100.436937546108581, 6.743872337815056 ] ] ] } },
{ "type": "Feature", "properties": { "id": null, "EL_Hash": "w1pqm3ph9c", "ORDERRIVER_Name_T": 6, "HY_Name_T": "คลองอู่ตะเภา", "EL_Name": "คลองอู่ตะเภา3ph9c", "Lat": 6.7299056284700001, "Long": 100.43571963, "Length_km": 0.61644743482999997, "LocalName": "", "ElementA": "w1pqm3ph9c", "ElementB": "w1pqmd87gh", "ReLation": "FlowsTo" }, "geometry": { "type": "MultiLineString", "coordinates": [ [ [ 100.435360837824973, 6.727666339466776 ], [ 100.435476979283365, 6.727859444854976 ], [ 100.435589601303633, 6.728026555287074 ], [ 100.435667028942561, 6.728238228501064 ], [ 100.435705742762025, 6.728412766063476 ], [ 100.435688145571348, 6.72850560519242 ], [ 100.435631834561221, 6.728561308669786 ], [ 100.435519212540967, 6.728591017191047 ], [ 100.435388993330051, 6.728561308669786 ], [ 100.435315085129247, 6.728591017191047 ], [ 100.43525877411912, 6.728676429189675 ], [ 100.435223579737794, 6.728784122579248 ], [ 100.435241176928457, 6.728914097359769 ], [ 100.435318604567385, 6.729192614746597 ], [ 100.43546290153084, 6.729493413524373 ], [ 100.435737417705212, 6.729935327778141 ], [ 100.435920428488132, 6.730184136643708 ], [ 100.43611751702359, 6.73037724203191 ], [ 100.43620198353878, 6.730484935421483 ], [ 100.436251255672644, 6.730670613679369 ], [ 100.436272372301431, 6.73086371906757 ], [ 100.436328683311572, 6.731012261673879 ], [ 100.436497616341953, 6.731075392281561 ], [ 100.436677107686734, 6.731071678716403 ], [ 100.436874196222192, 6.731053110890614 ], [ 100.437060726443235, 6.731049397325457 ], [ 100.437212062282967, 6.73112366862861 ], [ 100.437268373293094, 6.731235075583342 ], [ 100.437250776102431, 6.731435608101859 ], [ 100.437113518015238, 6.731639854185533 ] ] ] } },
{ "type": "Feature", "properties": { "id": null, "EL_Hash": "w1pqm2e9bx", "ORDERRIVER_Name_T": 6, "HY_Name_T": "คลองอู่ตะเภา", "EL_Name": "คลองอู่ตะเภา2e9bx", "Lat": 6.7267211340499999, "Long": 100.430860534, "Length_km": 1.0585429773899999, "LocalName": "", "ElementA": "w1pqm2e9bx", "ElementB": "w1pqm3ph9c", "ReLation": "FlowsTo" }, "geometry": { "type": "MultiLineString", "coordinates": [ [ [ 100.432517131813484, 6.724985145422903 ], [ 100.432386912602553, 6.725040848900269 ], [ 100.432144071371383, 6.724962864031957 ], [ 100.431915307892737, 6.724806894295332 ], [ 100.431711180481017, 6.724788326469544 ], [ 100.431419067115968, 6.724821748555963 ], [ 100.431271250714389, 6.72485888420754 ], [ 100.431186784199198, 6.724959150466799 ], [ 100.431186784199198, 6.725063130291215 ], [ 100.431246614647449, 6.725226527158155 ], [ 100.431359236667717, 6.725356501938675 ], [ 100.431397950487167, 6.725505044544984 ], [ 100.431306445095714, 6.725709290628658 ], [ 100.431046006673867, 6.726106642100534 ], [ 100.430915787462951, 6.726154918447584 ], [ 100.430690543422429, 6.726117782796007 ], [ 100.430482896572585, 6.726028657232222 ], [ 100.430285808037127, 6.726028657232222 ], [ 100.430166147140611, 6.726132637056637 ], [ 100.430120394444884, 6.726255184706843 ], [ 100.430148549949948, 6.726400013747994 ], [ 100.430261171970201, 6.726529988528513 ], [ 100.430489935448847, 6.726600546266511 ], [ 100.431464819811708, 6.726916199304917 ], [ 100.432538248442285, 6.72720214382206 ], [ 100.43296058101825, 6.727254133734268 ], [ 100.433492016176331, 6.727220711647849 ], [ 100.433773571226979, 6.727165008170483 ], [ 100.434090320658953, 6.727068455476383 ], [ 100.434213500993607, 6.727068455476383 ], [ 100.43431556469946, 6.72710559112796 ], [ 100.434410589529065, 6.727205857387219 ], [ 100.434561925368783, 6.727395249210262 ], [ 100.434685105703437, 6.727469520513417 ], [ 100.434903310867682, 6.727532651121098 ], [ 100.435128554908204, 6.72757721390299 ], [ 100.435360837824973, 6.727666339466776 ] ] ] } },
{ "type": "Feature", "properties": { "id": null, "EL_Hash": "w1pqjqxf6f", "ORDERRIVER_Name_T": 6, "HY_Name_T": "คลองอู่ตะเภา", "EL_Name": "คลองอู่ตะเภาqxf6f", "Lat": 6.7157931388299996, "Long": 100.43678667, "Length_km": 2.9238949063400002, "LocalName": "", "ElementA": "w1pqjqxf6f", "ElementB": "w1pqm2e9bx", "ReLation": "FlowsTo" }, "geometry": { "type": "MultiLineString", "coordinates": [ [ [ 100.440925069513327, 6.704289446798941 ], [ 100.440984899961578, 6.704660803314712 ], [ 100.441023613781041, 6.704846481572599 ], [ 100.44102713321918, 6.704920752875752 ], [ 100.440914511198926, 6.705076722612377 ], [ 100.440858200188799, 6.705150993915531 ], [ 100.440710383787206, 6.705336672173417 ], [ 100.440432348174696, 6.705882566251602 ], [ 100.440319726154442, 6.706031108857911 ], [ 100.440171909752848, 6.706187078594534 ], [ 100.439714382795557, 6.706320766940213 ], [ 100.439591202460903, 6.706328194070528 ], [ 100.439499697069436, 6.706339334766001 ], [ 100.439460983249973, 6.706369043287263 ], [ 100.439425788868647, 6.706432173894944 ], [ 100.439415230554246, 6.706525013023887 ], [ 100.439425788868647, 6.706599284327042 ], [ 100.439418749992385, 6.706688409890827 ], [ 100.43936947785852, 6.706799816845558 ], [ 100.43909144224601, 6.707115469883965 ], [ 100.438859159329226, 6.707375419445004 ], [ 100.438802848319099, 6.707486826399736 ], [ 100.438767653937759, 6.707653936831833 ], [ 100.438743017870834, 6.707910172827716 ], [ 100.438743017870834, 6.708132986737179 ], [ 100.438725420680171, 6.708307524299592 ], [ 100.438640954164981, 6.70853776533937 ], [ 100.438521293268451, 6.708897981159669 ], [ 100.438355879676195, 6.709425307412065 ], [ 100.438246777094079, 6.70962955349574 ], [ 100.438105999568748, 6.709852367405202 ], [ 100.438042649682359, 6.710108603401085 ], [ 100.438014494177295, 6.710238578181605 ], [ 100.437968741481569, 6.710368552962125 ], [ 100.437877236090102, 6.710509668438118 ], [ 100.437792769574912, 6.710647070348954 ], [ 100.437747016879186, 6.71083274860684 ], [ 100.43775053631731, 6.711107552428511 ], [ 100.437732939126647, 6.711192964427139 ], [ 100.43767662811652, 6.71125609503482 ], [ 100.43759216160133, 6.711293230686397 ], [ 100.437490097895477, 6.711311798512186 ], [ 100.437395073065872, 6.711367501989551 ], [ 100.437331723179483, 6.711471481813967 ], [ 100.437268373293094, 6.711664587202169 ], [ 100.437285970483757, 6.711801989113004 ], [ 100.437370436998947, 6.711931963893524 ], [ 100.437370436998947, 6.711995094501206 ], [ 100.437335242617621, 6.712162204933303 ], [ 100.437233178911754, 6.71249271223234 ], [ 100.436902351727255, 6.7134359577824 ], [ 100.436839001840852, 6.713577073258393 ], [ 100.436754535325662, 6.713695907343441 ], [ 100.436663029934209, 6.713807314298172 ], [ 100.436645432743546, 6.713900153427115 ], [ 100.436680627124872, 6.714056123163739 ], [ 100.436719340944336, 6.714286364203518 ], [ 100.436740457573137, 6.714691142805709 ], [ 100.436821404650189, 6.71527417253547 ], [ 100.43683196296459, 6.715504413575249 ], [ 100.436821404650189, 6.715686378267977 ], [ 100.436740457573137, 6.715927760003229 ], [ 100.43664895218167, 6.71612086539143 ], [ 100.436399072074224, 6.716466226951098 ], [ 100.436071764327849, 6.716781879989504 ], [ 100.435821884220402, 6.717075251636964 ], [ 100.435765573210276, 6.71726092989485 ], [ 100.435765573210276, 6.717428040326947 ], [ 100.435719820514549, 6.717558015107467 ], [ 100.435674067818823, 6.717702844148618 ], [ 100.435638873437497, 6.717869954580715 ], [ 100.435638873437497, 6.71807420066439 ], [ 100.435733898267088, 6.718367572311849 ], [ 100.435906350735607, 6.718605240481944 ], [ 100.436173828033716, 6.719002591953819 ], [ 100.436318124997172, 6.719247687254229 ], [ 100.436399072074224, 6.719288536470963 ], [ 100.436603199485944, 6.719284822905806 ], [ 100.436645432743546, 6.719429651946957 ], [ 100.436508174656353, 6.71981586272336 ], [ 100.4364061109505, 6.719919842547776 ], [ 100.436244216796368, 6.719960691764511 ], [ 100.436163269719316, 6.72012408863145 ], [ 100.436163269719316, 6.72020578706492 ], [ 100.43616678915744, 6.720432314539541 ], [ 100.43616678915744, 6.720573430015534 ], [ 100.436230139043843, 6.720673696274792 ], [ 100.436289969492108, 6.720837093141732 ], [ 100.436293488930232, 6.720959640791937 ], [ 100.436191425224379, 6.721041339225406 ], [ 100.436110478147313, 6.721123037658876 ], [ 100.436110478147313, 6.721245585309081 ], [ 100.436254775110768, 6.721449831392755 ], [ 100.436237177920106, 6.72157237904296 ], [ 100.436216061291304, 6.721631796085483 ], [ 100.436096400394788, 6.721694926693165 ], [ 100.435994336688921, 6.72181747434337 ], [ 100.43593450624067, 6.722003152601255 ], [ 100.435955622869471, 6.722144268077249 ], [ 100.435835961972941, 6.722248247901665 ], [ 100.435652951190022, 6.722329946335135 ], [ 100.435410109958838, 6.722415358333762 ], [ 100.435227099175918, 6.722537905983967 ], [ 100.434963141315947, 6.722560187374913 ], [ 100.434695664017838, 6.722482202506601 ], [ 100.434554886492506, 6.722482202506601 ], [ 100.434431706157852, 6.722604750156806 ], [ 100.434269812003734, 6.722849845457215 ], [ 100.43423109818427, 6.723016955889312 ], [ 100.434273331441872, 6.723076372931835 ], [ 100.434438745034129, 6.723258337624564 ], [ 100.434438745034129, 6.723358603883822 ], [ 100.434442264472253, 6.723625980575179 ], [ 100.434361317395201, 6.723871075875588 ], [ 100.434241656498671, 6.724075321959262 ], [ 100.433917868190434, 6.724565512560081 ], [ 100.433615196510985, 6.724873738468172 ], [ 100.433291408202749, 6.725059416726057 ], [ 100.433066164162241, 6.72510397950795 ], [ 100.432844439559858, 6.72510397950795 ], [ 100.432661428776939, 6.725107693073108 ], [ 100.432517131813484, 6.724985145422903 ] ] ] } },
{ "type": "Feature", "properties": { "id": null, "EL_Hash": "w1pqjs8ue7", "ORDERRIVER_Name_T": 6, "HY_Name_T": "คลองอู่ตะเภา", "EL_Name": "คลองอู่ตะเภาs8ue7", "Lat": 6.7052001110399999, "Long": 100.438187974, "Length_km": 0.87136772178, "LocalName": "", "ElementA": "w1pqjs8ue7", "ElementB": "w1pqjqxf6f", "ReLation": "FlowsTo" }, "geometry": { "type": "MultiLineString", "coordinates": [ [ [ 100.436476499713152, 6.703283070641199 ], [ 100.436596160609682, 6.703264502815411 ], [ 100.436736938134999, 6.703208799338045 ], [ 100.436810846335788, 6.703234794294149 ], [ 100.436856599031529, 6.703316492727619 ], [ 100.436860118469653, 6.703576442288659 ], [ 100.436821404650189, 6.703769547676861 ], [ 100.436712302068074, 6.703947798804431 ], [ 100.436666549372333, 6.704103768541055 ], [ 100.43664895218167, 6.704270878973152 ], [ 100.436641913305408, 6.704527114969035 ], [ 100.436631354991007, 6.704720220357236 ], [ 100.436652471619809, 6.704868762963545 ], [ 100.436736938134999, 6.704924466440911 ], [ 100.436810846335788, 6.704913325745437 ], [ 100.436958662737382, 6.704775923834601 ], [ 100.437071284757636, 6.704645949054082 ], [ 100.437117037453362, 6.704627381228293 ], [ 100.437183906777889, 6.70461624053282 ], [ 100.437222620597353, 6.704642235488924 ], [ 100.437324684303221, 6.704790778095233 ], [ 100.437391553627748, 6.704920752875752 ], [ 100.437493617333601, 6.705009878439538 ], [ 100.437588642163192, 6.705065581916903 ], [ 100.43794410541463, 6.705154707480689 ], [ 100.438190466083952, 6.705199270262582 ], [ 100.43854592933539, 6.705336672173417 ], [ 100.438676148546307, 6.705355239999205 ], [ 100.438806367757223, 6.705306963652156 ], [ 100.439031611797745, 6.705121285394269 ], [ 100.439105519998535, 6.704946747831857 ], [ 100.439123117189197, 6.70477963739976 ], [ 100.439168869884938, 6.704668230445028 ], [ 100.439270933590791, 6.704556823490297 ], [ 100.439401152801707, 6.704408280883988 ], [ 100.439531372012638, 6.704185466974525 ], [ 100.439651032909154, 6.704036924368216 ], [ 100.439763654929422, 6.703873527501276 ], [ 100.439872757511537, 6.703843818980014 ], [ 100.439985379531805, 6.70385124611033 ], [ 100.440101520990183, 6.70398122089085 ], [ 100.440136715371523, 6.704163185583578 ], [ 100.440214143010451, 6.704293160364099 ], [ 100.440309167840041, 6.704393426623357 ], [ 100.440456984241621, 6.704430562274934 ], [ 100.440625917272015, 6.704382285927884 ], [ 100.440777253111733, 6.704308014624729 ], [ 100.440925069513327, 6.704289446798941 ] ] ] } },
{ "type": "Feature", "properties": { "id": null, "EL_Hash": "w1pqje92dz", "ORDERRIVER_Name_T": 6, "HY_Name_T": "คลองอู่ตะเภา", "EL_Name": "คลองอู่ตะเภาe92dz", "Lat": 6.6990408866499997, "Long": 100.43885124800001, "Length_km": 1.8733372479699999, "LocalName": "", "ElementA": "w1pqje92dz", "ElementB": "w1pqjs8ue7", "ReLation": "FlowsTo" }, "geometry": { "type": "MultiLineString", "coordinates": [ [ [ 100.437546408905604, 6.694641604519189 ], [ 100.437602719915731, 6.694730730082974 ], [ 100.437662550363996, 6.694905267645387 ], [ 100.437764614069849, 6.694960971122753 ], [ 100.437905391595166, 6.694986966078857 ], [ 100.438053207996759, 6.694986966078857 ], [ 100.438186946645814, 6.6950798052078 ], [ 100.438243257655941, 6.695217207118636 ], [ 100.438274932599143, 6.695521719461569 ], [ 100.438151752264488, 6.695770528327135 ], [ 100.437912430471442, 6.696011910062388 ], [ 100.437595681039468, 6.696650643269515 ], [ 100.437514733962402, 6.696936587786659 ], [ 100.437564006096267, 6.697118552479387 ], [ 100.43767662811652, 6.697311657867589 ], [ 100.437743497441048, 6.697423064822321 ], [ 100.437789250136774, 6.697571607428629 ], [ 100.437866677775702, 6.69771643646978 ], [ 100.437986338672232, 6.697790707772934 ], [ 100.438091921816223, 6.69771643646978 ], [ 100.438116557883149, 6.697560466733155 ], [ 100.438201024398339, 6.697252240825065 ], [ 100.438271413161004, 6.697014572654972 ], [ 100.438429787876998, 6.696884597874451 ], [ 100.43860927922178, 6.696810326571296 ], [ 100.438728940118295, 6.696806613006139 ], [ 100.4388134066335, 6.696862316483505 ], [ 100.438901392586814, 6.697148261000649 ], [ 100.438873237081751, 6.697426778387478 ], [ 100.438792290004699, 6.697601315949891 ], [ 100.438560007087915, 6.697842697685142 ], [ 100.438324204733007, 6.69800980811724 ], [ 100.438215102150878, 6.698165777853863 ], [ 100.438204543836477, 6.698258616982807 ], [ 100.438260854846604, 6.698303179764699 ], [ 100.438401632371935, 6.698340315416276 ], [ 100.438552968211653, 6.698310606895014 ], [ 100.438739498432696, 6.698310606895014 ], [ 100.438841562138563, 6.698355169676907 ], [ 100.438890834272428, 6.698440581675535 ], [ 100.438911950901215, 6.698733953322995 ], [ 100.438827484386024, 6.699157299750975 ], [ 100.438725420680171, 6.69934297800886 ], [ 100.438567045964177, 6.699472952789381 ], [ 100.438419229562598, 6.699576932613796 ], [ 100.43822214102714, 6.699640063221477 ], [ 100.438113038445024, 6.699714334524632 ], [ 100.438010974739157, 6.699911153477991 ], [ 100.43795466372903, 6.700148821648085 ], [ 100.437884274966365, 6.700583308771538 ], [ 100.437873716651978, 6.700787554855212 ], [ 100.437827963956238, 6.700887821114471 ], [ 100.437782211260512, 6.700906388940259 ], [ 100.437680147554659, 6.700887821114471 ], [ 100.437440825761612, 6.700382776253021 ], [ 100.437328203741345, 6.700163675908716 ], [ 100.437215581721091, 6.700107972431351 ], [ 100.437095920824575, 6.700163675908716 ], [ 100.437000895994984, 6.70031964564534 ], [ 100.436874196222192, 6.700698429291427 ], [ 100.436891793412855, 6.700913816070575 ], [ 100.436958662737382, 6.70105121798141 ], [ 100.437081843072036, 6.701244323369612 ], [ 100.437092401386437, 6.70142628806234 ], [ 100.437018493185647, 6.70155626284286 ], [ 100.436860118469653, 6.701649101971803 ], [ 100.4367686130782, 6.701741941100746 ], [ 100.4367686130782, 6.701823639534216 ], [ 100.436814365773927, 6.701860775185793 ], [ 100.437067765319512, 6.701860775185793 ], [ 100.437293009360019, 6.701842207360005 ], [ 100.437468981266676, 6.70184963449032 ], [ 100.43759216160133, 6.701920192228316 ], [ 100.437609758791993, 6.702042739878522 ], [ 100.43759216160133, 6.702198709615145 ], [ 100.43751825340054, 6.702391815003347 ], [ 100.437380995313347, 6.702521789783867 ], [ 100.437201503968566, 6.70245123204587 ], [ 100.436976259928045, 6.702440091350397 ], [ 100.436743977011261, 6.702536644044498 ], [ 100.436539849599555, 6.702685186650807 ], [ 100.436494096903814, 6.702804020735853 ], [ 100.436494096903814, 6.703108533078787 ], [ 100.436476499713152, 6.703283070641199 ] ] ] } },
{ "type": "Feature", "properties": { "id": null, "EL_Hash": "w1pqj6q5hk", "ORDERRIVER_Name_T": 6, "HY_Name_T": "คลองอู่ตะเภา", "EL_Name": "คลองอู่ตะเภา6q5hk", "Lat": 6.69258751954, "Long": 100.434448296, "Length_km": 1.44380038949, "LocalName": "", "ElementA": "w1pqj6q5hk", "ElementB": "w1pqje92dz", "ReLation": "FlowsTo" }, "geometry": { "type": "MultiLineString", "coordinates": [ [ [ 100.438007455301033, 6.690508406498649 ], [ 100.43795466372903, 6.690627240583696 ], [ 100.437852600023177, 6.690712652582324 ], [ 100.43758160328693, 6.690824059537055 ], [ 100.43696218217552, 6.690920612231156 ], [ 100.4363955526361, 6.691069154837464 ], [ 100.435638873437497, 6.691277114486297 ], [ 100.435227099175918, 6.691447938483552 ], [ 100.434403550652789, 6.691707888044593 ], [ 100.433949543133636, 6.691897279867636 ], [ 100.433713740778714, 6.691964124040474 ], [ 100.433611677072861, 6.691952983345002 ], [ 100.433527210557671, 6.692008686822367 ], [ 100.433499055052607, 6.69210152595131 ], [ 100.433418107975541, 6.692257495687935 ], [ 100.433351238651014, 6.692424606120031 ], [ 100.433372355279815, 6.692573148726341 ], [ 100.433456821795005, 6.692647420029495 ], [ 100.433738376845653, 6.692673414985599 ], [ 100.433896751561633, 6.692651133594652 ], [ 100.43415718998348, 6.692569435161182 ], [ 100.434224059308008, 6.692550867335394 ], [ 100.434484497729855, 6.692595430117287 ], [ 100.43477661109489, 6.692777394810015 ], [ 100.435001855135411, 6.692896228895062 ], [ 100.435346760072449, 6.692974213763375 ], [ 100.435593120741757, 6.692955645937586 ], [ 100.435779650962814, 6.692955645937586 ], [ 100.435892272983068, 6.692989068024005 ], [ 100.436078803204126, 6.693275012541149 ], [ 100.436258294548907, 6.693367851670092 ], [ 100.436332202749696, 6.693330716018515 ], [ 100.436434266455564, 6.693208168368311 ], [ 100.436536330161417, 6.693041057936213 ], [ 100.436620796676607, 6.69299649515432 ], [ 100.436722860382474, 6.693003922284635 ], [ 100.436779171392601, 6.693022490110424 ], [ 100.436856599031529, 6.693141324195471 ], [ 100.436948104422981, 6.693234163324414 ], [ 100.436958662737382, 6.693308434627569 ], [ 100.436923468356056, 6.693408700886827 ], [ 100.436849560155252, 6.693482972189981 ], [ 100.436782690830725, 6.693668650447868 ], [ 100.436775651954463, 6.69379491166323 ], [ 100.436793249145126, 6.693887750792173 ], [ 100.43684252127899, 6.694073429050059 ], [ 100.436930507232319, 6.694441072000672 ], [ 100.436912910041656, 6.69468988086624 ], [ 100.436800288021388, 6.694875559124125 ], [ 100.436613757800345, 6.695087232338116 ], [ 100.436596160609682, 6.695198639292848 ], [ 100.43667358824861, 6.695328614073367 ], [ 100.436729899258737, 6.695347181899156 ], [ 100.436877715660316, 6.695250629205055 ], [ 100.4371205568915, 6.69503152886075 ], [ 100.437342281493883, 6.694678740170767 ], [ 100.437461942390414, 6.694630463823716 ], [ 100.437546408905604, 6.694641604519189 ] ] ] } },
{ "type": "Feature", "properties": { "id": null, "EL_Hash": "w1pqj2tz4s", "ORDERRIVER_Name_T": 6, "HY_Name_T": "คลองอู่ตะเภา", "EL_Name": "คลองอู่ตะเภา2tz4s", "Lat": 6.6836574348299997, "Long": 100.434038075, "Length_km": 3.28942808592, "LocalName": "", "ElementA": "w1pqj2tz4s", "ElementB": "w1pqj6q5hk", "ReLation": "FlowsTo" }, "geometry": { "type": "MultiLineString", "coordinates": [ [ [ 100.43062719353604, 6.676192612815647 ], [ 100.430644790726703, 6.676318874031009 ], [ 100.430683504546167, 6.676448848811529 ], [ 100.430870034767224, 6.67659367785268 ], [ 100.431038967797605, 6.676612245678469 ], [ 100.43129236734319, 6.67654540150563 ], [ 100.431658388909014, 6.676552828635945 ], [ 100.431880113511397, 6.676578823592049 ], [ 100.432070163170579, 6.676708798372569 ], [ 100.432108876990043, 6.676783069675723 ], [ 100.432059604856192, 6.676927898716874 ], [ 100.431996254969789, 6.677087582018657 ], [ 100.431968099464726, 6.677224983929492 ], [ 100.432063124294316, 6.677418089317694 ], [ 100.43240450979323, 6.6778302950502 ], [ 100.432798686864132, 6.678223932956918 ], [ 100.432978178208913, 6.678316772085862 ], [ 100.433052086409702, 6.678231360087234 ], [ 100.433087280791028, 6.678056822524821 ], [ 100.433133033486769, 6.678019686873244 ], [ 100.433217500001959, 6.677989978351982 ], [ 100.43332308314595, 6.678056822524821 ], [ 100.433442744042466, 6.678183083740183 ], [ 100.43348145786193, 6.678387329823858 ], [ 100.433474418985668, 6.678624997993952 ], [ 100.433541288310195, 6.678743832078998 ], [ 100.433632793701662, 6.678736404948683 ], [ 100.433727818531253, 6.678680701471317 ], [ 100.43386859605657, 6.678624997993952 ], [ 100.433981218076823, 6.678632425124268 ], [ 100.43403752908695, 6.678743832078998 ], [ 100.434076242906414, 6.67910033433414 ], [ 100.434041048525089, 6.679304580417814 ], [ 100.433928426504835, 6.679397419546757 ], [ 100.433741896283777, 6.679378851720968 ], [ 100.433488496738207, 6.679345429634549 ], [ 100.433358277527276, 6.679371424590653 ], [ 100.433228058316359, 6.679456836589281 ], [ 100.433104877981705, 6.679594238500116 ], [ 100.433080241914766, 6.679698218324532 ], [ 100.433108397419829, 6.679898750843049 ], [ 100.43319286393502, 6.68009185623125 ], [ 100.433277330450224, 6.680277534489137 ], [ 100.433344199774751, 6.680359232922606 ], [ 100.433439224604342, 6.680359232922606 ], [ 100.433615196510985, 6.68025525309819 ], [ 100.433829882237106, 6.680117851187354 ], [ 100.433998815267486, 6.6800435798842 ], [ 100.434111437287754, 6.680021298493254 ], [ 100.43423109818427, 6.680032439188727 ], [ 100.43431556469946, 6.680102996926724 ], [ 100.43431556469946, 6.680225544576929 ], [ 100.434308525823198, 6.680574619701754 ], [ 100.434245175936809, 6.680960830478156 ], [ 100.434326123013861, 6.681488156730552 ], [ 100.434456342224792, 6.681632985771704 ], [ 100.434699183455962, 6.681677548553596 ], [ 100.434913869182083, 6.681733252030962 ], [ 100.435075763336201, 6.681852086116009 ], [ 100.43514967153699, 6.682063759329998 ], [ 100.435096879965002, 6.682249437587885 ], [ 100.435012413449812, 6.682375698803247 ], [ 100.434875155362619, 6.682561377061133 ], [ 100.434519692111181, 6.682832467317646 ], [ 100.434417628405328, 6.682962442098167 ], [ 100.434400031214665, 6.683044140531636 ], [ 100.434417628405328, 6.683099844009002 ], [ 100.43461823637891, 6.683356080004884 ], [ 100.434709741770362, 6.683560326088559 ], [ 100.43477661109489, 6.683686587303922 ], [ 100.434769572218627, 6.683890833387596 ], [ 100.434713261208501, 6.683953963995277 ], [ 100.434583041997584, 6.68396510469075 ], [ 100.434385953462126, 6.683946536864962 ], [ 100.434160709421619, 6.683875979126965 ], [ 100.434002334705625, 6.68359003460982 ], [ 100.433998815267486, 6.683452632698986 ], [ 100.433970659762423, 6.683389502091304 ], [ 100.433840440551506, 6.68339692922162 ], [ 100.433428666289942, 6.683586321044663 ], [ 100.433273811012086, 6.68383512991023 ], [ 100.433235097192622, 6.684139642253163 ], [ 100.43331252483155, 6.684321606945892 ], [ 100.433446263480604, 6.684514712334092 ], [ 100.433587041005921, 6.684633546419139 ], [ 100.433858037742169, 6.68476352119966 ], [ 100.434034009648826, 6.684733812678398 ], [ 100.434118476164016, 6.684666968505559 ], [ 100.434202942679207, 6.684603837897878 ], [ 100.434354278518924, 6.6845667022463 ], [ 100.434530250425581, 6.684555561550828 ], [ 100.434699183455962, 6.68464840067977 ], [ 100.434783649971166, 6.684822938242183 ], [ 100.434794208285567, 6.685042038586489 ], [ 100.434741416713564, 6.685190581192797 ], [ 100.43462879469331, 6.685238857539847 ], [ 100.434459861662916, 6.68520172188827 ], [ 100.434290928632535, 6.685146018410904 ], [ 100.434195903802944, 6.685220289714059 ], [ 100.434150151107218, 6.685294561017213 ], [ 100.434181826050406, 6.68546167144931 ], [ 100.434301486946936, 6.685654776837512 ], [ 100.434407070090927, 6.685717907445193 ], [ 100.43459360031197, 6.685717907445193 ], [ 100.435322124005523, 6.685684485358774 ], [ 100.43546290153084, 6.685591646229831 ], [ 100.435582562427356, 6.685517374926676 ], [ 100.435733898267088, 6.685517374926676 ], [ 100.435902831297469, 6.68554336988278 ], [ 100.436099919832913, 6.685606500490461 ], [ 100.436184386348117, 6.685669631098142 ], [ 100.436251255672644, 6.68591843996371 ], [ 100.436335722187835, 6.686360354217478 ], [ 100.436568005104618, 6.687188479247649 ], [ 100.436634874429146, 6.687429860982901 ], [ 100.436645432743546, 6.687704664804572 ], [ 100.43655392735208, 6.687860634541196 ], [ 100.436525771847016, 6.688064880624871 ], [ 100.436610238362206, 6.688157719753814 ], [ 100.436722860382474, 6.688146579058341 ], [ 100.436853079593391, 6.688061167059713 ], [ 100.437039609814448, 6.687786363238042 ], [ 100.437243737226154, 6.687459569504163 ], [ 100.437437306323474, 6.687221901334069 ], [ 100.437511214524264, 6.687192192812807 ], [ 100.437595681039468, 6.6872367555947 ], [ 100.437606239353855, 6.687441001678375 ], [ 100.437599200477592, 6.687764081847096 ], [ 100.437564006096267, 6.688198568970549 ], [ 100.437345800932022, 6.689100965303874 ], [ 100.437271892731218, 6.689379482690703 ], [ 100.437296528798157, 6.690096200766143 ], [ 100.437419709132811, 6.690356150327183 ], [ 100.437560486658128, 6.690512120063807 ], [ 100.43770126418346, 6.690500979368334 ], [ 100.437877236090102, 6.690452703021283 ], [ 100.43797929979597, 6.690471270847072 ], [ 100.438007455301033, 6.690508406498649 ] ] ] } },
{ "type": "Feature", "properties": { "id": null, "EL_Hash": "w1pmvrhc86", "ORDERRIVER_Name_T": 6, "HY_Name_T": "คลองอู่ตะเภา", "EL_Name": "คลองอู่ตะเภาrhc86", "Lat": 6.6744654270400003, "Long": 100.43256456500001, "Length_km": 1.0794646381399999, "LocalName": "", "ElementA": "w1pmvrhc86", "ElementB": "w1pqj2tz4s", "ReLation": "FlowsTo" }, "geometry": { "type": "MultiLineString", "coordinates": [ [ [ 100.435572004112956, 6.674547503450778 ], [ 100.435638873437497, 6.674621774753932 ], [ 100.435638873437497, 6.674740608838979 ], [ 100.435575523551094, 6.674926287096865 ], [ 100.434973699630348, 6.675795261343771 ], [ 100.434815324914354, 6.675980939601657 ], [ 100.434656950198374, 6.676055210904811 ], [ 100.434533769863719, 6.676003220992603 ], [ 100.434431706157852, 6.675836110560506 ], [ 100.434364836833325, 6.675561306738834 ], [ 100.433977698638699, 6.674881724314973 ], [ 100.433787648979504, 6.67464034257972 ], [ 100.433477938423806, 6.674469518582465 ], [ 100.433263252697685, 6.674413815105099 ], [ 100.433048566971564, 6.67446209145215 ], [ 100.432907789446247, 6.674510367799201 ], [ 100.432559365071072, 6.674465805017308 ], [ 100.432457301365218, 6.674473232147623 ], [ 100.432393951478829, 6.674540076320462 ], [ 100.432355237659365, 6.67470718675256 ], [ 100.432291887772962, 6.674926287096865 ], [ 100.4322848488967, 6.675279075786848 ], [ 100.43221094069591, 6.675360774220318 ], [ 100.432098318675656, 6.675464754044734 ], [ 100.432013852160452, 6.675483321870522 ], [ 100.431911788454599, 6.675464754044734 ], [ 100.431855477444472, 6.675409050567368 ], [ 100.431788608119945, 6.675189950223062 ], [ 100.431816763625008, 6.674930000662022 ], [ 100.431841399691933, 6.674736895273822 ], [ 100.431830841377533, 6.674644056144878 ], [ 100.431795646996207, 6.674551217015935 ], [ 100.431718219357279, 6.674506654234043 ], [ 100.431588000146363, 6.674517794929516 ], [ 100.431475378126095, 6.674599493362986 ], [ 100.431440183744769, 6.67467376466614 ], [ 100.431422586554106, 6.674822307272449 ], [ 100.431507053069296, 6.674985704139388 ], [ 100.43153520857436, 6.675245653700428 ], [ 100.431482417002371, 6.675420191262841 ], [ 100.431380353296504, 6.67556873386915 ], [ 100.431155109255997, 6.675654145867777 ], [ 100.430968579034939, 6.675654145867777 ], [ 100.430827801509622, 6.675691281519355 ], [ 100.430715179489368, 6.675832396995348 ], [ 100.43062719353604, 6.676192612815647 ] ] ] } },
{ "type": "Feature", "properties": { "id": null, "EL_Hash": "w1r2qvtq99", "ORDERRIVER_Name_T": 6, "HY_Name_T": "ร.3", "EL_Name": "ร.3vtq99", "Lat": 7.1065309370799996, "Long": 100.499218137, "Length_km": 0.56807841034999995, "LocalName": "", "ElementA": "w1r2qvtq99", "ElementB": "w1r2x07yfh", "ReLation": "FlowsTo" }, "geometry": { "type": "MultiLineString", "coordinates": [ [ [ 100.497278312899596, 7.104886574622609 ], [ 100.497299429528397, 7.105001695142498 ], [ 100.501227122484877, 7.108132230570454 ] ] ] } },
{ "type": "Feature", "properties": { "id": null, "EL_Hash": "w1r2q9n844", "ORDERRIVER_Name_T": 6, "HY_Name_T": "ร.3", "EL_Name": "ร.39n844", "Lat": 7.0807003385599998, "Long": 100.489973886, "Length_km": 2.3089777500599999, "LocalName": "", "ElementA": "w1r2q9n844", "ElementB": "w1r2qgfz31", "ReLation": "FlowsTo" }, "geometry": { "type": "MultiLineString", "coordinates": [ [ [ 100.481169844564661, 7.075285746750438 ], [ 100.481880771067537, 7.075352590923277 ], [ 100.487318302983084, 7.079385522684559 ], [ 100.492893092985824, 7.082148415161901 ], [ 100.494255115543325, 7.089204188961565 ] ] ] } },
{ "type": "Feature", "properties": { "id": null, "EL_Hash": "w1r2qcx0j2", "ORDERRIVER_Name_T": 4, "HY_Name_T": "ร.4", "EL_Name": "ร.4cx0j2", "Lat": 7.0834403043899998, "Long": 100.501789333, "Length_km": 2.1868288690200002, "LocalName": "", "ElementA": "w1r2qcx0j2", "ElementB": "w1r2qgfz31", "ReLation": "FlowsTo" }, "geometry": { "type": "MultiLineString", "coordinates": [ [ [ 100.497091782678552, 7.076589208120797 ], [ 100.497091782678552, 7.076592921685956 ], [ 100.502198487409601, 7.079392949814874 ], [ 100.501674091127768, 7.08459194103568 ], [ 100.494314945991576, 7.089167053309988 ], [ 100.494255115543325, 7.089204188961565 ] ] ] } },
{ "type": "Feature", "properties": { "id": null, "EL_Hash": "w1r2qb4bvp", "ORDERRIVER_Name_T": 4, "HY_Name_T": "ร.4", "EL_Name": "ร.4b4bvp", "Lat": 7.0753664661300002, "Long": 100.49593531399999, "Length_km": 0.37236961841, "LocalName": "", "ElementA": "w1r2qb4bvp", "ElementB": "w1r2qbr0p6", "ReLation": "FlowsTo" }, "geometry": { "type": "MultiLineString", "coordinates": [ [ [ 100.4949554837318, 7.074008280336184 ], [ 100.495458763384818, 7.074862400322459 ], [ 100.497091782678552, 7.076589208120797 ] ] ] } },
{ "type": "Feature", "properties": { "id": null, "EL_Hash": "w1r2nz9g95", "ORDERRIVER_Name_T": 4, "HY_Name_T": "ร.4", "EL_Name": "ร.4z9g95", "Lat": 7.0730675059600001, "Long": 100.494394954, "Length_km": 0.24228742408000001, "LocalName": "", "ElementA": "w1r2nz9g95", "ElementB": "w1r2qb4f2v", "ReLation": "FlowsTo" }, "geometry": { "type": "MultiLineString", "coordinates": [ [ [ 100.49416009071372, 7.071999241585858 ], [ 100.494371257001703, 7.073024185569389 ], [ 100.4949554837318, 7.074008280336184 ] ] ] } },
{ "type": "Feature", "properties": { "id": null, "EL_Hash": "w1r2nz1qmc", "ORDERRIVER_Name_T": 4, "HY_Name_T": "ร.4", "EL_Name": "ร.4z1qmc", "Lat": 7.0707833763999997, "Long": 100.493913682, "Length_km": 0.27452132873000001, "LocalName": "", "ElementA": "w1r2nz1qmc", "ElementB": "w1r2nz6xdq", "ReLation": "FlowsTo" }, "geometry": { "type": "MultiLineString", "coordinates": [ [ [ 100.493811666338559, 7.069552002146922 ], [ 100.493818705214821, 7.07032071013457 ], [ 100.49416009071372, 7.071999241585858 ] ] ] } },
{ "type": "Feature", "properties": { "id": null, "EL_Hash": "w1r2nv17cd", "ORDERRIVER_Name_T": 4, "HY_Name_T": "ร.4", "EL_Name": "ร.4v17cd", "Lat": 7.0593736868299999, "Long": 100.49372788399999, "Length_km": 2.25112039966, "LocalName": "", "ElementA": "w1r2nv17cd", "ElementB": "w1r2nz0vnu", "ReLation": "FlowsTo" }, "geometry": { "type": "MultiLineString", "coordinates": [ [ [ 100.493642733308164, 7.049194237952312 ], [ 100.493811666338559, 7.069552002146922 ] ] ] } },
{ "type": "Feature", "properties": { "id": null, "EL_Hash": "w1r2nd4qfb", "ORDERRIVER_Name_T": 4, "HY_Name_T": "ร.4", "EL_Name": "ร.4d4qfb", "Lat": 7.0433988190800001, "Long": 100.48417366699999, "Length_km": 2.4538606771499998, "LocalName": "", "ElementA": "w1r2nd4qfb", "ElementB": "w1r2nv17cd", "ReLation": "FlowsTo" }, "geometry": { "type": "MultiLineString", "coordinates": [ [ [ 100.474704636714264, 7.037600487529916 ], [ 100.493642733308164, 7.049194237952312 ] ] ] } },
{ "type": "Feature", "properties": { "id": null, "EL_Hash": "w1r2qgfz31", "ORDERRIVER_Name_T": 6, "HY_Name_T": "ร.3", "EL_Name": "ร.3gfz31", "Lat": 7.0970454679800001, "Long": 100.495765675, "Length_km": 1.76624402808, "LocalName": "", "ElementA": "w1r2qgfz31", "ElementB": "w1r2quub7m", "ReLation": "FlowsTo" }, "geometry": { "type": "MultiLineString", "coordinates": [ [ [ 100.494255115543325, 7.089204188961565 ], [ 100.497278312899596, 7.104886574622609 ] ] ] } },
{ "type": "Feature", "properties": { "id": null, "EL_Hash": "w1r2nrvyv0", "ORDERRIVER_Name_T": 6, "HY_Name_T": "คลองอู่ตะเภา", "EL_Name": "คลองอู่ตะเภาrvyv0", "Lat": 7.0749846328099997, "Long": 100.47808596599999, "Length_km": 0.69132240221999997, "LocalName": "", "ElementA": "w1r2nrvyv0", "ElementB": "w1r2q9n844", "ReLation": "FlowsTo" }, "geometry": { "type": "MultiLineString", "coordinates": [ [ [ 100.474965075136112, 7.075085214231922 ], [ 100.475095294347028, 7.075092641362238 ], [ 100.475514107484869, 7.075107495622868 ], [ 100.476615691620509, 7.07513720414413 ], [ 100.478139608332114, 7.074977520842348 ], [ 100.479121531571238, 7.074918103799824 ], [ 100.480050663238359, 7.07500722936361 ], [ 100.48079678412256, 7.075148344839603 ], [ 100.481169844564661, 7.075285746750438 ] ] ] } },
{ "type": "Feature", "properties": { "id": null, "EL_Hash": "w1r2tusxm3", "ORDERRIVER_Name_T": 6, "HY_Name_T": "", "EL_Name": "w1r2tusxm3", "Lat": 7.1451106011699999, "Long": 100.454413523, "Length_km": 0.58854116028000003, "LocalName": "", "ElementA": "w1r2tusxm3", "ElementB": "w1r2whgsc7", "ReLation": "" }, "geometry": { "type": "MultiLineString", "coordinates": [ [ [ 100.453116403206181, 7.142854064795117 ], [ 100.453394438818691, 7.143682189825288 ], [ 100.453531696905884, 7.144086968427479 ], [ 100.453559852410947, 7.144176093991264 ], [ 100.453749902070129, 7.144354345118835 ], [ 100.453894199033584, 7.144517741985775 ], [ 100.454137040264769, 7.144792545807446 ], [ 100.456164236629391, 7.14711352403102 ] ] ] } },
{ "type": "Feature", "properties": { "id": null, "EL_Hash": "w1r2x07yfh", "ORDERRIVER_Name_T": 6, "HY_Name_T": "", "EL_Name": "w1r2x07yfh", "Lat": 7.1216975550199999, "Long": 100.508174055, "Length_km": 3.67644169202, "LocalName": "", "ElementA": "w1r2x07yfh", "ElementB": "w1r2x5qpqb", "ReLation": "FlowsTo" }, "geometry": { "type": "MultiLineString", "coordinates": [ [ [ 100.501227122484877, 7.108132230570454 ], [ 100.507533955619294, 7.113156684228846 ], [ 100.508149857292565, 7.121382231053191 ], [ 100.508607384249871, 7.127505899998269 ], [ 100.50839269852375, 7.12769900538647 ], [ 100.508329348637361, 7.127814125906359 ], [ 100.508301193132297, 7.128007231294561 ], [ 100.508241362684032, 7.128256040160128 ], [ 100.508058351901113, 7.128475140504433 ], [ 100.508009079767248, 7.128616255980426 ], [ 100.507885899432594, 7.128883632671782 ], [ 100.507769757974202, 7.128995039626513 ], [ 100.507607863820084, 7.129065597364511 ], [ 100.507502280676093, 7.129132441537349 ], [ 100.507456527980366, 7.129325546925551 ], [ 100.507284075511848, 7.129496370922805 ], [ 100.50717145349158, 7.1297340390929 ], [ 100.506991962146799, 7.129871441003734 ], [ 100.506925092822271, 7.129960566567521 ], [ 100.506896937317208, 7.130094254913198 ], [ 100.506911015069747, 7.130250224649822 ], [ 100.506967326079874, 7.130435902907708 ], [ 100.507034195404401, 7.130569591253386 ], [ 100.507090506414528, 7.130714420294537 ], [ 100.507090506414528, 7.130922379943369 ], [ 100.507160895177179, 7.131449706195765 ], [ 100.507210167311044, 7.132003027404265 ], [ 100.507284075511848, 7.13251549939603 ], [ 100.50729111438811, 7.132701177653916 ], [ 100.507104584167053, 7.132998262866534 ], [ 100.50654147406577, 7.133057679909057 ], [ 100.50579183374343, 7.133046539213584 ], [ 100.5053096707192, 7.133269353123047 ], [ 100.505028115668566, 7.133651850334292 ], [ 100.504637458035788, 7.134442839712886 ], [ 100.504377019613955, 7.134784487707396 ], [ 100.504260878155563, 7.13511870857159 ], [ 100.50413396616473, 7.135489542548284 ] ] ] } },
{ "type": "Feature", "properties": { "id": null, "EL_Hash": "w1r2w3cbg0", "ORDERRIVER_Name_T": 6, "HY_Name_T": "", "EL_Name": "w1r2w3cbg0", "Lat": 7.1288865662600003, "Long": 100.47250614799999, "Length_km": 1.89986371248, "LocalName": "", "ElementA": "w1r2w3cbg0", "ElementB": "w1r2we0ck9", "ReLation": "FlowsTo" }, "geometry": { "type": "MultiLineString", "coordinates": [ [ [ 100.464998026343338, 7.126031614630655 ], [ 100.46507897342039, 7.126143021585386 ], [ 100.465230309260107, 7.126209865758225 ], [ 100.465666719588611, 7.126057609586758 ], [ 100.465955313515522, 7.125961056892658 ], [ 100.466145363174704, 7.125975911153288 ], [ 100.466518423616805, 7.126317559147799 ], [ 100.466926678440245, 7.126466101754108 ], [ 100.467310297196747, 7.126518091666315 ], [ 100.467556657866055, 7.126614644360417 ], [ 100.467806537973502, 7.126874593921457 ], [ 100.46855969773398, 7.12724223687207 ], [ 100.469066496825135, 7.127472477911849 ], [ 100.469531062658689, 7.127621020518157 ], [ 100.46999914793038, 7.127754708863836 ], [ 100.470203275342101, 7.127973809208141 ], [ 100.470368688934357, 7.128192909552446 ], [ 100.470548180279138, 7.12830060294202 ], [ 100.470713593871395, 7.12830060294202 ], [ 100.47102682386523, 7.128196623117605 ], [ 100.471336534420942, 7.128163201031184 ], [ 100.471449156441196, 7.128215190943393 ], [ 100.471596972842789, 7.128397155636121 ], [ 100.4718855667697, 7.128697954413896 ], [ 100.472392365860856, 7.128865064845994 ], [ 100.472976592590939, 7.128976471800724 ], [ 100.473750868980204, 7.129771174744477 ], [ 100.474299901328962, 7.130235370389191 ], [ 100.475317018949411, 7.130706993164221 ], [ 100.475746390401653, 7.130959515594946 ], [ 100.475978673318423, 7.131319731415245 ], [ 100.476235592302146, 7.131609389497547 ], [ 100.476524186229042, 7.131780213494802 ], [ 100.477463876210578, 7.132229554878886 ], [ 100.478178322151578, 7.132942559389168 ], [ 100.479195439772027, 7.134000925459118 ] ] ] } },
{ "type": "Feature", "properties": { "id": null, "EL_Hash": "w1prefzjhz", "ORDERRIVER_Name_T": 4, "HY_Name_T": "", "EL_Name": "w1prefzjhz", "Lat": 6.9593663160699997, "Long": 100.36992899099999, "Length_km": 3.8204632911299998, "LocalName": "", "ElementA": "w1prefzjhz", "ElementB": "w1prs60123", "ReLation": "FlowsTo" }, "geometry": { "type": "MultiLineString", "coordinates": [ [ [ 100.359323376960589, 6.969690521490728 ], [ 100.359288182579263, 6.96949370253737 ], [ 100.359186118873396, 6.969352587061376 ], [ 100.359105171796344, 6.969129773151913 ], [ 100.359062938538742, 6.96882526080898 ], [ 100.359186118873396, 6.968602446899517 ], [ 100.359365610218191, 6.968498467075101 ], [ 100.359531023810433, 6.968357351599107 ], [ 100.359692917964566, 6.968316502382373 ], [ 100.359833695489883, 6.968193954732168 ], [ 100.359956875824537, 6.968130824124486 ], [ 100.360037822901603, 6.967989708648494 ], [ 100.360037822901603, 6.9678485931725 ], [ 100.360037822901603, 6.967726045522295 ], [ 100.360118769978655, 6.967644347088825 ], [ 100.360259547503986, 6.96762206569788 ], [ 100.360340494581038, 6.967603497872091 ], [ 100.360484791544494, 6.967521799438621 ], [ 100.360502388735156, 6.967358402571682 ], [ 100.360502388735156, 6.967217287095688 ], [ 100.360562219183421, 6.967135588662218 ], [ 100.360706516146877, 6.967094739445484 ], [ 100.360889526929796, 6.967317553354946 ], [ 100.361030304455113, 6.967417819614205 ], [ 100.361153484789767, 6.967417819614205 ], [ 100.361255548495635, 6.967358402571682 ], [ 100.361336495572687, 6.967254422747265 ], [ 100.361417442649753, 6.967213573530531 ], [ 100.361459675907341, 6.967131875097061 ], [ 100.361498389726805, 6.967031608837802 ], [ 100.361540622984407, 6.966827362754128 ], [ 100.361537103546269, 6.9666453980614 ], [ 100.361537103546269, 6.966585981018876 ], [ 100.361537103546269, 6.966422584151936 ], [ 100.361537103546269, 6.966218338068262 ], [ 100.361579336803871, 6.966036373375534 ], [ 100.361639167252136, 6.965895257899541 ], [ 100.361758828148652, 6.965691011815866 ], [ 100.362065019266225, 6.965468197906403 ], [ 100.362286743868609, 6.965304801039464 ], [ 100.362409924203263, 6.965159971998313 ], [ 100.362469754651528, 6.964978007305584 ], [ 100.362610532176859, 6.964673494962652 ], [ 100.36287449003683, 6.964510098095712 ], [ 100.363201797783205, 6.964346701228772 ], [ 100.36350446946264, 6.964123887319309 ], [ 100.363648766426095, 6.964001339669104 ], [ 100.363828257770891, 6.9638787920189 ], [ 100.364053501811398, 6.963756244368695 ], [ 100.364296343042582, 6.963674545935225 ], [ 100.364377290119634, 6.963574279675967 ], [ 100.364398406748435, 6.963511149068285 ], [ 100.364500470454303, 6.963429450634816 ], [ 100.364602534160156, 6.963429450634816 ], [ 100.364704597866009, 6.963511149068285 ], [ 100.364785544943075, 6.963693113761014 ], [ 100.364905205839591, 6.963733962977749 ], [ 100.365007269545458, 6.963693113761014 ], [ 100.365109333251311, 6.963633696718491 ], [ 100.365292344034231, 6.963511149068285 ], [ 100.365454238188349, 6.963429450634816 ], [ 100.36592232346004, 6.963202923160195 ], [ 100.366305942216542, 6.962775863167058 ], [ 100.366488952999461, 6.962389652390655 ], [ 100.366612133334115, 6.96226710474045 ], [ 100.366978154899954, 6.961981160223305 ], [ 100.367280826579403, 6.96153553240438 ], [ 100.367523667810573, 6.961249587887235 ], [ 100.367727795222294, 6.960967356935249 ], [ 100.367949519824677, 6.960763110851574 ], [ 100.368213477684662, 6.960495734160219 ], [ 100.368294424761714, 6.960354618684225 ], [ 100.3685583826217, 6.960068674167081 ], [ 100.368882170929936, 6.959927558691088 ], [ 100.369026467893391, 6.959886709474353 ], [ 100.369107414970443, 6.959845860257618 ], [ 100.369209478676311, 6.959782729649937 ], [ 100.369227075866974, 6.959623046348155 ], [ 100.369290425753363, 6.959519066523739 ], [ 100.369452319907481, 6.959519066523739 ], [ 100.3696353306904, 6.959519066523739 ], [ 100.369776108215731, 6.959459649481215 ], [ 100.369899288550386, 6.959396518873534 ], [ 100.370001352256239, 6.959296252614275 ], [ 100.37014212978157, 6.95911057435639 ], [ 100.370363854383939, 6.958988026706185 ], [ 100.370567981795659, 6.958906328272715 ], [ 100.370627812243924, 6.958846911230192 ], [ 100.370708759320991, 6.958765212796722 ], [ 100.370670045501527, 6.958642665146518 ], [ 100.370627812243924, 6.958460700453789 ], [ 100.370670045501527, 6.958360434194531 ], [ 100.370934003361498, 6.958256454370114 ], [ 100.371095897515616, 6.95821560515338 ], [ 100.371236675040947, 6.958174755936644 ], [ 100.371359855375601, 6.958093057503175 ], [ 100.371461919081455, 6.958011359069705 ], [ 100.37152174952972, 6.957888811419501 ], [ 100.37152174952972, 6.957625148293302 ], [ 100.371683643683838, 6.957461751426363 ], [ 100.371887771095558, 6.957380052992893 ], [ 100.372007431992074, 6.957279786733634 ], [ 100.372109495697941, 6.957116389866695 ], [ 100.372250273223258, 6.956975274390702 ], [ 100.372433284006178, 6.956852726740498 ], [ 100.372697241866149, 6.956771028307028 ], [ 100.372961199726134, 6.956730179090292 ], [ 100.373267390843708, 6.956648480656822 ], [ 100.373408168369025, 6.956544500832407 ], [ 100.373570062523143, 6.956381103965467 ], [ 100.373651009600209, 6.956199139272739 ], [ 100.37367212622901, 6.956035742405799 ], [ 100.373591179151944, 6.955935476146541 ], [ 100.373510232074892, 6.955853777713071 ], [ 100.373510232074892, 6.955812928496337 ], [ 100.373591179151944, 6.955772079279601 ], [ 100.373710840048474, 6.955753511453812 ], [ 100.373812903754327, 6.955649531629397 ], [ 100.373812903754327, 6.955385868503199 ], [ 100.373936084088982, 6.955163054593736 ], [ 100.3740979782431, 6.955081356160266 ], [ 100.374319702845483, 6.954899391467538 ], [ 100.374379533293748, 6.954695145383863 ], [ 100.374379533293748, 6.954349783824195 ], [ 100.374379533293748, 6.954145537740521 ], [ 100.374358416664947, 6.953985854438739 ], [ 100.374298586216682, 6.95374075913833 ], [ 100.374316183407359, 6.953599643662336 ], [ 100.374397130484411, 6.953436246795397 ], [ 100.37458014126733, 6.953254282102669 ], [ 100.374703321601984, 6.953090885235729 ], [ 100.37516084855929, 6.952886639152054 ], [ 100.375583181135255, 6.952693533763853 ], [ 100.376177966179739, 6.952652684547118 ], [ 100.376501754487975, 6.952786372892796 ], [ 100.376945203692742, 6.953035181758363 ], [ 100.377423847278834, 6.953072317409941 ], [ 100.377635013566817, 6.953128020887306 ], [ 100.378057346142782, 6.953298844884561 ], [ 100.378514873100073, 6.953410251839292 ], [ 100.378803467026984, 6.953335980536139 ], [ 100.379165969154684, 6.953217146451092 ], [ 100.379799468018632, 6.953313699145192 ], [ 100.380355539243652, 6.95367391496549 ], [ 100.380682846990027, 6.954019276525159 ], [ 100.381295229225174, 6.954245803999779 ], [ 100.38173867842994, 6.954761989556702 ], [ 100.381988558537387, 6.954917959293327 ] ] ] } },
{ "type": "Feature", "properties": { "id": null, "EL_Hash": "w1pq7trmy9", "ORDERRIVER_Name_T": 4, "HY_Name_T": "", "EL_Name": "w1pq7trmy9", "Lat": 6.7534661553199999, "Long": 100.35935915100001, "Length_km": 0.10685560297, "LocalName": "", "ElementA": "w1pq7trmy9", "ElementB": "w1pq7v62b7", "ReLation": "FlowsTo" }, "geometry": { "type": "MultiLineString", "coordinates": [ [ [ 100.359340974151252, 6.753947240087945 ], [ 100.359358571341915, 6.753716999048167 ], [ 100.359358571341915, 6.753512752964492 ], [ 100.359358571341915, 6.753293652620187 ], [ 100.359362090780053, 6.752981713146939 ] ] ] } },
{ "type": "Feature", "properties": { "id": null, "EL_Hash": "w1pq7vj1eq", "ORDERRIVER_Name_T": 4, "HY_Name_T": "", "EL_Name": "w1pq7vj1eq", "Lat": 6.7513915066300001, "Long": 100.367119794, "Length_km": 0.39671132807999998, "LocalName": "", "ElementA": "w1pq7vj1eq", "ElementB": "", "ReLation": "" }, "geometry": { "type": "MultiLineString", "coordinates": [ [ [ 100.365975115032043, 6.752023613336247 ], [ 100.366165164691225, 6.751730241688787 ], [ 100.366302422778418, 6.751607694038583 ], [ 100.366439680865597, 6.75154827699606 ], [ 100.36657693895279, 6.75146657856259 ], [ 100.366714197039983, 6.751422015780697 ], [ 100.366756430297571, 6.751522282039955 ], [ 100.366759949735709, 6.751641116125002 ], [ 100.366862013441562, 6.751737668819104 ], [ 100.367076699167683, 6.751496287083851 ], [ 100.3672280350074, 6.751136071263553 ], [ 100.367565901068176, 6.750991242222402 ], [ 100.36769963971723, 6.750827845355462 ], [ 100.367931922634014, 6.750467629535164 ], [ 100.368136050045734, 6.749999720325291 ] ] ] } },
{ "type": "Feature", "properties": { "id": null, "EL_Hash": "w1pqpdyn1s", "ORDERRIVER_Name_T": 4, "HY_Name_T": "", "EL_Name": "w1pqpdyn1s", "Lat": 6.6958467666099999, "Long": 100.53321235600001, "Length_km": 0.48421411363, "LocalName": "", "ElementA": "w1pqpdyn1s", "ElementB": "w1pqpeddqp", "ReLation": "FlowsTo" }, "geometry": { "type": "MultiLineString", "coordinates": [ [ [ 100.534929262046887, 6.695688829893666 ], [ 100.534711056882642, 6.695618272155669 ], [ 100.534580837671726, 6.695618272155669 ], [ 100.534447099022671, 6.695558855113146 ], [ 100.534320399249879, 6.695425166767468 ], [ 100.534186660600824, 6.695310046247578 ], [ 100.533947338807778, 6.695272910596001 ], [ 100.533704497576593, 6.695269197030844 ], [ 100.533528525669936, 6.695284051291475 ], [ 100.533419423087821, 6.69537317685526 ], [ 100.533292723315029, 6.695577422938935 ], [ 100.533243451181164, 6.695796523283239 ], [ 100.533169542980374, 6.695919070933445 ], [ 100.533074518150784, 6.695885648847025 ], [ 100.533004129388118, 6.695751960501347 ], [ 100.532880949053464, 6.695529146591884 ], [ 100.532719054899346, 6.695462302419045 ], [ 100.53257475793589, 6.695492010940307 ], [ 100.532426941534297, 6.695603417895039 ], [ 100.532321358390305, 6.695685116328508 ], [ 100.532198178055651, 6.695644267111773 ], [ 100.532096114349798, 6.695532860157042 ], [ 100.532011647834608, 6.695317473377894 ], [ 100.531944778510081, 6.695276624161159 ], [ 100.531575237506104, 6.695295191986948 ] ] ] } },
{ "type": "Feature", "properties": { "id": null, "EL_Hash": "w1pqjd8gs6", "ORDERRIVER_Name_T": 4, "HY_Name_T": "", "EL_Name": "w1pqjd8gs6", "Lat": 6.6940338243099999, "Long": 100.43822854699999, "Length_km": 0.23440387968000001, "LocalName": "", "ElementA": "w1pqjd8gs6", "ElementB": "w1pqje92dz", "ReLation": "FlowsTo" }, "geometry": { "type": "MultiLineString", "coordinates": [ [ [ 100.438088402378085, 6.693107902109052 ], [ 100.438193985522076, 6.6934198415823 ], [ 100.438250296532203, 6.693508967146085 ], [ 100.43830660754233, 6.693676077578183 ], [ 100.438362918552471, 6.693861755836068 ], [ 100.438355879676195, 6.693962022095327 ], [ 100.438317165856731, 6.694006584877219 ], [ 100.438123596759425, 6.694066001919743 ], [ 100.437926508223967, 6.694066001919743 ], [ 100.43779628901305, 6.694121705397109 ], [ 100.437683666992783, 6.694195976700263 ], [ 100.437599200477592, 6.694307383654995 ], [ 100.437571044972529, 6.694418790609727 ], [ 100.437546408905604, 6.694641604519189 ] ] ] } },
{ "type": "Feature", "properties": { "id": null, "EL_Hash": "w1pqjdp2rf", "ORDERRIVER_Name_T": 4, "HY_Name_T": "", "EL_Name": "w1pqjdp2rf", "Lat": 6.69072809608, "Long": 100.44730207800001, "Length_km": 2.5214408578500001, "LocalName": "", "ElementA": "w1pqjdp2rf", "ElementB": "w1pqjd8gs6", "ReLation": "FlowsTo" }, "geometry": { "type": "MultiLineString", "coordinates": [ [ [ 100.454742383623653, 6.691830435694797 ], [ 100.454745903061777, 6.691473933439656 ], [ 100.454745903061777, 6.69138480787587 ], [ 100.454668475422849, 6.691336531528821 ], [ 100.454538256211933, 6.691347672224293 ], [ 100.454408037001002, 6.691421943527448 ], [ 100.45431653160955, 6.691440511353236 ], [ 100.454249662285022, 6.691433084222921 ], [ 100.454193351274895, 6.691351385789451 ], [ 100.454210948465558, 6.691239978834719 ], [ 100.454256701161285, 6.691091436228411 ], [ 100.454478425763668, 6.690868622318948 ], [ 100.454664955984725, 6.690664376235273 ], [ 100.454738864185515, 6.690478697977388 ], [ 100.454756461376178, 6.690404426674233 ], [ 100.454738864185515, 6.690333868936237 ], [ 100.454671994860988, 6.690304160414975 ], [ 100.454496022954331, 6.690333868936237 ], [ 100.454355245429014, 6.690333868936237 ], [ 100.454214467903697, 6.690244743372451 ], [ 100.453700629936264, 6.690137049982877 ], [ 100.453503541400821, 6.690118482157089 ], [ 100.453155117025645, 6.690140763548035 ], [ 100.452651837372613, 6.690125909287405 ], [ 100.452437151646507, 6.690096200766143 ], [ 100.452240063111049, 6.689877100421837 ], [ 100.452173193786521, 6.689769407032263 ], [ 100.452032416261204, 6.689695135729109 ], [ 100.45183532772576, 6.689632005121428 ], [ 100.451564330989513, 6.689624577991112 ], [ 100.451106804032207, 6.689717417120056 ], [ 100.450927312687426, 6.689765693467105 ], [ 100.45067743257998, 6.689932803899203 ], [ 100.450508499549599, 6.690044210853935 ], [ 100.450360683148006, 6.690073919375196 ], [ 100.450050972592294, 6.690066492244881 ], [ 100.44977997585606, 6.689966225985622 ], [ 100.449589926196879, 6.689865959726364 ], [ 100.449420993166484, 6.689795401988367 ], [ 100.449160554744637, 6.689535452427327 ], [ 100.448875480255865, 6.689253221475341 ], [ 100.448688950034807, 6.689152955216082 ], [ 100.448428511612974, 6.689089824608401 ], [ 100.448259578582579, 6.689089824608401 ], [ 100.448090645552199, 6.689119533129663 ], [ 100.447960426341268, 6.689230940084395 ], [ 100.447904115331141, 6.689435186168069 ], [ 100.447636638033032, 6.690137049982877 ], [ 100.447425471745049, 6.690534401454753 ], [ 100.446989061416559, 6.691217697443774 ], [ 100.446721584118436, 6.691414516397132 ], [ 100.446292212666208, 6.691748737261327 ], [ 100.446123279635827, 6.691941842649529 ], [ 100.445883957842781, 6.69226492281825 ], [ 100.44574318031745, 6.692413465424559 ], [ 100.445475703019341, 6.692747686288754 ], [ 100.445158953587367, 6.693081907152948 ], [ 100.44494426786126, 6.69325644471536 ], [ 100.444740140449539, 6.6933232888882 ], [ 100.444469143713292, 6.693427268712616 ], [ 100.444321327311712, 6.693538675667347 ], [ 100.444243899672784, 6.693601806275028 ], [ 100.443800450468018, 6.694114278266794 ], [ 100.443631517437638, 6.694195976700263 ], [ 100.443455545530981, 6.69423311235184 ], [ 100.442987460259289, 6.694210830960894 ], [ 100.442762216218767, 6.694221971656368 ], [ 100.44249121948252, 6.694259107307944 ], [ 100.442368039147865, 6.694259107307944 ], [ 100.442125197916695, 6.694207117395736 ], [ 100.441815487360984, 6.694025152703008 ], [ 100.441646554330589, 6.69395830853017 ], [ 100.441477621300209, 6.69392488644375 ], [ 100.441284052202889, 6.693936027139223 ], [ 100.441020094342917, 6.693965735660485 ], [ 100.440692786596543, 6.694047434093955 ], [ 100.440098001552059, 6.694229398786683 ], [ 100.43980588818701, 6.694311097220153 ], [ 100.439584163584627, 6.694277675133733 ], [ 100.439432827744909, 6.694166268179002 ], [ 100.439214622580664, 6.693780057402599 ], [ 100.439119597751073, 6.693542389232505 ], [ 100.439024572921483, 6.693349283844304 ], [ 100.438911950901215, 6.693293580366938 ], [ 100.438735978994572, 6.69324159045473 ], [ 100.438443865629523, 6.693141324195471 ], [ 100.438292529789805, 6.693104188543894 ], [ 100.438183427207676, 6.693104188543894 ], [ 100.438088402378085, 6.693107902109052 ] ] ] } },
{ "type": "Feature", "properties": { "id": null, "EL_Hash": "w1pmrn3c4z", "ORDERRIVER_Name_T": 4, "HY_Name_T": "", "EL_Name": "w1pmrn3c4z", "Lat": 6.5823945349599997, "Long": 100.505456256, "Length_km": 0.90044966976999996, "LocalName": "", "ElementA": "w1pmrn3c4z", "ElementB": "w1pmrjbugh", "ReLation": "FlowsTo" }, "geometry": { "type": "MultiLineString", "coordinates": [ [ [ 100.508033715834188, 6.584018212035929 ], [ 100.507928132690196, 6.58403306629656 ], [ 100.507695849773413, 6.584007071340456 ], [ 100.507160895177179, 6.583828820212886 ], [ 100.50693917057481, 6.583728553953627 ], [ 100.506742082039352, 6.583717413258154 ], [ 100.506580187885234, 6.583750835344573 ], [ 100.506400696540453, 6.58385481516899 ], [ 100.506129699804205, 6.583943940732775 ], [ 100.505858703067958, 6.58395136786309 ], [ 100.505682731161315, 6.583865955864463 ], [ 100.505545473074122, 6.583709986127839 ], [ 100.505492681502119, 6.583502026479006 ], [ 100.505559550826646, 6.58331634822112 ], [ 100.505584186893586, 6.583242076917966 ], [ 100.505548992512246, 6.583048971529765 ], [ 100.505527875883459, 6.582900428923456 ], [ 100.505556031388522, 6.582755599882305 ], [ 100.505580667455447, 6.582566208059261 ], [ 100.505545473074122, 6.582473368930319 ], [ 100.50542933161573, 6.58237310267106 ], [ 100.504943649153375, 6.582187424413174 ], [ 100.504658574664589, 6.582094585284231 ], [ 100.504517797139272, 6.582027741111392 ], [ 100.504380539052079, 6.581972037634026 ], [ 100.504225683774223, 6.581968324068868 ], [ 100.504204567145436, 6.581879198505083 ], [ 100.504271436469963, 6.581730655898775 ], [ 100.504419252871543, 6.58155983190152 ], [ 100.504545952644335, 6.58136301294816 ], [ 100.504619860845125, 6.581166193994801 ], [ 100.504524836015534, 6.58108820912649 ], [ 100.504415733433419, 6.581140199038698 ], [ 100.504310150289427, 6.581292455210164 ], [ 100.504194008831035, 6.581418716425526 ], [ 100.504095464563306, 6.581407575730053 ], [ 100.504060270181981, 6.581233038167641 ], [ 100.504106022877707, 6.581062214170386 ], [ 100.504246800403024, 6.580913671564077 ], [ 100.504345344670753, 6.580716852610718 ], [ 100.504324228041952, 6.580364063920735 ] ] ] } },
{ "type": "Feature", "properties": { "id": null, "EL_Hash": "w1r2we0ck9", "ORDERRIVER_Name_T": 6, "HY_Name_T": "", "EL_Name": "w1r2we0ck9", "Lat": 7.1358423594899998, "Long": 100.48218928, "Length_km": 0.77857687221000005, "LocalName": "", "ElementA": "w1r2we0ck9", "ElementB": "w1r2wehqqe", "ReLation": "FlowsTo" }, "geometry": { "type": "MultiLineString", "coordinates": [ [ [ 100.479195439772027, 7.134000925459118 ], [ 100.48111001411641, 7.13515213065801 ], [ 100.482070820726719, 7.135820572386399 ], [ 100.482595217008551, 7.135920838645657 ], [ 100.483327260140214, 7.136128798294489 ], [ 100.483936122937237, 7.136611561764993 ], [ 100.484735035393442, 7.13796701304756 ] ] ] } },
{ "type": "Feature", "properties": { "id": null, "EL_Hash": "w1r2tg88cq", "ORDERRIVER_Name_T": 6, "HY_Name_T": "", "EL_Name": "w1r2tg88cq", "Lat": 7.1385304847200004, "Long": 100.448747661, "Length_km": 1.2941441120399999, "LocalName": "", "ElementA": "w1r2tg88cq", "ElementB": "w1r2tsz95f", "ReLation": "FlowsTo" }, "geometry": { "type": "MultiLineString", "coordinates": [ [ [ 100.450508499549599, 7.133135664777369 ], [ 100.450371241462406, 7.1337038402465 ], [ 100.450343085957343, 7.134171749456373 ], [ 100.450265658318415, 7.134502256755409 ], [ 100.450153036298161, 7.134732497795188 ], [ 100.449934831133916, 7.135051864398751 ], [ 100.449526576310475, 7.135508632913151 ], [ 100.449216865754764, 7.135853994472819 ], [ 100.449062010476922, 7.136151079685436 ], [ 100.448991621714256, 7.136377607160057 ], [ 100.448970505085455, 7.136652410981728 ], [ 100.448808610931337, 7.138022716524926 ], [ 100.448558730823891, 7.140087458752618 ], [ 100.448456667118037, 7.141472618556445 ], [ 100.448291253525781, 7.142854064795117 ], [ 100.448143437124187, 7.143812164605809 ], [ 100.448073048361536, 7.144216943208 ], [ 100.447999140160732, 7.144317209467258 ] ] ] } },
{ "type": "Feature", "properties": { "id": null, "EL_Hash": "w1r2tf5tkt", "ORDERRIVER_Name_T": 6, "HY_Name_T": "", "EL_Name": "w1r2tf5tkt", "Lat": 7.1310582380599996, "Long": 100.453008195, "Length_km": 0.28006597042999998, "LocalName": "", "ElementA": "w1r2tf5tkt", "ElementB": "w1r2tf7z1v", "ReLation": "FlowsTo" }, "geometry": { "type": "MultiLineString", "coordinates": [ [ [ 100.453989223863175, 7.130320782387819 ], [ 100.453668954993063, 7.130424762212235 ], [ 100.453341647246702, 7.130640148991382 ], [ 100.453098806015518, 7.13090381211758 ], [ 100.452940431299524, 7.131171188808937 ], [ 100.452873561974997, 7.131464560456396 ], [ 100.452894678603798, 7.131709655756805 ], [ 100.452986183995264, 7.132021595230054 ], [ 100.452979145118988, 7.132170137836362 ], [ 100.452950989613925, 7.132281544791094 ] ] ] } },
{ "type": "Feature", "properties": { "id": null, "EL_Hash": "w1r2tf7z1v", "ORDERRIVER_Name_T": 6, "HY_Name_T": "", "EL_Name": "w1r2tf7z1v", "Lat": 7.1327330636499999, "Long": 100.453224319, "Length_km": 0.12204493738, "LocalName": "", "ElementA": "w1r2tf7z1v", "ElementB": "w1r2tgkj2k", "ReLation": "FlowsTo" }, "geometry": { "type": "MultiLineString", "coordinates": [ [ [ 100.452950989613925, 7.132281544791094 ], [ 100.452965067366463, 7.132426373832245 ], [ 100.453038975567253, 7.132563775743081 ], [ 100.453200869721371, 7.132712318349389 ], [ 100.453433152638155, 7.132927705128536 ], [ 100.453633760611737, 7.133105956256108 ] ] ] } },
{ "type": "Feature", "properties": { "id": null, "EL_Hash": "w1r2tfd8rx", "ORDERRIVER_Name_T": 6, "HY_Name_T": "", "EL_Name": "w1r2tfd8rx", "Lat": 7.1329574724500002, "Long": 100.45175657199999, "Length_km": 0.33433447446999998, "LocalName": "", "ElementA": "w1r2tfd8rx", "ElementB": "w1r2tg88cq", "ReLation": "FlowsTo" }, "geometry": { "type": "MultiLineString", "coordinates": [ [ [ 100.452950989613925, 7.132281544791094 ], [ 100.452528657037959, 7.132248122704675 ], [ 100.452268218616112, 7.132366956789721 ], [ 100.451926833117213, 7.132623192785604 ], [ 100.451796613906296, 7.132886855911802 ], [ 100.451666394695366, 7.13311709695158 ], [ 100.45152209773191, 7.133276780253363 ], [ 100.45132852863459, 7.13339561433841 ], [ 100.451180712233011, 7.133425322859671 ], [ 100.451057531898357, 7.133406755033882 ], [ 100.4508815599917, 7.133317629470097 ], [ 100.450508499549599, 7.133135664777369 ] ] ] } },
{ "type": "Feature", "properties": { "id": null, "EL_Hash": "w1r2wb2ssq", "ORDERRIVER_Name_T": 6, "HY_Name_T": "", "EL_Name": "w1r2wb2ssq", "Lat": 7.1213209469900001, "Long": 100.49281834600001, "Length_km": 3.677552893, "LocalName": "", "ElementA": "w1r2wb2ssq", "ElementB": "w1r2wfygj5", "ReLation": "FlowsTo" }, "geometry": { "type": "MultiLineString", "coordinates": [ [ [ 100.501227122484877, 7.108132230570454 ], [ 100.501047631140096, 7.108399607261809 ], [ 100.500868139795301, 7.10865955682285 ], [ 100.500618259687855, 7.108993777687044 ], [ 100.500143135539901, 7.109584234547122 ], [ 100.499470922856489, 7.110460635924343 ], [ 100.498453805236039, 7.111808660076595 ], [ 100.497961083897408, 7.112540232412665 ], [ 100.497229040765745, 7.11381769882692 ], [ 100.496764474932178, 7.114590120379725 ], [ 100.496651852911924, 7.114738662986034 ], [ 100.496567386396734, 7.114809220724031 ], [ 100.496423089433279, 7.114894632722659 ], [ 100.496194325954619, 7.115013466807706 ], [ 100.495761435064267, 7.115206572195906 ], [ 100.495317985859501, 7.115421958975054 ], [ 100.494765434072605, 7.115685622101252 ], [ 100.494427568011844, 7.115834164707561 ], [ 100.494276232172112, 7.115930717401662 ], [ 100.494223440600123, 7.115978993748712 ], [ 100.494146012961195, 7.116068119312497 ], [ 100.494079143636668, 7.116212948353648 ], [ 100.493790549709757, 7.116859108691092 ], [ 100.493512514097247, 7.117557258940742 ], [ 100.493399892076994, 7.117880339109464 ], [ 100.493389333762593, 7.118010313889984 ], [ 100.493396372638855, 7.118092012323453 ], [ 100.493487878030308, 7.118285117711655 ], [ 100.493589941736175, 7.118489363795329 ], [ 100.493642733308164, 7.118760454051843 ], [ 100.493720160947092, 7.119176373349507 ], [ 100.493720160947092, 7.119191227610138 ], [ 100.493716641508968, 7.119499453518229 ], [ 100.493663849936965, 7.119863382903685 ], [ 100.493579383421775, 7.120197603767879 ], [ 100.493466761401521, 7.120528111066917 ], [ 100.493294308933002, 7.12084747767048 ], [ 100.493125375902608, 7.121040583058681 ], [ 100.492724159955443, 7.121408226009295 ], [ 100.492463721533596, 7.121642180614232 ], [ 100.492382774456544, 7.121813004611487 ], [ 100.492372216142144, 7.121965260782954 ], [ 100.492425007714132, 7.122154652605997 ], [ 100.492551707486925, 7.122563144773346 ], [ 100.492643212878392, 7.122808240073756 ], [ 100.492660810069054, 7.123008772592272 ], [ 100.492650251754654, 7.123179596589527 ], [ 100.492608018497052, 7.123294717109417 ], [ 100.492481318724259, 7.123432119020252 ], [ 100.492301827379478, 7.123591802322034 ], [ 100.492157530416023, 7.12369578214645 ], [ 100.492111777720297, 7.123822043361812 ], [ 100.492118816596559, 7.123992867359068 ], [ 100.492154010977899, 7.124252816920108 ], [ 100.492319424570141, 7.124798710998292 ], [ 100.492442604904795, 7.125214630295956 ], [ 100.492565785239464, 7.125649117419409 ], [ 100.492710082202919, 7.125901639850134 ], [ 100.4929001318621, 7.126176443671806 ], [ 100.493213361855936, 7.126570081578524 ], [ 100.493413969829518, 7.126766900531883 ], [ 100.493607538926838, 7.12688573461693 ], [ 100.493924288358812, 7.127037990788396 ], [ 100.494131935208657, 7.127078840005131 ], [ 100.494346620934778, 7.127104834961235 ], [ 100.494529631717697, 7.127160538438601 ], [ 100.494758395196342, 7.127264518263017 ], [ 100.495025872494452, 7.127435342260272 ], [ 100.495398932936553, 7.127736141038048 ], [ 100.495624176977074, 7.127925532861091 ], [ 100.495831823826919, 7.128159487466027 ], [ 100.496148573258893, 7.128501135460537 ], [ 100.496303428536748, 7.128712808674527 ], [ 100.496380856175676, 7.128850210585362 ], [ 100.496391414490077, 7.128972758235567 ], [ 100.496384375613815, 7.129110160146403 ], [ 100.496328064603674, 7.129266129883026 ], [ 100.496240078650359, 7.129544647269856 ], [ 100.496201364830895, 7.129778601874792 ], [ 100.496190806516495, 7.130109109173829 ], [ 100.496211923145296, 7.13043218934255 ], [ 100.496190806516495, 7.130859249335688 ], [ 100.496152092697031, 7.131297450024299 ], [ 100.496155612135155, 7.131527691064077 ], [ 100.496183767640233, 7.131694801496175 ], [ 100.496278792469823, 7.131932469666268 ], [ 100.496377336737538, 7.132110720793839 ], [ 100.496532192015394, 7.132285258356251 ], [ 100.496672969540725, 7.132415233136772 ], [ 100.496848941447368, 7.132504358700557 ], [ 100.496951005153235, 7.132548921482449 ], [ 100.497433168177452, 7.132742026870651 ], [ 100.497996278278748, 7.132957413649798 ], [ 100.498393974787774, 7.133128237647053 ], [ 100.498654413209621, 7.133273066688204 ], [ 100.498770554668013, 7.133365905817148 ], [ 100.498784632420538, 7.133948935546909 ] ] ] } },
{ "type": "Feature", "properties": { "id": null, "EL_Hash": "w1prs60123", "ORDERRIVER_Name_T": 4, "HY_Name_T": "", "EL_Name": "w1prs60123", "Lat": 6.9545686241200002, "Long": 100.38209459399999, "Length_km": 0.08081097648, "LocalName": "", "ElementA": "w1prs60123", "ElementB": "w1prs7m94f", "ReLation": "FlowsTo" }, "geometry": { "type": "MultiLineString", "coordinates": [ [ [ 100.381988558537387, 6.954917959293327 ], [ 100.381995597413649, 6.954888250772065 ], [ 100.382076544490715, 6.954620874080709 ], [ 100.382217322016032, 6.954223522608833 ] ] ] } },
{ "type": "Feature", "properties": { "id": null, "EL_Hash": "w1r2tsz95f", "ORDERRIVER_Name_T": 6, "HY_Name_T": "", "EL_Name": "w1r2tsz95f", "Lat": 7.1454167126200003, "Long": 100.447477581, "Length_km": 0.27385649075000001, "LocalName": "", "ElementA": "w1r2tsz95f", "ElementB": "w1r2ty1g6c", "ReLation": "FlowsTo" }, "geometry": { "type": "MultiLineString", "coordinates": [ [ [ 100.447999140160732, 7.144317209467258 ], [ 100.447921712521804, 7.144540023376721 ], [ 100.447823168254089, 7.144903952762177 ], [ 100.447738701738885, 7.145104485280694 ], [ 100.447636638033032, 7.145223319365741 ], [ 100.447365641296784, 7.145553826664778 ], [ 100.447224863771467, 7.145858339007711 ], [ 100.4467708562523, 7.146426514476842 ] ] ] } },
{ "type": "Feature", "properties": { "id": null, "EL_Hash": "w1r2wdd567", "ORDERRIVER_Name_T": 6, "HY_Name_T": "", "EL_Name": "w1r2wdd567", "Lat": 7.13345098958, "Long": 100.483804662, "Length_km": 1.1016981750799999, "LocalName": "", "ElementA": "w1r2wdd567", "ElementB": "w1r2wdw5bc", "ReLation": "FlowsTo" }, "geometry": { "type": "MultiLineString", "coordinates": [ [ [ 100.479195439772027, 7.134000925459118 ], [ 100.479691680548783, 7.134130900239637 ], [ 100.479832458074114, 7.13414204093511 ], [ 100.480022507733295, 7.134071483197114 ], [ 100.480096415934085, 7.134008352589433 ], [ 100.480300543345805, 7.133908086330174 ], [ 100.480539865138851, 7.133804106505758 ], [ 100.480747511988696, 7.133781825114812 ], [ 100.480898847828428, 7.133781825114812 ], [ 100.480937561647877, 7.133792965810285 ], [ 100.481120572430797, 7.133848669287651 ], [ 100.481317660966255, 7.133937794851436 ], [ 100.481532346692362, 7.134015779719748 ], [ 100.481792785114209, 7.134052915371325 ], [ 100.482141209489384, 7.134082623892587 ], [ 100.482391089596831, 7.134108618848691 ], [ 100.482658566894941, 7.134108618848691 ], [ 100.482954199698113, 7.134060342501641 ], [ 100.483218157558099, 7.133989784763644 ], [ 100.483390610026618, 7.133885804939228 ], [ 100.48351730979941, 7.133759543723865 ], [ 100.483612334629001, 7.13367041816008 ], [ 100.483710878896716, 7.133529302684087 ], [ 100.483756631592456, 7.133481026337037 ], [ 100.483805903726321, 7.133451317815775 ], [ 100.483964278442301, 7.133458744946091 ], [ 100.484414766523329, 7.133529302684087 ], [ 100.484868774042496, 7.133599860422084 ], [ 100.485565622792834, 7.133748403028393 ], [ 100.485826061214681, 7.133781825114812 ], [ 100.486339899182099, 7.133852382852808 ], [ 100.486751673443678, 7.133948935546909 ], [ 100.487096578380715, 7.134052915371325 ], [ 100.487466119384678, 7.134205171542792 ], [ 100.487628013538796, 7.134264588585316 ], [ 100.487902529713182, 7.134357427714258 ], [ 100.488543100149897, 7.134550542959601 ] ] ] } },
{ "type": "Feature", "properties": { "id": null, "EL_Hash": "w1r2tqr1jp", "ORDERRIVER_Name_T": 7, "HY_Name_T": "ทะเลสาบสงขลา", "EL_Name": "ทะเลสาบสงขลาqr1jp", "Lat": 7.1536859104500001, "Long": 100.435856754, "Length_km": 3.2912278664299999, "LocalName": "", "ElementA": "w1r2tqr1jp", "ElementB": "w1r2ttw9ub", "ReLation": "FlowsTo" }, "geometry": { "type": "MultiLineString", "coordinates": [ [ [ 100.424348515906686, 7.159372002616647 ], [ 100.425027767466361, 7.158826108538462 ], [ 100.425263569821283, 7.15848817410911 ], [ 100.425263569821283, 7.15837305358922 ], [ 100.425309322517009, 7.158250505939016 ], [ 100.425619033072721, 7.157997983508291 ], [ 100.425844277113228, 7.157882862988401 ], [ 100.426016729581747, 7.15794970716124 ], [ 100.426252531936669, 7.157975702117344 ], [ 100.42655168417798, 7.157767742468512 ], [ 100.426977536192069, 7.157745461077566 ], [ 100.427079599897937, 7.157700898295674 ], [ 100.427107755403, 7.157626626992519 ], [ 100.427259091242718, 7.157492938646842 ], [ 100.427523049102689, 7.157359250301163 ], [ 100.427642709999219, 7.157351823170848 ], [ 100.427889070668527, 7.157444662299791 ], [ 100.428001692688781, 7.157422380908844 ], [ 100.428086159203986, 7.157359250301163 ], [ 100.428360675378357, 7.157310973954113 ], [ 100.428473297398611, 7.157336968910217 ], [ 100.428652788743406, 7.157459516560421 ], [ 100.428804124583124, 7.157485511516525 ], [ 100.429069912921136, 7.157709240359504 ] ], [ [ 100.429638149772501, 7.157774788454052 ], [ 100.429719178497706, 7.157719466121462 ], [ 100.429916267033164, 7.15773803394725 ], [ 100.429954980852628, 7.1576897576002 ], [ 100.430057044558481, 7.157671189774412 ], [ 100.43031396354219, 7.1576897576002 ], [ 100.430489935448847, 7.157652621948623 ], [ 100.431112875998394, 7.157790023859459 ], [ 100.431197342513585, 7.15764148125315 ], [ 100.431197342513585, 7.1575932049061 ], [ 100.431264211838112, 7.157544928559049 ], [ 100.43138739217278, 7.157574637080311 ], [ 100.431711479106852, 7.157738342815898 ] ], [ [ 100.43189549779575, 7.157684113997585 ], [ 100.432034968789253, 7.15747808438621 ], [ 100.432253173953498, 7.157043597262757 ], [ 100.432608637204936, 7.156601683008989 ], [ 100.432749414730267, 7.156393723360157 ], [ 100.432812764616656, 7.156234040058375 ], [ 100.432907789446247, 7.156174623015851 ], [ 100.433041528095302, 7.156167195885536 ], [ 100.433087280791028, 7.156107778843013 ], [ 100.433171747306233, 7.156070643191435 ], [ 100.433671507521126, 7.15614491449459 ], [ 100.433755974036316, 7.156033507539858 ], [ 100.433812285046443, 7.155862683542603 ], [ 100.434414108967189, 7.155183101118741 ], [ 100.437644953173319, 7.151829751781321 ], [ 100.438313646418607, 7.151302425528925 ], [ 100.439489138755036, 7.150760245015898 ], [ 100.439788290996347, 7.150656265191483 ], [ 100.440411231545895, 7.15069340084306 ], [ 100.440580164576289, 7.150767672146214 ], [ 100.441072885914906, 7.151087038749778 ], [ 100.441505776805272, 7.151302425528925 ], [ 100.441625437701802, 7.151462108830708 ], [ 100.441790851294044, 7.151528953003546 ], [ 100.442128717354819, 7.151402691788184 ], [ 100.44222374218441, 7.151421259613972 ], [ 100.442677749703577, 7.151777761869114 ], [ 100.442931149249162, 7.151844606041952 ], [ 100.443420351149655, 7.151833465346479 ], [ 100.444127758214393, 7.151904023084476 ], [ 100.444250938549047, 7.152119409863623 ], [ 100.444303730121035, 7.152438776467188 ], [ 100.444419871579427, 7.152843555069378 ], [ 100.444444507646367, 7.153081223239472 ], [ 100.444409313265027, 7.153326318539881 ], [ 100.444437468770104, 7.153441439059771 ], [ 100.444733101573277, 7.15354170531903 ], [ 100.444831645840992, 7.153515710362925 ], [ 100.444884437412995, 7.153467434015875 ], [ 100.444821087526606, 7.153352313495986 ], [ 100.444866840222332, 7.153062655413684 ], [ 100.445046331567113, 7.153032946892422 ], [ 100.445299731112698, 7.153051514718211 ], [ 100.445422911447352, 7.152992097675687 ], [ 100.445479222457479, 7.152917826372533 ], [ 100.445496819648142, 7.152605886899284 ], [ 100.444849243031669, 7.151480676656496 ], [ 100.444842204155393, 7.151205872834825 ], [ 100.44485980134607, 7.151168737183248 ] ] ] } },
{ "type": "Feature", "properties": { "id": null, "EL_Hash": "w1r2wdw5bc", "ORDERRIVER_Name_T": 7, "HY_Name_T": "ทะเลสาบสงขลา", "EL_Name": "ทะเลสาบสงขลาdw5bc", "Lat": 7.1335226562100003, "Long": 100.489237746, "Length_km": 0.27508150662000003, "LocalName": "", "ElementA": "w1r2wdw5bc", "ElementB": "w1r2wf9gy5", "ReLation": "FlowsTo" }, "geometry": { "type": "MultiLineString", "coordinates": [ [ [ 100.488837560490751, 7.134169860275344 ], [ 100.489106177554675, 7.133607287552399 ], [ 100.489151930250401, 7.133607287552399 ], [ 100.489366615976522, 7.133391900773251 ], [ 100.490373175282571, 7.13323221747147 ], [ 100.490415408540173, 7.133235931036627 ] ] ] } },
{ "type": "Feature", "properties": { "id": null, "EL_Hash": "w1r2ty1g6c", "ORDERRIVER_Name_T": 7, "HY_Name_T": "ทะเลสาบสงขลา", "EL_Name": "ทะเลสาบสงขลาy1g6c", "Lat": 7.15266690221, "Long": 100.45052133599999, "Length_km": 2.0775410326900001, "LocalName": "", "ElementA": "w1r2ty1g6c", "ElementB": "w1r2tvu6nb", "ReLation": "FlowsTo" }, "geometry": { "type": "MultiLineString", "coordinates": [ [ [ 100.4467708562523, 7.146426514476842 ], [ 100.4467602979379, 7.146441368737473 ], [ 100.446844764453104, 7.146634474125674 ], [ 100.44704889186481, 7.146849860904822 ], [ 100.44724246096213, 7.147102383335547 ], [ 100.447407874554386, 7.147191508899332 ], [ 100.447495860507715, 7.147191508899332 ], [ 100.447573288146643, 7.147076388379443 ], [ 100.447633118594894, 7.146823865948718 ], [ 100.447685910166896, 7.146723599689459 ], [ 100.447812609939689, 7.146708745428828 ], [ 100.44827013689698, 7.14695012716408 ], [ 100.448298292402043, 7.147024398467234 ], [ 100.448238461953778, 7.147432890634583 ], [ 100.44791819308368, 7.148509824530321 ], [ 100.447728143424499, 7.149092854260083 ], [ 100.447728143424499, 7.149285959648284 ], [ 100.447752779491424, 7.149404793733331 ], [ 100.44779853218715, 7.149538482079009 ], [ 100.447879479264216, 7.149720446771737 ], [ 100.447946348588744, 7.149958114941832 ], [ 100.448382758917234, 7.150734250059794 ], [ 100.449033854971844, 7.151488103786811 ], [ 100.449227424069164, 7.151595797176385 ], [ 100.449920753381377, 7.151703490565959 ], [ 100.450160075174423, 7.151874314563214 ], [ 100.450332527642942, 7.152134264124254 ], [ 100.450466266291997, 7.152479625683922 ], [ 100.450508499549599, 7.152643022550862 ], [ 100.450733743590106, 7.15308493680463 ], [ 100.450695029770642, 7.15337830845209 ], [ 100.450466266291997, 7.153838790531647 ], [ 100.450202308432026, 7.154069031571425 ], [ 100.450026336525369, 7.154265850524784 ], [ 100.449955947762703, 7.15454808147677 ], [ 100.450219905622689, 7.154900870166754 ], [ 100.450416994158132, 7.15521652320516 ], [ 100.450561291121588, 7.15560644754672 ], [ 100.450758379657046, 7.156453140402681 ], [ 100.451029376393294, 7.158131671853969 ], [ 100.451300373129527, 7.158762977930781 ], [ 100.451374281330331, 7.158937515493194 ], [ 100.451606564247101, 7.158918947667405 ], [ 100.451787972845892, 7.158856940046435 ] ], [ [ 100.451915304899288, 7.158626307151308 ], [ 100.451814211096959, 7.158057400550814 ], [ 100.451708627952968, 7.157775169598827 ], [ 100.451740302896155, 7.157392672387583 ], [ 100.451754380648694, 7.157377818126952 ], [ 100.451916274802812, 7.15721813482517 ], [ 100.452081688395069, 7.157195853434223 ], [ 100.452194310415322, 7.157180999173593 ], [ 100.452222465920386, 7.157180999173593 ] ] ] } },
{ "type": "Feature", "properties": { "id": null, "EL_Hash": "w1r2wehqqe", "ORDERRIVER_Name_T": 7, "HY_Name_T": "ทะเลสาบสงขลา", "EL_Name": "ทะเลสาบสงขลาehqqe", "Lat": 7.1367115936400003, "Long": 100.487077638, "Length_km": 0.61352759671000001, "LocalName": "", "ElementA": "w1r2wehqqe", "ElementB": "w1r2wdw5bc", "ReLation": "FlowsTo" }, "geometry": { "type": "MultiLineString", "coordinates": [ [ [ 100.484735035393442, 7.13796701304756 ], [ 100.48482302134677, 7.137937304526298 ], [ 100.485171445721932, 7.137833324701882 ], [ 100.485505792344568, 7.137558520880211 ], [ 100.485695842003764, 7.137328279840433 ], [ 100.485674725374963, 7.137305998449486 ], [ 100.48664960973781, 7.136734109415197 ], [ 100.487237355906032, 7.136704400893936 ], [ 100.487638129553616, 7.136321557113071 ] ] ] } },
{ "type": "Feature", "properties": { "id": null, "EL_Hash": "w1r2wf9gy5", "ORDERRIVER_Name_T": 7, "HY_Name_T": "ทะเลสาบสงขลา", "EL_Name": "ทะเลสาบสงขลาf9gy5", "Lat": 7.1335336182700004, "Long": 100.494605655, "Length_km": 0.92804079523000005, "LocalName": "", "ElementA": "w1r2wf9gy5", "ElementB": "w1r2wfygj5", "ReLation": "FlowsTo" }, "geometry": { "type": "MultiLineString", "coordinates": [ [ [ 100.490415408540173, 7.133235931036627 ], [ 100.495856459893858, 7.13362214181303 ], [ 100.498506596808028, 7.133919227025648 ], [ 100.498784632420538, 7.133948935546909 ] ] ] } },
{ "type": "Feature", "properties": { "id": null, "EL_Hash": "w1r2whgsc7", "ORDERRIVER_Name_T": 7, "HY_Name_T": "ทะเลสาบสงขลา", "EL_Name": "ทะเลสาบสงขลาhgsc7", "Lat": 7.1460655220999998, "Long": 100.463846418, "Length_km": 3.5808756863100002, "LocalName": "", "ElementA": "w1r2whgsc7", "ElementB": "w1r2wm61m8", "ReLation": "FlowsTo" }, "geometry": { "type": "MultiLineString", "coordinates": [ [ [ 100.456164236629391, 7.14711352403102 ], [ 100.456502102690166, 7.147120951161335 ], [ 100.45666047740616, 7.147139518987124 ], [ 100.456641854931505, 7.147008521234283 ] ], [ [ 100.456266908455646, 7.146013460710622 ], [ 100.4560586534854, 7.145884333963815 ], [ 100.455653918100111, 7.145227032930899 ], [ 100.455529267110506, 7.144887455280781 ] ], [ [ 100.455506994813732, 7.14482678047806 ], [ 100.455460349002792, 7.144699706678503 ], [ 100.455506244829849, 7.144589736184973 ] ], [ [ 100.46039848049324, 7.143193814613308 ], [ 100.460454431713572, 7.14289862757701 ], [ 100.460686714630356, 7.142727803579755 ], [ 100.461091450015658, 7.142787220622278 ], [ 100.461496185400961, 7.14291348183764 ], [ 100.461795337642258, 7.143084305834895 ], [ 100.462136723141171, 7.143444521655194 ], [ 100.462591534805, 7.14458239397501 ] ], [ [ 100.463079187870235, 7.145151751150679 ], [ 100.463463551317332, 7.145245600756687 ], [ 100.463716950862903, 7.145457273970678 ], [ 100.463826053445032, 7.146010595179177 ], [ 100.464040739171139, 7.146604765604412 ], [ 100.464040739171139, 7.146804703214757 ] ], [ [ 100.466573443734973, 7.151384546775779 ], [ 100.467000586641035, 7.151759194043325 ], [ 100.467201194614617, 7.151959726561842 ], [ 100.467268063939144, 7.152056279255942 ], [ 100.467278622253545, 7.152553896987076 ], [ 100.467433477531401, 7.152813846548117 ], [ 100.467510905170329, 7.153218625150307 ], [ 100.467506992133579, 7.153249886625599 ] ], [ [ 100.465706609777683, 7.154714471061793 ], [ 100.465751186103802, 7.154815458168127 ], [ 100.466388204405888, 7.155394774332731 ], [ 100.467021703269836, 7.155855256412288 ], [ 100.467261025062882, 7.155940668410915 ], [ 100.467725590896436, 7.155907246324496 ], [ 100.468084573586012, 7.155699286675663 ], [ 100.46880253896515, 7.155287080943157 ], [ 100.469045380196334, 7.155045699207905 ], [ 100.469158002216588, 7.154930578688016 ], [ 100.469351571313908, 7.154733759734657 ] ] ] } },
{ "type": "Feature", "properties": { "id": null, "EL_Hash": "w1r2wm61m8", "ORDERRIVER_Name_T": 7, "HY_Name_T": "ทะเลสาบสงขลา", "EL_Name": "ทะเลสาบสงขลาm61m8", "Lat": 7.14819621975, "Long": 100.47296320300001, "Length_km": 1.67540356344, "LocalName": "", "ElementA": "w1r2wm61m8", "ElementB": "w1r2ws383c", "ReLation": "FlowsTo" }, "geometry": { "type": "MultiLineString", "coordinates": [ [ [ 100.469351571313908, 7.154733759734657 ], [ 100.469555698725628, 7.154529513650982 ], [ 100.470101211636248, 7.153879639748381 ], [ 100.470910682406839, 7.152795278722328 ], [ 100.471804619692634, 7.151187305009036 ], [ 100.472744309674155, 7.149278532517969 ], [ 100.472811178998683, 7.149022296522086 ], [ 100.472811178998683, 7.148814336873254 ], [ 100.472842853941884, 7.148684362092734 ], [ 100.472849892818147, 7.148439266792325 ], [ 100.47287804832321, 7.14835014122854 ], [ 100.472958995400276, 7.148212739317704 ], [ 100.47298715090534, 7.14810504592813 ], [ 100.47298715090534, 7.147956503321821 ], [ 100.472807659560559, 7.147674272369835 ], [ 100.472797101246158, 7.147574006110577 ], [ 100.47291324270455, 7.147354905766271 ], [ 100.473310939213576, 7.146281685435691 ], [ 100.473909243696198, 7.14568008788014 ], [ 100.474475873235619, 7.145524118143516 ], [ 100.47529590232061, 7.145676374314982 ], [ 100.47623911174027, 7.145579821620882 ], [ 100.476306140352222, 7.145591669091841 ] ], [ [ 100.477801279698156, 7.144875935848762 ], [ 100.477840456090803, 7.144788832242288 ], [ 100.477865092157742, 7.144729415199764 ] ] ] } },
{ "type": "Feature", "properties": { "id": null, "EL_Hash": "w1r2ttw9ub", "ORDERRIVER_Name_T": 7, "HY_Name_T": "ทะเลสาบสงขลา", "EL_Name": "ทะเลสาบสงขลาtw9ub", "Lat": 7.1496576265799998, "Long": 100.44614805000001, "Length_km": 0.4604773774, "LocalName": "", "ElementA": "w1r2ttw9ub", "ElementB": "w1r2tsknk0", "ReLation": "FlowsTo" }, "geometry": { "type": "MultiLineString", "coordinates": [ [ [ 100.44485980134607, 7.151168737183248 ], [ 100.445085045386577, 7.150648838061167 ], [ 100.44518710909243, 7.150596848148959 ], [ 100.445320847741485, 7.150526290410962 ], [ 100.445732622003064, 7.149998964158566 ], [ 100.445908593909706, 7.149876416508362 ], [ 100.445964904919833, 7.149813285900681 ], [ 100.446038813120637, 7.149672170424688 ], [ 100.446063449187562, 7.149646175468583 ], [ 100.446133837950228, 7.149649889033741 ], [ 100.44624997940862, 7.149713019641422 ], [ 100.446292212666208, 7.149690738250476 ], [ 100.446295732104346, 7.149479065036486 ], [ 100.446274615475545, 7.149412220863647 ], [ 100.44621478502728, 7.149349090255965 ], [ 100.446081046378225, 7.149077999999452 ], [ 100.445905074471582, 7.14887004035062 ], [ 100.445700947059862, 7.148803196177781 ], [ 100.445387717066012, 7.148439266792325 ], [ 100.445366600437225, 7.148428126096851 ], [ 100.445401794818551, 7.148175603666127 ], [ 100.445401794818551, 7.148175603666127 ] ] ] } },
{ "type": "Feature", "properties": { "id": null, "EL_Hash": "w1r2ws383c", "ORDERRIVER_Name_T": 7, "HY_Name_T": "ทะเลสาบสงขลา", "EL_Name": "ทะเลสาบสงขลาs383c", "Lat": 7.1425397036799998, "Long": 100.48309550099999, "Length_km": 1.3507752595, "LocalName": "", "ElementA": "w1r2ws383c", "ElementB": "w1r2wehqqe", "ReLation": "FlowsTo" }, "geometry": { "type": "MultiLineString", "coordinates": [ [ [ 100.477865092157742, 7.144729415199764 ], [ 100.477967155863595, 7.144599440419245 ], [ 100.478502110459814, 7.1443134959021 ], [ 100.479413644936272, 7.143901290169594 ], [ 100.480233674021278, 7.144023837819798 ], [ 100.481053703106269, 7.144023837819798 ], [ 100.481968757020866, 7.143864154518016 ], [ 100.482753591724531, 7.143166004268365 ], [ 100.483098496661569, 7.142538411756711 ], [ 100.48350675148501, 7.142378728454929 ], [ 100.483978356194839, 7.142315597847248 ], [ 100.484164886415883, 7.141903392114741 ], [ 100.484573141239323, 7.14136863873203 ], [ 100.484794960613101, 7.140798130635303 ] ], [ [ 100.484826177542033, 7.140585595900516 ], [ 100.484442922028393, 7.139794087105157 ], [ 100.48422119742601, 7.139292755808865 ], [ 100.484245833492949, 7.138728293904892 ], [ 100.484175444730283, 7.138182399826707 ], [ 100.484133211472681, 7.13814526417513 ], [ 100.484735035393442, 7.13796701304756 ] ] ] } },
{ "type": "Feature", "properties": { "id": null, "EL_Hash": "w1r2tsknk0", "ORDERRIVER_Name_T": 7, "HY_Name_T": "ทะเลสาบสงขลา", "EL_Name": "ทะเลสาบสงขลาsknk0", "Lat": 7.1435644724999996, "Long": 100.442677245, "Length_km": 1.90502041663, "LocalName": "", "ElementA": "w1r2tsknk0", "ElementB": "w1r2ty1g6c", "ReLation": "FlowsTo" }, "geometry": { "type": "MultiLineString", "coordinates": [ [ [ 100.445401794818551, 7.148175603666127 ], [ 100.445412353132951, 7.148082764537184 ], [ 100.445433469761753, 7.147666845239519 ], [ 100.44518710909243, 7.147440317764898 ], [ 100.444831645840992, 7.147072674814284 ], [ 100.444560649104758, 7.146890710121556 ], [ 100.444345963378638, 7.14656020282252 ], [ 100.443585764741897, 7.146062585091386 ], [ 100.443103601717681, 7.145836057616765 ], [ 100.442104081287894, 7.145568680925408 ], [ 100.441797890170321, 7.145553826664778 ], [ 100.441586723882338, 7.145464701100993 ], [ 100.441481140738347, 7.145282736408264 ], [ 100.441628957139926, 7.144751696590711 ], [ 100.441569126691661, 7.14452516911609 ], [ 100.441357960403678, 7.144428616421989 ], [ 100.441213663440237, 7.144209516077684 ], [ 100.441210144002099, 7.14379359678002 ], [ 100.441354440965554, 7.143574496435714 ], [ 100.441966823200701, 7.143489084437086 ], [ 100.442100561849756, 7.143485370871929 ], [ 100.442199106117485, 7.143481657306771 ], [ 100.442558088807047, 7.143474230176456 ], [ 100.442892435429698, 7.143730466172339 ], [ 100.443561128674972, 7.144632862505664 ], [ 100.443635036875762, 7.144662571026926 ], [ 100.443726542267228, 7.144618008245033 ], [ 100.443712464514689, 7.144302355206626 ], [ 100.443663192380825, 7.143830732431597 ], [ 100.443715983952828, 7.143734179737496 ], [ 100.44388139754507, 7.143749033998127 ], [ 100.444511376970894, 7.144012697124325 ], [ 100.444609921238623, 7.144109249818426 ], [ 100.444634557305548, 7.144246651729262 ], [ 100.444627518429286, 7.144450897812936 ], [ 100.444462104837029, 7.144540023376721 ], [ 100.44427909405411, 7.144577159028298 ], [ 100.444257977425309, 7.144662571026926 ], [ 100.444338924502375, 7.144811113633234 ], [ 100.444437468770104, 7.144874244240915 ], [ 100.444726062697001, 7.144896525631862 ], [ 100.445021695500188, 7.144796259372604 ], [ 100.445201186844969, 7.144629148940506 ], [ 100.445285653360159, 7.144439757117462 ], [ 100.445345483808424, 7.144358058683993 ], [ 100.445595363915871, 7.144417475726517 ], [ 100.445890996719044, 7.144669998157241 ], [ 100.446088085254488, 7.1447702644165 ], [ 100.446218304465418, 7.145316158494684 ], [ 100.446271096037407, 7.145720937096876 ], [ 100.446179590645954, 7.145914042485076 ], [ 100.446179590645954, 7.146066298656543 ], [ 100.446271096037407, 7.14610343430812 ], [ 100.446295732104346, 7.146096007177805 ], [ 100.446619520412582, 7.146318821087267 ], [ 100.4467708562523, 7.146426514476842 ] ] ] } },
{ "type": "Feature", "properties": { "id": null, "EL_Hash": "w1r2wfygj5", "ORDERRIVER_Name_T": 7, "HY_Name_T": "ทะเลสาบสงขลา", "EL_Name": "ทะเลสาบสงขลาfygj5", "Lat": 7.1347793898500003, "Long": 100.501437876, "Length_km": 0.61743677095000005, "LocalName": "", "ElementA": "w1r2wfygj5", "ElementB": "w1r2x5qpqb", "ReLation": "FlowsTo" }, "geometry": { "type": "MultiLineString", "coordinates": [ [ [ 100.498784632420538, 7.133948935546909 ], [ 100.499182328929578, 7.133989784763644 ], [ 100.499418131284486, 7.134019493284906 ], [ 100.501406613829658, 7.134769633446765 ], [ 100.502824947397272, 7.135207834135375 ], [ 100.502863661216736, 7.135189266309587 ], [ 100.503222057230104, 7.135326282472516 ] ] ] } },
{ "type": "Feature", "properties": { "id": null, "EL_Hash": "w1r2x5qpqb", "ORDERRIVER_Name_T": 7, "HY_Name_T": "ทะเลสาบสงขลา", "EL_Name": "ทะเลสาบสงขลา5qpqb", "Lat": 7.1382403222499997, "Long": 100.511465723, "Length_km": 1.7319565539, "LocalName": "", "ElementA": "w1r2x5qpqb", "ElementB": "w1r2x7jr1u", "ReLation": "FlowsTo" }, "geometry": { "type": "MultiLineString", "coordinates": [ [ [ 100.505572001525977, 7.136213927175524 ], [ 100.510490283651052, 7.138044997915872 ], [ 100.51171856755947, 7.138290093216281 ], [ 100.512063472496521, 7.138256671129862 ], [ 100.512362335604735, 7.138106924893223 ] ] ] } },
{ "type": "Feature", "properties": { "id": null, "EL_Hash": "w1r2v11d7t", "ORDERRIVER_Name_T": 7, "HY_Name_T": "ทะเลสาบสงขลา", "EL_Name": "ทะเลสาบสงขลา11d7t", "Lat": 7.1689924613200002, "Long": 100.417255744, "Length_km": 4.2091872404200004, "LocalName": "", "ElementA": "w1r2v11d7t", "ElementB": "w1r2tqr1jp", "ReLation": "FlowsTo" }, "geometry": { "type": "MultiLineString", "coordinates": [ [ [ 100.42367554844617, 7.160491687940589 ], [ 100.423866352882456, 7.160344956687968 ], [ 100.423978974902724, 7.160136997039136 ], [ 100.424091596922977, 7.160033017214721 ], [ 100.42430276321096, 7.159947605216093 ], [ 100.424450579612554, 7.15988818817357 ], [ 100.424524487813343, 7.159899328869042 ], [ 100.424705533428238, 7.160113025486174 ] ], [ [ 100.424827194060612, 7.15997788209535 ], [ 100.424795484549591, 7.159955032346408 ], [ 100.424369632535488, 7.15947969600622 ], [ 100.424348515906686, 7.159372002616647 ] ] ] } },
{ "type": "Feature", "properties": { "id": null, "EL_Hash": "w1prk7x98d", "ORDERRIVER_Name_T": 4, "HY_Name_T": "คลองทอน", "EL_Name": "คลองทอน7x98d", "Lat": 6.9189125839500001, "Long": 100.392407253, "Length_km": 2.42032731313, "LocalName": "", "ElementA": "w1prk7x98d", "ElementB": "w1prku4gep", "ReLation": "FlowsTo" }, "geometry": { "type": "MultiLineString", "coordinates": [ [ [ 100.385821226664277, 6.917451800417109 ], [ 100.386166131601314, 6.917392383374586 ], [ 100.386412492270622, 6.91737010198364 ], [ 100.38675739720766, 6.917410951200375 ], [ 100.3871445354023, 6.917637478674996 ], [ 100.387408493262271, 6.917800875541936 ], [ 100.387651334493455, 6.918064538668133 ], [ 100.387714684379844, 6.918205654144126 ], [ 100.387732281570507, 6.918473030835482 ], [ 100.38759150404519, 6.91881839239515 ], [ 100.387570387416389, 6.919018924913667 ], [ 100.387587984607052, 6.919327150821757 ], [ 100.387587984607052, 6.919568532557009 ], [ 100.387630217864654, 6.91979506003163 ], [ 100.387792112018772, 6.919936175507623 ], [ 100.38795400617289, 6.919936175507623 ], [ 100.388119419765147, 6.919835909248365 ], [ 100.388503038521648, 6.919776492205841 ], [ 100.388647335485103, 6.919754210814895 ], [ 100.388809229639222, 6.919817341422576 ], [ 100.389094304127994, 6.919980738289516 ], [ 100.389502558951435, 6.920062436722985 ], [ 100.390072707928979, 6.920203552198979 ], [ 100.390459846123619, 6.92018498437319 ], [ 100.390681570726002, 6.920084718113932 ], [ 100.390864581508922, 6.919880472030258 ], [ 100.391374900038215, 6.919798773596788 ], [ 100.391762038232841, 6.919616808904059 ], [ 100.391987282273362, 6.919598241078271 ], [ 100.392025996092826, 6.919698507337529 ], [ 100.391864101938708, 6.919921321246992 ], [ 100.391800752052305, 6.920025301071409 ], [ 100.392025996092826, 6.920066150288143 ], [ 100.3923321872104, 6.920043868897197 ], [ 100.392553911812783, 6.919884185595415 ], [ 100.392617261699172, 6.919720788728475 ], [ 100.392434250916253, 6.919557391861535 ], [ 100.392311070581599, 6.919334577952073 ], [ 100.392395537096789, 6.918926085784724 ], [ 100.392701728214362, 6.918603005616002 ], [ 100.392902336187959, 6.918458176574851 ], [ 100.393106463599665, 6.918458176574851 ], [ 100.393229643934319, 6.918521307182532 ], [ 100.393493601794304, 6.918825819525465 ], [ 100.393574548871356, 6.918744121091995 ], [ 100.393574548871356, 6.918580724225055 ], [ 100.393454887974841, 6.91838019170654 ], [ 100.393412654717238, 6.9182167948396 ], [ 100.393493601794304, 6.918094247189395 ], [ 100.39363789875776, 6.9182167948396 ], [ 100.393940570437195, 6.918521307182532 ], [ 100.394144697848915, 6.918521307182532 ], [ 100.39426787818357, 6.918521307182532 ], [ 100.394450888966489, 6.918603005616002 ], [ 100.39447200559529, 6.918684704049472 ], [ 100.394429772337688, 6.918766402482942 ], [ 100.394246761554768, 6.918807251699676 ], [ 100.394144697848915, 6.918848100916412 ], [ 100.394123581220114, 6.91894836717567 ], [ 100.394246761554768, 6.919070914825875 ], [ 100.394552952672342, 6.919093196216821 ], [ 100.394855624351791, 6.919070914825875 ], [ 100.395080868392299, 6.918952080740827 ], [ 100.395263879175218, 6.918747834657153 ], [ 100.395468006586938, 6.918302206838227 ], [ 100.395531356473342, 6.917975413104347 ], [ 100.395471526025077, 6.917689468587204 ], [ 100.395246281984555, 6.917344107027536 ], [ 100.395123101649901, 6.917180710160596 ], [ 100.395228684793892, 6.916794499384194 ], [ 100.395411695576811, 6.916471419215473 ], [ 100.395594706359731, 6.916285740957586 ], [ 100.395735483885048, 6.916389720782003 ], [ 100.395900897477304, 6.916634816082412 ], [ 100.396101505450886, 6.916716514515882 ], [ 100.396347866120195, 6.916653383908201 ], [ 100.396632940608981, 6.916412002172948 ], [ 100.397101025880673, 6.916207756089274 ], [ 100.397467047446511, 6.916107489830016 ], [ 100.397635980476892, 6.91623003748022 ], [ 100.397748602497145, 6.916315449478848 ], [ 100.397794355192886, 6.91639343434716 ], [ 100.398051274176595, 6.916382293651687 ] ] ] } },
{ "type": "Feature", "properties": { "id": null, "EL_Hash": "w1prm5es76", "ORDERRIVER_Name_T": 4, "HY_Name_T": "คลองทอน", "EL_Name": "คลองทอน5es76", "Lat": 6.9193817773, "Long": 100.419995055, "Length_km": 1.4404903038900001, "LocalName": "", "ElementA": "w1prm5es76", "ElementB": "w1prmkdy97", "ReLation": "FlowsTo" }, "geometry": { "type": "MultiLineString", "coordinates": [ [ [ 100.416260847076956, 6.918406186662644 ], [ 100.416260847076956, 6.918406186662644 ], [ 100.416405144040411, 6.918309633968542 ], [ 100.416567038194529, 6.918250216926019 ], [ 100.416750048977448, 6.918094247189395 ], [ 100.417179420429676, 6.917823156932881 ], [ 100.417380028403258, 6.917826870498039 ], [ 100.417418742222722, 6.917867719714774 ], [ 100.417334275707532, 6.917986553799821 ], [ 100.417172381553414, 6.918123955710657 ], [ 100.417049201218759, 6.918242789795704 ], [ 100.417049201218759, 6.918320774664016 ], [ 100.417165342677151, 6.91852502074769 ], [ 100.417443378289661, 6.918629000572106 ], [ 100.417601753005641, 6.918714412570734 ], [ 100.41800296895282, 6.918744121091995 ], [ 100.418238771307728, 6.919007784218193 ], [ 100.418562559615964, 6.918955794305985 ], [ 100.418780764780209, 6.919018924913667 ], [ 100.418914503429278, 6.919423703515858 ], [ 100.419034164325794, 6.919486834123539 ], [ 100.419034164325794, 6.919405135690069 ], [ 100.41900600882073, 6.918922372219566 ], [ 100.419129189155385, 6.918703271875261 ], [ 100.419248850051915, 6.918706985440418 ], [ 100.419350913757768, 6.918729266831365 ], [ 100.419544482855088, 6.918992929957563 ], [ 100.419762688019333, 6.919238025257972 ], [ 100.420002009812379, 6.919386567864281 ], [ 100.420283564863027, 6.91937171360365 ], [ 100.420526406094211, 6.919174894650291 ], [ 100.420667183619528, 6.919137758998714 ], [ 100.420727014067793, 6.91916004038966 ], [ 100.420948738670177, 6.919241738823129 ], [ 100.421089516195494, 6.919167467519975 ], [ 100.421216215968286, 6.918888950133146 ], [ 100.422022167300753, 6.918721839701049 ], [ 100.422405786057254, 6.918751548222311 ], [ 100.422884429643346, 6.918859241611885 ], [ 100.423148387503318, 6.918825819525465 ], [ 100.423289165028649, 6.918807251699676 ], [ 100.423532006259819, 6.918632714137264 ], [ 100.423556642326758, 6.918391332402012 ], [ 100.423479214687831, 6.918250216926019 ], [ 100.423303242781174, 6.918086820059079 ], [ 100.423046323797465, 6.917819443367724 ], [ 100.422789404813756, 6.917533498850579 ], [ 100.422733093803629, 6.91737010198364 ], [ 100.422778846499355, 6.917173283030281 ], [ 100.422919624024672, 6.917173283030281 ], [ 100.423060401549989, 6.917176996595439 ], [ 100.423123751436393, 6.917039594684603 ], [ 100.423102634807591, 6.916653383908201 ] ] ] } },
{ "type": "Feature", "properties": { "id": null, "EL_Hash": "w1prtpw2vk", "ORDERRIVER_Name_T": 4, "HY_Name_T": "คลองต่ำ", "EL_Name": "คลองต่ำpw2vk", "Lat": 6.9847117571600004, "Long": 100.423848307, "Length_km": 0.44652144842000002, "LocalName": "", "ElementA": "w1prtpw2vk", "ElementB": "w1prv3ewuy", "ReLation": "FlowsTo" }, "geometry": { "type": "MultiLineString", "coordinates": [ [ [ 100.422462097067381, 6.983297024228607 ], [ 100.422733093803629, 6.983679521439852 ], [ 100.422944260091612, 6.983861486132581 ], [ 100.423261009523586, 6.984043450825308 ], [ 100.423619992213148, 6.984329395342453 ], [ 100.42383115850113, 6.984659902641489 ], [ 100.423961377712061, 6.985072108373996 ], [ 100.424123271866179, 6.985963364011848 ], [ 100.424211257819508, 6.986193605051627 ], [ 100.424253491077096, 6.986397851135301 ], [ 100.424383710288026, 6.986646660000869 ] ] ] } },
{ "type": "Feature", "properties": { "id": null, "EL_Hash": "w1prvzebec", "ORDERRIVER_Name_T": 6, "HY_Name_T": "คลองอู่ตะเภา", "EL_Name": "คลองอู่ตะเภาzebec", "Lat": 7.0285985490699998, "Long": 100.453314097, "Length_km": 2.3913449765900001, "LocalName": "", "ElementA": "w1prvzebec", "ElementB": "w1r2jgehqg", "ReLation": "FlowsTo" }, "geometry": { "type": "MultiLineString", "coordinates": [ [ [ 100.452257660301711, 7.019793942598659 ], [ 100.452257660301711, 7.019831078250236 ], [ 100.452285815806789, 7.019949912335283 ], [ 100.452437151646507, 7.020291560329794 ], [ 100.452496982094772, 7.020555223455991 ], [ 100.45254977366676, 7.020859735798924 ], [ 100.452532176476097, 7.021082549708387 ], [ 100.452500501532896, 7.021179102402488 ], [ 100.452349165693178, 7.0212570872708 ], [ 100.452028896823066, 7.021431624833212 ], [ 100.451409475711657, 7.021691574394253 ], [ 100.451127920661008, 7.021806694914142 ], [ 100.450899157182363, 7.021929242564347 ], [ 100.45067743257998, 7.022077785170656 ], [ 100.450564810559726, 7.022300599080118 ], [ 100.450480344044536, 7.022920764461458 ], [ 100.450512018987723, 7.023637482536897 ], [ 100.450631679884253, 7.024164808789293 ], [ 100.450765418533308, 7.024547306000538 ], [ 100.451054012460219, 7.02509691364388 ], [ 100.451335567510867, 7.025490551550599 ], [ 100.45154673379885, 7.025735646851007 ], [ 100.451926833117213, 7.026229551016984 ], [ 100.452401957265167, 7.026942555527266 ], [ 100.45282780927927, 7.027648132907233 ], [ 100.453221986350172, 7.02840198663425 ], [ 100.45349298308642, 7.028985016364011 ], [ 100.453570410725348, 7.029482634095145 ], [ 100.453563371849071, 7.029827995654813 ], [ 100.453503541400821, 7.030340467646578 ], [ 100.453419074885616, 7.030774954770031 ], [ 100.453355724999227, 7.031216869023799 ], [ 100.453327569494164, 7.031744195276195 ], [ 100.453253661293374, 7.031959582055343 ], [ 100.453063611634192, 7.032304943615011 ], [ 100.452753901078481, 7.032813702041619 ], [ 100.452338607378778, 7.033504425160954 ], [ 100.451979624689201, 7.034124590542293 ], [ 100.451733264019893, 7.03455165053543 ], [ 100.451567850427637, 7.034997278354356 ], [ 100.451497461664985, 7.035390916261075 ], [ 100.451469306159922, 7.035773413472319 ], [ 100.451462267283645, 7.03603336303336 ], [ 100.451504500541247, 7.036649814849541 ], [ 100.451567850427637, 7.037258839535407 ], [ 100.451722705705492, 7.038086964565577 ], [ 100.451838847163884, 7.038837104727437 ], [ 100.451842366602023, 7.038859386118383 ] ] ] } },
{ "type": "Feature", "properties": { "id": null, "EL_Hash": "w1r2q823p5", "ORDERRIVER_Name_T": 6, "HY_Name_T": "คลองอู่ตะเภา", "EL_Name": "คลองอู่ตะเภา823p5", "Lat": 7.0767571493699997, "Long": 100.48160107699999, "Length_km": 0.36468873641, "LocalName": "", "ElementA": "w1r2q823p5", "ElementB": "w1r2q74gcd", "ReLation": "FlowsTo" }, "geometry": { "type": "MultiLineString", "coordinates": [ [ [ 100.481169844564661, 7.075285746750438 ], [ 100.481447880177171, 7.075530842050848 ], [ 100.481585138264364, 7.075794505177046 ], [ 100.481666085341431, 7.076139866736714 ], [ 100.481666085341431, 7.076548358904063 ], [ 100.481511230063575, 7.077045976635197 ], [ 100.481159286250261, 7.077591870713381 ], [ 100.48070175929297, 7.078115483400619 ], [ 100.480698239854831, 7.078115483400619 ] ] ] } },
{ "type": "Feature", "properties": { "id": null, "EL_Hash": "w1r2tvu6nb", "ORDERRIVER_Name_T": 7, "HY_Name_T": "ทะเลสาบสงขลา", "EL_Name": "ทะเลสาบสงขลาvu6nb", "Lat": 7.1510735800600003, "Long": 100.454128473, "Length_km": 1.5191964525899999, "LocalName": "", "ElementA": "w1r2tvu6nb", "ElementB": "w1r2whgsc7", "ReLation": "FlowsTo" }, "geometry": { "type": "MultiLineString", "coordinates": [ [ [ 100.452222465920386, 7.157180999173593 ], [ 100.452475865465971, 7.157180999173593 ], [ 100.452722226135279, 7.157073305784019 ], [ 100.453035456129115, 7.1565831151832 ], [ 100.453172714216308, 7.156059502495962 ], [ 100.453207908597633, 7.155498754157147 ], [ 100.453204389159509, 7.154867448080335 ], [ 100.453098806015518, 7.154414393131093 ], [ 100.45309528657738, 7.154098740092687 ], [ 100.453236064102711, 7.153504569667452 ], [ 100.453478905333881, 7.153047801153053 ], [ 100.453503541400821, 7.152862122895167 ], [ 100.45357744960161, 7.152672731072124 ], [ 100.453573930163472, 7.152516761335499 ], [ 100.453626721735475, 7.152342223773086 ], [ 100.45385548521412, 7.151885455258687 ], [ 100.454009723593686, 7.151671474483821 ] ], [ [ 100.453349858159896, 7.15006524609124 ], [ 100.453320530617901, 7.149980396332777 ], [ 100.453302933427238, 7.14968331112016 ], [ 100.45337332218989, 7.149386225907543 ], [ 100.453739343755728, 7.148665794266946 ], [ 100.453806213080256, 7.148331573402751 ], [ 100.453806213080256, 7.148034488190134 ], [ 100.453788615889593, 7.147841382801932 ], [ 100.453880121281045, 7.147414322808794 ], [ 100.454232065094359, 7.146783016731982 ], [ 100.454636800479662, 7.146675323342409 ], [ 100.455530737765443, 7.14695012716408 ], [ 100.455808773377953, 7.147098669770388 ], [ 100.455977706408348, 7.147139518987124 ], [ 100.456016420227812, 7.14711352403102 ], [ 100.456164236629391, 7.14711352403102 ] ] ] } }
]
}
