{
"type": "FeatureCollection",
"name": "flood_20251127",
"crs": { "type": "name", "properties": { "name": "urn:ogc:def:crs:OGC:1.3:CRS84" } },
"features": [
{ "type": "Feature", "properties": { "TB_IDN": 901002, "TB_TN": "ต.ปริก", "AP_IDN": 9010, "AP_TN": "อ.สะเดา", "PV_IDN": 90, "PV_TN": "จ.สงขลา", "RE_NESDB": "South", "RE_ROYIN": "South", "F_AREA": 14531.3274693, "flood_area": 9.08208, "A": 0.015 }, "geometry": { "type": "MultiPolygon", "coordinates": [ [ [ [ 100.430245375143215, 6.725914304700833 ], [ 100.430245375143215, 6.725751151249995 ], [ 100.431061142397141, 6.725751151249995 ], [ 100.431061142397141, 6.725587997799155 ], [ 100.431224295848068, 6.725587997799155 ], [ 100.431224295848068, 6.725277630120665 ], [ 100.431183279241338, 6.725221053275945 ], [ 100.431135004895211, 6.725098537446642 ], [ 100.430897988946569, 6.725098537446642 ], [ 100.430897988946569, 6.724935383995803 ], [ 100.430734835495642, 6.724935383995803 ], [ 100.430734835495642, 6.724772230544963 ], [ 100.430408528593787, 6.724772230544965 ], [ 100.430408528593787, 6.724609077094125 ], [ 100.430082221692288, 6.724609077094125 ], [ 100.430082221692288, 6.724772230544963 ], [ 100.429919068241361, 6.724772230544965 ], [ 100.429919068241361, 6.725751151249995 ], [ 100.430082221692288, 6.725751151249994 ], [ 100.430082221692288, 6.725914304700834 ], [ 100.430245375143215, 6.725914304700833 ] ] ] ] } },
{ "type": "Feature", "properties": { "TB_IDN": 901003, "TB_TN": "ต.พังลา", "AP_IDN": 9010, "AP_TN": "อ.สะเดา", "PV_IDN": 90, "PV_TN": "จ.สงขลา", "RE_NESDB": "South", "RE_ROYIN": "South", "F_AREA": 230238.15617199999, "flood_area": 143.899, "A": 0.23 }, "geometry": { "type": "MultiPolygon", "coordinates": [ [ [ [ 100.447865947833407, 6.761155450081756 ], [ 100.448192254735261, 6.761155450081752 ], [ 100.448192254735261, 6.760665989729225 ], [ 100.448029101284334, 6.760665989729239 ], [ 100.44802910128432, 6.760502836278405 ], [ 100.447865947833392, 6.760502836278394 ], [ 100.447865947833407, 6.76017652937671 ], [ 100.447702794382835, 6.760176529376723 ], [ 100.447702794382835, 6.75968706902421 ], [ 100.447376487480994, 6.759687069024197 ], [ 100.44737648748098, 6.759523915573364 ], [ 100.447213334030053, 6.759523915573361 ], [ 100.447213334030053, 6.759687069024202 ], [ 100.447050180579481, 6.759687069024197 ], [ 100.447050180579481, 6.760176529376709 ], [ 100.447213334030053, 6.76017652937672 ], [ 100.447213334030053, 6.761155450081755 ], [ 100.44737648748098, 6.761155450081739 ], [ 100.44737648748098, 6.761318603532583 ], [ 100.447865947833407, 6.761318603532594 ], [ 100.447865947833407, 6.761155450081756 ] ] ], [ [ [ 100.442645037406592, 6.795580828208553 ], [ 100.442645037406578, 6.795254521306879 ], [ 100.443623958111786, 6.795254521306888 ], [ 100.443623958111786, 6.795091367856043 ], [ 100.444602878816639, 6.795091367856048 ], [ 100.444602878816639, 6.794928214405208 ], [ 100.445092339169406, 6.794928214405197 ], [ 100.44509233916942, 6.794765060954362 ], [ 100.445581799521847, 6.79476506095436 ], [ 100.445581799521847, 6.794928214405214 ], [ 100.445744952972774, 6.794928214405206 ], [ 100.445744952972774, 6.794765060954362 ], [ 100.446071259874273, 6.794765060954373 ], [ 100.446071259874273, 6.79460190750353 ], [ 100.4462344133252, 6.794601907503531 ], [ 100.4462344133252, 6.794438754052701 ], [ 100.446397566776142, 6.794438754052692 ], [ 100.446397566776128, 6.794112447151012 ], [ 100.4462344133252, 6.794112447151011 ], [ 100.4462344133252, 6.793949293700173 ], [ 100.445744952972774, 6.79394929370017 ], [ 100.44574495297276, 6.793786140249333 ], [ 100.445418646070934, 6.793786140249334 ], [ 100.44541864607092, 6.793622986798496 ], [ 100.443623958111786, 6.793622986798497 ], [ 100.443623958111786, 6.793786140249343 ], [ 100.443297651209917, 6.79378614024934 ], [ 100.443297651209946, 6.793949293700168 ], [ 100.442971344308418, 6.793949293700177 ], [ 100.442971344308432, 6.794275600601846 ], [ 100.442808190857505, 6.79427560060186 ], [ 100.442808190857505, 6.794601907503532 ], [ 100.442971344308447, 6.794601907503524 ], [ 100.442971344308432, 6.794928214405212 ], [ 100.442808190857519, 6.794928214405216 ], [ 100.442808190857491, 6.795091367856053 ], [ 100.442645037406578, 6.795091367856037 ], [ 100.442645037406564, 6.794928214405215 ], [ 100.442481883956006, 6.794928214405204 ], [ 100.442481883955992, 6.794765060954373 ], [ 100.442318730505065, 6.794765060954376 ], [ 100.442318730505079, 6.794601907503537 ], [ 100.442155577054166, 6.794601907503531 ], [ 100.442155577054152, 6.794438754052686 ], [ 100.441666116701725, 6.794438754052694 ], [ 100.441666116701725, 6.794601907503536 ], [ 100.441502963250812, 6.794601907503538 ], [ 100.441502963250798, 6.794765060954377 ], [ 100.441339809799871, 6.794765060954373 ], [ 100.441339809799871, 6.794967933627881 ], [ 100.441612208940711, 6.795182288114561 ], [ 100.441702941040788, 6.795206295811546 ], [ 100.442287973108193, 6.795582676211908 ], [ 100.442351410087696, 6.795646896844642 ], [ 100.442386664892439, 6.795723707291795 ], [ 100.442416676177103, 6.795820908667535 ], [ 100.442418001374136, 6.795853422550946 ], [ 100.442420817387301, 6.79585914955026 ], [ 100.442419242456552, 6.795883872671857 ], [ 100.442436452023216, 6.796306111648533 ], [ 100.442431024421651, 6.79635458780638 ], [ 100.442420532832628, 6.796395370593208 ], [ 100.442392111560181, 6.796443703628393 ], [ 100.44235584858535, 6.796520072349695 ], [ 100.442334948649858, 6.796577367437115 ], [ 100.442321519299426, 6.796816079608218 ], [ 100.442329062086699, 6.796896360221933 ], [ 100.442418156309913, 6.796955348315095 ], [ 100.442664668988996, 6.7969387137651 ], [ 100.442971344308432, 6.796885459718408 ], [ 100.442971344308432, 6.796559748913507 ], [ 100.442808190857491, 6.796559748913507 ], [ 100.442808190857505, 6.796396595462655 ], [ 100.442645037406592, 6.796396595462671 ], [ 100.442645037406578, 6.796070288560985 ], [ 100.442481883956006, 6.796070288560991 ], [ 100.44248188395602, 6.795580828208565 ], [ 100.442645037406592, 6.795580828208553 ] ] ], [ [ [ 100.445255492619992, 6.811569866390626 ], [ 100.445255492619978, 6.811406712939791 ], [ 100.44541864607092, 6.811406712939798 ], [ 100.445418646070934, 6.811243559488964 ], [ 100.445744952972774, 6.811243559488962 ], [ 100.445744952972774, 6.811080406038119 ], [ 100.445908106423346, 6.811080406038115 ], [ 100.445908106423332, 6.810917252587275 ], [ 100.446071259874273, 6.810917252587288 ], [ 100.446071259874273, 6.810754099136434 ], [ 100.446234413325215, 6.810754099136446 ], [ 100.446234413325215, 6.810427792234766 ], [ 100.446071259874273, 6.810427792234772 ], [ 100.446071259874273, 6.810264638783924 ], [ 100.4462344133252, 6.810264638783932 ], [ 100.446234413325215, 6.810101485333091 ], [ 100.446071259874259, 6.810101485333091 ], [ 100.446071259874273, 6.809285718078901 ], [ 100.445908106423332, 6.8092857180789 ], [ 100.445908106423346, 6.80863310427555 ], [ 100.445744952972774, 6.808633104275552 ], [ 100.445744952972774, 6.807980490472192 ], [ 100.445581799521847, 6.807980490472185 ], [ 100.445581799521847, 6.807654183570513 ], [ 100.445744952972774, 6.807654183570517 ], [ 100.445744952972774, 6.807327876668847 ], [ 100.445908106423332, 6.807327876668843 ], [ 100.445908106423346, 6.807164723218 ], [ 100.446071259874287, 6.807164723218004 ], [ 100.446071259874287, 6.807001569767168 ], [ 100.4462344133252, 6.807001569767161 ], [ 100.4462344133252, 6.806838416316313 ], [ 100.446397566776128, 6.806838416316318 ], [ 100.446397566776128, 6.806348955963811 ], [ 100.4462344133252, 6.806348955963806 ], [ 100.446234413325186, 6.806022649062134 ], [ 100.446071259874273, 6.806022649062128 ], [ 100.446071259874273, 6.805696342160454 ], [ 100.445908106423346, 6.80569634216045 ], [ 100.445908106423346, 6.805533188709607 ], [ 100.446071259874273, 6.805533188709622 ], [ 100.446071259874273, 6.805370035258766 ], [ 100.445908106423332, 6.805370035258779 ], [ 100.445908106423346, 6.805043728357093 ], [ 100.445744952972774, 6.805043728357096 ], [ 100.44574495297276, 6.804717421455414 ], [ 100.445581799521847, 6.804717421455415 ], [ 100.445581799521833, 6.804227961102906 ], [ 100.445255492619992, 6.804227961102916 ], [ 100.445255492619992, 6.804064807652065 ], [ 100.444973356207285, 6.804064807652073 ], [ 100.444972061647775, 6.804074063168858 ], [ 100.445048011403074, 6.804212259400297 ], [ 100.445023133641016, 6.804313004467615 ], [ 100.444848856598071, 6.804507725708959 ], [ 100.444761772047855, 6.80463681848073 ], [ 100.444765062552321, 6.804693325654948 ], [ 100.444764555980569, 6.804770214470982 ], [ 100.444746669400431, 6.804858529769869 ], [ 100.444691939380988, 6.804992757245596 ], [ 100.444641565590871, 6.805050116054232 ], [ 100.444579732206421, 6.805095870457333 ], [ 100.444473773720688, 6.805125972595993 ], [ 100.444406537912641, 6.805115945510236 ], [ 100.444406985725735, 6.805113515162413 ], [ 100.444314678117323, 6.805091378095826 ], [ 100.44427657191514, 6.805067803318864 ], [ 100.444276571915154, 6.80520688180793 ], [ 100.444113418464212, 6.80520688180793 ], [ 100.444113418464212, 6.805329785959322 ], [ 100.444148183953899, 6.805365562602938 ], [ 100.444156774771912, 6.805454302926635 ], [ 100.444182413453916, 6.805485235702191 ], [ 100.444207208853186, 6.80553956209082 ], [ 100.444220193055173, 6.805624769289172 ], [ 100.444209963877839, 6.805707900755689 ], [ 100.444166111959206, 6.805901103688714 ], [ 100.44409389320316, 6.80599352680251 ], [ 100.443971426696464, 6.806075966112275 ], [ 100.443845536870413, 6.806090664664261 ], [ 100.443758698087962, 6.806053366503604 ], [ 100.443645274646187, 6.805938515189546 ], [ 100.443547633458522, 6.805797961991764 ], [ 100.443498031150668, 6.805696342160451 ], [ 100.443460804660873, 6.805696342160456 ], [ 100.443460804660845, 6.806022649062138 ], [ 100.443297651209946, 6.806022649062134 ], [ 100.443297651209932, 6.8063489559638 ], [ 100.443134497759374, 6.806348955963799 ], [ 100.443134497759374, 6.806675262865487 ], [ 100.442971344308418, 6.806675262865485 ], [ 100.442971344308447, 6.80700156976715 ], [ 100.442808190857519, 6.807001569767165 ], [ 100.442808190857491, 6.807078058719048 ], [ 100.442847264303836, 6.807103927961348 ], [ 100.443024159526942, 6.806982172677625 ], [ 100.443210522634288, 6.806907015406283 ], [ 100.443300874803683, 6.806953387010983 ], [ 100.44330508938144, 6.80695396301804 ], [ 100.443375545192566, 6.806980877869362 ], [ 100.443452623764543, 6.807007834431686 ], [ 100.443478335772625, 6.807044465619993 ], [ 100.443481490330569, 6.807046084639387 ], [ 100.44377159000463, 6.807343624325969 ], [ 100.444193220902662, 6.80794850183112 ], [ 100.444315226273432, 6.808190592419058 ], [ 100.444334497795055, 6.808395688669076 ], [ 100.444230814414425, 6.808505739423284 ], [ 100.444236847979795, 6.808577352629223 ], [ 100.444267283260857, 6.808648163296763 ], [ 100.444333298485603, 6.808679467227694 ], [ 100.444401751372524, 6.808675478106395 ], [ 100.444471554058367, 6.80863501171136 ], [ 100.444530887599754, 6.808553629745037 ], [ 100.444642755926949, 6.808525320291848 ], [ 100.444667966788899, 6.808536285321712 ], [ 100.444731530020647, 6.808542882069569 ], [ 100.444790996230111, 6.808563112185644 ], [ 100.444962550872248, 6.808656864162582 ], [ 100.444971467463091, 6.808668287709224 ], [ 100.44505514943441, 6.808704683740388 ], [ 100.445080629467057, 6.80880527883407 ], [ 100.445106448295732, 6.809019127504303 ], [ 100.445081570511988, 6.809119873092362 ], [ 100.444863733138973, 6.809483226878521 ], [ 100.444711520349045, 6.809681436560798 ], [ 100.444609745756111, 6.809840725211238 ], [ 100.444572379354028, 6.809910302428018 ], [ 100.444525267530963, 6.810024785755548 ], [ 100.444453868123162, 6.81014896580731 ], [ 100.444442726249179, 6.810269725767112 ], [ 100.444633790494919, 6.810961816176285 ], [ 100.444651427059824, 6.810974703989225 ], [ 100.444736608710386, 6.8110335522156 ], [ 100.444747474593782, 6.811048662605515 ], [ 100.444765592381302, 6.811076009401292 ], [ 100.444793893830848, 6.81113144836049 ], [ 100.444825095579063, 6.811191926571368 ], [ 100.44482948116827, 6.81121138261117 ], [ 100.444840656589747, 6.811288805296506 ], [ 100.444864138364053, 6.811523452809041 ], [ 100.444868048736978, 6.811569866390629 ], [ 100.444929185718493, 6.811569866390629 ], [ 100.444929185718493, 6.811733019841467 ], [ 100.44509233916942, 6.81173301984148 ], [ 100.44509233916942, 6.811569866390625 ], [ 100.445255492619992, 6.811569866390626 ] ] ] ] } },
{ "type": "Feature", "properties": { "TB_IDN": 901006, "TB_TN": "ต.ท่าโพธิ์", "AP_IDN": 9010, "AP_TN": "อ.สะเดา", "PV_IDN": 90, "PV_TN": "จ.สงขลา", "RE_NESDB": "South", "RE_ROYIN": "South", "F_AREA": 100808.358769, "flood_area": 63.0052, "A": 0.101 }, "geometry": { "type": "MultiPolygon", "coordinates": [ [ [ [ 100.439055661488311, 6.783833779748197 ], [ 100.439055661488311, 6.78318116594484 ], [ 100.438892508037384, 6.783181165944839 ], [ 100.43889250803737, 6.782854859043167 ], [ 100.438729354586442, 6.782854859043162 ], [ 100.438729354586471, 6.782528552141493 ], [ 100.438403047684957, 6.782528552141493 ], [ 100.438403047684943, 6.782365398690646 ], [ 100.43823989423403, 6.782365398690653 ], [ 100.43823989423403, 6.782528552141492 ], [ 100.438076740783103, 6.782528552141485 ], [ 100.438076740783103, 6.782691705592335 ], [ 100.437913587332517, 6.78269170559233 ], [ 100.437913587332531, 6.782854859043168 ], [ 100.438076740783103, 6.782854859043163 ], [ 100.438076740783103, 6.78301801249401 ], [ 100.43823989423403, 6.783018012494002 ], [ 100.43823989423403, 6.78334431939569 ], [ 100.438566201135885, 6.783344319395687 ], [ 100.438566201135885, 6.783670626297357 ], [ 100.438729354586457, 6.783670626297356 ], [ 100.438729354586457, 6.784160086649871 ], [ 100.438892508037384, 6.784160086649884 ], [ 100.438892508037384, 6.783833779748187 ], [ 100.439055661488311, 6.783833779748197 ] ] ], [ [ [ 100.439871428742592, 6.787423155666637 ], [ 100.439871428742592, 6.786444234961616 ], [ 100.43970827529165, 6.786444234961602 ], [ 100.439708275291665, 6.786281081510778 ], [ 100.439055661488311, 6.786281081510777 ], [ 100.439055661488297, 6.786444234961604 ], [ 100.438892508037384, 6.78644423496162 ], [ 100.438892508037398, 6.786607388412443 ], [ 100.438729354586471, 6.786607388412456 ], [ 100.438729354586457, 6.786770541863294 ], [ 100.438403047684943, 6.786770541863289 ], [ 100.438403047684957, 6.786933695314132 ], [ 100.438239894234044, 6.78693369531413 ], [ 100.438239894234016, 6.787096848764965 ], [ 100.438076740783103, 6.787096848764974 ], [ 100.438076740783103, 6.787260002215797 ], [ 100.43856620113587, 6.787260002215805 ], [ 100.438566201135885, 6.787096848764959 ], [ 100.438892508037384, 6.787096848764961 ], [ 100.438892508037398, 6.787260002215795 ], [ 100.439055661488311, 6.787260002215794 ], [ 100.439055661488311, 6.787586309117484 ], [ 100.439218814939238, 6.787586309117477 ], [ 100.439218814939224, 6.787912616019163 ], [ 100.439708275291665, 6.787912616019157 ], [ 100.439708275291679, 6.787423155666649 ], [ 100.439871428742592, 6.787423155666637 ] ] ], [ [ [ 100.440491024680526, 6.792444600149613 ], [ 100.440585825995058, 6.792365153903244 ], [ 100.440625108823426, 6.792155617381513 ], [ 100.440614568972848, 6.791966173237049 ], [ 100.440773747354243, 6.791816114808692 ], [ 100.440963388772545, 6.791845468317029 ], [ 100.441122715736611, 6.791745270870416 ], [ 100.44112515975165, 6.79173637365244 ], [ 100.441127639525362, 6.791665145388429 ], [ 100.441013502898372, 6.79166514538843 ], [ 100.441013502898386, 6.791501991937599 ], [ 100.440850349447445, 6.791501991937593 ], [ 100.440850349447459, 6.791338838486766 ], [ 100.440360889095018, 6.791338838486762 ], [ 100.440360889095018, 6.791175685035924 ], [ 100.44003458219315, 6.791175685035917 ], [ 100.440034582193164, 6.79133883848677 ], [ 100.439871428742578, 6.791338838486767 ], [ 100.439871428742592, 6.79215460574096 ], [ 100.439708275291665, 6.792154605740958 ], [ 100.439708275291665, 6.792317759191785 ], [ 100.439545121840737, 6.792317759191801 ], [ 100.439545121840723, 6.792644066093471 ], [ 100.439708275291679, 6.79264406609347 ], [ 100.439708275291665, 6.79280721954431 ], [ 100.439871428742606, 6.792807219544318 ], [ 100.439871428742592, 6.792970372995151 ], [ 100.440034582193164, 6.792970372995146 ], [ 100.440034582193164, 6.793133526445992 ], [ 100.440197735644091, 6.793133526445989 ], [ 100.440197735644077, 6.793296679896826 ], [ 100.440473022783308, 6.793296679896828 ], [ 100.440455064672221, 6.793272469542391 ], [ 100.440388304421205, 6.793199501252147 ], [ 100.44034210835521, 6.793160005738439 ], [ 100.440162007894884, 6.79299103090253 ], [ 100.440085826790991, 6.792926747342986 ], [ 100.440037850644899, 6.792844767310013 ], [ 100.44002301373888, 6.792770646834204 ], [ 100.44003128495585, 6.792681362689937 ], [ 100.440078697837009, 6.79256875178659 ], [ 100.440079795014029, 6.79256486962346 ], [ 100.440080397757924, 6.792564714283906 ], [ 100.440080594049803, 6.792564248068659 ], [ 100.440112785787505, 6.792521843559431 ], [ 100.440150080139745, 6.792485549778194 ], [ 100.440193554575529, 6.792478164258793 ], [ 100.440476649991894, 6.792444913540715 ], [ 100.440476376991072, 6.792442554969594 ], [ 100.440491024680526, 6.792444600149613 ] ] ], [ [ [ 100.432529523454775, 6.809775178431416 ], [ 100.432692676905702, 6.80977517843141 ], [ 100.432692676905688, 6.809448871529725 ], [ 100.433018983807202, 6.809448871529734 ], [ 100.433018983807202, 6.809285718078888 ], [ 100.433182137258115, 6.809285718078901 ], [ 100.433182137258129, 6.809122564628059 ], [ 100.433345290709042, 6.809122564628064 ], [ 100.433345290709042, 6.808469950824695 ], [ 100.433182137258115, 6.808469950824709 ], [ 100.433182137258129, 6.808306797373858 ], [ 100.432855830356274, 6.808306797373873 ], [ 100.432855830356274, 6.808143643923018 ], [ 100.432529523454761, 6.808143643923022 ], [ 100.432529523454761, 6.80798049047219 ], [ 100.432203216552921, 6.807980490472188 ], [ 100.432203216552921, 6.807654183570516 ], [ 100.431876909651407, 6.807654183570518 ], [ 100.431876909651422, 6.807491030119684 ], [ 100.431713756200494, 6.807491030119678 ], [ 100.431713756200494, 6.807654183570512 ], [ 100.431550602749567, 6.80765418357052 ], [ 100.431550602749567, 6.807817337021348 ], [ 100.431387449298995, 6.807817337021345 ], [ 100.431387449298995, 6.808143643923032 ], [ 100.431550602749581, 6.808143643923022 ], [ 100.431550602749553, 6.80912256462805 ], [ 100.431387449298995, 6.809122564628058 ], [ 100.431387449298995, 6.80944887152973 ], [ 100.431550602749567, 6.809448871529733 ], [ 100.431550602749567, 6.809775178431412 ], [ 100.431876909651422, 6.80977517843142 ], [ 100.431876909651422, 6.810101485333083 ], [ 100.432040063102349, 6.810101485333086 ], [ 100.432040063102349, 6.810264638783928 ], [ 100.432203216552907, 6.810264638783927 ], [ 100.432203216552921, 6.810427792234762 ], [ 100.432366370003834, 6.810427792234771 ], [ 100.432366370003862, 6.810264638783936 ], [ 100.432529523454775, 6.810264638783921 ], [ 100.432529523454775, 6.809775178431416 ] ] ], [ [ [ 100.4462344133252, 6.833841644791801 ], [ 100.446228021699497, 6.833843070363728 ], [ 100.44590810642336, 6.833759163182007 ], [ 100.445908106423346, 6.833921889155397 ], [ 100.445744952972774, 6.833921889155406 ], [ 100.445744952972774, 6.834085042606242 ], [ 100.445581799521847, 6.834085042606244 ], [ 100.445581799521847, 6.834574502958764 ], [ 100.44574495297276, 6.834574502958765 ], [ 100.445744952972774, 6.83473765640959 ], [ 100.446071259874273, 6.834737656409597 ], [ 100.446071259874273, 6.834900809860438 ], [ 100.4462344133252, 6.834900809860438 ], [ 100.4462344133252, 6.835063963311281 ], [ 100.446723873677627, 6.835063963311273 ], [ 100.446723873677627, 6.834411349507922 ], [ 100.446560720226714, 6.834411349507929 ], [ 100.446560720226685, 6.834085042606235 ], [ 100.446397566776142, 6.834085042606237 ], [ 100.446397566776128, 6.833921889155396 ], [ 100.446234413325186, 6.833921889155413 ], [ 100.4462344133252, 6.833841644791801 ] ] ] ] } },
{ "type": "Feature", "properties": { "TB_IDN": 901009, "TB_TN": "ต.เขามีเกียรติ", "AP_IDN": 9010, "AP_TN": "อ.สะเดา", "PV_IDN": 90, "PV_TN": "จ.สงขลา", "RE_NESDB": "South", "RE_ROYIN": "South", "F_AREA": 24403.522971, "flood_area": 15.2522, "A": 0.024 }, "geometry": { "type": "MultiPolygon", "coordinates": [ [ [ [ 100.491917379559595, 6.786444234961611 ], [ 100.491917379559595, 6.786281081510771 ], [ 100.492080533010522, 6.786281081510771 ], [ 100.492080533010522, 6.786117928059933 ], [ 100.49224368646145, 6.786117928059934 ], [ 100.49224368646145, 6.785302160805742 ], [ 100.492080533010522, 6.785302160805742 ], [ 100.492080533010522, 6.784486393551551 ], [ 100.491917379559595, 6.78448639355155 ], [ 100.491917379559595, 6.783996933199034 ], [ 100.491754226109023, 6.783996933199035 ], [ 100.491754226109023, 6.783670626297358 ], [ 100.491427919207169, 6.783670626297358 ], [ 100.491427919207169, 6.783833779748198 ], [ 100.491264765756242, 6.783833779748197 ], [ 100.491264765756242, 6.783996933199034 ], [ 100.491427919207169, 6.783996933199034 ], [ 100.491427919207169, 6.784812700453227 ], [ 100.491264765756242, 6.784812700453227 ], [ 100.491264765756242, 6.786281081510772 ], [ 100.491427919207169, 6.786281081510772 ], [ 100.491427919207169, 6.786444234961611 ], [ 100.491917379559595, 6.786444234961611 ] ] ] ] } },
{ "type": "Feature", "properties": { "TB_IDN": 901101, "TB_TN": "ต.หาดใหญ่", "AP_IDN": 9011, "AP_TN": "อ.หาดใหญ่", "PV_IDN": 90, "PV_TN": "จ.สงขลา", "RE_NESDB": "South", "RE_ROYIN": "South", "F_AREA": 14574.085030800001, "flood_area": 9.1088, "A": 0.015 }, "geometry": { "type": "MultiPolygon", "coordinates": [ [ [ [ 100.462223451507185, 6.985980905336079 ], [ 100.462223451507185, 6.9856545984344 ], [ 100.462386604958112, 6.985654598434402 ], [ 100.462386604958112, 6.985328291532723 ], [ 100.46254975840904, 6.985328291532723 ], [ 100.46254975840904, 6.985165138081885 ], [ 100.462712911859612, 6.985165138081885 ], [ 100.462712911859612, 6.985001984631047 ], [ 100.462876065310539, 6.985001984631048 ], [ 100.462876065310539, 6.984838831180208 ], [ 100.463365525662965, 6.984838831180209 ], [ 100.463365525662965, 6.98467567772937 ], [ 100.463528679113892, 6.984675677729371 ], [ 100.463528679113892, 6.984640860722314 ], [ 100.463452665792033, 6.984570236154876 ], [ 100.463368461902306, 6.984508009784332 ], [ 100.463321599739984, 6.984462030060303 ], [ 100.463313794333345, 6.984453123982918 ], [ 100.463169231922237, 6.984325311141274 ], [ 100.462868300413376, 6.984143949876956 ], [ 100.462792006432906, 6.984116077504189 ], [ 100.462708421812877, 6.984096554842392 ], [ 100.462609037235154, 6.984098587258407 ], [ 100.462521748013614, 6.984134593571892 ], [ 100.462469657470891, 6.984229337607174 ], [ 100.462464040093394, 6.984272843150876 ], [ 100.462469166250585, 6.984370691988886 ], [ 100.462483577326822, 6.984445617686622 ], [ 100.462541192652225, 6.984640844220848 ], [ 100.462530827345034, 6.984660477397622 ], [ 100.462532821374694, 6.984697050507585 ], [ 100.462526341710415, 6.98474238101742 ], [ 100.462485726287568, 6.984832707327583 ], [ 100.462423376785651, 6.984922768271975 ], [ 100.462371432136095, 6.984969519412799 ], [ 100.46232770474532, 6.984990705560659 ], [ 100.462282095552013, 6.985003970367689 ], [ 100.462224945378708, 6.984991427617827 ], [ 100.462167987787609, 6.98496308959763 ], [ 100.461949594588717, 6.984776903127123 ], [ 100.461934459741116, 6.984765344876144 ], [ 100.461878975020383, 6.984744133978751 ], [ 100.461819072641504, 6.984740196105169 ], [ 100.461765622134195, 6.984753918042178 ], [ 100.461712646554005, 6.984791121453374 ], [ 100.461688307386083, 6.984827654588112 ], [ 100.46170141728858, 6.98489923930964 ], [ 100.461736786209443, 6.984985940620839 ], [ 100.461899618277442, 6.985298849124035 ], [ 100.462008100777936, 6.985587828373011 ], [ 100.462013494838246, 6.985600706290054 ], [ 100.462175601973073, 6.985956408083495 ], [ 100.462386604958112, 6.986419070210418 ], [ 100.462386604958112, 6.985980905336078 ], [ 100.462223451507185, 6.985980905336079 ] ] ] ] } },
{ "type": "Feature", "properties": { "TB_IDN": 901102, "TB_TN": "ต.ควนลัง", "AP_IDN": 9011, "AP_TN": "อ.หาดใหญ่", "PV_IDN": 90, "PV_TN": "จ.สงขลา", "RE_NESDB": "South", "RE_ROYIN": "South", "F_AREA": 923386.70298199996, "flood_area": 577.117, "A": 0.924 }, "geometry": { "type": "MultiPolygon", "coordinates": [ [ [ [ 100.433182137258115, 6.937361176986408 ], [ 100.433182137258143, 6.93703487008482 ], [ 100.433345290709042, 6.937034870084816 ], [ 100.433345290708871, 6.936663416772889 ], [ 100.433195660439381, 6.936561080205055 ], [ 100.43275425123133, 6.936517179482794 ], [ 100.432226232603753, 6.93651877298351 ], [ 100.43184157392561, 6.936531244740031 ], [ 100.431509767255207, 6.936562396558297 ], [ 100.431061142397141, 6.936675909083277 ], [ 100.431061142397141, 6.937198023535571 ], [ 100.431224295848054, 6.93719802353558 ], [ 100.431224295848068, 6.937361176986405 ], [ 100.431387449298995, 6.937361176986421 ], [ 100.431387449298981, 6.937524330437259 ], [ 100.432203216552921, 6.937524330437244 ], [ 100.432203216552921, 6.937687483888086 ], [ 100.432855830356274, 6.93768748388808 ], [ 100.432855830356274, 6.937524330437247 ], [ 100.433018983807216, 6.937524330437257 ], [ 100.433018983807187, 6.937361176986413 ], [ 100.433182137258115, 6.937361176986408 ] ] ], [ [ [ 100.420619321543484, 6.945029389175821 ], [ 100.420619321543484, 6.94486623572499 ], [ 100.420782474994411, 6.944866235724987 ], [ 100.420782474994411, 6.944539928823297 ], [ 100.420619321543484, 6.944539928823304 ], [ 100.420619321543498, 6.944213621921631 ], [ 100.420129861191043, 6.944213621921618 ], [ 100.420129861191043, 6.944376775372464 ], [ 100.41996670774013, 6.944376775372472 ], [ 100.41996670774013, 6.944539928823303 ], [ 100.419803554289558, 6.944539928823296 ], [ 100.419803554289572, 6.944866235724982 ], [ 100.419640400838645, 6.94486623572499 ], [ 100.419640400838645, 6.945192542626668 ], [ 100.419803554289544, 6.94519254262666 ], [ 100.419803554289558, 6.945355696077487 ], [ 100.420129861191057, 6.945355696077493 ], [ 100.420129861191057, 6.94519254262665 ], [ 100.420456168092926, 6.945192542626652 ], [ 100.420456168092912, 6.945029389175811 ], [ 100.420619321543484, 6.945029389175821 ] ] ], [ [ [ 100.436282052823955, 6.945518849528328 ], [ 100.436282052823969, 6.945355696077504 ], [ 100.436445206274911, 6.94535569607749 ], [ 100.436445206274911, 6.945192542626661 ], [ 100.436282052823969, 6.945192542626653 ], [ 100.436282052823969, 6.945029389175819 ], [ 100.435466285569689, 6.945029389175825 ], [ 100.435466285569689, 6.944866235724975 ], [ 100.434813671766335, 6.944866235724981 ], [ 100.434813671766335, 6.945029389175817 ], [ 100.434650518315777, 6.945029389175823 ], [ 100.434650518315763, 6.945192542626664 ], [ 100.434487364864836, 6.945192542626668 ], [ 100.434487364864822, 6.945682002979177 ], [ 100.434813671766349, 6.945682002979169 ], [ 100.434813671766335, 6.945845156430019 ], [ 100.435955745922456, 6.945845156430019 ], [ 100.43595574592247, 6.945682002979168 ], [ 100.436118899373042, 6.945682002979166 ], [ 100.436118899373056, 6.945518849528327 ], [ 100.436282052823955, 6.945518849528328 ] ] ], [ [ [ 100.423392930207825, 6.945845156430003 ], [ 100.423556083658767, 6.945845156430004 ], [ 100.423556083658738, 6.945518849528336 ], [ 100.423229776756898, 6.945518849528341 ], [ 100.423229776756898, 6.945845156430003 ], [ 100.423066623306326, 6.945845156430007 ], [ 100.423066623306312, 6.946171463331677 ], [ 100.422903469855399, 6.946171463331695 ], [ 100.422903469855413, 6.946987230585878 ], [ 100.422740316404486, 6.946987230585889 ], [ 100.422740316404472, 6.947476690938396 ], [ 100.423066623306326, 6.947476690938399 ], [ 100.423066623306326, 6.947313537487553 ], [ 100.423229776756898, 6.947313537487558 ], [ 100.423229776756898, 6.946987230585878 ], [ 100.423392930207825, 6.94698723058589 ], [ 100.423392930207825, 6.945845156430003 ] ] ], [ [ [ 100.432040063102349, 6.948618765094252 ], [ 100.431224295848068, 6.948618765094267 ], [ 100.431224295848068, 6.948781918545094 ], [ 100.430897988946569, 6.948781918545111 ], [ 100.430897988946555, 6.948945071995931 ], [ 100.431224295848068, 6.948945071995934 ], [ 100.431224295848068, 6.94910822544677 ], [ 100.432203216552921, 6.949108225446787 ], [ 100.432203216552935, 6.949271378897609 ], [ 100.433018983807187, 6.94927137889762 ], [ 100.433018983807202, 6.94878191854511 ], [ 100.432855830356274, 6.948781918545097 ], [ 100.432855830356274, 6.948618765094261 ], [ 100.432529523454775, 6.948618765094261 ], [ 100.432529523454775, 6.948455611643433 ], [ 100.432040063102335, 6.94845561164342 ], [ 100.432040063102349, 6.948618765094252 ] ] ], [ [ [ 100.407893352378267, 6.958734279046148 ], [ 100.407893352378267, 6.958571125595312 ], [ 100.407567045476767, 6.958571125595313 ], [ 100.407567045476753, 6.958407972144479 ], [ 100.407240738574913, 6.958407972144474 ], [ 100.407240738574899, 6.95857112559531 ], [ 100.407077585124, 6.958571125595316 ], [ 100.407077585123986, 6.958897432496995 ], [ 100.406914431673414, 6.958897432496999 ], [ 100.406914431673414, 6.959223739398675 ], [ 100.407077585123986, 6.959223739398674 ], [ 100.407077585124, 6.95955004630035 ], [ 100.407240738574899, 6.959550046300349 ], [ 100.407240738574899, 6.959713199751194 ], [ 100.407403892025854, 6.959713199751177 ], [ 100.40740389202584, 6.959550046300343 ], [ 100.407730198927339, 6.959550046300343 ], [ 100.407730198927354, 6.959386892849505 ], [ 100.40854596618162, 6.959386892849515 ], [ 100.40854596618162, 6.959550046300347 ], [ 100.408709119632547, 6.959550046300352 ], [ 100.408709119632547, 6.959713199751195 ], [ 100.409035426534032, 6.959713199751189 ], [ 100.409035426534047, 6.958897432496991 ], [ 100.408219659280135, 6.958897432497 ], [ 100.408219659280135, 6.958734279046148 ], [ 100.407893352378267, 6.958734279046148 ] ] ], [ [ [ 100.434487364864836, 6.968523486096466 ], [ 100.434487364864836, 6.968197179194775 ], [ 100.434650518315763, 6.968197179194785 ], [ 100.434650518315763, 6.967707718842265 ], [ 100.434813671766335, 6.967707718842259 ], [ 100.434813671766321, 6.967544565391433 ], [ 100.434650518315749, 6.967544565391433 ], [ 100.434650518315777, 6.967381411940592 ], [ 100.434813671766335, 6.9673814119406 ], [ 100.434813671766335, 6.966728798137234 ], [ 100.434976825217262, 6.966728798137246 ], [ 100.434976825217248, 6.966402491235556 ], [ 100.434813671766335, 6.96640249123555 ], [ 100.434813671766335, 6.96607618433389 ], [ 100.434487364864836, 6.96607618433389 ], [ 100.434487364864836, 6.965913030883045 ], [ 100.434324211413909, 6.965913030883045 ], [ 100.434324211413895, 6.965749877432207 ], [ 100.434161057962982, 6.965749877432207 ], [ 100.434161057962982, 6.965423570530537 ], [ 100.43399790451241, 6.965423570530537 ], [ 100.43399790451241, 6.965260417079688 ], [ 100.433834751061482, 6.965260417079694 ], [ 100.433834751061482, 6.965423570530523 ], [ 100.433345290709056, 6.965423570530525 ], [ 100.433345290709056, 6.965586723981358 ], [ 100.433182137258129, 6.965586723981368 ], [ 100.433182137258143, 6.965913030883038 ], [ 100.433018983807216, 6.965913030883042 ], [ 100.433018983807202, 6.966402491235563 ], [ 100.432855830356289, 6.966402491235566 ], [ 100.432855830356274, 6.9673814119406 ], [ 100.433018983807202, 6.967381411940581 ], [ 100.433018983807202, 6.967544565391437 ], [ 100.433182137258129, 6.967544565391435 ], [ 100.433182137258115, 6.967707718842266 ], [ 100.433345290709042, 6.967707718842263 ], [ 100.433345290709056, 6.96787087229311 ], [ 100.433508444159614, 6.967870872293101 ], [ 100.433508444159642, 6.968686639547302 ], [ 100.433345290709042, 6.968686639547293 ], [ 100.433345290709056, 6.969176099899804 ], [ 100.433671597610555, 6.96917609989982 ], [ 100.433671597610555, 6.969339253350653 ], [ 100.433997904512395, 6.969339253350658 ], [ 100.433997904512424, 6.969176099899804 ], [ 100.434161057962967, 6.969176099899814 ], [ 100.434161057962982, 6.969012946448973 ], [ 100.434324211413909, 6.96901294644898 ], [ 100.434324211413923, 6.968523486096448 ], [ 100.434487364864836, 6.968523486096466 ] ], [ [ 100.434324211413895, 6.967218258489752 ], [ 100.434324211413895, 6.967055105038906 ], [ 100.434487364864822, 6.967055105038918 ], [ 100.43448736486485, 6.966891951588065 ], [ 100.434650518315763, 6.966891951588077 ], [ 100.434650518315763, 6.967218258489742 ], [ 100.434324211413895, 6.967218258489752 ] ] ], [ [ [ 100.410177500690168, 6.974397010326649 ], [ 100.410340654140754, 6.974397010326638 ], [ 100.410340654140754, 6.97358124307245 ], [ 100.410993267944107, 6.973581243072443 ], [ 100.410993267944107, 6.973418089621616 ], [ 100.411156421395034, 6.97341808962161 ], [ 100.411156421395034, 6.97325493617077 ], [ 100.411319574845962, 6.973254936170772 ], [ 100.411319574845962, 6.972765475818259 ], [ 100.411156421395034, 6.972765475818256 ], [ 100.411156421395034, 6.972439168916588 ], [ 100.410993267944093, 6.972439168916578 ], [ 100.410993267944107, 6.972276015465747 ], [ 100.410830114493535, 6.972276015465733 ], [ 100.410830114493535, 6.972928629269098 ], [ 100.410666961042608, 6.972928629269087 ], [ 100.410666961042622, 6.973091782719926 ], [ 100.41034065414074, 6.973091782719943 ], [ 100.410340654140768, 6.973254936170777 ], [ 100.410014347239255, 6.973254936170773 ], [ 100.41001434723924, 6.973418089621618 ], [ 100.409524886886828, 6.973418089621609 ], [ 100.409524886886828, 6.97358124307245 ], [ 100.40919857998496, 6.973581243072449 ], [ 100.409198579984974, 6.973907549974132 ], [ 100.409035426534047, 6.973907549974125 ], [ 100.409035426534047, 6.974886470679166 ], [ 100.409198579984974, 6.974886470679151 ], [ 100.409198579984988, 6.975049624129991 ], [ 100.4096880403374, 6.97504962413 ], [ 100.4096880403374, 6.974886470679158 ], [ 100.410014347239255, 6.974886470679165 ], [ 100.410014347239255, 6.97456016377748 ], [ 100.410177500690196, 6.974560163777479 ], [ 100.410177500690168, 6.974397010326649 ] ] ], [ [ [ 100.391741160745354, 6.975865391384196 ], [ 100.391741160745354, 6.975702237933356 ], [ 100.391578007294441, 6.975702237933358 ], [ 100.391578007294427, 6.975375931031664 ], [ 100.3914148538435, 6.975375931031668 ], [ 100.3914148538435, 6.975212777580834 ], [ 100.391251700392928, 6.975212777580828 ], [ 100.391251700392942, 6.975049624129999 ], [ 100.391088546942001, 6.975049624129986 ], [ 100.391088546942015, 6.97472331722832 ], [ 100.391251700392928, 6.974723317228317 ], [ 100.391251700392928, 6.974560163777483 ], [ 100.391088546942001, 6.974560163777487 ], [ 100.391088546941987, 6.974397010326638 ], [ 100.390762240040516, 6.974397010326643 ], [ 100.390762240040516, 6.9742338568758 ], [ 100.390109626237148, 6.974233856875801 ], [ 100.390109626237148, 6.974070703424961 ], [ 100.389293858982867, 6.974070703424957 ], [ 100.389293858982867, 6.973907549974133 ], [ 100.388967552081027, 6.973907549974131 ], [ 100.388967552080999, 6.973744396523281 ], [ 100.388804398630427, 6.973744396523284 ], [ 100.388804398630441, 6.973581243072457 ], [ 100.388641245179514, 6.973581243072443 ], [ 100.388641245179514, 6.97341808962162 ], [ 100.388478091728587, 6.973418089621615 ], [ 100.388478091728587, 6.973254936170775 ], [ 100.388314938277659, 6.973254936170777 ], [ 100.388314938277645, 6.972928629269095 ], [ 100.387825477925247, 6.972928629269102 ], [ 100.387825477925233, 6.973091782719923 ], [ 100.38766232447432, 6.973091782719933 ], [ 100.387662324474306, 6.973254936170774 ], [ 100.387009710670966, 6.973254936170776 ], [ 100.387009710670938, 6.973418089621609 ], [ 100.38684655722038, 6.973418089621614 ], [ 100.386846557220366, 6.97358124307244 ], [ 100.387009710670952, 6.973581243072447 ], [ 100.387009710670952, 6.973907549974117 ], [ 100.387336017572821, 6.973907549974133 ], [ 100.387336017572807, 6.974070703424966 ], [ 100.387825477925233, 6.97407070342496 ], [ 100.387825477925233, 6.974397010326645 ], [ 100.388151784827087, 6.974397010326634 ], [ 100.388151784827087, 6.974560163777471 ], [ 100.388314938277659, 6.97456016377747 ], [ 100.388314938277659, 6.974723317228317 ], [ 100.388804398630441, 6.974723317228309 ], [ 100.388804398630441, 6.974560163777486 ], [ 100.389783319335294, 6.97456016377748 ], [ 100.389783319335294, 6.974886470679147 ], [ 100.389946472786221, 6.974886470679164 ], [ 100.389946472786207, 6.9755390844825 ], [ 100.390109626237148, 6.975539084482503 ], [ 100.390109626237162, 6.97586539138419 ], [ 100.390272779687734, 6.975865391384178 ], [ 100.39027277968772, 6.976028544835026 ], [ 100.390435933138647, 6.976028544835028 ], [ 100.390435933138647, 6.976191698285866 ], [ 100.3914148538435, 6.976191698285856 ], [ 100.3914148538435, 6.976028544835014 ], [ 100.391578007294427, 6.976028544835014 ], [ 100.391578007294427, 6.975865391384183 ], [ 100.391741160745354, 6.975865391384196 ] ] ], [ [ [ 100.394351615958755, 6.976028544835032 ], [ 100.394188462507842, 6.976028544835017 ], [ 100.394188462507842, 6.975702237933341 ], [ 100.394025309056914, 6.975702237933345 ], [ 100.394025309056914, 6.9755390844825 ], [ 100.393535848704488, 6.975539084482508 ], [ 100.393535848704488, 6.975702237933338 ], [ 100.393372695253561, 6.975702237933343 ], [ 100.393372695253561, 6.97586539138418 ], [ 100.393209541802975, 6.975865391384192 ], [ 100.393209541803003, 6.976518005187547 ], [ 100.393372695253547, 6.976518005187541 ], [ 100.393372695253561, 6.976844312089215 ], [ 100.393535848704488, 6.976844312089212 ], [ 100.393535848704488, 6.977007465540049 ], [ 100.394025309056914, 6.977007465540046 ], [ 100.394025309056914, 6.976844312089215 ], [ 100.394188462507842, 6.976844312089218 ], [ 100.394188462507842, 6.976681158638379 ], [ 100.394351615958769, 6.976681158638369 ], [ 100.394351615958755, 6.976028544835032 ] ] ], [ [ [ 100.391904314196282, 6.982717836319313 ], [ 100.392067467646854, 6.982717836319305 ], [ 100.392067467646868, 6.982554682868481 ], [ 100.391741160745354, 6.982554682868479 ], [ 100.39174116074534, 6.982391529417625 ], [ 100.3914148538435, 6.982391529417642 ], [ 100.391414853843486, 6.982228375966785 ], [ 100.390925393491074, 6.982228375966791 ], [ 100.390925393491074, 6.982065222515957 ], [ 100.39059908658956, 6.982065222515961 ], [ 100.390599086589589, 6.981902069065115 ], [ 100.390272779687706, 6.981902069065112 ], [ 100.390272779687734, 6.982065222515947 ], [ 100.390109626237162, 6.982065222515951 ], [ 100.390109626237148, 6.982391529417642 ], [ 100.390272779687734, 6.982391529417632 ], [ 100.39027277968772, 6.982717836319317 ], [ 100.390435933138647, 6.982717836319314 ], [ 100.390435933138647, 6.982880989770159 ], [ 100.390762240040502, 6.982880989770148 ], [ 100.390762240040488, 6.983044143220986 ], [ 100.391088546942001, 6.983044143220995 ], [ 100.391088546942001, 6.983207296671818 ], [ 100.391251700392928, 6.98320729667183 ], [ 100.391251700392928, 6.983370450122657 ], [ 100.391578007294413, 6.983370450122671 ], [ 100.391578007294427, 6.983533603573497 ], [ 100.391904314196282, 6.983533603573501 ], [ 100.391904314196296, 6.98304414322099 ], [ 100.392067467646854, 6.983044143220988 ], [ 100.392067467646839, 6.982880989770154 ], [ 100.391904314196296, 6.982880989770149 ], [ 100.391904314196282, 6.982717836319313 ] ] ], [ [ [ 100.395983150466975, 6.983859910475175 ], [ 100.395983150466961, 6.983696757024339 ], [ 100.396146303917916, 6.983696757024347 ], [ 100.396146303917902, 6.983533603573493 ], [ 100.395983150466975, 6.983533603573506 ], [ 100.395983150466961, 6.983370450122659 ], [ 100.395819997016403, 6.98337045012266 ], [ 100.395819997016403, 6.983207296671819 ], [ 100.39516738321305, 6.983207296671822 ], [ 100.39516738321305, 6.983370450122663 ], [ 100.395004229762122, 6.983370450122674 ], [ 100.395004229762122, 6.984186217376847 ], [ 100.395167383213035, 6.984186217376859 ], [ 100.395167383213035, 6.984349370827688 ], [ 100.395330536663622, 6.984349370827692 ], [ 100.395330536663622, 6.984186217376855 ], [ 100.395656843565476, 6.984186217376855 ], [ 100.395656843565476, 6.983859910475174 ], [ 100.395983150466975, 6.983859910475175 ] ] ], [ [ [ 100.442318730505079, 6.943724161569103 ], [ 100.442481883956006, 6.943724161569119 ], [ 100.442481883956006, 6.943561008118269 ], [ 100.442318730505079, 6.943561008118283 ], [ 100.442318730505079, 6.943234701216587 ], [ 100.442155577054152, 6.943234701216606 ], [ 100.442155577054152, 6.942908394314916 ], [ 100.441829270152667, 6.942908394314926 ], [ 100.441829270152638, 6.942582087413252 ], [ 100.441502963250798, 6.942582087413244 ], [ 100.441502963250812, 6.942418933962403 ], [ 100.441339809799857, 6.942418933962397 ], [ 100.441339809799885, 6.942908394314912 ], [ 100.441502963250784, 6.942908394314914 ], [ 100.441502963250798, 6.943071547765761 ], [ 100.441666116701725, 6.943071547765763 ], [ 100.441666116701725, 6.943724161569111 ], [ 100.441502963250784, 6.943724161569101 ], [ 100.441502963250798, 6.944213621921618 ], [ 100.441666116701711, 6.944213621921619 ], [ 100.441666116701725, 6.944376775372466 ], [ 100.441829270152667, 6.944376775372455 ], [ 100.441829270152638, 6.944213621921632 ], [ 100.442155577054152, 6.944213621921621 ], [ 100.442155577054152, 6.943887315019947 ], [ 100.442318730505079, 6.943887315019959 ], [ 100.442318730505079, 6.943724161569103 ] ] ], [ [ [ 100.437913587332531, 6.944539928823306 ], [ 100.437750433881618, 6.944539928823307 ], [ 100.437750433881604, 6.944703082274138 ], [ 100.437587280430677, 6.944703082274144 ], [ 100.437587280430677, 6.945182438518803 ], [ 100.438140636678071, 6.945201539704757 ], [ 100.439545121840737, 6.945250023335115 ], [ 100.439545121840737, 6.945192542626657 ], [ 100.43938196838981, 6.945192542626649 ], [ 100.43938196838981, 6.945029389175826 ], [ 100.439218814939238, 6.945029389175819 ], [ 100.439218814939224, 6.944866235724985 ], [ 100.439055661488297, 6.944866235724984 ], [ 100.439055661488325, 6.944703082274139 ], [ 100.438892508037384, 6.944703082274145 ], [ 100.438892508037398, 6.944539928823294 ], [ 100.438076740783103, 6.944539928823296 ], [ 100.438076740783103, 6.944376775372469 ], [ 100.437913587332531, 6.944376775372464 ], [ 100.437913587332531, 6.944539928823306 ] ] ], [ [ [ 100.447213334030039, 6.950087146151803 ], [ 100.447213334030039, 6.949923992700969 ], [ 100.44737648748098, 6.949923992700977 ], [ 100.44737648748098, 6.949760839250126 ], [ 100.447539640931907, 6.949760839250132 ], [ 100.447539640931907, 6.949597685799283 ], [ 100.447702794382835, 6.949597685799286 ], [ 100.44770279438282, 6.949434532348464 ], [ 100.44802910128432, 6.949434532348446 ], [ 100.448029101284334, 6.949271378897624 ], [ 100.448320944120809, 6.949271378897614 ], [ 100.4483116595502, 6.949101987206277 ], [ 100.448265446139828, 6.949030762265309 ], [ 100.448220615007983, 6.949005494004944 ], [ 100.448121386969561, 6.948991613487221 ], [ 100.447802140893586, 6.948990180310266 ], [ 100.447730539260149, 6.948973826213972 ], [ 100.447582897510316, 6.948897429323466 ], [ 100.447539640931907, 6.948865826851092 ], [ 100.447539640931907, 6.949108225446772 ], [ 100.447376487480994, 6.949108225446772 ], [ 100.447376487480994, 6.949271378897623 ], [ 100.447213334030067, 6.949271378897626 ], [ 100.447213334030067, 6.949434532348461 ], [ 100.447050180579481, 6.949434532348461 ], [ 100.447050180579481, 6.949597685799294 ], [ 100.44688702712854, 6.949597685799294 ], [ 100.446887027128568, 6.949760839250128 ], [ 100.446723873677627, 6.949760839250139 ], [ 100.446723873677612, 6.949923992700971 ], [ 100.446560720226699, 6.949923992700976 ], [ 100.446560720226699, 6.950087146151808 ], [ 100.446397566776128, 6.950087146151818 ], [ 100.446397566776128, 6.950250299602644 ], [ 100.446560720226714, 6.950250299602652 ], [ 100.446560720226699, 6.950413453053492 ], [ 100.446887027128554, 6.950413453053495 ], [ 100.446887027128554, 6.950250299602641 ], [ 100.447050180579495, 6.950250299602643 ], [ 100.447050180579481, 6.950087146151809 ], [ 100.447213334030039, 6.950087146151803 ] ] ], [ [ [ 100.446071259874273, 6.954002828971922 ], [ 100.445908106423332, 6.954002828971922 ], [ 100.445908106423346, 6.953839675521089 ], [ 100.445581799521847, 6.953839675521084 ], [ 100.445581799521847, 6.953676522070255 ], [ 100.445255492619992, 6.953676522070255 ], [ 100.445255492619992, 6.953513368619416 ], [ 100.444113418464212, 6.953513368619414 ], [ 100.444113418464212, 6.953676522070259 ], [ 100.443950265013285, 6.953676522070245 ], [ 100.443950265013285, 6.954002828971921 ], [ 100.443787111562713, 6.954002828971924 ], [ 100.443787111562713, 6.954492289324453 ], [ 100.443950265013285, 6.954492289324449 ], [ 100.443950265013285, 6.954655442775281 ], [ 100.444602878816639, 6.95465544277529 ], [ 100.444602878816639, 6.954492289324452 ], [ 100.44476603226758, 6.954492289324448 ], [ 100.444766032267566, 6.954655442775279 ], [ 100.444929185718493, 6.954655442775278 ], [ 100.444929185718493, 6.954818596226117 ], [ 100.445092339169435, 6.954818596226117 ], [ 100.445092339169435, 6.954981749676959 ], [ 100.445255492619992, 6.95498174967696 ], [ 100.445255492619978, 6.955144903127806 ], [ 100.445581799521847, 6.955144903127807 ], [ 100.445581799521847, 6.954981749676964 ], [ 100.446234413325215, 6.954981749676966 ], [ 100.446234413325215, 6.955144903127804 ], [ 100.446397566776142, 6.9551449031278 ], [ 100.446397566776128, 6.954492289324452 ], [ 100.446234413325186, 6.954492289324439 ], [ 100.446234413325215, 6.95416598242277 ], [ 100.446071259874273, 6.954165982422773 ], [ 100.446071259874273, 6.954002828971922 ] ] ], [ [ [ 100.449660635792895, 6.956286977283675 ], [ 100.449497482341968, 6.956286977283668 ], [ 100.449497482341968, 6.956123823832822 ], [ 100.44966063579291, 6.956123823832836 ], [ 100.44966063579291, 6.955960670381987 ], [ 100.449334328891041, 6.955960670381993 ], [ 100.449334328891041, 6.955797516931151 ], [ 100.449171175440114, 6.95579751693115 ], [ 100.449171175440114, 6.95563436348032 ], [ 100.448681715087687, 6.955634363480306 ], [ 100.448681715087673, 6.95547121002947 ], [ 100.447865947833407, 6.955471210029472 ], [ 100.447865947833407, 6.955634363480321 ], [ 100.447702794382835, 6.955634363480319 ], [ 100.447702794382835, 6.955797516931153 ], [ 100.44737648748098, 6.955797516931155 ], [ 100.447376487480994, 6.956123823832822 ], [ 100.447539640931907, 6.956123823832833 ], [ 100.447539640931907, 6.956286977283678 ], [ 100.447865947833407, 6.956286977283678 ], [ 100.447865947833407, 6.956450130734496 ], [ 100.448192254735247, 6.956450130734499 ], [ 100.448192254735275, 6.956613284185347 ], [ 100.4488448685386, 6.956613284185338 ], [ 100.448844868538615, 6.956776437636173 ], [ 100.449334328891041, 6.956776437636193 ], [ 100.449334328891041, 6.956613284185341 ], [ 100.449497482341968, 6.956613284185345 ], [ 100.449497482341968, 6.956450130734509 ], [ 100.449660635792895, 6.956450130734511 ], [ 100.449660635792895, 6.956286977283675 ] ] ], [ [ [ 100.449497482341954, 6.961834194612089 ], [ 100.449497482341968, 6.961671041161257 ], [ 100.449334328891041, 6.961671041161236 ], [ 100.449334328891055, 6.961181580808725 ], [ 100.449497482341968, 6.961181580808733 ], [ 100.449497482341968, 6.960855273907045 ], [ 100.44966063579291, 6.960855273907059 ], [ 100.44966063579291, 6.96069212045621 ], [ 100.449497482341968, 6.960692120456212 ], [ 100.449497482341968, 6.96052896700537 ], [ 100.449660635792895, 6.960528967005375 ], [ 100.449660635792895, 6.960365813554533 ], [ 100.449334328891041, 6.960365813554541 ], [ 100.449334328891055, 6.960202660103706 ], [ 100.449171175440114, 6.960202660103706 ], [ 100.449171175440114, 6.960365813554542 ], [ 100.449008021989542, 6.960365813554548 ], [ 100.449008021989556, 6.960202660103708 ], [ 100.44851856163676, 6.960202660103702 ], [ 100.448518561636774, 6.960365813554536 ], [ 100.448355408186174, 6.960365813554541 ], [ 100.448355408186188, 6.961671041161255 ], [ 100.44851856163676, 6.961671041161244 ], [ 100.448518561636746, 6.961834194612078 ], [ 100.449008021989542, 6.961834194612084 ], [ 100.449008021989542, 6.961997348062916 ], [ 100.449171175440114, 6.961997348062924 ], [ 100.449171175440114, 6.96216050151375 ], [ 100.449334328891041, 6.962160501513769 ], [ 100.449334328891041, 6.962323654964607 ], [ 100.44966063579291, 6.962323654964607 ], [ 100.449660635792895, 6.962160501513757 ], [ 100.449823789243482, 6.962160501513767 ], [ 100.449823789243467, 6.961834194612079 ], [ 100.449497482341954, 6.961834194612089 ] ] ], [ [ [ 100.457506680520595, 6.960585682563407 ], [ 100.457485352977415, 6.960580034873088 ], [ 100.457444885923508, 6.960591135185322 ], [ 100.457328808982226, 6.960613590564464 ], [ 100.45714566313508, 6.960706776198978 ], [ 100.45711620362205, 6.960744813688312 ], [ 100.457047214625575, 6.960923619697681 ], [ 100.456962861061371, 6.961041099173968 ], [ 100.456962177808521, 6.961040817324403 ], [ 100.456891071633066, 6.961140034101241 ], [ 100.456801316638007, 6.961197006392116 ], [ 100.456649534684615, 6.961248795360515 ], [ 100.456325898593079, 6.961304648391524 ], [ 100.456186773826076, 6.961299742849863 ], [ 100.456186773826062, 6.961344734259574 ], [ 100.456023620375504, 6.961344734259562 ], [ 100.456023620375504, 6.961671041161243 ], [ 100.456186773826076, 6.961671041161242 ], [ 100.456186773826076, 6.961834194612078 ], [ 100.456513080727916, 6.961834194612081 ], [ 100.45651308072793, 6.962008681641612 ], [ 100.456519219731888, 6.961991968205648 ], [ 100.456568791787518, 6.961910697572141 ], [ 100.45662340888272, 6.961877258519098 ], [ 100.456829732224335, 6.961813479954543 ], [ 100.457237744458382, 6.961516832448954 ], [ 100.4572724647673, 6.961466736166283 ], [ 100.457392659047443, 6.961161338070765 ], [ 100.457418559125088, 6.961084282834885 ], [ 100.457506823024559, 6.96075243134584 ], [ 100.457516052474119, 6.960656965676063 ], [ 100.457506680520595, 6.960585682563407 ] ] ], [ [ [ 100.45537100657215, 6.972439168916579 ], [ 100.455534160022708, 6.972439168916583 ], [ 100.455534160022722, 6.972276015465734 ], [ 100.455860466924591, 6.972276015465748 ], [ 100.455860466924577, 6.972112862014898 ], [ 100.456023620375504, 6.972112862014892 ], [ 100.456023620375518, 6.971623401662393 ], [ 100.456186773826076, 6.971623401662385 ], [ 100.456186773826076, 6.970970787859031 ], [ 100.456349927277003, 6.970970787859043 ], [ 100.456349927276989, 6.970318174055675 ], [ 100.456186773826076, 6.970318174055676 ], [ 100.456186773826076, 6.969991867154005 ], [ 100.456023620375504, 6.969991867154002 ], [ 100.456023620375518, 6.969665560252333 ], [ 100.455860466924591, 6.96966556025233 ], [ 100.455860466924591, 6.969502406801479 ], [ 100.45569731347365, 6.969502406801495 ], [ 100.45569731347365, 6.969665560252337 ], [ 100.455371006572165, 6.969665560252324 ], [ 100.45537100657215, 6.969828713703159 ], [ 100.455044699670282, 6.969828713703166 ], [ 100.455044699670296, 6.969665560252333 ], [ 100.454392085866942, 6.96966556025232 ], [ 100.454392085866957, 6.96982871370317 ], [ 100.454228932416001, 6.969828713703175 ], [ 100.454228932416001, 6.970155020604833 ], [ 100.454065778965443, 6.970155020604846 ], [ 100.454065778965443, 6.970318174055675 ], [ 100.453902625514502, 6.970318174055674 ], [ 100.453902625514516, 6.970481327506513 ], [ 100.453250011711148, 6.970481327506526 ], [ 100.453250011711162, 6.970318174055687 ], [ 100.453086858260235, 6.970318174055675 ], [ 100.453086858260221, 6.969502406801483 ], [ 100.453250011711162, 6.969502406801496 ], [ 100.453250011711162, 6.969176099899821 ], [ 100.45341316516209, 6.96917609989981 ], [ 100.45341316516209, 6.968849792998131 ], [ 100.453576318612662, 6.968849792998128 ], [ 100.453576318612676, 6.967544565391437 ], [ 100.45341316516209, 6.967544565391424 ], [ 100.453413165162075, 6.96721825848976 ], [ 100.453086858260235, 6.967218258489745 ], [ 100.453086858260235, 6.967055105038908 ], [ 100.452923704809308, 6.967055105038905 ], [ 100.452923704809308, 6.966891951588068 ], [ 100.452760551358736, 6.966891951588067 ], [ 100.452760551358736, 6.966728798137234 ], [ 100.452597397907809, 6.966728798137239 ], [ 100.452597397907823, 6.96656564468639 ], [ 100.452271091005954, 6.966565644686406 ], [ 100.452271091005954, 6.966728798137228 ], [ 100.452107937555382, 6.966728798137233 ], [ 100.452107937555382, 6.966891951588073 ], [ 100.451618477202601, 6.966891951588085 ], [ 100.451618477202601, 6.966728798137239 ], [ 100.451455323752043, 6.966728798137241 ], [ 100.451455323752029, 6.965913030883052 ], [ 100.451292170301102, 6.965913030883041 ], [ 100.451292170301102, 6.965749877432215 ], [ 100.451129016850174, 6.965749877432208 ], [ 100.451129016850174, 6.965586723981376 ], [ 100.450965863399603, 6.965586723981372 ], [ 100.450965863399588, 6.96542357053052 ], [ 100.450802709948675, 6.965423570530528 ], [ 100.450802709948675, 6.965097263628853 ], [ 100.450639556497748, 6.965097263628859 ], [ 100.450639556497748, 6.964770956727171 ], [ 100.450802709948675, 6.964770956727172 ], [ 100.45080270994869, 6.964444649825502 ], [ 100.450965863399617, 6.964444649825502 ], [ 100.450965863399603, 6.963465729120474 ], [ 100.450802709948661, 6.963465729120467 ], [ 100.450802709948661, 6.963302575669632 ], [ 100.449823789243482, 6.963302575669635 ], [ 100.449823789243482, 6.96346572912047 ], [ 100.449660635792895, 6.963465729120465 ], [ 100.449660635792895, 6.96477095672717 ], [ 100.449497482341954, 6.964770956727181 ], [ 100.449497482341968, 6.964934110178003 ], [ 100.449008021989528, 6.964934110178015 ], [ 100.449008021989542, 6.965423570530536 ], [ 100.449171175440114, 6.965423570530537 ], [ 100.4491711754401, 6.965749877432208 ], [ 100.449334328891027, 6.96574987743221 ], [ 100.449334328891055, 6.966565644686391 ], [ 100.449171175440114, 6.966565644686397 ], [ 100.449171175440114, 6.966728798137245 ], [ 100.449334328891041, 6.966728798137239 ], [ 100.449334328891041, 6.967055105038908 ], [ 100.449497482341968, 6.967055105038912 ], [ 100.449497482341968, 6.967218258489755 ], [ 100.449823789243453, 6.967218258489747 ], [ 100.449823789243467, 6.96754456539143 ], [ 100.450150096145336, 6.967544565391439 ], [ 100.450150096145308, 6.967870872293102 ], [ 100.450313249596249, 6.9678708722931 ], [ 100.450313249596249, 6.969012946448967 ], [ 100.450476403046821, 6.969012946448978 ], [ 100.450476403046807, 6.969176099899808 ], [ 100.450639556497734, 6.969176099899804 ], [ 100.450639556497762, 6.969012946448967 ], [ 100.450802709948675, 6.969012946448972 ], [ 100.450802709948661, 6.96884979299814 ], [ 100.450965863399603, 6.968849792998135 ], [ 100.450965863399603, 6.96868663954729 ], [ 100.451129016850174, 6.968686639547299 ], [ 100.451129016850174, 6.96852348609646 ], [ 100.450965863399603, 6.968523486096454 ], [ 100.450965863399603, 6.968360332645615 ], [ 100.451129016850189, 6.968360332645614 ], [ 100.451129016850174, 6.968197179194781 ], [ 100.450965863399603, 6.968197179194787 ], [ 100.450965863399603, 6.967870872293107 ], [ 100.451129016850174, 6.967870872293114 ], [ 100.451129016850174, 6.967544565391434 ], [ 100.451618477202587, 6.967544565391431 ], [ 100.451618477202601, 6.967707718842259 ], [ 100.451781630653528, 6.967707718842266 ], [ 100.451781630653514, 6.967870872293108 ], [ 100.451944784104455, 6.9678708722931 ], [ 100.451944784104455, 6.968034025743949 ], [ 100.452107937555382, 6.968034025743942 ], [ 100.452107937555397, 6.968360332645619 ], [ 100.452271091005954, 6.968360332645629 ], [ 100.45227109100594, 6.96852348609645 ], [ 100.452434244456867, 6.968523486096454 ], [ 100.452434244456882, 6.968686639547303 ], [ 100.452597397907795, 6.9686866395473 ], [ 100.452597397907795, 6.969176099899803 ], [ 100.452434244456882, 6.969176099899806 ], [ 100.452434244456882, 6.969502406801497 ], [ 100.45227109100594, 6.969502406801486 ], [ 100.452271091005954, 6.969665560252338 ], [ 100.452434244456882, 6.969665560252322 ], [ 100.452434244456867, 6.970481327506509 ], [ 100.452271091005954, 6.970481327506511 ], [ 100.452271091005954, 6.971133941309863 ], [ 100.452434244456882, 6.971133941309879 ], [ 100.452434244456882, 6.971297094760706 ], [ 100.452597397907809, 6.971297094760716 ], [ 100.452597397907795, 6.971460248211549 ], [ 100.452760551358736, 6.971460248211548 ], [ 100.452760551358736, 6.971623401662384 ], [ 100.452923704809308, 6.971623401662392 ], [ 100.452923704809294, 6.97260232236742 ], [ 100.452760551358736, 6.972602322367427 ], [ 100.452760551358736, 6.97276547581825 ], [ 100.452597397907823, 6.972765475818254 ], [ 100.452597397907823, 6.972602322367424 ], [ 100.452271091005969, 6.97260232236742 ], [ 100.452271091005954, 6.97243916891657 ], [ 100.452107937555397, 6.972439168916586 ], [ 100.452107937555382, 6.971623401662394 ], [ 100.451944784104469, 6.971623401662385 ], [ 100.451944784104455, 6.971460248211541 ], [ 100.451781630653514, 6.971460248211546 ], [ 100.451781630653514, 6.971297094760712 ], [ 100.451618477202601, 6.971297094760714 ], [ 100.451618477202601, 6.971133941309872 ], [ 100.451455323752029, 6.971133941309874 ], [ 100.451455323752029, 6.970970787859025 ], [ 100.450965863399603, 6.970970787859038 ], [ 100.450965863399603, 6.971133941309875 ], [ 100.450802709948675, 6.971133941309873 ], [ 100.450802709948675, 6.971623401662382 ], [ 100.450965863399603, 6.97162340166238 ], [ 100.450965863399603, 6.971949708564066 ], [ 100.451129016850174, 6.971949708564071 ], [ 100.451129016850174, 6.972276015465734 ], [ 100.451292170301102, 6.97227601546574 ], [ 100.451292170301102, 6.972765475818264 ], [ 100.451455323752029, 6.972765475818247 ], [ 100.451455323752029, 6.973091782719941 ], [ 100.451618477202601, 6.973091782719934 ], [ 100.451618477202601, 6.973907549974123 ], [ 100.451781630653514, 6.97390754997412 ], [ 100.451781630653514, 6.974070703424965 ], [ 100.452434244456882, 6.974070703424972 ], [ 100.452434244456867, 6.97390754997412 ], [ 100.452597397907795, 6.973907549974125 ], [ 100.452597397907809, 6.973744396523291 ], [ 100.452760551358722, 6.973744396523279 ], [ 100.45276055135875, 6.973581243072443 ], [ 100.452923704809308, 6.973581243072442 ], [ 100.452923704809322, 6.973418089621608 ], [ 100.453086858260249, 6.973418089621615 ], [ 100.453086858260249, 6.973254936170765 ], [ 100.453250011711162, 6.973254936170763 ], [ 100.453250011711162, 6.972439168916585 ], [ 100.453086858260221, 6.972439168916588 ], [ 100.453086858260249, 6.9721128620149 ], [ 100.453250011711162, 6.972112862014904 ], [ 100.453250011711162, 6.971786555113229 ], [ 100.453413165162104, 6.971786555113229 ], [ 100.45341316516209, 6.97146024821155 ], [ 100.453576318612647, 6.971460248211555 ], [ 100.453576318612647, 6.971297094760707 ], [ 100.453739472063603, 6.971297094760702 ], [ 100.453739472063575, 6.970970787859038 ], [ 100.453902625514516, 6.970970787859025 ], [ 100.453902625514502, 6.970807634408188 ], [ 100.454065778965443, 6.970807634408194 ], [ 100.454065778965443, 6.970644480957348 ], [ 100.454228932416015, 6.970644480957358 ], [ 100.454228932416015, 6.970481327506524 ], [ 100.455044699670296, 6.970481327506523 ], [ 100.455044699670282, 6.970644480957358 ], [ 100.455207853121223, 6.970644480957364 ], [ 100.455207853121209, 6.971460248211556 ], [ 100.45504469967031, 6.971460248211546 ], [ 100.455044699670296, 6.972276015465745 ], [ 100.454881546219369, 6.972276015465743 ], [ 100.454881546219355, 6.972602322367414 ], [ 100.454718392768783, 6.972602322367409 ], [ 100.454718392768797, 6.972928629269099 ], [ 100.45455523931787, 6.97292862926909 ], [ 100.454555239317855, 6.973091782719926 ], [ 100.454392085866942, 6.973091782719924 ], [ 100.454392085866957, 6.973254936170775 ], [ 100.454228932416015, 6.973254936170776 ], [ 100.454228932416015, 6.973581243072457 ], [ 100.454065778965443, 6.973581243072457 ], [ 100.454065778965443, 6.974070703424973 ], [ 100.454228932416015, 6.974070703424973 ], [ 100.454228932416001, 6.974233856875796 ], [ 100.455371006572136, 6.974233856875799 ], [ 100.45537100657215, 6.974070703424966 ], [ 100.455534160022737, 6.974070703424973 ], [ 100.455534160022722, 6.972928629269099 ], [ 100.45537100657215, 6.972928629269103 ], [ 100.45537100657215, 6.972439168916579 ] ] ], [ [ [ 100.437260973529192, 6.973418089621607 ], [ 100.437260973529192, 6.973091782719933 ], [ 100.437424126979735, 6.973091782719935 ], [ 100.437424126979749, 6.972765475818256 ], [ 100.43823989423403, 6.972765475818266 ], [ 100.43823989423403, 6.972928629269089 ], [ 100.43856620113587, 6.9729286292691 ], [ 100.438566201135899, 6.973091782719942 ], [ 100.438729354586457, 6.973091782719933 ], [ 100.438729354586471, 6.972928629269086 ], [ 100.439055661488311, 6.9729286292691 ], [ 100.439055661488325, 6.972765475818263 ], [ 100.439218814939238, 6.972765475818249 ], [ 100.439218814939252, 6.972439168916589 ], [ 100.439055661488311, 6.972439168916579 ], [ 100.439055661488311, 6.9721128620149 ], [ 100.438729354586457, 6.972112862014899 ], [ 100.438729354586457, 6.971949708564056 ], [ 100.437913587332545, 6.97194970856406 ], [ 100.437913587332531, 6.972112862014894 ], [ 100.437750433881618, 6.97211286201491 ], [ 100.43775043388159, 6.971949708564066 ], [ 100.437587280430677, 6.971949708564066 ], [ 100.437587280430662, 6.9721128620149 ], [ 100.437260973529163, 6.9721128620149 ], [ 100.437260973529192, 6.97194970856407 ], [ 100.436771513176396, 6.971949708564069 ], [ 100.436771513176396, 6.97178655511322 ], [ 100.436282052823955, 6.971786555113232 ], [ 100.436282052823955, 6.971949708564061 ], [ 100.436118899373042, 6.971949708564056 ], [ 100.436118899373042, 6.972602322367416 ], [ 100.435792592471543, 6.972602322367414 ], [ 100.435792592471543, 6.97292862926909 ], [ 100.435629439020602, 6.972928629269091 ], [ 100.435629439020602, 6.973418089621603 ], [ 100.435792592471543, 6.973418089621618 ], [ 100.435792592471543, 6.973744396523277 ], [ 100.43595574592247, 6.97374439652329 ], [ 100.435955745922456, 6.973907549974119 ], [ 100.436282052823969, 6.973907549974129 ], [ 100.436282052823955, 6.973744396523293 ], [ 100.437097820078264, 6.973744396523286 ], [ 100.43709782007825, 6.97341808962162 ], [ 100.437260973529192, 6.973418089621607 ] ] ], [ [ [ 100.44199242360321, 6.976191698285859 ], [ 100.442318730505093, 6.976191698285859 ], [ 100.442318730505065, 6.976354851736702 ], [ 100.442645037406564, 6.976354851736694 ], [ 100.442645037406564, 6.976191698285865 ], [ 100.442808190857505, 6.976191698285858 ], [ 100.442808190857519, 6.976354851736697 ], [ 100.442971344308432, 6.9763548517367 ], [ 100.442971344308447, 6.976191698285871 ], [ 100.44313449775936, 6.976191698285865 ], [ 100.44313449775936, 6.976028544835017 ], [ 100.442971344308432, 6.976028544835034 ], [ 100.442971344308432, 6.975865391384184 ], [ 100.442155577054166, 6.975865391384187 ], [ 100.442155577054152, 6.975702237933351 ], [ 100.441013502898358, 6.975702237933338 ], [ 100.441013502898358, 6.975865391384191 ], [ 100.440687195996503, 6.975865391384189 ], [ 100.440687195996531, 6.97602854483502 ], [ 100.440360889095018, 6.976028544835033 ], [ 100.440360889095004, 6.976354851736694 ], [ 100.440197735644077, 6.976354851736703 ], [ 100.440197735644091, 6.977496925892471 ], [ 100.440687195996531, 6.977496925892481 ], [ 100.440687195996517, 6.977660079343317 ], [ 100.440850349447445, 6.97766007934332 ], [ 100.440850349447445, 6.977496925892479 ], [ 100.442155577054152, 6.977496925892477 ], [ 100.442155577054152, 6.976354851736696 ], [ 100.441992423603239, 6.97635485173671 ], [ 100.44199242360321, 6.976191698285859 ] ] ], [ [ [ 100.456676234178857, 6.980759994909254 ], [ 100.456513080727916, 6.980759994909249 ], [ 100.45651308072793, 6.980596841458403 ], [ 100.456349927277003, 6.980596841458404 ], [ 100.456349927277017, 6.980433688007571 ], [ 100.456186773826076, 6.980433688007582 ], [ 100.456186773826076, 6.979944227655066 ], [ 100.456349927277003, 6.979944227655063 ], [ 100.456349927277003, 6.980107381105903 ], [ 100.456839387629444, 6.980107381105893 ], [ 100.456839387629444, 6.980433688007576 ], [ 100.457165694531284, 6.980433688007563 ], [ 100.457165694531298, 6.980923148360086 ], [ 100.457328847982211, 6.980923148360079 ], [ 100.457328847982211, 6.979944227655058 ], [ 100.457165694531284, 6.979944227655064 ], [ 100.457165694531284, 6.979617920753374 ], [ 100.457002541080357, 6.979617920753388 ], [ 100.457002541080357, 6.979291613851701 ], [ 100.456676234178857, 6.979291613851702 ], [ 100.456676234178872, 6.979128460400875 ], [ 100.455534160022722, 6.979128460400867 ], [ 100.455534160022722, 6.978965306950031 ], [ 100.455371006572136, 6.978965306950026 ], [ 100.455371006572136, 6.978639000048351 ], [ 100.455207853121237, 6.978639000048348 ], [ 100.455207853121223, 6.97814953969583 ], [ 100.45537100657215, 6.978149539695837 ], [ 100.45537100657215, 6.977496925892485 ], [ 100.455534160022722, 6.977496925892472 ], [ 100.455534160022722, 6.977007465540047 ], [ 100.45537100657215, 6.977007465540052 ], [ 100.455371006572165, 6.976844312089217 ], [ 100.455207853121223, 6.976844312089206 ], [ 100.455207853121223, 6.976681158638377 ], [ 100.454718392768797, 6.976681158638372 ], [ 100.454718392768797, 6.976518005187537 ], [ 100.454228932416015, 6.976518005187545 ], [ 100.454228932416029, 6.976681158638385 ], [ 100.454392085866942, 6.976681158638373 ], [ 100.454392085866942, 6.977333772441728 ], [ 100.454228932416015, 6.977333772441724 ], [ 100.454228932416015, 6.977986386245004 ], [ 100.454065778965443, 6.977986386245003 ], [ 100.454065778965457, 6.978475846597505 ], [ 100.454228932416015, 6.978475846597508 ], [ 100.454228932416015, 6.979944227655058 ], [ 100.454065778965443, 6.979944227655063 ], [ 100.454065778965457, 6.980107381105901 ], [ 100.453902625514516, 6.980107381105893 ], [ 100.45390262551453, 6.980433688007577 ], [ 100.454065778965443, 6.980433688007569 ], [ 100.454065778965443, 6.98059684145842 ], [ 100.454228932416015, 6.980596841458421 ], [ 100.454228932416029, 6.981086301810922 ], [ 100.454392085866942, 6.981086301810927 ], [ 100.454392085866928, 6.980923148360081 ], [ 100.454718392768797, 6.980923148360094 ], [ 100.454718392768797, 6.981086301810937 ], [ 100.455371006572165, 6.98108630181092 ], [ 100.455371006572165, 6.981249455261771 ], [ 100.45569731347365, 6.981249455261767 ], [ 100.455697313473664, 6.981086301810935 ], [ 100.455860466924577, 6.981086301810922 ], [ 100.455860466924563, 6.981249455261762 ], [ 100.456186773826076, 6.981249455261773 ], [ 100.456186773826076, 6.981412608712597 ], [ 100.456349927277003, 6.981412608712594 ], [ 100.456349927277003, 6.981249455261765 ], [ 100.45651308072793, 6.981249455261758 ], [ 100.456513080727944, 6.981086301810917 ], [ 100.456676234178872, 6.981086301810926 ], [ 100.456676234178857, 6.980759994909254 ] ] ] ] } },
{ "type": "Feature", "properties": { "TB_IDN": 901103, "TB_TN": "ต.คูเต่า", "AP_IDN": 9011, "AP_TN": "อ.หาดใหญ่", "PV_IDN": 90, "PV_TN": "จ.สงขลา", "RE_NESDB": "South", "RE_ROYIN": "South", "F_AREA": 14092268.155, "flood_area": 8807.67, "A": 14.079 }, "geometry": { "type": "MultiPolygon", "coordinates": [ [ [ [ 100.456546827380805, 7.14670606872751 ], [ 100.456539142706561, 7.146687054411188 ], [ 100.456513080727916, 7.146687054411195 ], [ 100.456513080727916, 7.146622568827254 ], [ 100.456473203910761, 7.146523900960345 ], [ 100.456349927277003, 7.146523900960347 ], [ 100.456349927277003, 7.146360747509505 ], [ 100.456186773826076, 7.146360747509501 ], [ 100.456186773826062, 7.146197594058669 ], [ 100.455860466924563, 7.146197594058671 ], [ 100.455860466924577, 7.146034440607834 ], [ 100.455534160022737, 7.146034440607834 ], [ 100.455534160022708, 7.145871287156994 ], [ 100.45537100657215, 7.145871287156988 ], [ 100.455371006572136, 7.145708133706161 ], [ 100.455207853121223, 7.145708133706163 ], [ 100.455207853121223, 7.145544980255313 ], [ 100.455044699670282, 7.145544980255307 ], [ 100.455044699670296, 7.145218673353644 ], [ 100.454881546219355, 7.145218673353644 ], [ 100.454881546219369, 7.144729213001117 ], [ 100.454718392768797, 7.144729213001117 ], [ 100.454718392768797, 7.144402906099452 ], [ 100.45455523931787, 7.14440290609945 ], [ 100.45455523931787, 7.144080061595345 ], [ 100.454471114958125, 7.143909663979676 ], [ 100.454483340188631, 7.14376159044349 ], [ 100.454514813897703, 7.143499034295567 ], [ 100.45454735242707, 7.14336424426007 ], [ 100.454653957559628, 7.143228840813832 ], [ 100.454948632580724, 7.143038061224468 ], [ 100.455149895669763, 7.14294893990623 ], [ 100.455647694065334, 7.142890976559397 ], [ 100.456084782311464, 7.142820064798393 ], [ 100.456165182108862, 7.142772316825891 ], [ 100.456237444838266, 7.14255648406951 ], [ 100.456261049949447, 7.142159473517785 ], [ 100.456178223246098, 7.141918041153279 ], [ 100.456176822118351, 7.141749917016356 ], [ 100.456297282308086, 7.141661475435904 ], [ 100.456464817202743, 7.141565913010723 ], [ 100.456862245952294, 7.141582762259473 ], [ 100.457245186104075, 7.141478678934776 ], [ 100.457592537028191, 7.141146216928751 ], [ 100.457733088972049, 7.141044156039494 ], [ 100.457853999709485, 7.141009518888396 ], [ 100.458062899140188, 7.141027948598965 ], [ 100.458190939148295, 7.141040321745817 ], [ 100.458305180661981, 7.141012469765537 ], [ 100.458412120191923, 7.140917414802183 ], [ 100.4585193957695, 7.140862708851643 ], [ 100.458781923806768, 7.140853785292611 ], [ 100.458937127829998, 7.140892839770385 ], [ 100.459261498106073, 7.141031366206223 ], [ 100.459409630279609, 7.141030128969854 ], [ 100.459564037847485, 7.140975029533998 ], [ 100.459804792594923, 7.140777970404195 ], [ 100.459902969625162, 7.140440869613967 ], [ 100.459914405728, 7.140198651631765 ], [ 100.459893247425924, 7.1400844868291 ], [ 100.459751169894687, 7.140004968689816 ], [ 100.459656569658776, 7.139965406217766 ], [ 100.45949503298381, 7.139973486236733 ], [ 100.458815955244077, 7.140093500855067 ], [ 100.458755303264894, 7.140087290135395 ], [ 100.458707211374701, 7.139973355058467 ], [ 100.458713265839023, 7.139892590523051 ], [ 100.458919170060327, 7.139554588574308 ], [ 100.459145502241412, 7.139243316549088 ], [ 100.459332782472899, 7.139093785321066 ], [ 100.459655240450388, 7.139003655286865 ], [ 100.459911040620057, 7.138994788752878 ], [ 100.460349477766925, 7.139085278831069 ], [ 100.460754811934194, 7.13924329817053 ], [ 100.460972079058678, 7.139456704358815 ], [ 100.46110169398618, 7.139657384066788 ], [ 100.461237602389275, 7.139804210564931 ], [ 100.46141293759581, 7.139836372991978 ], [ 100.462146956989457, 7.139843678438091 ], [ 100.462369087723886, 7.139835088965217 ], [ 100.462523445856903, 7.139773269867747 ], [ 100.462651542968132, 7.139792369658648 ], [ 100.462726454389184, 7.139892627432999 ], [ 100.462741386826707, 7.140067372905472 ], [ 100.462661439987869, 7.140168926419694 ], [ 100.462493734545802, 7.140244316273613 ], [ 100.462401104166261, 7.140440129349768 ], [ 100.462328623381936, 7.140629060107733 ], [ 100.462215967468211, 7.140845220176351 ], [ 100.462028736346909, 7.141001480384223 ], [ 100.46200305102532, 7.141149659595786 ], [ 100.462058609994585, 7.141350962375653 ], [ 100.462174590860101, 7.141531582107461 ], [ 100.462317514840677, 7.141711980736027 ], [ 100.462548016027512, 7.141898368457194 ], [ 100.462608470873263, 7.14197748604319 ], [ 100.462674908797581, 7.141967176710058 ], [ 100.462683504274978, 7.141977751389159 ], [ 100.462731342445025, 7.142045433911675 ], [ 100.462779115710205, 7.142121867227164 ], [ 100.462826834169775, 7.142207067466031 ], [ 100.462874506212088, 7.142301048867187 ], [ 100.462922147296055, 7.142403841178911 ], [ 100.462969771458788, 7.142515474621858 ], [ 100.46300642136076, 7.142608218140221 ], [ 100.463039218761466, 7.142608218140233 ], [ 100.463039218761466, 7.142445064689396 ], [ 100.463202372212407, 7.142445064689396 ], [ 100.463202372212393, 7.142281911238559 ], [ 100.463039218761466, 7.142281911238546 ], [ 100.463039218761466, 7.141955604336873 ], [ 100.462876065310525, 7.141955604336863 ], [ 100.462876065310553, 7.140976683631846 ], [ 100.46303921876148, 7.140976683631846 ], [ 100.463039218761466, 7.140487223279328 ], [ 100.463202372212393, 7.140487223279325 ], [ 100.463202372212393, 7.140324069828488 ], [ 100.463039218761466, 7.140324069828496 ], [ 100.463039218761466, 7.140160916377656 ], [ 100.463202372212393, 7.14016091637764 ], [ 100.463202372212393, 7.139997762926801 ], [ 100.463039218761466, 7.139997762926803 ], [ 100.463039218761452, 7.139834609475978 ], [ 100.462876065310539, 7.139834609475971 ], [ 100.462876065310539, 7.139508302574303 ], [ 100.462549758409054, 7.139508302574304 ], [ 100.462549758409025, 7.139345149123452 ], [ 100.462386604958112, 7.139345149123458 ], [ 100.462386604958112, 7.139181995672626 ], [ 100.462223451507185, 7.139181995672616 ], [ 100.462223451507171, 7.139018842221867 ], [ 100.462060298056272, 7.13901884222186 ], [ 100.462060298056258, 7.138855688771031 ], [ 100.461897144605686, 7.138855688771033 ], [ 100.461897144605686, 7.138529381869353 ], [ 100.461733991154759, 7.138529381869364 ], [ 100.461733991154773, 7.138366228418512 ], [ 100.461897144605686, 7.138366228418508 ], [ 100.461897144605686, 7.138203074967667 ], [ 100.462223451507199, 7.13820307496768 ], [ 100.462223451507185, 7.138366228418509 ], [ 100.462386604958112, 7.138366228418515 ], [ 100.462386604958112, 7.138529381869345 ], [ 100.462876065310525, 7.138529381869361 ], [ 100.462876065310539, 7.138203074967672 ], [ 100.463365525662965, 7.138203074967677 ], [ 100.463365525662965, 7.138039921516836 ], [ 100.463202372212407, 7.138039921516831 ], [ 100.463202372212393, 7.137713614615165 ], [ 100.463039218761466, 7.137713614615156 ], [ 100.463039218761466, 7.136897847360966 ], [ 100.462876065310539, 7.136897847360978 ], [ 100.462876065310553, 7.136734693910127 ], [ 100.46254975840904, 7.136734693910133 ], [ 100.46254975840904, 7.136571540459289 ], [ 100.462060298056272, 7.136571540459287 ], [ 100.462060298056258, 7.13640838700845 ], [ 100.4618971446057, 7.13640838700846 ], [ 100.461897144605686, 7.136082080106783 ], [ 100.462060298056244, 7.136082080106783 ], [ 100.462060298056258, 7.135918926655931 ], [ 100.463365525662965, 7.135918926655945 ], [ 100.463365525662965, 7.136245233557625 ], [ 100.463528679113907, 7.136245233557625 ], [ 100.463528679113892, 7.136408387008453 ], [ 100.46369183256482, 7.136408387008451 ], [ 100.463691832564805, 7.13657154045929 ], [ 100.463854986015747, 7.136571540459301 ], [ 100.463854986015747, 7.136408387008463 ], [ 100.464670753269687, 7.136408387008451 ], [ 100.464670753269672, 7.136245233557616 ], [ 100.4648339067206, 7.13624523355761 ], [ 100.464833906720614, 7.136082080106769 ], [ 100.464997060171527, 7.136082080106784 ], [ 100.464997060171513, 7.135918926655942 ], [ 100.46516021362244, 7.135918926655944 ], [ 100.465160213622454, 7.135592619754264 ], [ 100.464997060171527, 7.135592619754264 ], [ 100.464997060171513, 7.135429466303429 ], [ 100.464833906720585, 7.135429466303422 ], [ 100.4648339067206, 7.135266312852587 ], [ 100.4645075998191, 7.135266312852576 ], [ 100.464507599819115, 7.13510315940174 ], [ 100.464344446368173, 7.135103159401744 ], [ 100.464344446368159, 7.134940005950914 ], [ 100.464181292917232, 7.134940005950917 ], [ 100.464181292917232, 7.134450545598389 ], [ 100.464344446368173, 7.134450545598394 ], [ 100.464344446368173, 7.13428739214756 ], [ 100.464997060171527, 7.134287392147546 ], [ 100.464997060171527, 7.134124238696708 ], [ 100.465160213622468, 7.134124238696712 ], [ 100.465160213622454, 7.133961085245871 ], [ 100.464997060171527, 7.133961085245879 ], [ 100.464997060171541, 7.133634778344207 ], [ 100.4648339067206, 7.133634778344208 ], [ 100.464833906720585, 7.132329550737499 ], [ 100.464507599819115, 7.132329550737501 ], [ 100.4645075998191, 7.132166397286657 ], [ 100.464018139466319, 7.13216639728665 ], [ 100.464018139466319, 7.132003243835825 ], [ 100.463854986015733, 7.132003243835826 ], [ 100.463854986015747, 7.131676936934142 ], [ 100.463528679113892, 7.131676936934134 ], [ 100.463528679113892, 7.131350630032457 ], [ 100.463039218761466, 7.131350630032469 ], [ 100.463039218761466, 7.131187476581625 ], [ 100.462712911859612, 7.131187476581627 ], [ 100.462712911859626, 7.131024323130791 ], [ 100.46254975840904, 7.131024323130791 ], [ 100.46254975840904, 7.130534862778266 ], [ 100.462712911859626, 7.130534862778277 ], [ 100.462712911859612, 7.130371709327439 ], [ 100.462876065310539, 7.130371709327441 ], [ 100.462876065310553, 7.129719095524075 ], [ 100.462712911859612, 7.129719095524088 ], [ 100.462712911859612, 7.129392788622401 ], [ 100.462876065310525, 7.129392788622413 ], [ 100.462876065310539, 7.12906648172073 ], [ 100.463202372212393, 7.129066481720738 ], [ 100.463202372212393, 7.128903328269889 ], [ 100.463365525662965, 7.128903328269896 ], [ 100.463365525662965, 7.128413867917378 ], [ 100.463202372212393, 7.128413867917365 ], [ 100.463202372212393, 7.127924407564852 ], [ 100.463039218761466, 7.127924407564849 ], [ 100.46303921876148, 7.127761254114017 ], [ 100.462876065310539, 7.127761254114023 ], [ 100.462876065310539, 7.127924407564849 ], [ 100.462549758409054, 7.127924407564863 ], [ 100.46254975840904, 7.127761254114015 ], [ 100.462386604958112, 7.127761254114024 ], [ 100.462386604958112, 7.12727179376151 ], [ 100.462223451507199, 7.127271793761495 ], [ 100.462223451507199, 7.127108640310671 ], [ 100.462060298056258, 7.127108640310675 ], [ 100.462060298056244, 7.126945486859832 ], [ 100.461897144605686, 7.126945486859835 ], [ 100.461897144605672, 7.126782333408996 ], [ 100.461733991154759, 7.126782333408983 ], [ 100.461733991154773, 7.126619179958152 ], [ 100.461081377351391, 7.126619179958143 ], [ 100.461081377351405, 7.126782333408982 ], [ 100.460428763548052, 7.126782333408984 ], [ 100.460428763548052, 7.126945486859836 ], [ 100.460102456646197, 7.126945486859829 ], [ 100.460102456646212, 7.127108640310675 ], [ 100.459286689392286, 7.127108640310661 ], [ 100.459286689392258, 7.127271793761498 ], [ 100.459123535941345, 7.127271793761503 ], [ 100.459123535941359, 7.127434947212354 ], [ 100.458960382490417, 7.127434947212348 ], [ 100.458960382490417, 7.127598100663188 ], [ 100.458797229039504, 7.127598100663188 ], [ 100.458797229039476, 7.127924407564863 ], [ 100.458634075588918, 7.127924407564865 ], [ 100.458634075588918, 7.128250714466539 ], [ 100.45798146178555, 7.128250714466527 ], [ 100.457981461785565, 7.128903328269898 ], [ 100.457818308334637, 7.128903328269885 ], [ 100.457818308334637, 7.129066481720734 ], [ 100.456186773826062, 7.129066481720723 ], [ 100.456186773826076, 7.129392788622397 ], [ 100.456023620375504, 7.1293927886224 ], [ 100.456023620375504, 7.129719095524071 ], [ 100.455860466924563, 7.129719095524082 ], [ 100.455860466924577, 7.130045402425766 ], [ 100.455697313473664, 7.130045402425756 ], [ 100.45569731347365, 7.130208555876589 ], [ 100.456186773826076, 7.130208555876597 ], [ 100.456186773826076, 7.130371709327425 ], [ 100.456349927277003, 7.130371709327427 ], [ 100.456349927277017, 7.130698016229108 ], [ 100.456186773826062, 7.130698016229108 ], [ 100.456186773826076, 7.130861169679942 ], [ 100.455534160022737, 7.130861169679958 ], [ 100.455534160022722, 7.131024323130791 ], [ 100.45537100657215, 7.131024323130791 ], [ 100.45537100657215, 7.131350630032471 ], [ 100.455207853121209, 7.131350630032457 ], [ 100.455207853121223, 7.132003243835816 ], [ 100.455044699670296, 7.132003243835816 ], [ 100.455044699670296, 7.133634778344198 ], [ 100.454881546219369, 7.133634778344207 ], [ 100.454881546219383, 7.134940005950901 ], [ 100.455044699670296, 7.134940005950914 ], [ 100.455044699670296, 7.135266312852576 ], [ 100.455207853121223, 7.135266312852593 ], [ 100.455207853121223, 7.135429466303428 ], [ 100.455371006572136, 7.135429466303416 ], [ 100.45537100657215, 7.135592619754266 ], [ 100.455534160022722, 7.135592619754261 ], [ 100.455534160022722, 7.135755773205108 ], [ 100.455697313473664, 7.135755773205109 ], [ 100.455697313473635, 7.135918926655947 ], [ 100.455860466924577, 7.135918926655932 ], [ 100.455860466924591, 7.136082080106781 ], [ 100.456023620375518, 7.136082080106788 ], [ 100.456023620375504, 7.136245233557609 ], [ 100.456186773826076, 7.136245233557614 ], [ 100.456186773826076, 7.136408387008466 ], [ 100.456349927277003, 7.136408387008463 ], [ 100.456349927277003, 7.136897847360968 ], [ 100.456186773826076, 7.136897847360969 ], [ 100.456186773826076, 7.137061000811814 ], [ 100.456023620375518, 7.137061000811801 ], [ 100.45602362037549, 7.137387307713492 ], [ 100.455860466924577, 7.137387307713484 ], [ 100.455860466924563, 7.137550461164327 ], [ 100.456023620375504, 7.13755046116432 ], [ 100.456023620375504, 7.138039921516829 ], [ 100.455860466924577, 7.138039921516829 ], [ 100.455860466924591, 7.138203074967667 ], [ 100.45537100657215, 7.138203074967677 ], [ 100.455371006572136, 7.138039921516835 ], [ 100.455207853121223, 7.138039921516839 ], [ 100.455207853121223, 7.138203074967672 ], [ 100.454881546219369, 7.138203074967683 ], [ 100.454881546219369, 7.138366228418524 ], [ 100.454718392768811, 7.138366228418506 ], [ 100.454718392768811, 7.139345149123456 ], [ 100.454555239317884, 7.139345149123459 ], [ 100.45455523931787, 7.139508302574287 ], [ 100.454392085866942, 7.139508302574304 ], [ 100.454392085866942, 7.139345149123451 ], [ 100.454065778965443, 7.139345149123448 ], [ 100.454065778965443, 7.139018842221869 ], [ 100.45390262551453, 7.139018842221874 ], [ 100.453902625514516, 7.138039921516832 ], [ 100.45376697132069, 7.138039921516837 ], [ 100.453776396291246, 7.13816073030631 ], [ 100.453738548704877, 7.138325683893618 ], [ 100.453735604318624, 7.138336523808367 ], [ 100.453734609204673, 7.138355494686309 ], [ 100.453720328607602, 7.138392762150976 ], [ 100.453639115830228, 7.138691751311415 ], [ 100.453557276107659, 7.139000817293751 ], [ 100.453537032117623, 7.139111785277793 ], [ 100.453522545810273, 7.139186769929963 ], [ 100.453521806842545, 7.139186709860407 ], [ 100.453511485974644, 7.139342801354007 ], [ 100.45350075233641, 7.139537627428476 ], [ 100.453501740830049, 7.139690411515022 ], [ 100.453505644764306, 7.139831199826518 ], [ 100.453562214153195, 7.140241294871208 ], [ 100.453578631017592, 7.140328402069906 ], [ 100.453580748508585, 7.14032806351813 ], [ 100.453615301121971, 7.140573524649467 ], [ 100.453628750613021, 7.140801227465351 ], [ 100.453588872109492, 7.141119235101661 ], [ 100.453563136432166, 7.141308261185964 ], [ 100.453501467001615, 7.141500561949897 ], [ 100.453448818404851, 7.141698807239783 ], [ 100.453414083666118, 7.141887949401538 ], [ 100.453397498623175, 7.142103954694562 ], [ 100.453395034213258, 7.142103957937919 ], [ 100.453397771515739, 7.142145927244799 ], [ 100.453395919295318, 7.142322852608761 ], [ 100.453405887190002, 7.142472695617067 ], [ 100.45341576123478, 7.142610592119184 ], [ 100.453410935155532, 7.142793615548858 ], [ 100.45339696023953, 7.142949677861621 ], [ 100.453397734831142, 7.143069648019427 ], [ 100.45340444102068, 7.143180601629902 ], [ 100.453423097000822, 7.143285459628453 ], [ 100.453446140214382, 7.143413176433496 ], [ 100.453447020814252, 7.143413072375832 ], [ 100.453561487373136, 7.143642102630072 ], [ 100.453818266858818, 7.14405984891271 ], [ 100.453929946924802, 7.144294564118811 ], [ 100.454020173557652, 7.144427084303856 ], [ 100.454093179247835, 7.144522406592773 ], [ 100.454375711742486, 7.144722634847291 ], [ 100.454431513892672, 7.144833232844978 ], [ 100.454468015054857, 7.144870455115661 ], [ 100.454540515308764, 7.144960505142389 ], [ 100.45458434206715, 7.145036731949123 ], [ 100.454593889364318, 7.145104907335078 ], [ 100.454600970991237, 7.145198744767749 ], [ 100.454604825546227, 7.145267001412703 ], [ 100.454606258733676, 7.14536376400895 ], [ 100.454610533733671, 7.145460472423645 ], [ 100.454623468997553, 7.145565585267685 ], [ 100.454664823756801, 7.145667447893036 ], [ 100.454737560069518, 7.14577453604871 ], [ 100.454860684913086, 7.145823991089317 ], [ 100.455016245325467, 7.145881008627031 ], [ 100.455178612097399, 7.145942795635237 ], [ 100.455303592182176, 7.146017160125284 ], [ 100.455649772237365, 7.146348330947862 ], [ 100.455714158168973, 7.146421359799723 ], [ 100.45591334127657, 7.146597979511641 ], [ 100.455958384679917, 7.146633933624473 ], [ 100.456304473594685, 7.146936030619997 ], [ 100.456415582639124, 7.147026544823846 ], [ 100.456575553017629, 7.146797496327205 ], [ 100.456546827380805, 7.14670606872751 ] ], [ [ 100.460918223900478, 7.13771361461516 ], [ 100.460755070449537, 7.13771361461517 ], [ 100.460755070449551, 7.136734693910137 ], [ 100.460591916998965, 7.136734693910141 ], [ 100.460591916998993, 7.136245233557619 ], [ 100.46026561009711, 7.136245233557627 ], [ 100.460265610097125, 7.135918926655932 ], [ 100.459939303195625, 7.135918926655934 ], [ 100.459939303195625, 7.135755773205112 ], [ 100.459776149744684, 7.135755773205102 ], [ 100.459776149744698, 7.135266312852595 ], [ 100.459449842842858, 7.135266312852595 ], [ 100.459449842842844, 7.135429466303433 ], [ 100.459286689392272, 7.135429466303429 ], [ 100.459286689392272, 7.135918926655934 ], [ 100.459123535941359, 7.135918926655941 ], [ 100.459123535941345, 7.136082080106783 ], [ 100.458960382490432, 7.13608208010677 ], [ 100.458960382490432, 7.13624523355762 ], [ 100.458470922137991, 7.136245233557616 ], [ 100.458470922137991, 7.13640838700845 ], [ 100.457492001432797, 7.136408387008458 ], [ 100.457492001432797, 7.135592619754256 ], [ 100.457328847982197, 7.135592619754258 ], [ 100.457328847982211, 7.135266312852578 ], [ 100.456839387629429, 7.135266312852586 ], [ 100.456839387629429, 7.13510315940174 ], [ 100.456513080727916, 7.135103159401744 ], [ 100.45651308072793, 7.134776852500067 ], [ 100.456349927277003, 7.134776852500063 ], [ 100.456349927277003, 7.134124238696725 ], [ 100.45651308072793, 7.134124238696713 ], [ 100.456513080727916, 7.133961085245883 ], [ 100.456349927277003, 7.133961085245872 ], [ 100.456349927277017, 7.133797931795049 ], [ 100.456513080727916, 7.133797931795041 ], [ 100.456513080727916, 7.133634778344206 ], [ 100.456349927277003, 7.133634778344193 ], [ 100.456349927277017, 7.133471624893367 ], [ 100.456186773826076, 7.13347162489337 ], [ 100.456186773826076, 7.133145317991683 ], [ 100.456023620375518, 7.133145317991683 ], [ 100.456023620375518, 7.132982164540843 ], [ 100.456186773826076, 7.132982164540842 ], [ 100.456186773826076, 7.132655857639167 ], [ 100.456676234178857, 7.132655857639168 ], [ 100.456676234178857, 7.132492704188339 ], [ 100.457002541080357, 7.132492704188328 ], [ 100.457002541080357, 7.132329550737496 ], [ 100.457328847982211, 7.132329550737496 ], [ 100.457328847982211, 7.132166397286649 ], [ 100.458634075588918, 7.132166397286656 ], [ 100.458634075588932, 7.131676936934134 ], [ 100.458470922138005, 7.131676936934142 ], [ 100.458470922137977, 7.13102432313078 ], [ 100.458307768687064, 7.131024323130791 ], [ 100.458307768687064, 7.130861169679948 ], [ 100.458144615236137, 7.130861169679959 ], [ 100.458144615236137, 7.130534862778275 ], [ 100.458307768687064, 7.130534862778278 ], [ 100.458307768687064, 7.130371709327427 ], [ 100.458634075588918, 7.130371709327444 ], [ 100.458634075588918, 7.130208555876596 ], [ 100.45879722903949, 7.130208555876597 ], [ 100.45879722903949, 7.130371709327445 ], [ 100.459123535941345, 7.130371709327428 ], [ 100.45912353594133, 7.130698016229105 ], [ 100.459449842842844, 7.130698016229115 ], [ 100.45944984284283, 7.130861169679959 ], [ 100.459939303195611, 7.130861169679953 ], [ 100.459939303195611, 7.130698016229112 ], [ 100.46026561009711, 7.130698016229108 ], [ 100.460265610097139, 7.130534862778275 ], [ 100.460591916998979, 7.130534862778272 ], [ 100.460591916998979, 7.13135063003247 ], [ 100.460755070449551, 7.131350630032474 ], [ 100.460755070449551, 7.132003243835819 ], [ 100.460918223900478, 7.132003243835829 ], [ 100.460918223900478, 7.132329550737496 ], [ 100.461081377351391, 7.132329550737499 ], [ 100.46108137735142, 7.132819011090007 ], [ 100.461244530802333, 7.132819011090018 ], [ 100.461244530802333, 7.133145317991685 ], [ 100.461407684252904, 7.133145317991679 ], [ 100.46140768425289, 7.13428739214755 ], [ 100.461244530802347, 7.134287392147554 ], [ 100.461244530802333, 7.135266312852584 ], [ 100.461081377351405, 7.135266312852593 ], [ 100.46108137735142, 7.135592619754272 ], [ 100.461244530802333, 7.135592619754266 ], [ 100.461244530802333, 7.135755773205109 ], [ 100.461407684252919, 7.135755773205107 ], [ 100.461407684252904, 7.135918926655942 ], [ 100.461570837703817, 7.135918926655933 ], [ 100.461570837703832, 7.136734693910128 ], [ 100.461733991154759, 7.136734693910126 ], [ 100.461733991154759, 7.137713614615158 ], [ 100.461570837703832, 7.137713614615152 ], [ 100.461570837703832, 7.137876768065991 ], [ 100.460918223900464, 7.137876768065994 ], [ 100.460918223900478, 7.13771361461516 ] ], [ [ 100.462712911859612, 7.134940005950915 ], [ 100.462549758409054, 7.134940005950903 ], [ 100.46254975840904, 7.134776852500077 ], [ 100.462876065310539, 7.134776852500066 ], [ 100.462876065310553, 7.135103159401742 ], [ 100.462712911859612, 7.135103159401757 ], [ 100.462712911859612, 7.134940005950915 ] ], [ [ 100.462876065310553, 7.137713614615169 ], [ 100.462712911859597, 7.137713614615165 ], [ 100.462712911859612, 7.137876768066004 ], [ 100.46254975840904, 7.137876768066009 ], [ 100.462549758409025, 7.137387307713479 ], [ 100.462712911859612, 7.137387307713482 ], [ 100.462712911859597, 7.13755046116432 ], [ 100.462876065310539, 7.137550461164315 ], [ 100.462876065310553, 7.137713614615169 ] ], [ [ 100.457328847982197, 7.138366228418524 ], [ 100.457328847982211, 7.138203074967678 ], [ 100.457002541080357, 7.13820307496768 ], [ 100.457002541080357, 7.137876768066007 ], [ 100.456839387629415, 7.137876768065998 ], [ 100.456839387629415, 7.137713614615158 ], [ 100.457002541080342, 7.137713614615152 ], [ 100.457002541080342, 7.137387307713489 ], [ 100.457165694531284, 7.137387307713478 ], [ 100.457165694531298, 7.137224154262657 ], [ 100.457492001432769, 7.13722415426265 ], [ 100.457492001432797, 7.137387307713478 ], [ 100.45765515488371, 7.137387307713487 ], [ 100.45765515488371, 7.137713614615165 ], [ 100.457818308334637, 7.137713614615156 ], [ 100.457818308334637, 7.138203074967675 ], [ 100.457492001432783, 7.13820307496768 ], [ 100.457492001432769, 7.138366228418516 ], [ 100.457328847982197, 7.138366228418524 ] ], [ [ 100.459286689392272, 7.137876768065999 ], [ 100.459286689392258, 7.138039921516839 ], [ 100.459449842842858, 7.138039921516837 ], [ 100.459449842842844, 7.138366228418514 ], [ 100.459286689392272, 7.138366228418508 ], [ 100.459286689392272, 7.138529381869352 ], [ 100.459123535941359, 7.138529381869346 ], [ 100.459123535941345, 7.138692535320183 ], [ 100.458634075588918, 7.138692535320183 ], [ 100.458634075588918, 7.138203074967677 ], [ 100.458797229039476, 7.138203074967671 ], [ 100.45879722903949, 7.137876768065992 ], [ 100.459286689392272, 7.137876768065999 ] ] ], [ [ [ 100.456667749917528, 7.144081009921687 ], [ 100.457981461785565, 7.144108859478135 ], [ 100.457981461785565, 7.144076599197778 ], [ 100.457492001432783, 7.144076599197779 ], [ 100.457492001432783, 7.14391344574693 ], [ 100.457328847982211, 7.143913445746942 ], [ 100.457328847982197, 7.143813501770737 ], [ 100.457303718059805, 7.143814269840516 ], [ 100.457108173871404, 7.143782278469621 ], [ 100.45705011204619, 7.143750292296092 ], [ 100.457002541080357, 7.14375029229609 ], [ 100.457002541080357, 7.143724085521479 ], [ 100.456891701813703, 7.143663024333644 ], [ 100.456777698550695, 7.143587138845249 ], [ 100.456676234178857, 7.143587138845247 ], [ 100.456676234178857, 7.143750292296086 ], [ 100.456186773826076, 7.143750292296102 ], [ 100.456186773826076, 7.14391344574693 ], [ 100.455860466924577, 7.14391344574694 ], [ 100.455860466924577, 7.144113426827237 ], [ 100.456667749917528, 7.144081009921687 ] ] ], [ [ [ 100.458434078615937, 7.144118454563841 ], [ 100.458463962144648, 7.144093637804623 ], [ 100.458489134399912, 7.144057595711868 ], [ 100.458568158024562, 7.144007108396127 ], [ 100.459422275686094, 7.14329780687571 ], [ 100.459729614113897, 7.143265067005759 ], [ 100.459939303195625, 7.143131098981335 ], [ 100.459939303195625, 7.143097678492746 ], [ 100.459286689392272, 7.143097678492732 ], [ 100.459286689392272, 7.143260831943568 ], [ 100.459123535941345, 7.143260831943574 ], [ 100.459123535941345, 7.14342398539442 ], [ 100.458960382490403, 7.143423985394426 ], [ 100.458960382490417, 7.143587138845263 ], [ 100.458797229039504, 7.143587138845265 ], [ 100.45879722903949, 7.143750292296087 ], [ 100.458634075588918, 7.143750292296084 ], [ 100.458634075588918, 7.143913445746933 ], [ 100.458470922137991, 7.143913445746923 ], [ 100.458470922137991, 7.144076599197776 ], [ 100.458144615236137, 7.144076599197772 ], [ 100.458144615236137, 7.144112318190309 ], [ 100.458434078615937, 7.144118454563841 ] ] ], [ [ [ 100.487872565415785, 7.135806272673262 ], [ 100.488471882384246, 7.134642614340474 ], [ 100.488494248535545, 7.134613699049239 ], [ 100.487838543288902, 7.134613699049226 ], [ 100.487838543288902, 7.134776852500062 ], [ 100.487675389837989, 7.134776852500067 ], [ 100.487675389837989, 7.13510315940175 ], [ 100.487512236387047, 7.13510315940175 ], [ 100.487512236387047, 7.135266312852595 ], [ 100.487675389837975, 7.135266312852588 ], [ 100.487675389837989, 7.136239659895719 ], [ 100.487872565415785, 7.135806272673262 ] ] ], [ [ [ 100.474786267221816, 7.095293717397369 ], [ 100.474786267221845, 7.094967410495681 ], [ 100.47397049996755, 7.094967410495673 ], [ 100.47397049996755, 7.095456870848191 ], [ 100.474133653418477, 7.095456870848203 ], [ 100.474133653418477, 7.095620024299039 ], [ 100.474296806869049, 7.095620024299039 ], [ 100.474296806869035, 7.095946331200704 ], [ 100.474623113770903, 7.095946331200715 ], [ 100.474623113770903, 7.096272638102397 ], [ 100.47478626722183, 7.096272638102378 ], [ 100.47478626722183, 7.096435791553223 ], [ 100.474949420672402, 7.096435791553226 ], [ 100.474949420672402, 7.09627263810239 ], [ 100.47511257412333, 7.09627263810239 ], [ 100.47511257412333, 7.095783177749881 ], [ 100.474949420672417, 7.095783177749865 ], [ 100.474949420672402, 7.095293717397365 ], [ 100.474786267221816, 7.095293717397369 ] ] ], [ [ [ 100.470870584401709, 7.103940850291698 ], [ 100.470870584401723, 7.104104003742544 ], [ 100.470707430950782, 7.10410400374255 ], [ 100.470707430950782, 7.104430310644217 ], [ 100.470870584401709, 7.104430310644214 ], [ 100.470870584401723, 7.104756617545886 ], [ 100.471033737852622, 7.10475661754589 ], [ 100.471033737852636, 7.105082924447579 ], [ 100.471196891303208, 7.105082924447568 ], [ 100.471196891303222, 7.105409231349254 ], [ 100.471523198205077, 7.105409231349253 ], [ 100.471523198205062, 7.105082924447575 ], [ 100.471686351656004, 7.105082924447578 ], [ 100.471686351656004, 7.104267157193382 ], [ 100.471523198205062, 7.104267157193379 ], [ 100.471523198205062, 7.103940850291704 ], [ 100.470870584401709, 7.103940850291698 ] ] ], [ [ [ 100.461733991154759, 7.115361591850397 ], [ 100.461733991154759, 7.115035284948723 ], [ 100.461570837703832, 7.115035284948724 ], [ 100.461570837703832, 7.11487213149787 ], [ 100.461081377351405, 7.114872131497875 ], [ 100.461081377351405, 7.115198438399545 ], [ 100.460918223900492, 7.115198438399553 ], [ 100.460918223900464, 7.115687898752076 ], [ 100.461081377351405, 7.11568789875207 ], [ 100.46108137735142, 7.115851052202909 ], [ 100.461244530802333, 7.1158510522029 ], [ 100.461244530802333, 7.11601420565375 ], [ 100.461733991154759, 7.11601420565375 ], [ 100.461733991154745, 7.116177359104582 ], [ 100.461897144605686, 7.116177359104585 ], [ 100.461897144605686, 7.116014205653737 ], [ 100.462060298056258, 7.116014205653739 ], [ 100.462060298056258, 7.115687898752076 ], [ 100.461897144605672, 7.115687898752059 ], [ 100.461897144605686, 7.115361591850388 ], [ 100.461733991154759, 7.115361591850397 ] ] ], [ [ [ 100.458797229039504, 7.12156142298217 ], [ 100.458797229039476, 7.121398269531331 ], [ 100.458960382490417, 7.121398269531329 ], [ 100.458960382490432, 7.120256195375458 ], [ 100.459123535941345, 7.12025619537545 ], [ 100.45912353594133, 7.119929888473785 ], [ 100.459286689392272, 7.119929888473768 ], [ 100.459286689392272, 7.119277274670425 ], [ 100.459123535941345, 7.119277274670423 ], [ 100.459123535941345, 7.118950967768748 ], [ 100.458960382490417, 7.118950967768745 ], [ 100.458960382490417, 7.118787814318002 ], [ 100.458797229039504, 7.118787814317989 ], [ 100.45879722903949, 7.119114121219591 ], [ 100.458634075588932, 7.119114121219593 ], [ 100.458634075588918, 7.119766735022936 ], [ 100.458470922138005, 7.119766735022946 ], [ 100.458470922138005, 7.119929888473778 ], [ 100.458307768687064, 7.119929888473772 ], [ 100.458307768687064, 7.120093041924615 ], [ 100.458144615236151, 7.120093041924606 ], [ 100.458144615236137, 7.120256195375458 ], [ 100.457981461785565, 7.120256195375446 ], [ 100.457981461785565, 7.120419348826302 ], [ 100.457655154883724, 7.120419348826294 ], [ 100.45765515488371, 7.120745655727973 ], [ 100.457981461785579, 7.120745655727966 ], [ 100.457981461785565, 7.120908809178816 ], [ 100.458307768687064, 7.120908809178806 ], [ 100.458307768687064, 7.121561422982158 ], [ 100.458144615236137, 7.121561422982162 ], [ 100.458144615236137, 7.122050883334675 ], [ 100.45830776868705, 7.122050883334682 ], [ 100.45830776868705, 7.121887729883828 ], [ 100.458470922138005, 7.121887729883839 ], [ 100.458470922138005, 7.121724576432996 ], [ 100.458634075588918, 7.121724576432993 ], [ 100.458634075588932, 7.12156142298216 ], [ 100.458797229039504, 7.12156142298217 ] ] ], [ [ [ 100.460755070449551, 7.124171878195582 ], [ 100.461081377351391, 7.12417187819557 ], [ 100.461081377351405, 7.124008724744738 ], [ 100.461897144605686, 7.124008724744731 ], [ 100.461897144605686, 7.123845571293903 ], [ 100.462060298056272, 7.123845571293893 ], [ 100.462060298056258, 7.123682417843061 ], [ 100.462223451507185, 7.12368241784305 ], [ 100.462223451507185, 7.123519264392217 ], [ 100.462386604958127, 7.123519264392228 ], [ 100.462386604958112, 7.123192957490549 ], [ 100.462549758409025, 7.123192957490537 ], [ 100.462549758409054, 7.122866650588863 ], [ 100.462712911859612, 7.122866650588869 ], [ 100.462712911859597, 7.122050883334674 ], [ 100.462876065310539, 7.122050883334683 ], [ 100.462876065310539, 7.121887729883841 ], [ 100.463039218761452, 7.121887729883831 ], [ 100.46303921876148, 7.121724576432993 ], [ 100.463202372212393, 7.121724576433007 ], [ 100.463202372212407, 7.121398269531319 ], [ 100.462223451507185, 7.121398269531332 ], [ 100.462223451507185, 7.121235116080491 ], [ 100.461897144605686, 7.121235116080478 ], [ 100.4618971446057, 7.121071962629655 ], [ 100.461733991154745, 7.121071962629654 ], [ 100.461733991154773, 7.12074565572797 ], [ 100.461897144605686, 7.120745655727962 ], [ 100.461897144605686, 7.120419348826293 ], [ 100.462712911859612, 7.120419348826294 ], [ 100.462712911859597, 7.120256195375452 ], [ 100.462876065310553, 7.120256195375463 ], [ 100.462876065310539, 7.120093041924626 ], [ 100.462712911859626, 7.120093041924622 ], [ 100.462712911859612, 7.119929888473782 ], [ 100.462060298056258, 7.119929888473767 ], [ 100.462060298056258, 7.120093041924607 ], [ 100.4618971446057, 7.12009304192461 ], [ 100.4618971446057, 7.119929888473785 ], [ 100.461570837703832, 7.119929888473774 ], [ 100.461570837703817, 7.119766735022931 ], [ 100.460591916998979, 7.119766735022933 ], [ 100.460591916998979, 7.119929888473773 ], [ 100.460428763548038, 7.119929888473782 ], [ 100.460428763548052, 7.120093041924607 ], [ 100.460265610097125, 7.12009304192461 ], [ 100.460265610097125, 7.120419348826303 ], [ 100.460102456646183, 7.120419348826293 ], [ 100.460102456646197, 7.122377190236348 ], [ 100.459939303195625, 7.12237719023635 ], [ 100.45993930319564, 7.122703497138031 ], [ 100.459776149744698, 7.122703497138036 ], [ 100.459776149744698, 7.122866650588873 ], [ 100.459612996293771, 7.122866650588868 ], [ 100.459612996293771, 7.123029804039703 ], [ 100.459449842842844, 7.123029804039706 ], [ 100.459449842842844, 7.123192957490541 ], [ 100.459286689392272, 7.123192957490544 ], [ 100.459286689392272, 7.123519264392215 ], [ 100.459449842842844, 7.123519264392218 ], [ 100.459449842842844, 7.123682417843061 ], [ 100.459776149744684, 7.123682417843056 ], [ 100.459776149744712, 7.123845571293897 ], [ 100.459939303195625, 7.123845571293907 ], [ 100.45993930319564, 7.124498185097256 ], [ 100.459612996293771, 7.124498185097258 ], [ 100.459612996293757, 7.124661338548099 ], [ 100.45944984284283, 7.124661338548091 ], [ 100.459449842842844, 7.125150798900615 ], [ 100.459939303195611, 7.12515079890061 ], [ 100.459939303195611, 7.124824491998932 ], [ 100.460102456646212, 7.124824491998931 ], [ 100.460102456646197, 7.124498185097257 ], [ 100.460591916998965, 7.124498185097257 ], [ 100.460591916998979, 7.124335031646414 ], [ 100.460755070449551, 7.124335031646417 ], [ 100.460755070449551, 7.124171878195582 ] ], [ [ 100.461570837703832, 7.123192957490541 ], [ 100.461244530802318, 7.123192957490553 ], [ 100.461244530802333, 7.12335611094139 ], [ 100.460918223900464, 7.123356110941391 ], [ 100.460918223900478, 7.123192957490537 ], [ 100.460755070449551, 7.123192957490544 ], [ 100.460755070449551, 7.1225403436872 ], [ 100.461244530802347, 7.12254034368719 ], [ 100.461244530802333, 7.122703497138025 ], [ 100.461407684252904, 7.122703497138033 ], [ 100.461407684252919, 7.123029804039712 ], [ 100.461570837703832, 7.123029804039717 ], [ 100.461570837703832, 7.123192957490541 ] ] ], [ [ [ 100.472502118909901, 7.122540343687194 ], [ 100.472502118909929, 7.122214036785511 ], [ 100.472338965458988, 7.122214036785517 ], [ 100.472338965458988, 7.122050883334687 ], [ 100.472175812008416, 7.122050883334666 ], [ 100.472175812008416, 7.12188772988384 ], [ 100.471360044754135, 7.121887729883848 ], [ 100.471360044754135, 7.122050883334674 ], [ 100.470921573530987, 7.122050883334674 ], [ 100.470921599939103, 7.122060961052632 ], [ 100.47089107605052, 7.122050883334674 ], [ 100.470707430950782, 7.122050883334675 ], [ 100.470707430950782, 7.122047835274208 ], [ 100.470544645590039, 7.122048269577105 ], [ 100.470545225891797, 7.122267316564323 ], [ 100.470054817147428, 7.122243374263109 ], [ 100.470054817147428, 7.122377190236347 ], [ 100.469891663696501, 7.122377190236362 ], [ 100.469891663696501, 7.122703497138035 ], [ 100.469728510245929, 7.122703497138028 ], [ 100.469728510245929, 7.122870520639458 ], [ 100.470217970598355, 7.122880601564439 ], [ 100.470217970598355, 7.122866650588866 ], [ 100.47103373785265, 7.122866650588874 ], [ 100.471033737852636, 7.123029804039709 ], [ 100.471360044754121, 7.12302980403971 ], [ 100.471360044754135, 7.123192957490541 ], [ 100.471849505106562, 7.123192957490548 ], [ 100.471849505106562, 7.123029804039705 ], [ 100.472175812008416, 7.123029804039701 ], [ 100.472175812008416, 7.122866650588861 ], [ 100.472338965458988, 7.122866650588862 ], [ 100.472338965458988, 7.122540343687196 ], [ 100.472502118909901, 7.122540343687194 ] ] ], [ [ [ 100.457492001432797, 7.125803412703961 ], [ 100.457492001432783, 7.125640259253123 ], [ 100.457127551947451, 7.125640259253122 ], [ 100.456955859327508, 7.126150811563151 ], [ 100.456746412054827, 7.126114422188525 ], [ 100.456649390396549, 7.126324780182491 ], [ 100.456479687455783, 7.126254001291638 ], [ 100.456576579303942, 7.126036915689879 ], [ 100.45667794433551, 7.126055179796202 ], [ 100.456747393399951, 7.125811702564053 ], [ 100.456565129161064, 7.125788249429235 ], [ 100.456675612373303, 7.12557764105859 ], [ 100.456872108294363, 7.125641182430387 ], [ 100.456957069706135, 7.125505042678818 ], [ 100.457002541080357, 7.125523496624929 ], [ 100.457002541080357, 7.125477105802274 ], [ 100.456839387629415, 7.125477105802275 ], [ 100.456839387629444, 7.125150798900605 ], [ 100.457002541080357, 7.125150798900597 ], [ 100.457002541080357, 7.124824491998938 ], [ 100.456839387629429, 7.124824491998934 ], [ 100.456839387629429, 7.124498185097245 ], [ 100.456676234178857, 7.124498185097257 ], [ 100.456676234178857, 7.124661338548099 ], [ 100.456513080727944, 7.124661338548083 ], [ 100.45651308072793, 7.125150798900607 ], [ 100.456349927277003, 7.125150798900605 ], [ 100.456349927277003, 7.125477105802274 ], [ 100.456186773826076, 7.125477105802273 ], [ 100.456186773826076, 7.126456026507308 ], [ 100.456349927277017, 7.126456026507323 ], [ 100.456349927277003, 7.12661917995815 ], [ 100.456676234178857, 7.126619179958153 ], [ 100.456676234178857, 7.126456026507308 ], [ 100.456839387629415, 7.126456026507322 ], [ 100.456839387629444, 7.12661917995814 ], [ 100.457328847982225, 7.126619179958147 ], [ 100.457328847982225, 7.126456026507311 ], [ 100.457492001432783, 7.126456026507313 ], [ 100.457492001432783, 7.126292873056474 ], [ 100.457655154883696, 7.126292873056478 ], [ 100.45765515488371, 7.125803412703959 ], [ 100.457492001432797, 7.125803412703961 ] ] ], [ [ [ 100.479028256943451, 7.130208555876595 ], [ 100.479354563845305, 7.130208555876592 ], [ 100.479354563845291, 7.130045402425759 ], [ 100.479517717295877, 7.130045402425762 ], [ 100.479517717295892, 7.129882248974926 ], [ 100.479354563845305, 7.12988224897492 ], [ 100.47935456384532, 7.129555942073234 ], [ 100.478049336238598, 7.129555942073242 ], [ 100.478049336238598, 7.129392788622398 ], [ 100.477886182787685, 7.1293927886224 ], [ 100.477886182787657, 7.128903328269899 ], [ 100.477723029336744, 7.128903328269896 ], [ 100.477723029336758, 7.128577021368205 ], [ 100.477559875885817, 7.128577021368215 ], [ 100.477559875885817, 7.128413867917369 ], [ 100.477396722435245, 7.128413867917381 ], [ 100.477396722435245, 7.128250714466537 ], [ 100.477070415533404, 7.128250714466536 ], [ 100.47707041553339, 7.128413867917371 ], [ 100.476907262082463, 7.128413867917368 ], [ 100.476907262082463, 7.129066481720722 ], [ 100.476744108631891, 7.129066481720723 ], [ 100.476744108631891, 7.129229635171563 ], [ 100.476580955180964, 7.129229635171576 ], [ 100.476580955180964, 7.129392788622408 ], [ 100.476417801730037, 7.129392788622408 ], [ 100.476417801730037, 7.130045402425754 ], [ 100.476580955180964, 7.130045402425753 ], [ 100.47658095518095, 7.130371709327444 ], [ 100.476744108631877, 7.130371709327441 ], [ 100.476744108631891, 7.130534862778272 ], [ 100.476907262082463, 7.130534862778267 ], [ 100.476907262082463, 7.130861169679958 ], [ 100.477233568984317, 7.13086116967994 ], [ 100.477233568984317, 7.131024323130793 ], [ 100.477396722435245, 7.13102432313078 ], [ 100.477396722435245, 7.130861169679953 ], [ 100.477723029336744, 7.130861169679946 ], [ 100.477723029336744, 7.130534862778281 ], [ 100.478865103492524, 7.130534862778278 ], [ 100.478865103492524, 7.130371709327441 ], [ 100.479028256943465, 7.130371709327441 ], [ 100.479028256943451, 7.130208555876595 ] ] ], [ [ [ 100.479354563845305, 7.134242122595268 ], [ 100.479258269158436, 7.134178444956023 ], [ 100.478851033729214, 7.133869539188211 ], [ 100.478618749390876, 7.133636524839851 ], [ 100.478617244859706, 7.133634778344192 ], [ 100.478538796591025, 7.133634778344193 ], [ 100.478538796591025, 7.13354371372179 ], [ 100.478476695155408, 7.133471624893358 ], [ 100.478375643140083, 7.133471624893355 ], [ 100.478375643140097, 7.133354321302527 ], [ 100.478336145451081, 7.133308471442532 ], [ 100.47821248968917, 7.133308471442535 ], [ 100.47821248968917, 7.133164928883183 ], [ 100.478195595746755, 7.13314531799168 ], [ 100.477886182787671, 7.13314531799168 ], [ 100.477886182787657, 7.133308471442536 ], [ 100.477723029336744, 7.133308471442531 ], [ 100.477723029336744, 7.133471624893367 ], [ 100.477559875885802, 7.133471624893366 ], [ 100.477559875885831, 7.133634778344201 ], [ 100.477396722435245, 7.1336347783442 ], [ 100.47739672243523, 7.133797931795036 ], [ 100.477233568984317, 7.133797931795037 ], [ 100.477233568984317, 7.133961085245888 ], [ 100.477070415533376, 7.133961085245883 ], [ 100.47707041553339, 7.134124238696709 ], [ 100.476907262082463, 7.134124238696719 ], [ 100.476907262082463, 7.134287392147561 ], [ 100.476744108631891, 7.13428739214756 ], [ 100.476744108631905, 7.134306600724853 ], [ 100.47676484031669, 7.134295485004701 ], [ 100.477929701896684, 7.134661652118123 ], [ 100.478320728082707, 7.134776852500073 ], [ 100.478538796591039, 7.134776852500073 ], [ 100.478538796591039, 7.134613699049231 ], [ 100.478865103492524, 7.134613699049241 ], [ 100.478865103492524, 7.134450545598384 ], [ 100.479191410394378, 7.134450545598392 ], [ 100.479191410394392, 7.134287392147546 ], [ 100.479354563845305, 7.13428739214756 ], [ 100.479354563845305, 7.134242122595268 ] ] ], [ [ [ 100.472828425811755, 7.136571540459291 ], [ 100.47282842581177, 7.136408387008459 ], [ 100.472665272360842, 7.136408387008453 ], [ 100.472665272360842, 7.136571540459295 ], [ 100.472502118909915, 7.136571540459289 ], [ 100.472502118909901, 7.136408387008459 ], [ 100.472338965458988, 7.136408387008458 ], [ 100.472338965458988, 7.136245233557609 ], [ 100.47217581200843, 7.136245233557609 ], [ 100.47217581200843, 7.136082080106786 ], [ 100.471849505106562, 7.136082080106784 ], [ 100.471849505106576, 7.136571540459292 ], [ 100.472012658557475, 7.136571540459296 ], [ 100.472012658557475, 7.136734693910135 ], [ 100.47217581200843, 7.136734693910125 ], [ 100.472175812008416, 7.136897847360967 ], [ 100.472338965458974, 7.136897847360961 ], [ 100.472338965458988, 7.137061000811808 ], [ 100.472502118909915, 7.137061000811802 ], [ 100.472502118909915, 7.137224154262653 ], [ 100.472665272360842, 7.137224154262645 ], [ 100.472665272360857, 7.137713614615169 ], [ 100.472828425811755, 7.137713614615158 ], [ 100.47282842581177, 7.13787676806601 ], [ 100.473154732713269, 7.137876768066008 ], [ 100.473154732713255, 7.137550461164319 ], [ 100.473317886164196, 7.137550461164326 ], [ 100.47331788616421, 7.136734693910127 ], [ 100.473154732713283, 7.136734693910135 ], [ 100.473154732713269, 7.136571540459295 ], [ 100.472828425811755, 7.136571540459291 ] ] ], [ [ [ 100.471196891303208, 7.139181995672623 ], [ 100.471196891303222, 7.139018842221876 ], [ 100.471360044754135, 7.139018842221867 ], [ 100.471360044754121, 7.138855688771027 ], [ 100.47103373785265, 7.138855688771023 ], [ 100.47103373785265, 7.138692535320199 ], [ 100.470707430950782, 7.138692535320194 ], [ 100.470707430950782, 7.138529381869351 ], [ 100.470381124049268, 7.138529381869358 ], [ 100.470381124049283, 7.138692535320187 ], [ 100.470217970598355, 7.138692535320184 ], [ 100.470217970598355, 7.138855688771032 ], [ 100.470054817147428, 7.138855688771033 ], [ 100.470054817147442, 7.139018842221859 ], [ 100.469891663696501, 7.13901884222186 ], [ 100.469891663696501, 7.139181995672623 ], [ 100.469728510245929, 7.139181995672621 ], [ 100.469728510245943, 7.139671456025127 ], [ 100.470381124049283, 7.139671456025137 ], [ 100.470381124049268, 7.13950830257429 ], [ 100.470544277499855, 7.139508302574292 ], [ 100.470544277499855, 7.139345149123466 ], [ 100.470870584401709, 7.139345149123454 ], [ 100.470870584401723, 7.139181995672628 ], [ 100.471196891303208, 7.139181995672623 ] ] ], [ [ [ 100.473807346516622, 7.139508302574288 ], [ 100.473154732713283, 7.13950830257429 ], [ 100.473154732713269, 7.139345149123463 ], [ 100.472828425811755, 7.139345149123454 ], [ 100.47282842581177, 7.139181995672615 ], [ 100.472665272360828, 7.139181995672613 ], [ 100.472665272360828, 7.139018842221875 ], [ 100.472338965458974, 7.139018842221867 ], [ 100.472338965458988, 7.139508302574296 ], [ 100.472502118909915, 7.139508302574304 ], [ 100.472502118909901, 7.139671456025141 ], [ 100.472665272360842, 7.139671456025128 ], [ 100.472665272360857, 7.139834609475964 ], [ 100.47282842581177, 7.139834609475969 ], [ 100.47282842581177, 7.139997762926805 ], [ 100.472991579262327, 7.139997762926804 ], [ 100.472991579262342, 7.14016091637766 ], [ 100.473154732713269, 7.140160916377647 ], [ 100.473154732713283, 7.14032406982848 ], [ 100.473317886164196, 7.140324069828498 ], [ 100.473317886164182, 7.140487223279327 ], [ 100.473644193065695, 7.140487223279337 ], [ 100.473644193065695, 7.140324069828496 ], [ 100.473807346516622, 7.140324069828496 ], [ 100.473807346516622, 7.139834609475969 ], [ 100.47397049996755, 7.139834609475964 ], [ 100.47397049996755, 7.139671456025138 ], [ 100.473807346516622, 7.139671456025144 ], [ 100.473807346516622, 7.139508302574288 ] ] ], [ [ [ 100.468586436089794, 7.144239752648614 ], [ 100.468586436089794, 7.144402906099453 ], [ 100.468749589540721, 7.144402906099456 ], [ 100.468749589540721, 7.144566059550287 ], [ 100.468893753060613, 7.144566059550296 ], [ 100.46891988125887, 7.144490357800359 ], [ 100.469032024089358, 7.144213673359047 ], [ 100.469289979115146, 7.143660007295011 ], [ 100.469355721289617, 7.143471133584032 ], [ 100.46935357427806, 7.143215576003064 ], [ 100.469263437301862, 7.142906954027811 ], [ 100.468983597003728, 7.142458688198376 ], [ 100.468766485266073, 7.142281911238541 ], [ 100.468096975737367, 7.142281911238546 ], [ 100.468096975737367, 7.142771371591071 ], [ 100.468260129188295, 7.142771371591057 ], [ 100.468260129188295, 7.144076599197779 ], [ 100.468423282639222, 7.144076599197773 ], [ 100.468423282639208, 7.144239752648602 ], [ 100.468586436089794, 7.144239752648614 ] ] ], [ [ [ 100.464997060171527, 7.144892366451971 ], [ 100.464997060171527, 7.144566059550285 ], [ 100.465323367073026, 7.144566059550293 ], [ 100.465323367073026, 7.144402906099439 ], [ 100.465486520523953, 7.144402906099456 ], [ 100.465486520523953, 7.144076599197776 ], [ 100.465323367073026, 7.144076599197777 ], [ 100.465323367073026, 7.143913445746928 ], [ 100.464997060171513, 7.143913445746927 ], [ 100.464997060171513, 7.143750292296087 ], [ 100.4648339067206, 7.14375029229609 ], [ 100.4648339067206, 7.14326083194358 ], [ 100.464670753269687, 7.143260831943578 ], [ 100.464670753269672, 7.14309767849274 ], [ 100.4645075998191, 7.143097678492731 ], [ 100.4645075998191, 7.142771371591067 ], [ 100.464344446368187, 7.142771371591072 ], [ 100.464344446368187, 7.142281911238546 ], [ 100.464181292917232, 7.142281911238548 ], [ 100.464181292917246, 7.142118757787708 ], [ 100.464018139466319, 7.142118757787716 ], [ 100.464018139466333, 7.141955604336863 ], [ 100.463691832564834, 7.141955604336862 ], [ 100.463691832564805, 7.142281911238554 ], [ 100.463528679113892, 7.142281911238542 ], [ 100.463528679113878, 7.142771371591063 ], [ 100.463365525662965, 7.142771371591066 ], [ 100.463365525662979, 7.142934525041892 ], [ 100.463202372212393, 7.142934525041912 ], [ 100.463202372212393, 7.143097678492738 ], [ 100.463174609429743, 7.143097678492748 ], [ 100.463205997799321, 7.1432001954768 ], [ 100.463253378153183, 7.143363566483289 ], [ 100.463300930036695, 7.143536127296233 ], [ 100.463348702189151, 7.143718054422036 ], [ 100.4633688197558, 7.143798236242499 ], [ 100.463455369038371, 7.143983146643457 ], [ 100.463416040100384, 7.143989800883817 ], [ 100.463444749380329, 7.144109230082069 ], [ 100.463493195886514, 7.144319029953235 ], [ 100.463582767833884, 7.144729213001117 ], [ 100.463854986015747, 7.144729213001135 ], [ 100.463854986015747, 7.144892366451964 ], [ 100.464018139466305, 7.144892366451957 ], [ 100.464018139466319, 7.145381826804479 ], [ 100.463715560642797, 7.145381826804468 ], [ 100.463804995456499, 7.145844295774629 ], [ 100.463877090215107, 7.14603444060784 ], [ 100.4645075998191, 7.146034440607824 ], [ 100.464507599819115, 7.145708133706151 ], [ 100.464670753269672, 7.145708133706145 ], [ 100.464670753269687, 7.145381826804474 ], [ 100.4648339067206, 7.145381826804478 ], [ 100.4648339067206, 7.144892366451965 ], [ 100.464997060171527, 7.144892366451971 ] ] ], [ [ [ 100.471360044754121, 7.147339668214543 ], [ 100.471360044754135, 7.147176514763692 ], [ 100.471196891303208, 7.147176514763698 ], [ 100.471196891303208, 7.146850207862028 ], [ 100.471033737852636, 7.146850207862027 ], [ 100.47103373785265, 7.146687054411187 ], [ 100.47054427749984, 7.146687054411189 ], [ 100.470544277499869, 7.146850207862028 ], [ 100.470381124049283, 7.146850207862026 ], [ 100.470381124049283, 7.146687054411177 ], [ 100.470217970598355, 7.146687054411175 ], [ 100.470217970598355, 7.146523900960346 ], [ 100.470054817147442, 7.146523900960347 ], [ 100.470054817147428, 7.146360747509516 ], [ 100.470217970598355, 7.146360747509503 ], [ 100.470217970598355, 7.146034440607822 ], [ 100.470381124049283, 7.146034440607841 ], [ 100.470381124049283, 7.145871287156991 ], [ 100.470707430950782, 7.145871287157001 ], [ 100.470707430950782, 7.145708133706163 ], [ 100.470870584401709, 7.145708133706155 ], [ 100.470870584401709, 7.145544980255321 ], [ 100.471033737852636, 7.145544980255326 ], [ 100.471033737852636, 7.145381826804475 ], [ 100.470870584401709, 7.145381826804473 ], [ 100.470870584401709, 7.14472921300113 ], [ 100.471033737852636, 7.144729213001131 ], [ 100.471033737852622, 7.14456605955028 ], [ 100.471523198205062, 7.144566059550291 ], [ 100.471523198205062, 7.144402906099442 ], [ 100.47168635165599, 7.144402906099446 ], [ 100.47168635165599, 7.143913445746932 ], [ 100.471849505106562, 7.143913445746931 ], [ 100.471849505106562, 7.143260831943574 ], [ 100.472012658557489, 7.143260831943573 ], [ 100.472012658557489, 7.143097678492738 ], [ 100.471849505106547, 7.143097678492735 ], [ 100.471849505106576, 7.14293452504191 ], [ 100.472012658557503, 7.142934525041893 ], [ 100.472012658557489, 7.142771371591057 ], [ 100.47168635165599, 7.142771371591061 ], [ 100.471686351655975, 7.142608218140229 ], [ 100.471196891303194, 7.142608218140222 ], [ 100.471196891303208, 7.142445064689381 ], [ 100.470707430950782, 7.142445064689396 ], [ 100.470707430950782, 7.142281911238539 ], [ 100.470381124049297, 7.14228191123854 ], [ 100.470381124049283, 7.14211875778771 ], [ 100.470054817147428, 7.142118757787714 ], [ 100.470054817147428, 7.141955604336875 ], [ 100.469728510245929, 7.141955604336873 ], [ 100.469728510245929, 7.142118757787707 ], [ 100.469531417368799, 7.142118757787706 ], [ 100.469446709187352, 7.142279933944311 ], [ 100.469408854575818, 7.142582904845475 ], [ 100.46949332477449, 7.143019358699682 ], [ 100.469664995736636, 7.143414732582396 ], [ 100.469943874597362, 7.14374867913183 ], [ 100.470174099799806, 7.143901432147755 ], [ 100.470396520094269, 7.143926468447636 ], [ 100.470584480795836, 7.1438576306058 ], [ 100.470643890673372, 7.143715900088166 ], [ 100.470614924394766, 7.143474019812887 ], [ 100.470654136028543, 7.143332453182465 ], [ 100.470754452532788, 7.143250900000847 ], [ 100.470949592254044, 7.143235808863441 ], [ 100.471084994111266, 7.143322108409429 ], [ 100.471194473848101, 7.143529684879222 ], [ 100.471215413323392, 7.143616937284713 ], [ 100.471155772791505, 7.14373177469308 ], [ 100.470760501060141, 7.143970495631567 ], [ 100.470687349249872, 7.144078720452585 ], [ 100.470614525568891, 7.14422729409575 ], [ 100.470514208827325, 7.144308838249232 ], [ 100.470178625759857, 7.14443944929557 ], [ 100.470011719482613, 7.14460898610434 ], [ 100.469886336525249, 7.144912688169774 ], [ 100.469446472812152, 7.145454436899846 ], [ 100.469292345126249, 7.145543160707962 ], [ 100.469239049893147, 7.145537348739712 ], [ 100.469239049893147, 7.145708133706161 ], [ 100.469402203344075, 7.145708133706147 ], [ 100.469402203344075, 7.145871287156985 ], [ 100.469565356795002, 7.145871287156986 ], [ 100.469565356795002, 7.14603444060783 ], [ 100.469728510245929, 7.146034440607822 ], [ 100.469728510245929, 7.146197594058669 ], [ 100.469891663696501, 7.146197594058675 ], [ 100.469891663696501, 7.146687054411188 ], [ 100.469728510245943, 7.14668705441118 ], [ 100.469728510245943, 7.147176514763704 ], [ 100.469891663696501, 7.147176514763697 ], [ 100.469891663696501, 7.147339668214535 ], [ 100.470544277499855, 7.147339668214536 ], [ 100.470544277499869, 7.147665975116206 ], [ 100.470870584401723, 7.147665975116209 ], [ 100.470870584401709, 7.147829128567053 ], [ 100.47168635165599, 7.147829128567062 ], [ 100.47168635165599, 7.147665975116224 ], [ 100.471849505106562, 7.147665975116216 ], [ 100.471849505106562, 7.147502821665369 ], [ 100.471686351656004, 7.147502821665375 ], [ 100.471686351655975, 7.147339668214533 ], [ 100.471360044754121, 7.147339668214543 ] ] ], [ [ [ 100.4532157780787, 7.144110978364922 ], [ 100.453156346457135, 7.144239752648604 ], [ 100.45341316516209, 7.144239752648609 ], [ 100.45341316516209, 7.144402906099444 ], [ 100.453576318612647, 7.14440290609945 ], [ 100.453576318612662, 7.144566059550293 ], [ 100.453739472063589, 7.144566059550292 ], [ 100.453739472063589, 7.145055519902791 ], [ 100.453576318612676, 7.14505551990281 ], [ 100.453576318612676, 7.145544980255325 ], [ 100.453739472063589, 7.145544980255313 ], [ 100.453739472063589, 7.145708133706147 ], [ 100.454065778965443, 7.145708133706148 ], [ 100.454065778965443, 7.145871287156988 ], [ 100.454228932416015, 7.145871287156999 ], [ 100.454228932416015, 7.146034440607824 ], [ 100.454392085866942, 7.14603444060783 ], [ 100.454392085866957, 7.146197594058679 ], [ 100.45455523931787, 7.146197594058676 ], [ 100.454555239317884, 7.146360747509506 ], [ 100.454881546219369, 7.146360747509503 ], [ 100.454881546219355, 7.146523900960347 ], [ 100.455371006572136, 7.146523900960347 ], [ 100.45537100657215, 7.146687054411188 ], [ 100.455640650629107, 7.146687054411188 ], [ 100.45550488085324, 7.146552299785855 ], [ 100.455480831618544, 7.146507601873467 ], [ 100.455129955477233, 7.146168514912642 ], [ 100.455099189653225, 7.146150569214216 ], [ 100.455034650444404, 7.146133044893275 ], [ 100.454950502584794, 7.146130413068922 ], [ 100.454784017712157, 7.146081099419574 ], [ 100.454738533904404, 7.146033483812737 ], [ 100.454684001499587, 7.146002962820335 ], [ 100.45463524981129, 7.145947524806249 ], [ 100.454549613793986, 7.145890891119981 ], [ 100.454500471411478, 7.145769295424429 ], [ 100.454469248226118, 7.145724307350891 ], [ 100.454442578330131, 7.14565352912628 ], [ 100.454435449712975, 7.145608408665476 ], [ 100.454420950505622, 7.145572532480538 ], [ 100.454430100365173, 7.14540832579806 ], [ 100.454430258014611, 7.145397571486219 ], [ 100.454426102354901, 7.14530938667849 ], [ 100.454410447365134, 7.145212852509129 ], [ 100.454396123271849, 7.145144298376968 ], [ 100.454304901300972, 7.145008557471082 ], [ 100.454155089311783, 7.144869131581037 ], [ 100.45415484615674, 7.144869255333517 ], [ 100.454013903721261, 7.144771645824161 ], [ 100.453868755140903, 7.144582993067103 ], [ 100.45374081649598, 7.144452536056565 ], [ 100.4532157780787, 7.144110978364922 ] ] ], [ [ [ 100.452597397907823, 7.149786969977109 ], [ 100.452647776682298, 7.14978696997712 ], [ 100.452673383609451, 7.149739140631299 ], [ 100.452760551358736, 7.149703472616894 ], [ 100.452760551358736, 7.149460663075438 ], [ 100.453355115231375, 7.149460663075446 ], [ 100.45337277273633, 7.149384632884584 ], [ 100.453738624305828, 7.148665617932735 ], [ 100.45380769054583, 7.148332732815321 ], [ 100.453806749709443, 7.148035085664746 ], [ 100.453802717334639, 7.147992282017888 ], [ 100.453087599701632, 7.147992282017895 ], [ 100.453086858260235, 7.148058212213232 ], [ 100.453086858260235, 7.148155435468739 ], [ 100.45307787410745, 7.148155435468737 ], [ 100.453045480016115, 7.14846580887259 ], [ 100.45297104556461, 7.148697806609801 ], [ 100.45292973585012, 7.148780917578667 ], [ 100.452926972776183, 7.148790169860094 ], [ 100.452871961081613, 7.148916062760022 ], [ 100.452808162502109, 7.149025020369271 ], [ 100.452749716842447, 7.149111154477646 ], [ 100.452680105180647, 7.149211657952431 ], [ 100.452652216940677, 7.149249016879582 ], [ 100.452650451051568, 7.149247461612287 ], [ 100.452458417659258, 7.149432414188306 ], [ 100.452443980584874, 7.149450249146792 ], [ 100.452243752496912, 7.149781467938022 ], [ 100.452147720442611, 7.149999129410253 ], [ 100.452141669130881, 7.150103425690042 ], [ 100.45213193018229, 7.150211569023178 ], [ 100.452169844026002, 7.150359107524849 ], [ 100.452264979229099, 7.150545009943475 ], [ 100.452271091005954, 7.150554485917167 ], [ 100.452271091005954, 7.15043958378047 ], [ 100.452434244456882, 7.150439583780469 ], [ 100.452434244456882, 7.150276430329625 ], [ 100.452546171910143, 7.150276430329626 ], [ 100.452514115466244, 7.150036626191126 ], [ 100.452597397907823, 7.149881068882323 ], [ 100.452597397907823, 7.149786969977109 ] ] ], [ [ [ 100.498280364142204, 7.077509991256053 ], [ 100.498280364142204, 7.077346837805229 ], [ 100.498443517593145, 7.077346837805231 ], [ 100.498443517593131, 7.077183684354386 ], [ 100.498606671044044, 7.077183684354381 ], [ 100.498606671044044, 7.076857377452716 ], [ 100.498769824494985, 7.076857377452707 ], [ 100.498769824494971, 7.075715303296838 ], [ 100.498932977945543, 7.075715303296844 ], [ 100.498932977945572, 7.07538899639517 ], [ 100.499096131396485, 7.075388996395168 ], [ 100.49909613139657, 7.07517017831054 ], [ 100.496322522732143, 7.076344361070976 ], [ 100.496322522732143, 7.076531070551041 ], [ 100.49648567618307, 7.076531070551038 ], [ 100.49648567618307, 7.076857377452702 ], [ 100.496648829633997, 7.076857377452715 ], [ 100.496648829633997, 7.077183684354375 ], [ 100.496811983084925, 7.077183684354393 ], [ 100.496811983084925, 7.077577064841507 ], [ 100.496866851697334, 7.077673144706897 ], [ 100.496975136535497, 7.077673144706895 ], [ 100.496975136535482, 7.077836298157741 ], [ 100.497301443437351, 7.07783629815773 ], [ 100.497301443437351, 7.077999451608578 ], [ 100.497464596888278, 7.077999451608569 ], [ 100.497464596888264, 7.077836298157732 ], [ 100.497954057240705, 7.077836298157743 ], [ 100.497954057240705, 7.077673144706904 ], [ 100.498117210691632, 7.077673144706904 ], [ 100.498117210691632, 7.077509991256063 ], [ 100.498280364142204, 7.077509991256053 ] ] ], [ [ [ 100.494038374420597, 7.079304679215188 ], [ 100.494038374420583, 7.079467832666037 ], [ 100.494364681322082, 7.079467832666028 ], [ 100.494364681322082, 7.079630986116867 ], [ 100.494854141674864, 7.079630986116874 ], [ 100.49485414167485, 7.079467832666039 ], [ 100.495017295125436, 7.079467832666029 ], [ 100.495017295125436, 7.078978372313516 ], [ 100.49485414167485, 7.078978372313516 ], [ 100.494854141674878, 7.078652065411848 ], [ 100.494690988223937, 7.078652065411834 ], [ 100.494690988223951, 7.077836298157735 ], [ 100.494854141674864, 7.077836298157739 ], [ 100.494854141674864, 7.077509991256064 ], [ 100.495017295125436, 7.077509991256064 ], [ 100.495017295125436, 7.07734683780523 ], [ 100.495180448576377, 7.077346837805214 ], [ 100.495180448576363, 7.076807369693976 ], [ 100.494038374420583, 7.077256999084839 ], [ 100.494038374420569, 7.077346837805218 ], [ 100.49420152787151, 7.077346837805233 ], [ 100.49420152787151, 7.077509991256069 ], [ 100.494364681322097, 7.077509991256053 ], [ 100.494364681322082, 7.077836298157738 ], [ 100.49420152787151, 7.077836298157745 ], [ 100.494201527871496, 7.077999451608585 ], [ 100.493712067518743, 7.077999451608569 ], [ 100.493712067518729, 7.077836298157739 ], [ 100.492896300264803, 7.077836298157742 ], [ 100.492896300264803, 7.077999451608582 ], [ 100.492733146813876, 7.077999451608566 ], [ 100.492733146813876, 7.078162605059421 ], [ 100.492569993362949, 7.07816260505941 ], [ 100.492569993362949, 7.078325758510259 ], [ 100.492243686461435, 7.078325758510262 ], [ 100.49224368646145, 7.078162605059413 ], [ 100.491754226109023, 7.078162605059423 ], [ 100.491754226109023, 7.078159680604256 ], [ 100.490203257620891, 7.078773693843782 ], [ 100.489654736810252, 7.078998144078727 ], [ 100.490122691600462, 7.079151019550996 ], [ 100.490122691600476, 7.078815218862682 ], [ 100.490938458854743, 7.078815218862671 ], [ 100.490938458854743, 7.078652065411843 ], [ 100.491101612305684, 7.078652065411844 ], [ 100.49110161230567, 7.078815218862673 ], [ 100.491427919207169, 7.078815218862688 ], [ 100.491427919207155, 7.078652065411845 ], [ 100.491591072658096, 7.078652065411841 ], [ 100.491591072658096, 7.078815218862681 ], [ 100.492406839912022, 7.078815218862689 ], [ 100.492406839912036, 7.078652065411847 ], [ 100.492569993362949, 7.078652065411834 ], [ 100.492569993362935, 7.078815218862686 ], [ 100.492733146813876, 7.078815218862685 ], [ 100.492733146813876, 7.078652065411847 ], [ 100.493222607166302, 7.078652065411838 ], [ 100.493222607166302, 7.078815218862689 ], [ 100.493548914068157, 7.078815218862681 ], [ 100.493548914068157, 7.078978372313515 ], [ 100.49338576061723, 7.078978372313517 ], [ 100.49338576061723, 7.079141525764351 ], [ 100.492896300264817, 7.079141525764356 ], [ 100.492896300264803, 7.078978372313512 ], [ 100.492406839912036, 7.07897837231351 ], [ 100.492406839912022, 7.079794139567705 ], [ 100.493548914068171, 7.079794139567712 ], [ 100.493548914068157, 7.079630986116877 ], [ 100.493712067518729, 7.079630986116877 ], [ 100.493712067518729, 7.079467832666042 ], [ 100.493875220969642, 7.07946783266604 ], [ 100.493875220969656, 7.079304679215187 ], [ 100.494038374420597, 7.079304679215188 ] ] ], [ [ [ 100.505132809077594, 7.08240459478113 ], [ 100.505295962528521, 7.082404594781116 ], [ 100.505295962528507, 7.082241441330284 ], [ 100.505375820041834, 7.082241441330295 ], [ 100.50544298689347, 7.081498564083198 ], [ 100.505492303564751, 7.080788994115597 ], [ 100.505590497756188, 7.079867067872694 ], [ 100.505760993229757, 7.077981357803982 ], [ 100.505901325703576, 7.077572529483019 ], [ 100.5059111467218, 7.077535274699843 ], [ 100.505884335453302, 7.077193107041543 ], [ 100.505852200959836, 7.077143592035228 ], [ 100.505780315865337, 7.0771226544552 ], [ 100.5056191340433, 7.077153557992367 ], [ 100.505292683773121, 7.07724615806415 ], [ 100.505163886658281, 7.077259297913706 ], [ 100.504405571138747, 7.077231491184074 ], [ 100.504195690515999, 7.077200685867374 ], [ 100.503755845723958, 7.077206211011457 ], [ 100.503411595984474, 7.077167417438122 ], [ 100.503187111067064, 7.077186273420329 ], [ 100.502926597371811, 7.077146383529298 ], [ 100.50271302860169, 7.077137552020345 ], [ 100.502645565658725, 7.077003660762449 ], [ 100.502669004477241, 7.076919758497484 ], [ 100.502658260893455, 7.076842867549476 ], [ 100.502689087387509, 7.076817993924088 ], [ 100.502753450341956, 7.07685259006294 ], [ 100.5027780520969, 7.076907959477222 ], [ 100.502805952500665, 7.077001769913369 ], [ 100.502789499635654, 7.077080363423103 ], [ 100.502817074043818, 7.07709794600979 ], [ 100.502879563661921, 7.077103285542416 ], [ 100.503208971265707, 7.077092479952657 ], [ 100.503753815844391, 7.077127173480104 ], [ 100.504191795917222, 7.077111542297443 ], [ 100.504602322012474, 7.077159386024547 ], [ 100.505202274738195, 7.077150764013087 ], [ 100.505499444092223, 7.077127157766529 ], [ 100.505622682426946, 7.077098405069601 ], [ 100.505752954566333, 7.077045225960565 ], [ 100.5057822664469, 7.076997979743581 ], [ 100.505776668377521, 7.076917150712475 ], [ 100.50565991280439, 7.076547605591572 ], [ 100.505580707589843, 7.076339135890681 ], [ 100.505575110587856, 7.076332424064669 ], [ 100.505535245936542, 7.076324716213415 ], [ 100.505482686539352, 7.076279792036769 ], [ 100.505426163976367, 7.076117232682783 ], [ 100.505407437941599, 7.075983085128833 ], [ 100.505408863613624, 7.07581029313479 ], [ 100.505438846279574, 7.075650307974823 ], [ 100.505434152647425, 7.07561171611437 ], [ 100.505370502467187, 7.075546595386256 ], [ 100.505250753401768, 7.075495379689869 ], [ 100.505230456147402, 7.075473364461825 ], [ 100.505218156948231, 7.075446682963666 ], [ 100.502351908383346, 7.074418807507098 ], [ 100.501792628624131, 7.074028639996619 ], [ 100.499422438298339, 7.075032039162242 ], [ 100.499422438298353, 7.075062689493479 ], [ 100.499585591748911, 7.075062689493485 ], [ 100.499585591748911, 7.077509991256067 ], [ 100.499422438298339, 7.077509991256052 ], [ 100.499422438298325, 7.077836298157735 ], [ 100.499259284847398, 7.077836298157745 ], [ 100.499259284847426, 7.078162605059406 ], [ 100.499096131396499, 7.078162605059415 ], [ 100.49909613139647, 7.078325758510262 ], [ 100.498932977945557, 7.078325758510262 ], [ 100.498932977945572, 7.078488911961093 ], [ 100.498769824495, 7.0784889119611 ], [ 100.498769824494971, 7.078652065411836 ], [ 100.498606671044058, 7.07865206541185 ], [ 100.498606671044072, 7.078815218862687 ], [ 100.498117210691646, 7.078815218862668 ], [ 100.498117210691632, 7.079141525764352 ], [ 100.497954057240705, 7.07914152576435 ], [ 100.49795405724069, 7.079304679215198 ], [ 100.498117210691632, 7.079304679215205 ], [ 100.498117210691632, 7.079630986116873 ], [ 100.49828036414219, 7.079630986116867 ], [ 100.498280364142204, 7.079794139567706 ], [ 100.498443517593131, 7.079794139567717 ], [ 100.498443517593131, 7.079957293018539 ], [ 100.498606671044072, 7.079957293018548 ], [ 100.498606671044058, 7.080120446469391 ], [ 100.498769824494985, 7.080120446469392 ], [ 100.498769824494971, 7.080283599920217 ], [ 100.498932977945557, 7.08028359992023 ], [ 100.498932977945572, 7.080446753371054 ], [ 100.499259284847412, 7.080446753371064 ], [ 100.499259284847426, 7.080609906821901 ], [ 100.499422438298339, 7.080609906821897 ], [ 100.499422438298339, 7.080446753371064 ], [ 100.500564512454119, 7.080446753371069 ], [ 100.500564512454119, 7.080609906821905 ], [ 100.500890819355618, 7.080609906821904 ], [ 100.500890819355618, 7.080773060272749 ], [ 100.501217126257473, 7.080773060272742 ], [ 100.501217126257458, 7.080936213723571 ], [ 100.501380279708414, 7.080936213723587 ], [ 100.501380279708386, 7.081099367174416 ], [ 100.502032893511753, 7.081099367174424 ], [ 100.502032893511753, 7.080936213723571 ], [ 100.502196046962311, 7.080936213723578 ], [ 100.502196046962339, 7.081099367174423 ], [ 100.502848660765679, 7.081099367174421 ], [ 100.502848660765679, 7.080773060272735 ], [ 100.503011814216606, 7.080773060272745 ], [ 100.503011814216606, 7.080609906821897 ], [ 100.503827581470887, 7.080609906821908 ], [ 100.503827581470887, 7.080773060272747 ], [ 100.503990734921814, 7.080773060272737 ], [ 100.503990734921814, 7.080936213723574 ], [ 100.504153888372386, 7.080936213723589 ], [ 100.5041538883724, 7.081588827526924 ], [ 100.503990734921814, 7.08158882752694 ], [ 100.5039907349218, 7.081751980977765 ], [ 100.503827581470887, 7.081751980977765 ], [ 100.503827581470873, 7.081915134428613 ], [ 100.50366442801996, 7.081915134428611 ], [ 100.50366442801996, 7.08207828787944 ], [ 100.503501274569032, 7.082078287879455 ], [ 100.503501274569032, 7.082404594781134 ], [ 100.503338121118475, 7.082404594781121 ], [ 100.50333812111846, 7.082730901682798 ], [ 100.503174967667519, 7.082730901682793 ], [ 100.503174967667533, 7.082894055133638 ], [ 100.503011814216606, 7.082894055133638 ], [ 100.503011814216606, 7.083057208584481 ], [ 100.502032893511739, 7.083057208584476 ], [ 100.502032893511753, 7.082894055133631 ], [ 100.501706586609899, 7.082894055133647 ], [ 100.501706586609885, 7.082730901682793 ], [ 100.501053972806545, 7.082730901682799 ], [ 100.501053972806545, 7.082894055133638 ], [ 100.500727665905046, 7.082894055133636 ], [ 100.500727665905046, 7.083220362035307 ], [ 100.500564512454105, 7.083220362035314 ], [ 100.500564512454119, 7.083383515486148 ], [ 100.500727665905046, 7.083383515486145 ], [ 100.500727665905046, 7.083709822387839 ], [ 100.500890819355618, 7.083709822387832 ], [ 100.500890819355618, 7.084036129289516 ], [ 100.501053972806545, 7.084036129289516 ], [ 100.501053972806545, 7.084199282740341 ], [ 100.501217126257458, 7.084199282740342 ], [ 100.501217126257473, 7.084362436191189 ], [ 100.501380279708414, 7.084362436191189 ], [ 100.5013802797084, 7.084525589642015 ], [ 100.501439521879391, 7.084525589642023 ], [ 100.501778676955325, 7.084270846810222 ], [ 100.502102114706929, 7.084070720730855 ], [ 100.502761949418598, 7.083702608859737 ], [ 100.503238673816526, 7.083340398096587 ], [ 100.503371948124013, 7.083274860770715 ], [ 100.503831383839781, 7.08299448521994 ], [ 100.503985855901945, 7.082942689260945 ], [ 100.504185453594303, 7.082905503191782 ], [ 100.504464222529705, 7.082881935779594 ], [ 100.505132809077608, 7.082862646261074 ], [ 100.505132809077594, 7.08240459478113 ] ] ], [ [ [ 100.504171218340247, 7.085024956041626 ], [ 100.503200187489497, 7.084942454936393 ], [ 100.502128976358335, 7.084911632549891 ], [ 100.501922797187163, 7.0848909290936 ], [ 100.501739337265775, 7.084827758354378 ], [ 100.501729807916732, 7.084809812588367 ], [ 100.501797427472908, 7.084799284801634 ], [ 100.502896295672542, 7.08485118861647 ], [ 100.503889475585254, 7.084960297147037 ], [ 100.50506652632869, 7.084997324739767 ], [ 100.505197177030709, 7.084988775993159 ], [ 100.50528328080334, 7.084958588621008 ], [ 100.505324072145569, 7.084906192770059 ], [ 100.505350077367709, 7.084802608458627 ], [ 100.505359959386823, 7.084600838904575 ], [ 100.505332892677401, 7.084407623400808 ], [ 100.505345674040953, 7.084365318165758 ], [ 100.505389755934615, 7.084328461117241 ], [ 100.505558088788419, 7.084300531536457 ], [ 100.505625685696401, 7.084231588441305 ], [ 100.505630800247658, 7.084184207424515 ], [ 100.505630088329681, 7.084178291071316 ], [ 100.505629266450498, 7.084176362439656 ], [ 100.505615772640326, 7.084136361533965 ], [ 100.505609565862841, 7.08411891891995 ], [ 100.505318978300124, 7.083416498778159 ], [ 100.505295170769685, 7.083234600444429 ], [ 100.505295331102673, 7.083232797300855 ], [ 100.505291345353967, 7.083201865321815 ], [ 100.505295962528521, 7.083149144498022 ], [ 100.505295962528521, 7.083057208584477 ], [ 100.50513280907758, 7.083057208584477 ], [ 100.505132809077594, 7.082905826710239 ], [ 100.505016373640672, 7.082890876385092 ], [ 100.504823142511782, 7.082896800241517 ], [ 100.504155203552543, 7.082954279020409 ], [ 100.503846261644384, 7.083058790086331 ], [ 100.503482327337693, 7.083255326386371 ], [ 100.503276506176334, 7.083383515357726 ], [ 100.502855831065219, 7.083710682205123 ], [ 100.502540611990213, 7.083884137676532 ], [ 100.502390777904466, 7.08395154800194 ], [ 100.502001181830295, 7.08419225402922 ], [ 100.501854178664388, 7.084289069163879 ], [ 100.501543433158972, 7.084539071434781 ], [ 100.501543433158972, 7.084851896543705 ], [ 100.501706586609899, 7.084851896543693 ], [ 100.501706586609899, 7.085066851776417 ], [ 100.501744691455045, 7.085065013635319 ], [ 100.501966562868731, 7.08510590401059 ], [ 100.502363189560754, 7.085110580353 ], [ 100.502800484303748, 7.085189616729651 ], [ 100.503172260666332, 7.085192506734415 ], [ 100.503565285787417, 7.085230276917676 ], [ 100.504284029963756, 7.08525173247011 ], [ 100.504447894693186, 7.085278958092937 ], [ 100.504936918256163, 7.085439681790398 ], [ 100.505097018221463, 7.08543198971862 ], [ 100.505236926445477, 7.085446398561883 ], [ 100.505308972329402, 7.085434940999265 ], [ 100.505401364479866, 7.085329325484791 ], [ 100.505415866938478, 7.085237385738936 ], [ 100.505366917873587, 7.085121825732828 ], [ 100.505269135011261, 7.085063988832061 ], [ 100.504945144037109, 7.085033426512977 ], [ 100.504171218340247, 7.085024956041626 ] ] ], [ [ [ 100.50259627723365, 7.08637475694859 ], [ 100.502775748637788, 7.0863863255449 ], [ 100.50289993411036, 7.086367681029368 ], [ 100.503237650066168, 7.086365128292763 ], [ 100.503386079419897, 7.086324392663678 ], [ 100.503455012823949, 7.086303677984096 ], [ 100.503609100692898, 7.086231993023113 ], [ 100.503665106242778, 7.086213178235698 ], [ 100.503815635196872, 7.086140811517918 ], [ 100.504073514939947, 7.086074663089135 ], [ 100.504113605427037, 7.086059571213396 ], [ 100.504340929825645, 7.085953797004619 ], [ 100.50474276227456, 7.085827030232512 ], [ 100.504852091394895, 7.085753271316031 ], [ 100.504894167329809, 7.085647486771258 ], [ 100.504873737002157, 7.085570326498512 ], [ 100.504846033308951, 7.085529945244523 ], [ 100.504764001506445, 7.085474973674309 ], [ 100.504369888270176, 7.085367356005487 ], [ 100.504196812512006, 7.085336473506444 ], [ 100.503899540640546, 7.085319640255737 ], [ 100.503764290869313, 7.085329117488066 ], [ 100.503539663129985, 7.085290072041817 ], [ 100.503336275387795, 7.085282230624861 ], [ 100.503242441953958, 7.085294377341657 ], [ 100.503171673481276, 7.085331290698742 ], [ 100.503099128519224, 7.085394861441536 ], [ 100.5029192643253, 7.085602956464089 ], [ 100.502754893748062, 7.085748520491584 ], [ 100.502530565585971, 7.08583447034158 ], [ 100.502193840644352, 7.085866431309933 ], [ 100.502069839345523, 7.085894940589331 ], [ 100.50203742799512, 7.085877184309323 ], [ 100.502008312165742, 7.0858253964825 ], [ 100.502020830012412, 7.08574710793902 ], [ 100.502296675881212, 7.085770628445368 ], [ 100.502635128731328, 7.08569179011937 ], [ 100.502771157804474, 7.085623489715193 ], [ 100.502840039621333, 7.085567279482982 ], [ 100.503025552488268, 7.085378032401241 ], [ 100.503028180621726, 7.085316871120579 ], [ 100.503006607174697, 7.085299639958583 ], [ 100.502868758939485, 7.085263918712707 ], [ 100.502562172395585, 7.085200230638697 ], [ 100.502169290430402, 7.085222200215874 ], [ 100.501978765827019, 7.085206059186196 ], [ 100.501869740060826, 7.085179735293537 ], [ 100.501869740060812, 7.085993970699559 ], [ 100.501706586609899, 7.085993970699565 ], [ 100.501706586609899, 7.086157124150411 ], [ 100.501217126257473, 7.086157124150408 ], [ 100.501217126257473, 7.085993970699579 ], [ 100.501053972806545, 7.085993970699567 ], [ 100.501053972806545, 7.085504510347059 ], [ 100.500890819355618, 7.085504510347061 ], [ 100.500890819355618, 7.085341356896214 ], [ 100.500727665905032, 7.085341356896209 ], [ 100.500727665905046, 7.085015049994544 ], [ 100.500564512454119, 7.085015049994539 ], [ 100.500564512454119, 7.084688743092865 ], [ 100.500401359003192, 7.084688743092868 ], [ 100.500401359003192, 7.08430660128337 ], [ 100.500016136992457, 7.083665997570722 ], [ 100.499944512114695, 7.083546668936999 ], [ 100.499748745199824, 7.083546668936987 ], [ 100.499748745199838, 7.083709822387839 ], [ 100.499422438298339, 7.083709822387837 ], [ 100.499422438298325, 7.083872975838663 ], [ 100.498426902456131, 7.08387297583867 ], [ 100.498427314045117, 7.083873724110861 ], [ 100.498624749118207, 7.084155902143625 ], [ 100.498834471392598, 7.084370122926177 ], [ 100.498982299181364, 7.084440670296328 ], [ 100.499079766936489, 7.084457672195432 ], [ 100.499676118186443, 7.08442780329856 ], [ 100.499751819654307, 7.084433207256366 ], [ 100.49979867224971, 7.084456836998624 ], [ 100.499802298448799, 7.08450645050019 ], [ 100.499763658307387, 7.084525617337111 ], [ 100.499414318043648, 7.084547478670207 ], [ 100.499243212785331, 7.084533807530079 ], [ 100.499220184861755, 7.084534318527107 ], [ 100.499216426428291, 7.084539988599605 ], [ 100.49918549000455, 7.084550401792755 ], [ 100.498979030664799, 7.084554502874 ], [ 100.498962476311888, 7.084557038663728 ], [ 100.498951353572622, 7.084561848688717 ], [ 100.498928992009709, 7.084619648173834 ], [ 100.499010026715609, 7.084831976027345 ], [ 100.499080047802551, 7.084932313681983 ], [ 100.499425386405434, 7.085309341897919 ], [ 100.499568591306527, 7.085446888618943 ], [ 100.499609591716435, 7.085477624743704 ], [ 100.499787862941787, 7.085651847644431 ], [ 100.499821555160921, 7.085689857598738 ], [ 100.499853429217382, 7.085720472276813 ], [ 100.49991321290986, 7.085793261498213 ], [ 100.500023414567977, 7.085917585751432 ], [ 100.500065587888813, 7.085960076945802 ], [ 100.500104818628273, 7.08602654971595 ], [ 100.500264555187812, 7.086221035859676 ], [ 100.500741493701469, 7.086855454653794 ], [ 100.500880685841608, 7.087047447364674 ], [ 100.500975570495399, 7.087062904983677 ], [ 100.501094996657883, 7.086978096348364 ], [ 100.501152176622313, 7.08692441885303 ], [ 100.501202517238838, 7.086823029176381 ], [ 100.501253945441618, 7.086764422421908 ], [ 100.501332949019968, 7.086719477228296 ], [ 100.501410358473578, 7.086682051526292 ], [ 100.501537549636339, 7.086562651258751 ], [ 100.501561267325116, 7.086547955414735 ], [ 100.501597185530599, 7.086491741838272 ], [ 100.501679538977854, 7.08641928722948 ], [ 100.501768898200368, 7.086384618334351 ], [ 100.501868651117505, 7.086370550830643 ], [ 100.501985976827342, 7.086372301199661 ], [ 100.50209655407302, 7.086357431685318 ], [ 100.502332134629327, 7.086358771849743 ], [ 100.502461942862823, 7.086382393752935 ], [ 100.50259627723365, 7.08637475694859 ] ] ], [ [ [ 100.504153888372386, 7.093825336339809 ], [ 100.504317041823313, 7.093825336339818 ], [ 100.504317041823327, 7.093662182888971 ], [ 100.50480650217574, 7.093662182888974 ], [ 100.50480650217574, 7.093499029438143 ], [ 100.504969655626653, 7.093499029438142 ], [ 100.504969655626667, 7.093182659997621 ], [ 100.504949730867239, 7.093063500402626 ], [ 100.50496315058588, 7.092896504651724 ], [ 100.504952125893624, 7.092830200346565 ], [ 100.504974955273255, 7.092637844670913 ], [ 100.504963027113121, 7.092468826735513 ], [ 100.504969655626667, 7.092395520877957 ], [ 100.504969655626667, 7.092193801831421 ], [ 100.504643348725153, 7.09219380183143 ], [ 100.504643348725168, 7.09203064838059 ], [ 100.50448019527424, 7.092030648380595 ], [ 100.50448019527424, 7.092193801831421 ], [ 100.503990734921814, 7.09219380183143 ], [ 100.503990734921814, 7.092356955282264 ], [ 100.503827581470901, 7.092356955282262 ], [ 100.503827581470887, 7.092193801831426 ], [ 100.502685507315121, 7.092193801831431 ], [ 100.502685507315107, 7.092030648380588 ], [ 100.50252235386418, 7.092030648380588 ], [ 100.50252235386418, 7.091867494929754 ], [ 100.502359200413252, 7.091867494929744 ], [ 100.502359200413252, 7.091753623721816 ], [ 100.502315386804227, 7.091832333020992 ], [ 100.502291107074285, 7.091887191514036 ], [ 100.502260333371055, 7.092101404852552 ], [ 100.502274792215474, 7.092374344269134 ], [ 100.502249372464192, 7.092639812872244 ], [ 100.502216162150418, 7.092770748184691 ], [ 100.502161587563094, 7.092838290849127 ], [ 100.502083823386386, 7.092835554909398 ], [ 100.502080380098334, 7.092868264321017 ], [ 100.502068839494854, 7.092977896105745 ], [ 100.501975466165689, 7.093404137450273 ], [ 100.501862774137351, 7.093716858003811 ], [ 100.501731178455969, 7.09404383794657 ], [ 100.501632269107972, 7.094223998423063 ], [ 100.501479191310509, 7.094477950143167 ], [ 100.501706586609899, 7.094477950143164 ], [ 100.501706586609899, 7.09431479669233 ], [ 100.501869740060826, 7.09431479669233 ], [ 100.501869740060812, 7.09447795014316 ], [ 100.502196046962325, 7.094477950143171 ], [ 100.502196046962325, 7.094641103594008 ], [ 100.502848660765693, 7.094641103593997 ], [ 100.502848660765679, 7.093988489790644 ], [ 100.503011814216592, 7.093988489790649 ], [ 100.503011814216606, 7.093825336339815 ], [ 100.503338121118475, 7.093825336339803 ], [ 100.50333812111846, 7.093988489790648 ], [ 100.504153888372386, 7.093988489790659 ], [ 100.504153888372386, 7.093825336339809 ] ], [ [ 100.502359200413252, 7.093825336339809 ], [ 100.502685507315121, 7.093825336339804 ], [ 100.502685507315121, 7.09398848979064 ], [ 100.50252235386418, 7.09398848979064 ], [ 100.502522353864194, 7.094151643241485 ], [ 100.502359200413252, 7.094151643241497 ], [ 100.502359200413252, 7.093825336339809 ] ] ], [ [ [ 100.503032475316459, 7.104705763856901 ], [ 100.503193709141343, 7.104566662172426 ], [ 100.503357227348999, 7.104396360161251 ], [ 100.503407377264523, 7.104300639588466 ], [ 100.503406397913508, 7.104239994764622 ], [ 100.503781150218799, 7.10267015785536 ], [ 100.503850601864656, 7.102355244035268 ], [ 100.503861270639334, 7.102309315783311 ], [ 100.503827581470901, 7.102309315783328 ], [ 100.503827581470887, 7.102146162332478 ], [ 100.50366442801996, 7.10214616233248 ], [ 100.50366442801996, 7.101819855430796 ], [ 100.503827581470901, 7.101819855430808 ], [ 100.503827581470887, 7.101343872884709 ], [ 100.503809623359004, 7.101300289324586 ], [ 100.503672527208479, 7.100923500760041 ], [ 100.503610853083842, 7.100642620657498 ], [ 100.503631843123401, 7.100513959650142 ], [ 100.50363751105975, 7.099908285427711 ], [ 100.503623681238892, 7.099313837329407 ], [ 100.50363809737901, 7.09921062846361 ], [ 100.503681925534238, 7.099077842667826 ], [ 100.503729182926293, 7.098997629637025 ], [ 100.503772451341788, 7.09892021891475 ], [ 100.503788103585748, 7.098886241126706 ], [ 100.50434392444744, 7.097927997178788 ], [ 100.504354928745713, 7.097904172610782 ], [ 100.503990734921814, 7.097904172610774 ], [ 100.503990734921814, 7.097741019159924 ], [ 100.503501274569032, 7.097741019159938 ], [ 100.503501274569032, 7.09757786570909 ], [ 100.502848660765679, 7.0975778657091 ], [ 100.502848660765679, 7.097414712258257 ], [ 100.50252235386418, 7.097414712258247 ], [ 100.50252235386418, 7.09725155880742 ], [ 100.501869740060826, 7.097251558807424 ], [ 100.501869740060826, 7.097414712258255 ], [ 100.500727665905046, 7.097414712258256 ], [ 100.500727665905046, 7.097741019159942 ], [ 100.500564512454119, 7.097741019159924 ], [ 100.500564512454105, 7.099209400217386 ], [ 100.500401359003206, 7.099209400217394 ], [ 100.500401359003192, 7.099698860569909 ], [ 100.500238205552265, 7.099698860569912 ], [ 100.500238205552265, 7.10002516747159 ], [ 100.500075052101707, 7.100025167471588 ], [ 100.500075052101678, 7.1005146278241 ], [ 100.49991189865078, 7.100514627824102 ], [ 100.499911898650765, 7.101004088176623 ], [ 100.500075052101693, 7.101004088176615 ], [ 100.500075052101707, 7.10165670197996 ], [ 100.500238205552265, 7.101656701979962 ], [ 100.500238205552265, 7.102146162332485 ], [ 100.500401359003178, 7.102146162332475 ], [ 100.500401359003192, 7.102472469234152 ], [ 100.500564512454133, 7.102472469234156 ], [ 100.500564512454119, 7.103451389939178 ], [ 100.50072766590506, 7.103451389939197 ], [ 100.50072766590506, 7.103614543390032 ], [ 100.500564512454119, 7.103614543390027 ], [ 100.500564512454119, 7.103777696840873 ], [ 100.500727665905046, 7.103777696840867 ], [ 100.50072766590506, 7.103940850291696 ], [ 100.500564512454119, 7.103940850291697 ], [ 100.500564512454119, 7.10410400374254 ], [ 100.500238205552265, 7.104104003742536 ], [ 100.500238205552265, 7.103614543390035 ], [ 100.500401359003192, 7.103614543390026 ], [ 100.500401359003178, 7.103451389939186 ], [ 100.500238205552279, 7.103451389939182 ], [ 100.500238205552265, 7.103125083037511 ], [ 100.500075052101693, 7.103125083037516 ], [ 100.500075052101693, 7.102961929586668 ], [ 100.499911898650751, 7.102961929586675 ], [ 100.49991189865078, 7.102798776135837 ], [ 100.499748745199838, 7.102798776135831 ], [ 100.499748745199838, 7.102635622685002 ], [ 100.499585591748911, 7.102635622685003 ], [ 100.499585591748911, 7.101983008881644 ], [ 100.499422438298339, 7.101983008881642 ], [ 100.499422438298339, 7.101819855430811 ], [ 100.499259284847412, 7.101819855430806 ], [ 100.499259284847412, 7.101493548529133 ], [ 100.49909613139647, 7.101493548529124 ], [ 100.49909613139647, 7.100677781274935 ], [ 100.499259284847426, 7.100677781274933 ], [ 100.499259284847412, 7.100188320922417 ], [ 100.499332291469145, 7.100188320922415 ], [ 100.499344106274449, 7.100128298677737 ], [ 100.499422438298353, 7.099918894604995 ], [ 100.499422438298339, 7.099535707119074 ], [ 100.499565777684751, 7.099535707119061 ], [ 100.499585591748911, 7.099482738415864 ], [ 100.499585591748925, 7.098883093315715 ], [ 100.499748745199838, 7.098883093315711 ], [ 100.499748745199838, 7.098393632963278 ], [ 100.499911898650765, 7.098393632963281 ], [ 100.499911898650765, 7.098067326061612 ], [ 100.499996628642506, 7.098067326061599 ], [ 100.500019366227292, 7.097972753462695 ], [ 100.500075052101693, 7.097725712656307 ], [ 100.500075052101678, 7.096925251905734 ], [ 100.500214959417121, 7.096925251905736 ], [ 100.500214901173223, 7.09690727103295 ], [ 100.500223870589011, 7.096751063912389 ], [ 100.500266035539667, 7.096604213798797 ], [ 100.500350638619224, 7.096395703142494 ], [ 100.500472900187006, 7.096111348226 ], [ 100.500538093555591, 7.095760920450579 ], [ 100.500594026241444, 7.095476779941494 ], [ 100.50065035567421, 7.095315685792729 ], [ 100.50071616215331, 7.095154562818126 ], [ 100.500857620030573, 7.094945868371855 ], [ 100.500961112751895, 7.094718367145032 ], [ 100.501158868939825, 7.094339113414303 ], [ 100.501380067115349, 7.093884061356119 ], [ 100.501601328997225, 7.093447942180248 ], [ 100.501700037060999, 7.093206256331404 ], [ 100.50176115094952, 7.093059345853305 ], [ 100.501807322296003, 7.092743044245998 ], [ 100.501811354497249, 7.092715420701581 ], [ 100.501726872681388, 7.092658649696348 ], [ 100.501684526545546, 7.092597735940884 ], [ 100.501699031758562, 7.092502397289765 ], [ 100.5018192446162, 7.092361521997634 ], [ 100.501889809042666, 7.092239133567212 ], [ 100.501895080263736, 7.092221935942639 ], [ 100.501900474131062, 7.092192817398807 ], [ 100.501946993039951, 7.091927637785966 ], [ 100.501970205117729, 7.091780849883852 ], [ 100.501985315575055, 7.091749139780238 ], [ 100.501997035204141, 7.091671827457044 ], [ 100.502044629064017, 7.091564193090991 ], [ 100.502140968595583, 7.091445426481467 ], [ 100.50255239717211, 7.091097139301307 ], [ 100.502892327671859, 7.090865727807429 ], [ 100.503329519023083, 7.090471379473082 ], [ 100.503345211999246, 7.090433430362381 ], [ 100.503342139757052, 7.090392337534055 ], [ 100.503277281938722, 7.090330893238787 ], [ 100.503114545622211, 7.090283472798856 ], [ 100.502857718481323, 7.090249091160791 ], [ 100.502606500969819, 7.09025146113639 ], [ 100.502140093662021, 7.090314027202681 ], [ 100.501455024656408, 7.09052410978875 ], [ 100.500855949592008, 7.09052261871598 ], [ 100.500493436928579, 7.090547280931631 ], [ 100.500279111789595, 7.090584497250196 ], [ 100.500130162463833, 7.090638119099647 ], [ 100.499918802633914, 7.090760804562397 ], [ 100.499728486896359, 7.090832895469953 ], [ 100.499486933816243, 7.090950401344863 ], [ 100.499031670720754, 7.091279147605647 ], [ 100.498875862060544, 7.091338159052745 ], [ 100.498468637697883, 7.091434593264569 ], [ 100.498390235998173, 7.091471909090023 ], [ 100.497836096411334, 7.091885668368334 ], [ 100.497148518834237, 7.092491815588043 ], [ 100.496839699949817, 7.09288532736177 ], [ 100.496733811375094, 7.093116079743519 ], [ 100.496688758683931, 7.093151729776212 ], [ 100.496661259245471, 7.093146469188518 ], [ 100.496667441171198, 7.093080480445957 ], [ 100.496816126363356, 7.092792895590297 ], [ 100.496952687485233, 7.092665770455424 ], [ 100.497115502970075, 7.092467763407439 ], [ 100.497309738720389, 7.09226279288786 ], [ 100.497634042264394, 7.091993175652822 ], [ 100.497855885532431, 7.091788334638809 ], [ 100.498025269156003, 7.091584166365855 ], [ 100.498348826419132, 7.091277780544611 ], [ 100.498416425406859, 7.091189862464854 ], [ 100.498736266108338, 7.090890811986603 ], [ 100.499101839737662, 7.090650799628876 ], [ 100.499351851402366, 7.090521458113344 ], [ 100.499675676071845, 7.090388386016269 ], [ 100.499965685929041, 7.090356305108553 ], [ 100.500300805311937, 7.090420853087257 ], [ 100.501106969132792, 7.090437531835866 ], [ 100.501504434799216, 7.090406361626337 ], [ 100.502164721439186, 7.090222985079943 ], [ 100.502620986297245, 7.090152168657611 ], [ 100.50292471625896, 7.090174502958613 ], [ 100.503392462911037, 7.090286560531426 ], [ 100.50351550769463, 7.090302219866845 ], [ 100.50363126946246, 7.090235960421373 ], [ 100.50333812111846, 7.090235960421367 ], [ 100.50333812111846, 7.090072806970538 ], [ 100.502848660765693, 7.090072806970531 ], [ 100.502848660765679, 7.089909653519697 ], [ 100.502685507315107, 7.089909653519689 ], [ 100.502685507315121, 7.088767579363828 ], [ 100.50252235386418, 7.088767579363823 ], [ 100.502522353864165, 7.087951812109625 ], [ 100.502359200413267, 7.087951812109638 ], [ 100.502359200413252, 7.087625505207948 ], [ 100.502032893511753, 7.087625505207957 ], [ 100.502032893511753, 7.087462351757121 ], [ 100.501706586609885, 7.087462351757113 ], [ 100.501706586609899, 7.086972891404607 ], [ 100.501869740060826, 7.086972891404596 ], [ 100.501869740060826, 7.086646584502929 ], [ 100.50252235386418, 7.086646584502926 ], [ 100.50252235386418, 7.086972891404593 ], [ 100.502685507315093, 7.086972891404593 ], [ 100.502685507315093, 7.087299198306281 ], [ 100.502848660765679, 7.087299198306275 ], [ 100.502848660765693, 7.087462351757107 ], [ 100.503011814216592, 7.087462351757104 ], [ 100.50301181421662, 7.087625505207944 ], [ 100.504480195274226, 7.087625505207948 ], [ 100.504480195274226, 7.08778865865879 ], [ 100.504643348725168, 7.087788658658796 ], [ 100.504643348725153, 7.087625505207958 ], [ 100.505785422880933, 7.087625505207946 ], [ 100.505785422880948, 7.086211090317937 ], [ 100.505767001910158, 7.086199805747951 ], [ 100.505731016605637, 7.086176604340668 ], [ 100.505698046906488, 7.086158777293814 ], [ 100.505653308577976, 7.086158922208992 ], [ 100.50559832028938, 7.086179729848245 ], [ 100.505550141173316, 7.08617988589872 ], [ 100.505488166353999, 7.086169773217263 ], [ 100.505360732221263, 7.086135810311721 ], [ 100.505133424625114, 7.086078107650037 ], [ 100.504937219743624, 7.086061551484531 ], [ 100.504772054268884, 7.086065525194707 ], [ 100.504606989125747, 7.086100435142167 ], [ 100.50460095907826, 7.086102036261401 ], [ 100.504455733490957, 7.086149050051769 ], [ 100.504122259848586, 7.086249822561578 ], [ 100.50379235209904, 7.08638839345705 ], [ 100.503503595064032, 7.086482141987319 ], [ 100.503228566715137, 7.086565534352251 ], [ 100.50305658345232, 7.086590152763367 ], [ 100.502943080384284, 7.086607708519517 ], [ 100.502726228609731, 7.086591220923959 ], [ 100.502651350420194, 7.086583912183491 ], [ 100.502385440901705, 7.086557946908332 ], [ 100.502178475243852, 7.086558615822852 ], [ 100.501960927932288, 7.086593924816896 ], [ 100.50175621639454, 7.086665418861164 ], [ 100.5017217011128, 7.086687283803031 ], [ 100.501605002843164, 7.086780473524575 ], [ 100.501546613396201, 7.086815041452468 ], [ 100.501408843438284, 7.086969672466854 ], [ 100.501399172540076, 7.086980523536503 ], [ 100.50136589259823, 7.087004431048213 ], [ 100.501329261093133, 7.087030748465877 ], [ 100.501193972365428, 7.087110175191073 ], [ 100.501179381288992, 7.087118737114325 ], [ 100.501045435210415, 7.087198234525999 ], [ 100.500939047941543, 7.087287955433149 ], [ 100.50083649202746, 7.08739794084983 ], [ 100.500836164556532, 7.087398290963296 ], [ 100.500729754954421, 7.087481137497623 ], [ 100.500717006739848, 7.087488240265261 ], [ 100.500537394071898, 7.087588323797556 ], [ 100.500389876310265, 7.0876705941114 ], [ 100.500345819383369, 7.08769932691901 ], [ 100.500209811265876, 7.087776817684007 ], [ 100.500179139927781, 7.087788121303737 ], [ 100.500029006435128, 7.087871850404734 ], [ 100.49998380249977, 7.087896054959524 ], [ 100.499867546634917, 7.087958310785103 ], [ 100.499848487939687, 7.087964860580825 ], [ 100.499720573939925, 7.088008820415339 ], [ 100.499705986715369, 7.088013833854693 ], [ 100.49946843814007, 7.088101714338747 ], [ 100.499293530950794, 7.088166420018846 ], [ 100.499198432841311, 7.088204379145013 ], [ 100.499169424760751, 7.088243944465797 ], [ 100.499159986098633, 7.088293532579423 ], [ 100.49919179726318, 7.088377321735024 ], [ 100.499392466007379, 7.088754183292465 ], [ 100.499620329642539, 7.08902455454397 ], [ 100.499733837936503, 7.089224472977078 ], [ 100.499864012335408, 7.089400663977898 ], [ 100.499987608790079, 7.089519885098506 ], [ 100.500093584522446, 7.089582159665795 ], [ 100.500079833952341, 7.089604246899169 ], [ 100.50000723509315, 7.089645759280698 ], [ 100.499941909995627, 7.089650492619849 ], [ 100.4998414314109, 7.089578096403443 ], [ 100.499734949596601, 7.089304431647873 ], [ 100.499619988721648, 7.089096244203438 ], [ 100.499574832491248, 7.089023180927733 ], [ 100.499353194387808, 7.088789930421091 ], [ 100.499232753203316, 7.088641950598751 ], [ 100.499170795254514, 7.088536230719042 ], [ 100.499062121756936, 7.088282992828661 ], [ 100.499016831514183, 7.088260553911616 ], [ 100.499004782498972, 7.088263604248044 ], [ 100.498965196562025, 7.088267689117741 ], [ 100.498935977671366, 7.088270701514029 ], [ 100.498819021009652, 7.088284829403825 ], [ 100.498791386508145, 7.088292387977577 ], [ 100.498691811278121, 7.088319615401899 ], [ 100.49858359019467, 7.088379306647356 ], [ 100.498534527712764, 7.088417434448438 ], [ 100.497645563002919, 7.088992304610854 ], [ 100.497563533039994, 7.089018573748379 ], [ 100.497389078959301, 7.089128048574482 ], [ 100.49716832936879, 7.089220444671836 ], [ 100.49713932200028, 7.089235588642889 ], [ 100.496981251332443, 7.089334989472769 ], [ 100.496919528115583, 7.089373797065986 ], [ 100.496867985352822, 7.089398029940544 ], [ 100.496802657093397, 7.089415429178245 ], [ 100.496613552025948, 7.089461409378512 ], [ 100.496500075392177, 7.089492029780554 ], [ 100.496404931369753, 7.089514078110459 ], [ 100.49625936724685, 7.089547806765092 ], [ 100.496245591050865, 7.089544413916242 ], [ 100.496231771387755, 7.089527271447996 ], [ 100.496242016198252, 7.08950317434323 ], [ 100.496259189745118, 7.08949280558849 ], [ 100.496290106212811, 7.089475519956468 ], [ 100.496358633046526, 7.089458171386761 ], [ 100.496358669992603, 7.089450413488084 ], [ 100.496438061912144, 7.089398396773158 ], [ 100.496831739663165, 7.089247672895943 ], [ 100.497068398356518, 7.089023600541239 ], [ 100.497137627870728, 7.088979808067324 ], [ 100.49762999141268, 7.088783591324386 ], [ 100.49773332727554, 7.088728010439769 ], [ 100.498066616721019, 7.088503472504599 ], [ 100.498245632310216, 7.088402291002299 ], [ 100.498456343302692, 7.088215780198519 ], [ 100.49857633101314, 7.088141894986353 ], [ 100.49906177880213, 7.088044909417706 ], [ 100.499191683157122, 7.088034247572534 ], [ 100.499469685856383, 7.087954915142037 ], [ 100.499665611297601, 7.087878025089483 ], [ 100.499833585229595, 7.087838271573903 ], [ 100.500091738862821, 7.087658503965449 ], [ 100.50041430124034, 7.087475843039336 ], [ 100.500603534625924, 7.087336660728957 ], [ 100.500742571698964, 7.08718860627963 ], [ 100.500742483663984, 7.08716139996608 ], [ 100.500694053034067, 7.087082490634111 ], [ 100.500524652793743, 7.086842404114551 ], [ 100.500520459823349, 7.08683656508423 ], [ 100.500406538936474, 7.086677964227876 ], [ 100.500178413778954, 7.086391522809566 ], [ 100.499996004678252, 7.086180651521652 ], [ 100.499932844463686, 7.086106027096361 ], [ 100.49970583503206, 7.085837827123983 ], [ 100.49942950584871, 7.085519019179854 ], [ 100.49942219655739, 7.085511903379635 ], [ 100.499060133485784, 7.085159262688498 ], [ 100.498987568031254, 7.08506668205051 ], [ 100.498962833271932, 7.085028280259075 ], [ 100.498936383730381, 7.085000198228053 ], [ 100.498822049942149, 7.084811267738495 ], [ 100.498655681266868, 7.084593359997394 ], [ 100.498640679347517, 7.084571532879687 ], [ 100.498594467115879, 7.084524326748505 ], [ 100.498511854590703, 7.084479820949641 ], [ 100.498430346080525, 7.084396717303794 ], [ 100.498269075069345, 7.084119289569148 ], [ 100.498254916906149, 7.084103075258985 ], [ 100.498244119517139, 7.084076359582731 ], [ 100.498190331597229, 7.083983830487321 ], [ 100.498082755869333, 7.083643546161278 ], [ 100.497995844797586, 7.083548419379176 ], [ 100.497991363586451, 7.083546668937 ], [ 100.497954057240705, 7.083546668936999 ], [ 100.497954057240719, 7.083532096402524 ], [ 100.497847528501453, 7.083490484347132 ], [ 100.497774780730637, 7.083500252783137 ], [ 100.497625061434107, 7.083633740624722 ], [ 100.497488457527609, 7.083718576728541 ], [ 100.497324794253373, 7.083881410804024 ], [ 100.497180253102073, 7.083986632558878 ], [ 100.497130264601282, 7.083969188790936 ], [ 100.497116590227634, 7.083928226353772 ], [ 100.49709334896734, 7.083906957607895 ], [ 100.496874739704751, 7.083890324589199 ], [ 100.496350740408886, 7.083773889861736 ], [ 100.496208040400617, 7.083786086471403 ], [ 100.496172959105252, 7.08374270852414 ], [ 100.496207435490362, 7.083719906959419 ], [ 100.496363983014817, 7.083698584269924 ], [ 100.496535929524114, 7.083728804673628 ], [ 100.496876842904484, 7.083835187271811 ], [ 100.497206103963791, 7.08387625729689 ], [ 100.497269714992058, 7.083852659188433 ], [ 100.49740012675133, 7.083715404194762 ], [ 100.497565516640122, 7.083576475340025 ], [ 100.497632878627755, 7.083538188907506 ], [ 100.49779372840996, 7.083386370984663 ], [ 100.497830112654569, 7.083282681448853 ], [ 100.49782957377397, 7.083220362035321 ], [ 100.497790903789777, 7.083220362035314 ], [ 100.497790903789777, 7.082974213267822 ], [ 100.497761655523036, 7.082894055133631 ], [ 100.497627750338836, 7.082894055133645 ], [ 100.49762775033885, 7.082730901682795 ], [ 100.497702123752589, 7.082730901682793 ], [ 100.49762575657796, 7.082521608931044 ], [ 100.497524077609427, 7.082422785163477 ], [ 100.49750402480592, 7.08238224962712 ], [ 100.497509667938445, 7.082163525621286 ], [ 100.497536643090882, 7.081909975337757 ], [ 100.497581777981921, 7.081707981136401 ], [ 100.497661228943272, 7.08145008193983 ], [ 100.497680214617375, 7.081399378181485 ], [ 100.497698728052157, 7.081303211693557 ], [ 100.497719085135486, 7.081213768673441 ], [ 100.497739643671039, 7.081186201160371 ], [ 100.497762650104519, 7.081179223289826 ], [ 100.497781472633122, 7.081128955233263 ], [ 100.497818597570912, 7.081062953119178 ], [ 100.497896305138937, 7.080977840249625 ], [ 100.497915232972474, 7.080976047002573 ], [ 100.497922846702906, 7.081004780596209 ], [ 100.497808399865832, 7.081216264181785 ], [ 100.497808565922341, 7.081216918667124 ], [ 100.497798398935259, 7.081265077804693 ], [ 100.497708299493297, 7.081623722419499 ], [ 100.497706664200351, 7.081629758406067 ], [ 100.497645453493789, 7.081856839564115 ], [ 100.497638839081048, 7.081939363911215 ], [ 100.497642934282027, 7.082142167063352 ], [ 100.497645131558514, 7.082182463643998 ], [ 100.497678340948951, 7.082301267341181 ], [ 100.497790903789777, 7.082553948979371 ], [ 100.497790903789777, 7.082404594781126 ], [ 100.497954057240705, 7.08240459478113 ], [ 100.49795405724069, 7.082241441330288 ], [ 100.498769824494985, 7.082241441330275 ], [ 100.498769824494985, 7.082078287879443 ], [ 100.498932977945557, 7.082078287879439 ], [ 100.498932977945572, 7.081852028767372 ], [ 100.498874217090886, 7.081751980977768 ], [ 100.498769824494985, 7.081751980977775 ], [ 100.498769824494985, 7.081588827526925 ], [ 100.498606671044058, 7.081588827526925 ], [ 100.498606671044058, 7.081425674076094 ], [ 100.498443517593145, 7.081425674076098 ], [ 100.498443517593131, 7.08126252062525 ], [ 100.498117210691632, 7.081262520625248 ], [ 100.498117210691632, 7.081099367174426 ], [ 100.497954057240705, 7.081099367174427 ], [ 100.497954057240719, 7.080936213723569 ], [ 100.497790903789777, 7.080936213723581 ], [ 100.497790903789777, 7.080609906821902 ], [ 100.49762775033885, 7.080609906821894 ], [ 100.497627750338836, 7.080446753371072 ], [ 100.497464596888278, 7.080446753371063 ], [ 100.497464596888292, 7.08028359992023 ], [ 100.497301443437365, 7.080283599920222 ], [ 100.497301443437351, 7.08012044646938 ], [ 100.497138289986424, 7.080120446469394 ], [ 100.497138289986424, 7.079957293018545 ], [ 100.496975136535497, 7.079957293018544 ], [ 100.496975136535482, 7.079794139567706 ], [ 100.496159369281571, 7.079794139567715 ], [ 100.496159369281571, 7.07995729301855 ], [ 100.495996215830644, 7.079957293018555 ], [ 100.49599621583063, 7.08012044646939 ], [ 100.495833062379717, 7.080120446469388 ], [ 100.495833062379731, 7.080283599920222 ], [ 100.495669908928789, 7.08028359992023 ], [ 100.495669908928804, 7.080446753371062 ], [ 100.495506755478218, 7.080446753371056 ], [ 100.495506755478218, 7.080609906821905 ], [ 100.495017295125436, 7.080609906821892 ], [ 100.495017295125422, 7.080773060272743 ], [ 100.494364681322068, 7.080773060272744 ], [ 100.494364681322082, 7.080936213723588 ], [ 100.494038374420597, 7.080936213723588 ], [ 100.494038374420583, 7.081099367174422 ], [ 100.49387522096967, 7.081099367174415 ], [ 100.493875220969656, 7.081262520625252 ], [ 100.493548914068157, 7.081262520625256 ], [ 100.493548914068171, 7.081588827526936 ], [ 100.49338576061723, 7.081588827526923 ], [ 100.493385760617215, 7.0819151344286 ], [ 100.493222607166302, 7.081915134428605 ], [ 100.493222607166302, 7.082078287879441 ], [ 100.493059453715375, 7.082078287879442 ], [ 100.493059453715375, 7.082404594781128 ], [ 100.493222607166302, 7.082404594781115 ], [ 100.493222607166288, 7.082730901682809 ], [ 100.493548914068157, 7.082730901682798 ], [ 100.493548914068157, 7.08370982238784 ], [ 100.493712067518743, 7.083709822387835 ], [ 100.493712067518729, 7.084525589642013 ], [ 100.493548914068157, 7.084525589642019 ], [ 100.493548914068171, 7.084688743092858 ], [ 100.493428209383069, 7.084688743092869 ], [ 100.493788303880322, 7.086320277601241 ], [ 100.493875220969656, 7.086320277601241 ], [ 100.493875220969642, 7.086483431052075 ], [ 100.494038374420597, 7.086483431052076 ], [ 100.494038374420569, 7.086972891404606 ], [ 100.49393234167924, 7.086972891404597 ], [ 100.494470232841337, 7.089409996107531 ], [ 100.494472543050804, 7.089420193167175 ], [ 100.494527834772995, 7.089420193167173 ], [ 100.494527834773024, 7.088604425912979 ], [ 100.494854141674864, 7.088604425912976 ], [ 100.49485414167485, 7.090072806970539 ], [ 100.494690988223937, 7.090072806970533 ], [ 100.494690988223937, 7.090235960421366 ], [ 100.494657360371974, 7.090235960421374 ], [ 100.495729300835137, 7.094967410495682 ], [ 100.495996215830644, 7.094967410495672 ], [ 100.495996215830644, 7.095130563946526 ], [ 100.496159369281571, 7.095130563946515 ], [ 100.496159369281571, 7.095293717397348 ], [ 100.496322522732157, 7.095293717397353 ], [ 100.496322522732143, 7.096435791553233 ], [ 100.49605542039491, 7.096435791553233 ], [ 100.496159369281585, 7.096904323245698 ], [ 100.496159369281585, 7.096762098454906 ], [ 100.496322522732143, 7.096762098454895 ], [ 100.496322522732143, 7.096925251905733 ], [ 100.49648567618307, 7.096925251905743 ], [ 100.49648567618307, 7.097251558807412 ], [ 100.496322522732143, 7.097251558807423 ], [ 100.496322522732157, 7.097414712258257 ], [ 100.496272604673038, 7.097414712258259 ], [ 100.497503315582307, 7.102961929586679 ], [ 100.49762775033885, 7.102961929586677 ], [ 100.497627750338864, 7.102798776135837 ], [ 100.497790903789792, 7.102798776135828 ], [ 100.497790903789792, 7.102961929586676 ], [ 100.497954057240719, 7.102961929586669 ], [ 100.49795405724069, 7.103125083037505 ], [ 100.498117210691632, 7.103125083037515 ], [ 100.498117210691618, 7.103288236488357 ], [ 100.498280364142204, 7.103288236488345 ], [ 100.498280364142204, 7.10345138993919 ], [ 100.498769824494985, 7.103451389939184 ], [ 100.498769824494985, 7.103614543390035 ], [ 100.498932977945543, 7.103614543390025 ], [ 100.498932977945572, 7.103777696840874 ], [ 100.499096131396485, 7.10377769684087 ], [ 100.499096131396485, 7.104104003742541 ], [ 100.499259284847398, 7.104104003742539 ], [ 100.499259284847412, 7.104756617545904 ], [ 100.499083993424875, 7.1047566175459 ], [ 100.499190751813401, 7.104851027666955 ], [ 100.499470733300399, 7.105082924447568 ], [ 100.499585591748911, 7.105082924447562 ], [ 100.499585591748925, 7.104919770996743 ], [ 100.499748745199838, 7.104919770996743 ], [ 100.499748745199838, 7.104756617545887 ], [ 100.500401359003206, 7.104756617545888 ], [ 100.500401359003192, 7.10508292444757 ], [ 100.500564512454119, 7.105082924447581 ], [ 100.500564512454119, 7.105572384800086 ], [ 100.500401359003206, 7.10557238480009 ], [ 100.500401359003178, 7.105735538250919 ], [ 100.500258669133586, 7.105735538250921 ], [ 100.500715816536541, 7.106114174039259 ], [ 100.501053972806545, 7.106389731094732 ], [ 100.501053972806545, 7.106388152054283 ], [ 100.501380279708386, 7.10638815205428 ], [ 100.5013802797084, 7.106655632327489 ], [ 100.501816327614009, 7.107010959398281 ], [ 100.501835803279619, 7.106981202387562 ], [ 100.501869740060826, 7.10692656385174 ], [ 100.501869740060826, 7.106877612406796 ], [ 100.501900144508141, 7.106877612406796 ], [ 100.502362266710335, 7.10613359133031 ], [ 100.502435001896373, 7.106003294250336 ], [ 100.502932305763096, 7.104888020454632 ], [ 100.503032475316459, 7.104705763856901 ] ] ], [ [ [ 100.48082294490257, 7.098393632963286 ], [ 100.480822944902599, 7.098230479512455 ], [ 100.480496638001085, 7.098230479512445 ], [ 100.480496638001085, 7.098067326061618 ], [ 100.480007177648659, 7.098067326061615 ], [ 100.480007177648659, 7.098230479512442 ], [ 100.479844024197746, 7.098230479512452 ], [ 100.479844024197732, 7.098393632963286 ], [ 100.479680870746805, 7.098393632963277 ], [ 100.479680870746805, 7.098556786414116 ], [ 100.479517717295877, 7.098556786414125 ], [ 100.479517717295877, 7.098719939864869 ], [ 100.479354563845305, 7.098719939864873 ], [ 100.47935456384532, 7.098883093315718 ], [ 100.479191410394378, 7.098883093315717 ], [ 100.479191410394364, 7.099046246766545 ], [ 100.479028256943451, 7.099046246766555 ], [ 100.479028256943451, 7.099372553668225 ], [ 100.478865103492524, 7.099372553668226 ], [ 100.47886510349251, 7.099698860569904 ], [ 100.478701950041952, 7.099698860569911 ], [ 100.478701950041952, 7.100188320922423 ], [ 100.478538796591025, 7.10018832092243 ], [ 100.47853879659101, 7.10051462782409 ], [ 100.478375643140097, 7.100514627824091 ], [ 100.478375643140083, 7.101004088176617 ], [ 100.47853879659101, 7.101004088176619 ], [ 100.478538796591025, 7.10214616233248 ], [ 100.47821248968917, 7.102146162332473 ], [ 100.47821248968917, 7.102309315783321 ], [ 100.478049336238612, 7.102309315783324 ], [ 100.478049336238598, 7.102472469234161 ], [ 100.477886182787671, 7.102472469234161 ], [ 100.477886182787671, 7.102309315783328 ], [ 100.477070415533404, 7.102309315783314 ], [ 100.47707041553339, 7.102146162332486 ], [ 100.476907262082463, 7.102146162332484 ], [ 100.476907262082463, 7.102309315783321 ], [ 100.47658095518095, 7.102309315783313 ], [ 100.476580955180964, 7.102472469234155 ], [ 100.476417801730051, 7.102472469234165 ], [ 100.476417801730037, 7.103125083037519 ], [ 100.476580955180978, 7.103125083037517 ], [ 100.476580955180964, 7.103288236488356 ], [ 100.47707041553339, 7.103288236488339 ], [ 100.477070415533376, 7.103451389939178 ], [ 100.477396722435245, 7.103451389939185 ], [ 100.477396722435245, 7.103614543390021 ], [ 100.47772302933673, 7.103614543390032 ], [ 100.477723029336758, 7.103777696840861 ], [ 100.477886182787671, 7.103777696840858 ], [ 100.477886182787671, 7.104104003742536 ], [ 100.47772302933673, 7.104104003742544 ], [ 100.477723029336744, 7.10426715719338 ], [ 100.477559875885802, 7.104267157193386 ], [ 100.477559875885817, 7.10410400374254 ], [ 100.47739672243523, 7.104104003742541 ], [ 100.477396722435259, 7.104267157193378 ], [ 100.477233568984303, 7.104267157193376 ], [ 100.477233568984317, 7.104104003742548 ], [ 100.476907262082463, 7.104104003742541 ], [ 100.476907262082463, 7.104267157193383 ], [ 100.476744108631891, 7.104267157193372 ], [ 100.476744108631891, 7.10459346409505 ], [ 100.476580955180964, 7.104593464095054 ], [ 100.476580955180964, 7.104756617545887 ], [ 100.476254648279109, 7.104756617545888 ], [ 100.476254648279109, 7.10491977099674 ], [ 100.476091494828538, 7.104919770996731 ], [ 100.476091494828552, 7.10508292444758 ], [ 100.475928341377625, 7.105082924447571 ], [ 100.47592834137761, 7.105246077898411 ], [ 100.475602034475756, 7.105246077898401 ], [ 100.47560203447577, 7.105409231349254 ], [ 100.475438881025198, 7.105409231349248 ], [ 100.475438881025184, 7.105735538250923 ], [ 100.475275727574257, 7.105735538250922 ], [ 100.475275727574257, 7.106061845152605 ], [ 100.47543888102517, 7.1060618451526 ], [ 100.475438881025184, 7.10622499860344 ], [ 100.475765187926669, 7.106224998603433 ], [ 100.475765187926683, 7.106388152054275 ], [ 100.47592834137761, 7.10638815205429 ], [ 100.47592834137761, 7.106714458955946 ], [ 100.475765187926697, 7.106714458955948 ], [ 100.475765187926697, 7.106877612406796 ], [ 100.475438881025198, 7.106877612406787 ], [ 100.475438881025198, 7.106714458955947 ], [ 100.475275727574257, 7.106714458955947 ], [ 100.475275727574257, 7.106551305505111 ], [ 100.47511257412333, 7.106551305505123 ], [ 100.47511257412333, 7.106388152054287 ], [ 100.474949420672417, 7.106388152054278 ], [ 100.474949420672402, 7.106714458955964 ], [ 100.47478626722183, 7.106714458955961 ], [ 100.47478626722183, 7.106877612406802 ], [ 100.474623113770903, 7.106877612406794 ], [ 100.474623113770903, 7.107040765857642 ], [ 100.474296806869049, 7.107040765857628 ], [ 100.474296806869063, 7.107530226210156 ], [ 100.474623113770889, 7.107530226210153 ], [ 100.474623113770917, 7.107856533111815 ], [ 100.474949420672417, 7.107856533111836 ], [ 100.474949420672402, 7.10801968656267 ], [ 100.475438881025198, 7.108019686562665 ], [ 100.475438881025184, 7.107856533111826 ], [ 100.475928341377625, 7.107856533111828 ], [ 100.47592834137761, 7.108019686562661 ], [ 100.476254648279109, 7.108019686562668 ], [ 100.476254648279109, 7.108182840013495 ], [ 100.476907262082463, 7.108182840013499 ], [ 100.476907262082463, 7.108019686562661 ], [ 100.47707041553339, 7.108019686562669 ], [ 100.47707041553339, 7.107693379660992 ], [ 100.47772302933673, 7.107693379660986 ], [ 100.477723029336744, 7.107856533111829 ], [ 100.477886182787685, 7.107856533111826 ], [ 100.477886182787671, 7.108182840013492 ], [ 100.478049336238598, 7.108182840013495 ], [ 100.478049336238598, 7.108345993464338 ], [ 100.47821248968917, 7.108345993464342 ], [ 100.47821248968917, 7.108509146915181 ], [ 100.478375643140097, 7.108509146915179 ], [ 100.478375643140097, 7.109161760718524 ], [ 100.478538796591025, 7.109161760718523 ], [ 100.478538796591025, 7.109488067620217 ], [ 100.478701950041952, 7.109488067620204 ], [ 100.478701950041952, 7.110303834874399 ], [ 100.47853879659101, 7.110303834874406 ], [ 100.47853879659101, 7.110466988325248 ], [ 100.478375643140112, 7.11046698832523 ], [ 100.478375643140097, 7.110793295226912 ], [ 100.47821248968917, 7.110793295226922 ], [ 100.47821248968917, 7.111119602128593 ], [ 100.478049336238598, 7.111119602128585 ], [ 100.478049336238612, 7.111282755579425 ], [ 100.477723029336744, 7.111282755579429 ], [ 100.47772302933673, 7.111445909030271 ], [ 100.477559875885802, 7.111445909030278 ], [ 100.477559875885802, 7.111282755579427 ], [ 100.477233568984317, 7.111282755579425 ], [ 100.477233568984317, 7.111119602128588 ], [ 100.47707041553339, 7.111119602128586 ], [ 100.477070415533376, 7.110956448677755 ], [ 100.476580955180964, 7.110956448677757 ], [ 100.47658095518095, 7.110793295226909 ], [ 100.476254648279109, 7.110793295226915 ], [ 100.476254648279109, 7.110630141776076 ], [ 100.476091494828538, 7.110630141776078 ], [ 100.476091494828538, 7.110140681423571 ], [ 100.475928341377625, 7.110140681423554 ], [ 100.475928341377596, 7.109977527972716 ], [ 100.475765187926669, 7.109977527972721 ], [ 100.475765187926683, 7.109814374521878 ], [ 100.475275727574257, 7.109814374521888 ], [ 100.475275727574257, 7.109651221071037 ], [ 100.474949420672402, 7.109651221071043 ], [ 100.474949420672388, 7.109324914169378 ], [ 100.474786267221845, 7.109324914169364 ], [ 100.47478626722183, 7.108672300366011 ], [ 100.474949420672402, 7.10867230036602 ], [ 100.474949420672402, 7.108509146915188 ], [ 100.474623113770903, 7.108509146915178 ], [ 100.474623113770903, 7.108835453816858 ], [ 100.47445996031999, 7.108835453816854 ], [ 100.474459960319976, 7.109161760718541 ], [ 100.474296806869049, 7.10916176071854 ], [ 100.474296806869035, 7.10932491416938 ], [ 100.473807346516622, 7.109324914169379 ], [ 100.473807346516622, 7.109488067620203 ], [ 100.473644193065695, 7.109488067620209 ], [ 100.473644193065695, 7.109651221071047 ], [ 100.473481039615109, 7.109651221071053 ], [ 100.473481039615109, 7.110140681423567 ], [ 100.473317886164182, 7.11014068142357 ], [ 100.473317886164196, 7.110303834874399 ], [ 100.472012658557475, 7.110303834874404 ], [ 100.472012658557503, 7.110630141776074 ], [ 100.472175812008416, 7.110630141776077 ], [ 100.472175812008416, 7.110793295226917 ], [ 100.472338965458988, 7.110793295226926 ], [ 100.472338965458988, 7.110956448677751 ], [ 100.472502118909901, 7.110956448677761 ], [ 100.472502118909915, 7.111119602128591 ], [ 100.472665272360842, 7.111119602128585 ], [ 100.472665272360842, 7.111445909030278 ], [ 100.472502118909915, 7.111445909030266 ], [ 100.472502118909915, 7.111772215931937 ], [ 100.472338965458988, 7.111772215931953 ], [ 100.472338965459002, 7.112098522833619 ], [ 100.472175812008416, 7.112098522833614 ], [ 100.47217581200843, 7.112424829735292 ], [ 100.472338965458974, 7.112424829735295 ], [ 100.472338965459002, 7.112751136636969 ], [ 100.472502118909915, 7.112751136636976 ], [ 100.472502118909915, 7.113077443538661 ], [ 100.472665272360842, 7.113077443538644 ], [ 100.472665272360842, 7.113355428974026 ], [ 100.472759024639331, 7.113365141155946 ], [ 100.472786466649126, 7.113385699061973 ], [ 100.472782847647153, 7.113403750440332 ], [ 100.472991579262342, 7.113403750440323 ], [ 100.472991579262356, 7.113566903891179 ], [ 100.473481039615123, 7.113566903891173 ], [ 100.473481039615123, 7.113403750440325 ], [ 100.473807346516637, 7.113403750440342 ], [ 100.473807346516637, 7.113240596989487 ], [ 100.473970499967564, 7.113240596989493 ], [ 100.47397049996755, 7.113077443538655 ], [ 100.474459960319976, 7.113077443538655 ], [ 100.474459960319976, 7.113240596989483 ], [ 100.47478626722183, 7.113240596989487 ], [ 100.47478626722183, 7.113403750440335 ], [ 100.475765187926697, 7.113403750440339 ], [ 100.475765187926683, 7.113240596989483 ], [ 100.476907262082477, 7.113240596989491 ], [ 100.476907262082477, 7.113403750440322 ], [ 100.477233568984303, 7.113403750440339 ], [ 100.477233568984317, 7.11356690389117 ], [ 100.477396722435245, 7.113566903891159 ], [ 100.477396722435259, 7.113730057342016 ], [ 100.477559875885817, 7.113730057342009 ], [ 100.477559875885817, 7.113893210792852 ], [ 100.477723029336744, 7.11389321079284 ], [ 100.477723029336758, 7.115198438399548 ], [ 100.477559875885817, 7.115198438399543 ], [ 100.477559875885817, 7.115361591850387 ], [ 100.477396722435245, 7.115361591850391 ], [ 100.477396722435245, 7.115524745301239 ], [ 100.47707041553339, 7.115524745301232 ], [ 100.477070415533376, 7.115687898752069 ], [ 100.476417801730037, 7.11568789875206 ], [ 100.476417801730037, 7.115524745301228 ], [ 100.476254648279109, 7.115524745301235 ], [ 100.476254648279095, 7.115361591850396 ], [ 100.47592834137761, 7.115361591850397 ], [ 100.475928341377625, 7.115198438399555 ], [ 100.475765187926683, 7.115198438399554 ], [ 100.475765187926697, 7.115035284948712 ], [ 100.475602034475756, 7.115035284948714 ], [ 100.475602034475742, 7.115198438399553 ], [ 100.47543888102517, 7.11519843839955 ], [ 100.47543888102517, 7.115361591850396 ], [ 100.475275727574271, 7.115361591850384 ], [ 100.475275727574257, 7.115524745301236 ], [ 100.47511257412333, 7.115524745301234 ], [ 100.475112574123315, 7.11568789875207 ], [ 100.474949420672417, 7.115687898752075 ], [ 100.474949420672417, 7.115524745301228 ], [ 100.474786267221845, 7.115524745301236 ], [ 100.47478626722183, 7.115198438399546 ], [ 100.474623113770889, 7.115198438399556 ], [ 100.474623113770917, 7.115035284948714 ], [ 100.474459960319976, 7.115035284948718 ], [ 100.474459960319976, 7.114872131497882 ], [ 100.473644193065681, 7.114872131497872 ], [ 100.473644193065681, 7.11503528494872 ], [ 100.473481039615137, 7.115035284948723 ], [ 100.473481039615123, 7.115198438399543 ], [ 100.473154732713255, 7.115198438399546 ], [ 100.473154732713255, 7.115361591850391 ], [ 100.472338965458988, 7.115361591850385 ], [ 100.472338965458974, 7.11519843839956 ], [ 100.472012658557475, 7.11519843839955 ], [ 100.472012658557489, 7.115035284948722 ], [ 100.471849505106562, 7.115035284948712 ], [ 100.471849505106562, 7.114708978047046 ], [ 100.471523198205062, 7.114708978047029 ], [ 100.471523198205062, 7.115361591850381 ], [ 100.471360044754135, 7.115361591850395 ], [ 100.471360044754121, 7.115687898752063 ], [ 100.471196891303208, 7.115687898752076 ], [ 100.471196891303222, 7.115851052202909 ], [ 100.471360044754121, 7.115851052202916 ], [ 100.471360044754121, 7.116177359104579 ], [ 100.471523198205077, 7.116177359104578 ], [ 100.471523198205062, 7.116340512555427 ], [ 100.47168635165599, 7.116340512555414 ], [ 100.47168635165599, 7.118624660867166 ], [ 100.472012658557489, 7.118624660867162 ], [ 100.472012658557489, 7.118787814317988 ], [ 100.472175812008416, 7.118787814317988 ], [ 100.472175812008416, 7.118950967768741 ], [ 100.472338965458988, 7.118950967768744 ], [ 100.472338965458988, 7.119277274670432 ], [ 100.472502118909901, 7.119277274670426 ], [ 100.472502118909915, 7.119440428121261 ], [ 100.472665272360857, 7.11944042812127 ], [ 100.472665272360842, 7.119277274670425 ], [ 100.47282842581177, 7.119277274670433 ], [ 100.47282842581177, 7.118950967768746 ], [ 100.472991579262356, 7.118950967768748 ], [ 100.472991579262356, 7.118624660867155 ], [ 100.473154732713269, 7.118624660867152 ], [ 100.473154732713269, 7.11846150741633 ], [ 100.47397049996755, 7.118461507416327 ], [ 100.47397049996755, 7.118624660867162 ], [ 100.47478626722183, 7.118624660867165 ], [ 100.47478626722183, 7.118787814317989 ], [ 100.47511257412333, 7.118787814317999 ], [ 100.47511257412333, 7.118950967768757 ], [ 100.474949420672388, 7.118950967768756 ], [ 100.474949420672417, 7.119603581572091 ], [ 100.475112574123344, 7.119603581572092 ], [ 100.47511257412333, 7.119766735022934 ], [ 100.475275727574257, 7.11976673502293 ], [ 100.475275727574257, 7.120419348826298 ], [ 100.475112574123344, 7.120419348826287 ], [ 100.47511257412333, 7.120745655727966 ], [ 100.474949420672402, 7.12074565572797 ], [ 100.474949420672417, 7.12107196262964 ], [ 100.47478626722183, 7.121071962629654 ], [ 100.47478626722183, 7.121235116080488 ], [ 100.474623113770903, 7.121235116080481 ], [ 100.474623113770903, 7.121398269531334 ], [ 100.474459960319976, 7.121398269531325 ], [ 100.474459960319976, 7.121724576432993 ], [ 100.474623113770889, 7.121724576432992 ], [ 100.474623113770903, 7.121887729883841 ], [ 100.474949420672417, 7.121887729883842 ], [ 100.474949420672402, 7.12172457643299 ], [ 100.475275727574271, 7.121724576432998 ], [ 100.475275727574271, 7.12188772988383 ], [ 100.475438881025184, 7.121887729883833 ], [ 100.47543888102517, 7.122050883334686 ], [ 100.475765187926683, 7.122050883334683 ], [ 100.475765187926683, 7.122866650588858 ], [ 100.47560203447577, 7.12286665058887 ], [ 100.475602034475756, 7.123029804039707 ], [ 100.475275727574257, 7.123029804039708 ], [ 100.475275727574257, 7.122866650588869 ], [ 100.47511257412333, 7.122866650588876 ], [ 100.47511257412333, 7.12270349713804 ], [ 100.474949420672388, 7.122703497138034 ], [ 100.474949420672402, 7.1225403436872 ], [ 100.47478626722183, 7.122540343687187 ], [ 100.47478626722183, 7.122377190236355 ], [ 100.474459960319976, 7.122377190236362 ], [ 100.474459960319976, 7.12270349713804 ], [ 100.474296806869035, 7.122703497138033 ], [ 100.474296806869049, 7.122866650588866 ], [ 100.473970499967564, 7.122866650588876 ], [ 100.473970499967535, 7.122703497138021 ], [ 100.473807346516622, 7.122703497138033 ], [ 100.473807346516608, 7.12237719023636 ], [ 100.473644193065695, 7.122377190236355 ], [ 100.473644193065681, 7.122214036785516 ], [ 100.473481039615123, 7.122214036785516 ], [ 100.473481039615123, 7.12139826953132 ], [ 100.473644193065681, 7.121398269531329 ], [ 100.473644193065695, 7.120745655727965 ], [ 100.473481039615123, 7.120745655727962 ], [ 100.473481039615123, 7.120582502277131 ], [ 100.473154732713283, 7.120582502277124 ], [ 100.473154732713255, 7.120745655727968 ], [ 100.47282842581177, 7.120745655727974 ], [ 100.472828425811784, 7.120908809178799 ], [ 100.472665272360857, 7.120908809178806 ], [ 100.472665272360842, 7.121071962629653 ], [ 100.472502118909915, 7.121071962629645 ], [ 100.472502118909915, 7.121235116080475 ], [ 100.472665272360857, 7.121235116080494 ], [ 100.472665272360842, 7.121398269531327 ], [ 100.472991579262356, 7.121398269531314 ], [ 100.472991579262356, 7.121561422982155 ], [ 100.473154732713255, 7.121561422982158 ], [ 100.473154732713269, 7.122377190236355 ], [ 100.47331788616421, 7.122377190236351 ], [ 100.47331788616421, 7.122540343687197 ], [ 100.473481039615109, 7.1225403436872 ], [ 100.473481039615123, 7.12270349713804 ], [ 100.473644193065695, 7.122703497138028 ], [ 100.473644193065695, 7.122866650588863 ], [ 100.473807346516608, 7.122866650588872 ], [ 100.473807346516622, 7.123192957490538 ], [ 100.473644193065695, 7.123192957490547 ], [ 100.473644193065695, 7.123356110941377 ], [ 100.473807346516637, 7.12335611094139 ], [ 100.473807346516622, 7.123519264392214 ], [ 100.47397049996755, 7.123519264392219 ], [ 100.47397049996755, 7.123682417843054 ], [ 100.474133653418491, 7.123682417843051 ], [ 100.474133653418463, 7.123519264392216 ], [ 100.474296806869049, 7.123519264392231 ], [ 100.474296806869035, 7.123682417843062 ], [ 100.474623113770889, 7.123682417843056 ], [ 100.474623113770889, 7.123845571293891 ], [ 100.475765187926683, 7.123845571293904 ], [ 100.475765187926683, 7.124008724744738 ], [ 100.476091494828538, 7.12400872474474 ], [ 100.476091494828538, 7.124171878195573 ], [ 100.476417801730037, 7.124171878195576 ], [ 100.476417801730037, 7.124335031646423 ], [ 100.476580955180964, 7.124335031646414 ], [ 100.476580955180964, 7.124987645449765 ], [ 100.476417801730022, 7.124987645449774 ], [ 100.476417801730022, 7.125150798900605 ], [ 100.476091494828538, 7.125150798900606 ], [ 100.476091494828538, 7.125313952351445 ], [ 100.47592834137761, 7.125313952351453 ], [ 100.47592834137761, 7.125477105802278 ], [ 100.475765187926683, 7.125477105802281 ], [ 100.475765187926697, 7.125803412703961 ], [ 100.475602034475756, 7.12580341270397 ], [ 100.475602034475756, 7.1259665661548 ], [ 100.476417801730037, 7.125966566154806 ], [ 100.476417801730037, 7.126129719605646 ], [ 100.476580955180964, 7.126129719605632 ], [ 100.476580955180964, 7.126619179958162 ], [ 100.476417801730037, 7.126619179958157 ], [ 100.476417801730051, 7.126782333408984 ], [ 100.475928341377596, 7.126782333408996 ], [ 100.47592834137761, 7.126945486859828 ], [ 100.475602034475756, 7.126945486859835 ], [ 100.47560203447577, 7.127108640310669 ], [ 100.475275727574257, 7.127108640310662 ], [ 100.475275727574257, 7.127434947212352 ], [ 100.47511257412333, 7.127434947212347 ], [ 100.475112574123315, 7.12759810066319 ], [ 100.475275727574257, 7.127598100663184 ], [ 100.475275727574271, 7.127761254114031 ], [ 100.47592834137761, 7.127761254114026 ], [ 100.47592834137761, 7.127598100663176 ], [ 100.476091494828538, 7.127598100663175 ], [ 100.476091494828538, 7.127271793761501 ], [ 100.476254648279109, 7.127271793761499 ], [ 100.476254648279124, 7.127108640310657 ], [ 100.476417801730037, 7.127108640310676 ], [ 100.476417801730022, 7.126945486859824 ], [ 100.476580955180978, 7.126945486859827 ], [ 100.476580955180964, 7.127108640310658 ], [ 100.476744108631877, 7.127108640310666 ], [ 100.476744108631891, 7.127271793761506 ], [ 100.47707041553339, 7.127271793761509 ], [ 100.47707041553339, 7.127434947212334 ], [ 100.477396722435245, 7.127434947212336 ], [ 100.477396722435245, 7.127271793761502 ], [ 100.477559875885831, 7.127271793761506 ], [ 100.477559875885817, 7.126945486859833 ], [ 100.477723029336744, 7.126945486859836 ], [ 100.477723029336744, 7.126782333408996 ], [ 100.478701950041952, 7.126782333408985 ], [ 100.478701950041938, 7.126945486859821 ], [ 100.479517717295877, 7.126945486859838 ], [ 100.479517717295877, 7.127108640310661 ], [ 100.479680870746805, 7.127108640310667 ], [ 100.479680870746805, 7.127598100663177 ], [ 100.479517717295863, 7.127598100663184 ], [ 100.479517717295877, 7.127761254114016 ], [ 100.479844024197746, 7.12776125411403 ], [ 100.479844024197746, 7.127108640310658 ], [ 100.480007177648645, 7.127108640310674 ], [ 100.480007177648659, 7.125150798900597 ], [ 100.479844024197732, 7.125150798900612 ], [ 100.479844024197732, 7.124987645449766 ], [ 100.479680870746805, 7.124987645449774 ], [ 100.479680870746805, 7.124824491998934 ], [ 100.479517717295877, 7.124824491998938 ], [ 100.479517717295877, 7.124661338548085 ], [ 100.479354563845305, 7.124661338548087 ], [ 100.479354563845305, 7.124008724744727 ], [ 100.479680870746819, 7.124008724744741 ], [ 100.479680870746805, 7.123845571293897 ], [ 100.480007177648645, 7.1238455712939 ], [ 100.480007177648659, 7.123682417843063 ], [ 100.480333484550158, 7.123682417843066 ], [ 100.480333484550172, 7.123519264392219 ], [ 100.480659791452013, 7.123519264392231 ], [ 100.480659791452013, 7.123682417843053 ], [ 100.480822944902584, 7.123682417843063 ], [ 100.480822944902584, 7.123519264392216 ], [ 100.481312405255352, 7.123519264392224 ], [ 100.481312405255366, 7.123029804039708 ], [ 100.481475558705924, 7.123029804039701 ], [ 100.481475558705938, 7.123192957490541 ], [ 100.481638712156879, 7.123192957490549 ], [ 100.481638712156865, 7.123356110941379 ], [ 100.481801865607807, 7.123356110941381 ], [ 100.481801865607807, 7.123682417843057 ], [ 100.48196501905872, 7.123682417843064 ], [ 100.481965019058705, 7.123845571293889 ], [ 100.482128172509292, 7.123845571293904 ], [ 100.482128172509292, 7.124171878195584 ], [ 100.482291325960205, 7.124171878195575 ], [ 100.482291325960219, 7.124335031646408 ], [ 100.482617632862073, 7.124335031646417 ], [ 100.482617632862073, 7.124171878195579 ], [ 100.482780786312645, 7.124171878195574 ], [ 100.482780786312645, 7.123845571293896 ], [ 100.482943939763572, 7.123845571293897 ], [ 100.482943939763572, 7.123519264392216 ], [ 100.4831070932145, 7.123519264392231 ], [ 100.4831070932145, 7.12335611094139 ], [ 100.483270246665427, 7.123356110941391 ], [ 100.483270246665427, 7.123192957490537 ], [ 100.483596553566926, 7.123192957490551 ], [ 100.48359655356694, 7.123029804039702 ], [ 100.483759707017867, 7.123029804039697 ], [ 100.483759707017867, 7.122866650588858 ], [ 100.48392286046878, 7.122866650588868 ], [ 100.483922860468795, 7.122377190236347 ], [ 100.484086013919352, 7.122377190236356 ], [ 100.484086013919338, 7.122050883334674 ], [ 100.48473862772272, 7.122050883334683 ], [ 100.484738627722706, 7.122214036785524 ], [ 100.485228088075488, 7.122214036785508 ], [ 100.485228088075488, 7.122050883334672 ], [ 100.48620700878034, 7.12205088333468 ], [ 100.48620700878034, 7.121887729883838 ], [ 100.486370162231267, 7.121887729883832 ], [ 100.486370162231267, 7.122050883334675 ], [ 100.48685962258368, 7.122050883334685 ], [ 100.486859622583694, 7.12221403678552 ], [ 100.48800169673946, 7.12221403678552 ], [ 100.488001696739488, 7.122377190236358 ], [ 100.488980617444682, 7.122377190236342 ], [ 100.488980617444682, 7.122540343687183 ], [ 100.489143770895609, 7.122540343687191 ], [ 100.489143770895623, 7.122703497138024 ], [ 100.489470077797108, 7.122703497138035 ], [ 100.489470077797108, 7.122540343687186 ], [ 100.489959538149535, 7.122540343687199 ], [ 100.489959538149535, 7.122703497138034 ], [ 100.490122691600448, 7.122703497138029 ], [ 100.490122691600448, 7.122866650588868 ], [ 100.489959538149535, 7.122866650588861 ], [ 100.489959538149535, 7.123192957490541 ], [ 100.488980617444682, 7.123192957490539 ], [ 100.488980617444682, 7.123356110941385 ], [ 100.488817463993769, 7.12335611094139 ], [ 100.488817463993755, 7.123519264392231 ], [ 100.488491157092255, 7.123519264392228 ], [ 100.488491157092241, 7.123682417843055 ], [ 100.488328003641328, 7.123682417843067 ], [ 100.488328003641328, 7.123519264392225 ], [ 100.487838543288902, 7.123519264392223 ], [ 100.487838543288916, 7.12368241784306 ], [ 100.487512236387047, 7.123682417843055 ], [ 100.487512236387062, 7.123845571293904 ], [ 100.48685962258368, 7.123845571293895 ], [ 100.486859622583708, 7.124008724744737 ], [ 100.486533315682181, 7.12400872474474 ], [ 100.486533315682181, 7.123845571293894 ], [ 100.48620700878034, 7.12384557129389 ], [ 100.48620700878034, 7.12368241784306 ], [ 100.486043855329413, 7.123682417843056 ], [ 100.486043855329427, 7.123845571293901 ], [ 100.485880701878855, 7.123845571293901 ], [ 100.485880701878841, 7.124008724744737 ], [ 100.485554394976987, 7.124008724744733 ], [ 100.485554394977001, 7.124171878195567 ], [ 100.485391241526074, 7.124171878195577 ], [ 100.485391241526074, 7.124824491998933 ], [ 100.485554394976987, 7.124824491998935 ], [ 100.485554394976987, 7.125150798900608 ], [ 100.485717548427914, 7.125150798900608 ], [ 100.485717548427914, 7.125313952351441 ], [ 100.485880701878855, 7.125313952351444 ], [ 100.485880701878841, 7.125640259253122 ], [ 100.486043855329413, 7.125640259253114 ], [ 100.486043855329427, 7.125803412703957 ], [ 100.486207008780326, 7.125803412703966 ], [ 100.48620700878034, 7.126129719605638 ], [ 100.486370162231267, 7.126129719605645 ], [ 100.486370162231267, 7.126292873056471 ], [ 100.486533315682195, 7.126292873056472 ], [ 100.486533315682209, 7.126456026507312 ], [ 100.486696469132767, 7.126456026507303 ], [ 100.486696469132767, 7.126619179958156 ], [ 100.486859622583694, 7.126619179958153 ], [ 100.486859622583694, 7.127108640310666 ], [ 100.487022776034607, 7.127108640310661 ], [ 100.487022776034621, 7.127271793761501 ], [ 100.487675389837989, 7.12727179376151 ], [ 100.487675389837975, 7.127434947212341 ], [ 100.48800169673946, 7.127434947212346 ], [ 100.488001696739474, 7.127598100663189 ], [ 100.488328003641328, 7.127598100663172 ], [ 100.488328003641328, 7.127761254114023 ], [ 100.488491157092255, 7.127761254114027 ], [ 100.488491157092241, 7.128413867917384 ], [ 100.488654310542827, 7.128413867917367 ], [ 100.488654310542827, 7.128250714466533 ], [ 100.488817463993755, 7.128250714466544 ], [ 100.488817463993755, 7.127924407564853 ], [ 100.489143770895609, 7.12792440756485 ], [ 100.489143770895595, 7.128087561015704 ], [ 100.489306924346195, 7.128087561015697 ], [ 100.489306924346181, 7.128740174819054 ], [ 100.489143770895609, 7.128740174819042 ], [ 100.489143770895623, 7.128903328269899 ], [ 100.489306924346167, 7.12890332826989 ], [ 100.489306924346181, 7.12922963517156 ], [ 100.489796384698963, 7.129229635171565 ], [ 100.489796384698963, 7.129066481720732 ], [ 100.489959538149535, 7.129066481720733 ], [ 100.489959538149535, 7.128903328269881 ], [ 100.490122691600448, 7.128903328269894 ], [ 100.490122691600462, 7.12874017481906 ], [ 100.489959538149535, 7.128740174819058 ], [ 100.489959538149535, 7.128577021368211 ], [ 100.490122691600462, 7.12857702136822 ], [ 100.490122691600476, 7.128413867917372 ], [ 100.489959538149535, 7.128413867917377 ], [ 100.489959538149535, 7.12792440756485 ], [ 100.489796384698977, 7.127924407564868 ], [ 100.489796384698963, 7.127761254114019 ], [ 100.489633231248035, 7.12776125411401 ], [ 100.489633231248035, 7.127598100663171 ], [ 100.489470077797122, 7.127598100663175 ], [ 100.489470077797122, 7.127434947212344 ], [ 100.489633231248035, 7.127434947212342 ], [ 100.489633231248035, 7.127271793761508 ], [ 100.489796384698948, 7.12727179376151 ], [ 100.489796384698948, 7.127108640310674 ], [ 100.490448998502316, 7.127108640310672 ], [ 100.490448998502316, 7.12694548685982 ], [ 100.491591072658096, 7.126945486859833 ], [ 100.491591072658096, 7.12710864031066 ], [ 100.492243686461435, 7.127108640310658 ], [ 100.492243686461464, 7.12694548685982 ], [ 100.492406839912022, 7.126945486859836 ], [ 100.492406839912022, 7.126782333408995 ], [ 100.492569993362935, 7.126782333408983 ], [ 100.492569993362949, 7.126619179958141 ], [ 100.492733146813876, 7.126619179958141 ], [ 100.492733146813876, 7.126456026507303 ], [ 100.492896300264803, 7.126456026507318 ], [ 100.492896300264789, 7.126619179958147 ], [ 100.493095997815459, 7.126619179958152 ], [ 100.492891916489512, 7.126380731860534 ], [ 100.492536176284219, 7.12593949727761 ], [ 100.492493116692316, 7.125848108367848 ], [ 100.492450058925186, 7.125756717635707 ], [ 100.492412956835793, 7.125616496691609 ], [ 100.492258600173145, 7.125110545176702 ], [ 100.491986520847561, 7.124092415963133 ], [ 100.491949404732068, 7.123949142070302 ], [ 100.491936968710334, 7.123882061992902 ], [ 100.491938998115614, 7.12384557129389 ], [ 100.491754226109023, 7.123845571293901 ], [ 100.491754226109038, 7.124008724744731 ], [ 100.491591072658096, 7.124008724744744 ], [ 100.491591072658096, 7.124171878195569 ], [ 100.491101612305656, 7.124171878195567 ], [ 100.49110161230567, 7.12400872474473 ], [ 100.490938458854743, 7.124008724744733 ], [ 100.490938458854728, 7.123519264392218 ], [ 100.49110161230567, 7.12351926439222 ], [ 100.49110161230567, 7.123356110941378 ], [ 100.491427919207169, 7.123356110941391 ], [ 100.491427919207155, 7.123192957490538 ], [ 100.491591072658096, 7.123192957490553 ], [ 100.491591072658096, 7.123029804039711 ], [ 100.491754226109023, 7.1230298040397 ], [ 100.491754226109038, 7.121561422982166 ], [ 100.491917379559595, 7.121561422982167 ], [ 100.491917379559595, 7.121235116080486 ], [ 100.492080533010522, 7.121235116080479 ], [ 100.492080533010522, 7.120908809178801 ], [ 100.49224368646145, 7.120908809178813 ], [ 100.492243686461464, 7.120745655727958 ], [ 100.492396622383495, 7.120745655727969 ], [ 100.492155517796562, 7.120479552862974 ], [ 100.492125124181456, 7.120344988120523 ], [ 100.49221441928043, 7.120165149698058 ], [ 100.492602574215823, 7.11975990927665 ], [ 100.492766378956603, 7.119460130006281 ], [ 100.492626163789126, 7.118950967768754 ], [ 100.492406839912022, 7.118950967768738 ], [ 100.492406839912022, 7.118624660867165 ], [ 100.492536304067684, 7.118624660867148 ], [ 100.492432919198663, 7.118249240203898 ], [ 100.492431710573285, 7.117875180882771 ], [ 100.492460460269953, 7.117501024980787 ], [ 100.49247370127506, 7.117482586711286 ], [ 100.492406839912022, 7.117482586711298 ], [ 100.492406839912022, 7.11715627980961 ], [ 100.49224368646145, 7.117156279809605 ], [ 100.49224368646145, 7.116503666006261 ], [ 100.492406839912022, 7.116503666006251 ], [ 100.492406839912007, 7.11617735910458 ], [ 100.492569993362949, 7.11617735910459 ], [ 100.492569993362949, 7.116014205653736 ], [ 100.492733146813876, 7.116014205653745 ], [ 100.49273314681389, 7.115687898752058 ], [ 100.492896300264789, 7.115687898752057 ], [ 100.492896300264803, 7.115524745301227 ], [ 100.493222607166302, 7.115524745301228 ], [ 100.493222607166317, 7.115361591850399 ], [ 100.493548914068157, 7.115361591850385 ], [ 100.493548914068157, 7.115278864189138 ], [ 100.493531125020766, 7.115073642019206 ], [ 100.49343860399064, 7.114708978047037 ], [ 100.493222607166302, 7.114708978047028 ], [ 100.493222607166302, 7.114872131497877 ], [ 100.492569993362949, 7.114872131497874 ], [ 100.492569993362949, 7.115035284948723 ], [ 100.492406839912007, 7.115035284948718 ], [ 100.492406839912022, 7.115198438399551 ], [ 100.49224368646145, 7.115198438399548 ], [ 100.49224368646145, 7.11503528494871 ], [ 100.491917379559595, 7.115035284948708 ], [ 100.491917379559609, 7.114708978047038 ], [ 100.491754226109038, 7.114708978047037 ], [ 100.491754226109023, 7.114545824596194 ], [ 100.491591072658096, 7.114545824596194 ], [ 100.491591072658096, 7.114382671145361 ], [ 100.491264765756242, 7.114382671145368 ], [ 100.491264765756242, 7.114545824596199 ], [ 100.49110161230567, 7.114545824596203 ], [ 100.491101612305656, 7.114708978047046 ], [ 100.490938458854743, 7.114708978047029 ], [ 100.490938458854728, 7.114872131497885 ], [ 100.490775305403815, 7.114872131497884 ], [ 100.49077530540383, 7.115035284948708 ], [ 100.490448998502316, 7.11503528494871 ], [ 100.490448998502316, 7.115198438399555 ], [ 100.490122691600462, 7.115198438399552 ], [ 100.490122691600462, 7.115361591850392 ], [ 100.489959538149535, 7.115361591850395 ], [ 100.489959538149549, 7.115524745301239 ], [ 100.489796384698963, 7.115524745301222 ], [ 100.489796384698963, 7.11585105220291 ], [ 100.489633231248035, 7.115851052202901 ], [ 100.489633231248035, 7.116177359104579 ], [ 100.489470077797108, 7.11617735910459 ], [ 100.489470077797108, 7.116503666006256 ], [ 100.489306924346195, 7.116503666006263 ], [ 100.489306924346181, 7.11731943326045 ], [ 100.489143770895609, 7.117319433260452 ], [ 100.489143770895609, 7.117972047063811 ], [ 100.488980617444682, 7.117972047063815 ], [ 100.488980617444682, 7.11846150741632 ], [ 100.489143770895623, 7.118461507416313 ], [ 100.489143770895609, 7.118624660867158 ], [ 100.489633231248021, 7.118624660867159 ], [ 100.489633231248035, 7.118461507416323 ], [ 100.489959538149535, 7.118461507416311 ], [ 100.489959538149535, 7.118624660867154 ], [ 100.490122691600448, 7.118624660867167 ], [ 100.490122691600462, 7.118950967768737 ], [ 100.490285845051389, 7.118950967768741 ], [ 100.490285845051389, 7.119114121219588 ], [ 100.490938458854743, 7.119114121219584 ], [ 100.490938458854743, 7.119277274670416 ], [ 100.49110161230567, 7.119277274670423 ], [ 100.49110161230567, 7.120093041924619 ], [ 100.490938458854743, 7.12009304192461 ], [ 100.490938458854757, 7.120419348826299 ], [ 100.49077530540383, 7.120419348826297 ], [ 100.490775305403815, 7.120582502277139 ], [ 100.490612151952874, 7.120582502277125 ], [ 100.490612151952888, 7.120745655727972 ], [ 100.49044899850233, 7.120745655727963 ], [ 100.490448998502316, 7.120908809178817 ], [ 100.490285845051403, 7.120908809178813 ], [ 100.490285845051389, 7.12107196262965 ], [ 100.490122691600476, 7.121071962629649 ], [ 100.490122691600462, 7.121398269531325 ], [ 100.489796384698963, 7.121398269531318 ], [ 100.489796384698963, 7.121561422982161 ], [ 100.489633231248035, 7.121561422982166 ], [ 100.489633231248021, 7.12172457643299 ], [ 100.489470077797122, 7.121724576433006 ], [ 100.489470077797108, 7.121561422982158 ], [ 100.489306924346167, 7.121561422982156 ], [ 100.489306924346181, 7.12139826953132 ], [ 100.489143770895609, 7.121398269531322 ], [ 100.489143770895609, 7.121071962629649 ], [ 100.489306924346195, 7.12107196262965 ], [ 100.489306924346181, 7.120908809178817 ], [ 100.489633231248035, 7.120908809178814 ], [ 100.489633231248035, 7.120419348826299 ], [ 100.489470077797094, 7.120419348826299 ], [ 100.489470077797122, 7.120256195375446 ], [ 100.489306924346181, 7.120256195375462 ], [ 100.489306924346167, 7.120093041924618 ], [ 100.489143770895609, 7.120093041924609 ], [ 100.489143770895609, 7.119929888473777 ], [ 100.488980617444682, 7.119929888473786 ], [ 100.488980617444682, 7.119766735022929 ], [ 100.488817463993755, 7.119766735022939 ], [ 100.488817463993769, 7.119603581572097 ], [ 100.488654310542842, 7.119603581572091 ], [ 100.488654310542827, 7.119440428121266 ], [ 100.488328003641328, 7.119440428121266 ], [ 100.488328003641328, 7.119114121219593 ], [ 100.488164850190401, 7.119114121219592 ], [ 100.488164850190401, 7.118787814317988 ], [ 100.48800169673946, 7.118787814317988 ], [ 100.488001696739474, 7.118461507416316 ], [ 100.488164850190401, 7.118461507416321 ], [ 100.488164850190401, 7.118135200514651 ], [ 100.488328003641314, 7.118135200514636 ], [ 100.488328003641328, 7.11780889361297 ], [ 100.488491157092255, 7.11780889361296 ], [ 100.488491157092241, 7.117156279809623 ], [ 100.488654310542827, 7.117156279809617 ], [ 100.488654310542827, 7.116666819457104 ], [ 100.488817463993769, 7.116666819457093 ], [ 100.488817463993755, 7.115361591850381 ], [ 100.488654310542827, 7.115361591850389 ], [ 100.488654310542827, 7.115035284948721 ], [ 100.488491157092255, 7.115035284948709 ], [ 100.488491157092241, 7.114708978047046 ], [ 100.488164850190415, 7.11470897804704 ], [ 100.488164850190401, 7.114545824596202 ], [ 100.487675389837975, 7.114545824596202 ], [ 100.487675389837975, 7.114382671145362 ], [ 100.487185929485548, 7.114382671145361 ], [ 100.487185929485534, 7.11421951769453 ], [ 100.486533315682195, 7.114219517694531 ], [ 100.486533315682181, 7.114056364243685 ], [ 100.485554394976973, 7.114056364243686 ], [ 100.485554394976973, 7.11389321079285 ], [ 100.485228088075488, 7.113893210792845 ], [ 100.485228088075488, 7.11356690389117 ], [ 100.485064934624575, 7.113566903891179 ], [ 100.485064934624575, 7.113403750440333 ], [ 100.484901781173619, 7.113403750440323 ], [ 100.484901781173633, 7.113240596989485 ], [ 100.484738627722706, 7.1132405969895 ], [ 100.48473862772272, 7.113403750440327 ], [ 100.484575474272148, 7.11340375044032 ], [ 100.48457547427212, 7.11373005734201 ], [ 100.484412320821207, 7.113730057342006 ], [ 100.484412320821207, 7.114056364243686 ], [ 100.48424916737028, 7.114056364243677 ], [ 100.484249167370265, 7.114219517694531 ], [ 100.484086013919352, 7.114219517694532 ], [ 100.484086013919352, 7.114545824596188 ], [ 100.48392286046878, 7.114545824596196 ], [ 100.483922860468795, 7.114872131497872 ], [ 100.483759707017839, 7.114872131497881 ], [ 100.483759707017853, 7.11503528494871 ], [ 100.483596553566926, 7.115035284948719 ], [ 100.483596553566926, 7.115198438399561 ], [ 100.483433400115999, 7.115198438399545 ], [ 100.483433400115999, 7.115361591850397 ], [ 100.483270246665413, 7.115361591850395 ], [ 100.483270246665427, 7.115687898752074 ], [ 100.483107093214514, 7.115687898752076 ], [ 100.4831070932145, 7.116014205653741 ], [ 100.482943939763587, 7.116014205653743 ], [ 100.482943939763572, 7.116503666006264 ], [ 100.4831070932145, 7.116503666006261 ], [ 100.483107093214485, 7.116829972907945 ], [ 100.483433400115999, 7.116829972907945 ], [ 100.483433400115985, 7.116993126358778 ], [ 100.483596553566926, 7.116993126358769 ], [ 100.483596553566926, 7.117156279809619 ], [ 100.483759707017853, 7.117156279809613 ], [ 100.483759707017839, 7.117645740162135 ], [ 100.483433400115999, 7.11764574016213 ], [ 100.483433400115999, 7.117808893612972 ], [ 100.483270246665427, 7.117808893612963 ], [ 100.483270246665441, 7.117645740162125 ], [ 100.482943939763572, 7.117645740162131 ], [ 100.482943939763572, 7.117482586711279 ], [ 100.482780786312645, 7.117482586711279 ], [ 100.482780786312645, 7.117156279809616 ], [ 100.482617632862087, 7.117156279809612 ], [ 100.482617632862073, 7.116829972907944 ], [ 100.482454479411132, 7.116829972907946 ], [ 100.482454479411146, 7.116503666006254 ], [ 100.482291325960219, 7.116503666006267 ], [ 100.482291325960219, 7.116177359104574 ], [ 100.482128172509306, 7.116177359104581 ], [ 100.482128172509292, 7.115687898752068 ], [ 100.48196501905872, 7.115687898752068 ], [ 100.481965019058705, 7.115524745301231 ], [ 100.482128172509292, 7.115524745301236 ], [ 100.482128172509292, 7.114545824596194 ], [ 100.482291325960233, 7.114545824596194 ], [ 100.482291325960219, 7.114219517694518 ], [ 100.48245447941116, 7.114219517694517 ], [ 100.482454479411146, 7.11356690389117 ], [ 100.482291325960219, 7.113566903891179 ], [ 100.482291325960233, 7.113240596989495 ], [ 100.482128172509292, 7.113240596989502 ], [ 100.482128172509292, 7.113403750440333 ], [ 100.48196501905872, 7.113403750440336 ], [ 100.481965019058734, 7.113893210792853 ], [ 100.481801865607778, 7.113893210792843 ], [ 100.481801865607778, 7.114056364243681 ], [ 100.481638712156865, 7.114056364243681 ], [ 100.481638712156865, 7.114219517694518 ], [ 100.481312405255352, 7.11421951769452 ], [ 100.481312405255366, 7.114056364243683 ], [ 100.481149251804453, 7.114056364243684 ], [ 100.481149251804453, 7.11340375044032 ], [ 100.48131240525538, 7.113403750440335 ], [ 100.481312405255352, 7.113077443538657 ], [ 100.481475558705938, 7.113077443538644 ], [ 100.481475558705938, 7.112914290087808 ], [ 100.481801865607778, 7.112914290087812 ], [ 100.481801865607792, 7.112424829735299 ], [ 100.48196501905872, 7.112424829735309 ], [ 100.481965019058734, 7.112261676284459 ], [ 100.482454479411146, 7.112261676284467 ], [ 100.482454479411146, 7.112098522833631 ], [ 100.482617632862059, 7.112098522833619 ], [ 100.482617632862073, 7.111935369382787 ], [ 100.482780786312645, 7.111935369382789 ], [ 100.482780786312659, 7.110956448677754 ], [ 100.482617632862059, 7.110956448677747 ], [ 100.482617632862073, 7.110140681423553 ], [ 100.482454479411146, 7.110140681423569 ], [ 100.482454479411146, 7.109221872073986 ], [ 100.481992640988011, 7.109141869739006 ], [ 100.481674395398812, 7.109111624933579 ], [ 100.481570461575146, 7.109027235202382 ], [ 100.481522950274311, 7.108905010612286 ], [ 100.481540833170527, 7.10860371963391 ], [ 100.481634287463365, 7.108358668487506 ], [ 100.481728254320061, 7.108273646087549 ], [ 100.481784797518984, 7.108273465348744 ], [ 100.481813219722966, 7.108320442328994 ], [ 100.48181343082662, 7.10838633645711 ], [ 100.481663825419801, 7.108753943463363 ], [ 100.481664126986232, 7.10884807817113 ], [ 100.48172103215586, 7.108960858998478 ], [ 100.481777695712182, 7.108998331979275 ], [ 100.481992236214552, 7.109015551772429 ], [ 100.482617632862059, 7.109125552854446 ], [ 100.482617632862073, 7.108998607267685 ], [ 100.483759707017853, 7.1089986072677 ], [ 100.483759707017853, 7.109161760718539 ], [ 100.484086013919352, 7.109161760718537 ], [ 100.484086013919338, 7.10932491416937 ], [ 100.484575474272134, 7.109324914169362 ], [ 100.484575474272134, 7.10916176071854 ], [ 100.484738627722692, 7.109161760718534 ], [ 100.48473862772272, 7.108998607267694 ], [ 100.484858727891449, 7.108998607267691 ], [ 100.484901781173619, 7.108791265794288 ], [ 100.484901781173619, 7.108672300366022 ], [ 100.484926483670748, 7.108672300366014 ], [ 100.48506493462456, 7.108005530650312 ], [ 100.48506493462456, 7.107693379660985 ], [ 100.485129751009012, 7.10769337966099 ], [ 100.485336593632738, 7.106697240639229 ], [ 100.48540520614894, 7.106639198619154 ], [ 100.485472217324215, 7.106609594266497 ], [ 100.485517313849485, 7.106610689872669 ], [ 100.485554394976987, 7.106613653497749 ], [ 100.485554394976987, 7.106551305505113 ], [ 100.48734908293612, 7.106551305505119 ], [ 100.48734908293612, 7.106714458955962 ], [ 100.487512236387047, 7.106714458955948 ], [ 100.487512236387033, 7.106849778306962 ], [ 100.487688447099202, 7.106877612406803 ], [ 100.487838543288902, 7.106877612406803 ], [ 100.487838543288902, 7.106901321478038 ], [ 100.488381429529056, 7.106987075344084 ], [ 100.488427248724946, 7.106996455591956 ], [ 100.488490662100119, 7.107040251284281 ], [ 100.488490956005819, 7.107040765857636 ], [ 100.488654310542827, 7.107040765857635 ], [ 100.488654310542813, 7.107203919308479 ], [ 100.488980617444696, 7.107203919308464 ], [ 100.488980617444696, 7.107367072759304 ], [ 100.489306924346181, 7.107367072759308 ], [ 100.489306924346181, 7.10753022621014 ], [ 100.489796384698963, 7.107530226210154 ], [ 100.489796384698963, 7.107693379660987 ], [ 100.490122691600476, 7.107693379660981 ], [ 100.490122691600476, 7.107856533111833 ], [ 100.490448998502316, 7.107856533111828 ], [ 100.490448998502316, 7.108019686562674 ], [ 100.490612151952902, 7.10801968656267 ], [ 100.490612151952874, 7.108509146915184 ], [ 100.490775305403815, 7.10850914691517 ], [ 100.490775305403815, 7.108835453816849 ], [ 100.490938458854743, 7.108835453816854 ], [ 100.490938458854743, 7.108882400751469 ], [ 100.495605616084688, 7.109261470168835 ], [ 100.498039289973931, 7.109488067620216 ], [ 100.498117210691632, 7.109488067620203 ], [ 100.498117210691632, 7.109161760718524 ], [ 100.49828036414219, 7.109161760718537 ], [ 100.49828036414219, 7.108998607267696 ], [ 100.498606671044044, 7.108998607267699 ], [ 100.498606671044044, 7.10916176071853 ], [ 100.498769824495, 7.109161760718532 ], [ 100.498769824494985, 7.109527579345656 ], [ 100.500010655445152, 7.109586991102599 ], [ 100.500715986504218, 7.108714413957212 ], [ 100.500860095208296, 7.108528360570643 ], [ 100.500881824677279, 7.108498265888158 ], [ 100.501492307618989, 7.10753022621015 ], [ 100.501380279708414, 7.107530226210139 ], [ 100.5013802797084, 7.107403950193129 ], [ 100.499805677654322, 7.106129082656166 ], [ 100.499748745199838, 7.106080772491492 ], [ 100.499748745199838, 7.106224998603441 ], [ 100.499259284847412, 7.106224998603452 ], [ 100.499259284847412, 7.106061845152603 ], [ 100.499096131396485, 7.106061845152605 ], [ 100.499096131396485, 7.105898691701774 ], [ 100.499259284847426, 7.105898691701773 ], [ 100.499259284847412, 7.105665439788522 ], [ 100.498977044530449, 7.105425944121221 ], [ 100.497644027765972, 7.104293763704767 ], [ 100.497391641486033, 7.104019428923836 ], [ 100.497186965875343, 7.10368512469393 ], [ 100.497054533443475, 7.103470217510682 ], [ 100.496860983002563, 7.102872690170291 ], [ 100.496569033891546, 7.101473956131644 ], [ 100.495670255120132, 7.097588863511326 ], [ 100.494117362223818, 7.090562267323052 ], [ 100.494038374420583, 7.090562267323038 ], [ 100.494038374420583, 7.090204859933137 ], [ 100.493178864553045, 7.086315712926745 ], [ 100.492217208584051, 7.081751980977765 ], [ 100.491917379559595, 7.081751980977777 ], [ 100.491917379559595, 7.081588827526924 ], [ 100.491754226109023, 7.081588827526929 ], [ 100.491754226109023, 7.081099367174414 ], [ 100.491917379559595, 7.081099367174408 ], [ 100.491917379559609, 7.080773060272745 ], [ 100.491754226109023, 7.080773060272739 ], [ 100.491754226109023, 7.080609906821901 ], [ 100.491591072658096, 7.080609906821898 ], [ 100.491591072658096, 7.080446753371056 ], [ 100.491427919207183, 7.080446753371061 ], [ 100.491427919207169, 7.080186883645142 ], [ 100.491350717554894, 7.08014863181527 ], [ 100.491275067942553, 7.08012044646938 ], [ 100.491264765756227, 7.080120446469379 ], [ 100.491264765756242, 7.080116608106244 ], [ 100.490427497825436, 7.079804660886716 ], [ 100.488897653037853, 7.07930793657394 ], [ 100.486286508907, 7.080376395422353 ], [ 100.486207008780426, 7.080408833083702 ], [ 100.486207008780326, 7.080609906821905 ], [ 100.486370162231253, 7.080609906821896 ], [ 100.486370162231267, 7.081425674076092 ], [ 100.486533315682195, 7.081425674076095 ], [ 100.486533315682181, 7.081588827526929 ], [ 100.486696469132767, 7.081588827526931 ], [ 100.486696469132781, 7.08175198097778 ], [ 100.486859622583694, 7.081751980977777 ], [ 100.48685962258368, 7.082241441330281 ], [ 100.486696469132767, 7.082241441330282 ], [ 100.486696469132767, 7.082404594781129 ], [ 100.48620700878034, 7.082404594781126 ], [ 100.486207008780326, 7.082567748231962 ], [ 100.485880701878841, 7.082567748231962 ], [ 100.485880701878841, 7.082730901682798 ], [ 100.485228088075488, 7.082730901682804 ], [ 100.485228088075473, 7.082894055133645 ], [ 100.48506493462456, 7.082894055133633 ], [ 100.48506493462456, 7.083057208584488 ], [ 100.484901781173647, 7.083057208584481 ], [ 100.484901781173633, 7.083709822387832 ], [ 100.48506493462456, 7.083709822387831 ], [ 100.48506493462456, 7.083872975838679 ], [ 100.484901781173633, 7.083872975838672 ], [ 100.484901781173633, 7.084199282740349 ], [ 100.484738627722692, 7.084199282740348 ], [ 100.48473862772272, 7.084362436191175 ], [ 100.484086013919367, 7.084362436191181 ], [ 100.484086013919338, 7.084525589642016 ], [ 100.483759707017839, 7.084525589642031 ], [ 100.483759707017853, 7.084688743092851 ], [ 100.483596553566926, 7.084688743092872 ], [ 100.483596553566926, 7.085015049994531 ], [ 100.483433400116013, 7.085015049994529 ], [ 100.483433400115999, 7.085667663797892 ], [ 100.48359655356694, 7.085667663797894 ], [ 100.48359655356694, 7.085830817248726 ], [ 100.483433400115985, 7.085830817248725 ], [ 100.483433400115999, 7.085993970699576 ], [ 100.483596553566926, 7.085993970699578 ], [ 100.483596553566926, 7.086157124150406 ], [ 100.483270246665427, 7.08615712415041 ], [ 100.483270246665427, 7.086320277601236 ], [ 100.482454479411146, 7.086320277601239 ], [ 100.482454479411132, 7.086646584502915 ], [ 100.482291325960219, 7.086646584502914 ], [ 100.482291325960219, 7.087299198306269 ], [ 100.482128172509292, 7.087299198306271 ], [ 100.482128172509277, 7.087625505207948 ], [ 100.481965019058705, 7.087625505207962 ], [ 100.48196501905872, 7.088278119011302 ], [ 100.482128172509306, 7.088278119011315 ], [ 100.482128172509292, 7.088441272462152 ], [ 100.482291325960233, 7.088441272462144 ], [ 100.482291325960233, 7.088767579363815 ], [ 100.481965019058705, 7.088767579363813 ], [ 100.481965019058734, 7.088930732814651 ], [ 100.481801865607792, 7.088930732814657 ], [ 100.481801865607792, 7.089093886265502 ], [ 100.481638712156851, 7.089093886265498 ], [ 100.481638712156865, 7.089257039716326 ], [ 100.481475558705924, 7.089257039716332 ], [ 100.481475558705924, 7.089420193167182 ], [ 100.48131240525538, 7.089420193167171 ], [ 100.48131240525538, 7.089746500068848 ], [ 100.481149251804425, 7.089746500068845 ], [ 100.481149251804439, 7.090888574224722 ], [ 100.480986098353526, 7.090888574224718 ], [ 100.480986098353512, 7.091214881126397 ], [ 100.48082294490257, 7.091214881126401 ], [ 100.480822944902584, 7.091541188028066 ], [ 100.480986098353497, 7.091541188028065 ], [ 100.480986098353526, 7.092193801831429 ], [ 100.480822944902584, 7.092193801831425 ], [ 100.480822944902599, 7.092683262183942 ], [ 100.480659791452013, 7.092683262183948 ], [ 100.480659791452013, 7.093172722536452 ], [ 100.48082294490257, 7.093172722536453 ], [ 100.480822944902584, 7.093499029438133 ], [ 100.480986098353512, 7.093499029438128 ], [ 100.480986098353512, 7.09382533633982 ], [ 100.481149251804439, 7.093825336339804 ], [ 100.481149251804439, 7.093988489790646 ], [ 100.48131240525538, 7.093988489790655 ], [ 100.481312405255366, 7.094151643241492 ], [ 100.481475558705938, 7.094151643241486 ], [ 100.481475558705924, 7.094314796692317 ], [ 100.481638712156865, 7.094314796692331 ], [ 100.481638712156865, 7.094477950143157 ], [ 100.481801865607778, 7.094477950143168 ], [ 100.481801865607792, 7.095783177749866 ], [ 100.481638712156865, 7.095783177749873 ], [ 100.481638712156851, 7.096272638102379 ], [ 100.481475558705938, 7.096272638102389 ], [ 100.481475558705938, 7.096435791553222 ], [ 100.481638712156879, 7.096435791553228 ], [ 100.481638712156851, 7.096598945004073 ], [ 100.48196501905872, 7.096598945004073 ], [ 100.481965019058734, 7.096435791553219 ], [ 100.482128172509292, 7.096435791553226 ], [ 100.482128172509277, 7.096272638102394 ], [ 100.482291325960219, 7.096272638102394 ], [ 100.482291325960205, 7.096435791553215 ], [ 100.482454479411146, 7.096435791553233 ], [ 100.482454479411146, 7.097414712258259 ], [ 100.482291325960219, 7.097414712258261 ], [ 100.482291325960219, 7.098230479512445 ], [ 100.482128172509292, 7.098230479512448 ], [ 100.482128172509292, 7.098393632963278 ], [ 100.48082294490257, 7.098393632963286 ] ], [ [ 100.482291325960219, 7.095946331200721 ], [ 100.482617632862073, 7.095946331200704 ], [ 100.482617632862073, 7.09610948465155 ], [ 100.48245447941116, 7.096109484651546 ], [ 100.482454479411132, 7.096272638102381 ], [ 100.482291325960219, 7.096272638102394 ], [ 100.482291325960219, 7.095946331200721 ] ], [ [ 100.48392286046878, 7.09121488112639 ], [ 100.483922860468795, 7.090888574224712 ], [ 100.484086013919352, 7.090888574224712 ], [ 100.484086013919352, 7.091214881126404 ], [ 100.48392286046878, 7.09121488112639 ] ], [ [ 100.48392286046878, 7.098067326061613 ], [ 100.48392286046878, 7.098393632963292 ], [ 100.483759707017867, 7.098393632963279 ], [ 100.483759707017853, 7.098883093315705 ], [ 100.483596553566926, 7.098883093315723 ], [ 100.483596553566926, 7.099046246766559 ], [ 100.483433400116013, 7.09904624676656 ], [ 100.483433400115985, 7.099209400217392 ], [ 100.483270246665441, 7.099209400217395 ], [ 100.483270246665427, 7.099046246766548 ], [ 100.4831070932145, 7.09904624676656 ], [ 100.4831070932145, 7.098883093315711 ], [ 100.482943939763572, 7.098883093315715 ], [ 100.482943939763572, 7.098230479512453 ], [ 100.4831070932145, 7.098230479512449 ], [ 100.483107093214514, 7.098067326061604 ], [ 100.483270246665427, 7.098067326061607 ], [ 100.483270246665413, 7.097904172610778 ], [ 100.483596553566926, 7.09790417261078 ], [ 100.48359655356694, 7.097741019159941 ], [ 100.483759707017867, 7.097741019159924 ], [ 100.483759707017853, 7.097577865709102 ], [ 100.483922860468795, 7.097577865709101 ], [ 100.483922860468766, 7.097414712258257 ], [ 100.484086013919352, 7.097414712258258 ], [ 100.484086013919352, 7.097577865709098 ], [ 100.48424916737028, 7.097577865709091 ], [ 100.48424916737028, 7.097904172610777 ], [ 100.484086013919352, 7.097904172610771 ], [ 100.484086013919367, 7.098067326061604 ], [ 100.48392286046878, 7.098067326061613 ] ], [ [ 100.478538796591039, 7.104593464095054 ], [ 100.478538796591025, 7.104430310644227 ], [ 100.478375643140097, 7.10443031064421 ], [ 100.478375643140097, 7.104267157193378 ], [ 100.47821248968917, 7.104267157193387 ], [ 100.47821248968917, 7.104104003742536 ], [ 100.478375643140112, 7.104104003742544 ], [ 100.478375643140097, 7.103940850291704 ], [ 100.47853879659101, 7.103940850291697 ], [ 100.47853879659101, 7.10377769684087 ], [ 100.478701950041966, 7.10377769684087 ], [ 100.478701950041952, 7.103940850291696 ], [ 100.478865103492538, 7.103940850291704 ], [ 100.478865103492524, 7.104104003742545 ], [ 100.479028256943451, 7.104104003742538 ], [ 100.479028256943451, 7.104430310644222 ], [ 100.478865103492524, 7.104430310644214 ], [ 100.478865103492538, 7.104593464095061 ], [ 100.478538796591039, 7.104593464095054 ] ], [ [ 100.481801865607792, 7.109977527972722 ], [ 100.481801865607792, 7.109651221071045 ], [ 100.482128172509277, 7.109651221071042 ], [ 100.482128172509306, 7.109814374521892 ], [ 100.48196501905872, 7.109814374521888 ], [ 100.48196501905872, 7.10997752797272 ], [ 100.481801865607792, 7.109977527972722 ] ], [ [ 100.480986098353512, 7.115198438399546 ], [ 100.480986098353512, 7.115035284948709 ], [ 100.48082294490257, 7.115035284948723 ], [ 100.48082294490257, 7.114708978047035 ], [ 100.480986098353512, 7.114708978047034 ], [ 100.480986098353526, 7.114545824596198 ], [ 100.481475558705952, 7.114545824596203 ], [ 100.481475558705952, 7.115035284948724 ], [ 100.481312405255366, 7.11503528494872 ], [ 100.48131240525538, 7.11519843839956 ], [ 100.480986098353512, 7.115198438399546 ] ], [ [ 100.480659791452013, 7.117482586711295 ], [ 100.480659791452013, 7.117319433260452 ], [ 100.480822944902584, 7.11731943326045 ], [ 100.48082294490257, 7.117156279809616 ], [ 100.481149251804439, 7.117156279809606 ], [ 100.481149251804439, 7.117645740162129 ], [ 100.48082294490257, 7.117645740162119 ], [ 100.480822944902584, 7.117482586711298 ], [ 100.480659791452013, 7.117482586711295 ] ], [ [ 100.481801865607792, 7.12009304192462 ], [ 100.481801865607792, 7.119929888473772 ], [ 100.481475558705938, 7.119929888473783 ], [ 100.481475558705938, 7.119766735022945 ], [ 100.481312405255366, 7.119766735022941 ], [ 100.48131240525538, 7.119603581572096 ], [ 100.481149251804439, 7.119603581572096 ], [ 100.481149251804439, 7.11927727467043 ], [ 100.480986098353512, 7.119277274670419 ], [ 100.480986098353512, 7.11911412121958 ], [ 100.481149251804439, 7.119114121219588 ], [ 100.481149251804425, 7.118950967768738 ], [ 100.481475558705938, 7.118950967768737 ], [ 100.481475558705952, 7.119114121219588 ], [ 100.481801865607792, 7.119114121219594 ], [ 100.481801865607792, 7.11944042812127 ], [ 100.481965019058734, 7.119440428121266 ], [ 100.48196501905872, 7.119766735022949 ], [ 100.482128172509292, 7.119766735022941 ], [ 100.482128172509277, 7.119929888473785 ], [ 100.48245447941116, 7.119929888473781 ], [ 100.482454479411146, 7.120256195375444 ], [ 100.48196501905872, 7.120256195375459 ], [ 100.48196501905872, 7.120093041924623 ], [ 100.481801865607792, 7.12009304192462 ] ], [ [ 100.478375643140097, 7.121887729883833 ], [ 100.47821248968917, 7.121887729883848 ], [ 100.47821248968917, 7.122050883334683 ], [ 100.477886182787671, 7.122050883334673 ], [ 100.477886182787671, 7.121887729883832 ], [ 100.477723029336744, 7.121887729883842 ], [ 100.47772302933673, 7.121724576433002 ], [ 100.477886182787671, 7.121724576433003 ], [ 100.477886182787671, 7.121561422982167 ], [ 100.478212489689156, 7.121561422982157 ], [ 100.47821248968917, 7.121724576433006 ], [ 100.478375643140112, 7.121724576433007 ], [ 100.478375643140097, 7.121887729883833 ] ], [ [ 100.478538796591039, 7.123682417843057 ], [ 100.478212489689156, 7.123682417843063 ], [ 100.47821248968917, 7.123845571293895 ], [ 100.47772302933673, 7.123845571293896 ], [ 100.477723029336744, 7.123682417843066 ], [ 100.47707041553339, 7.123682417843053 ], [ 100.477070415533376, 7.123519264392224 ], [ 100.476907262082477, 7.123519264392231 ], [ 100.476907262082463, 7.123192957490541 ], [ 100.47707041553339, 7.123192957490544 ], [ 100.477070415533404, 7.123029804039713 ], [ 100.47772302933673, 7.123029804039714 ], [ 100.477723029336744, 7.122866650588865 ], [ 100.478212489689156, 7.122866650588866 ], [ 100.47821248968917, 7.123029804039716 ], [ 100.478538796591025, 7.123029804039715 ], [ 100.478538796591039, 7.123682417843057 ] ], [ [ 100.487838543288902, 7.082567748231956 ], [ 100.487838543288902, 7.08240459478112 ], [ 100.488654310542813, 7.08240459478113 ], [ 100.488654310542813, 7.082567748231957 ], [ 100.488817463993755, 7.082567748231962 ], [ 100.488817463993755, 7.083057208584477 ], [ 100.488654310542842, 7.083057208584477 ], [ 100.488654310542842, 7.083220362035323 ], [ 100.488328003641328, 7.083220362035314 ], [ 100.488328003641328, 7.083383515486158 ], [ 100.487675389837975, 7.083383515486159 ], [ 100.487675389837989, 7.083220362035313 ], [ 100.487512236387047, 7.083220362035322 ], [ 100.487512236387047, 7.083057208584482 ], [ 100.48734908293612, 7.08305720858447 ], [ 100.48734908293612, 7.082894055133638 ], [ 100.487512236387047, 7.082894055133642 ], [ 100.487512236387033, 7.082567748231959 ], [ 100.487838543288902, 7.082567748231956 ] ], [ [ 100.484738627722706, 7.088114965560464 ], [ 100.484738627722706, 7.087951812109629 ], [ 100.484901781173647, 7.087951812109634 ], [ 100.484901781173633, 7.08811496556046 ], [ 100.484738627722706, 7.088114965560464 ] ], [ [ 100.484901781173633, 7.089746500068856 ], [ 100.484901781173633, 7.089583346618007 ], [ 100.484575474272134, 7.089583346618014 ], [ 100.484575474272134, 7.089093886265506 ], [ 100.48506493462456, 7.089093886265492 ], [ 100.485064934624546, 7.089257039716334 ], [ 100.48539124152606, 7.089257039716337 ], [ 100.48539124152606, 7.089420193167171 ], [ 100.485554394976987, 7.08942019316717 ], [ 100.485554394976987, 7.089257039716331 ], [ 100.4857175484279, 7.089257039716327 ], [ 100.485717548427914, 7.08942019316717 ], [ 100.485880701878827, 7.089420193167171 ], [ 100.485880701878841, 7.089583346618012 ], [ 100.486043855329413, 7.089583346618017 ], [ 100.486043855329413, 7.089746500068859 ], [ 100.485880701878841, 7.089746500068854 ], [ 100.485880701878827, 7.089909653519692 ], [ 100.485554394976973, 7.089909653519694 ], [ 100.485554394976987, 7.08974650006886 ], [ 100.485228088075488, 7.08974650006886 ], [ 100.485228088075502, 7.089583346618015 ], [ 100.48506493462456, 7.089583346618011 ], [ 100.485064934624546, 7.089746500068848 ], [ 100.484901781173633, 7.089746500068856 ] ], [ [ 100.496975136535497, 7.10589869170177 ], [ 100.496975136535497, 7.106224998603437 ], [ 100.49648567618307, 7.106224998603447 ], [ 100.49648567618307, 7.105898691701767 ], [ 100.496648829633997, 7.105898691701757 ], [ 100.496648829634012, 7.105572384800086 ], [ 100.49681198308491, 7.105572384800093 ], [ 100.496811983084939, 7.105409231349245 ], [ 100.496975136535497, 7.105409231349247 ], [ 100.496975136535497, 7.105082924447571 ], [ 100.497138289986438, 7.105082924447575 ], [ 100.497138289986438, 7.104919770996727 ], [ 100.497301443437351, 7.104919770996733 ], [ 100.497301443437337, 7.105082924447575 ], [ 100.497464596888278, 7.105082924447571 ], [ 100.497464596888278, 7.105572384800095 ], [ 100.497138289986424, 7.10557238480008 ], [ 100.497138289986424, 7.10589869170177 ], [ 100.496975136535497, 7.10589869170177 ] ], [ [ 100.498606671044058, 7.10867230036601 ], [ 100.498606671044058, 7.10850914691517 ], [ 100.498443517593117, 7.108509146915187 ], [ 100.498443517593131, 7.108182840013505 ], [ 100.498606671044058, 7.108182840013501 ], [ 100.498606671044044, 7.108019686562671 ], [ 100.498932977945557, 7.108019686562671 ], [ 100.498932977945572, 7.108182840013505 ], [ 100.499096131396485, 7.108182840013493 ], [ 100.499096131396485, 7.10850914691517 ], [ 100.498769824494985, 7.108509146915182 ], [ 100.498769824494985, 7.108672300366024 ], [ 100.498606671044058, 7.10867230036601 ] ], [ [ 100.486370162231267, 7.116177359104574 ], [ 100.486370162231267, 7.116014205653751 ], [ 100.486533315682195, 7.116014205653742 ], [ 100.486533315682195, 7.115524745301221 ], [ 100.487185929485548, 7.115524745301231 ], [ 100.487185929485548, 7.116177359104581 ], [ 100.487022776034621, 7.116177359104593 ], [ 100.487022776034635, 7.116340512555422 ], [ 100.486859622583694, 7.116340512555427 ], [ 100.486859622583708, 7.116503666006254 ], [ 100.486696469132752, 7.116503666006251 ], [ 100.486696469132767, 7.116666819457095 ], [ 100.486533315682195, 7.116666819457097 ], [ 100.486533315682181, 7.116503666006253 ], [ 100.486370162231267, 7.116503666006262 ], [ 100.486370162231253, 7.11634051255543 ], [ 100.486533315682195, 7.11634051255542 ], [ 100.486533315682181, 7.116177359104584 ], [ 100.486370162231267, 7.116177359104574 ] ], [ [ 100.485880701878841, 7.117482586711292 ], [ 100.485880701878841, 7.117319433260444 ], [ 100.486043855329413, 7.117319433260452 ], [ 100.486043855329399, 7.117156279809614 ], [ 100.486207008780354, 7.11715627980962 ], [ 100.486207008780326, 7.116993126358775 ], [ 100.486370162231253, 7.116993126358781 ], [ 100.486370162231267, 7.11715627980961 ], [ 100.486696469132752, 7.117156279809612 ], [ 100.486696469132752, 7.117645740162139 ], [ 100.486859622583694, 7.117645740162124 ], [ 100.486859622583694, 7.118135200514652 ], [ 100.486696469132767, 7.118135200514653 ], [ 100.486696469132767, 7.118298353965478 ], [ 100.485880701878841, 7.118298353965488 ], [ 100.485880701878855, 7.118135200514647 ], [ 100.485554394976987, 7.118135200514634 ], [ 100.485554394976987, 7.117645740162138 ], [ 100.485717548427914, 7.117645740162136 ], [ 100.485717548427914, 7.117482586711298 ], [ 100.485880701878841, 7.117482586711292 ] ], [ [ 100.48539124152606, 7.121235116080493 ], [ 100.48506493462456, 7.121235116080485 ], [ 100.48506493462456, 7.120908809178806 ], [ 100.485228088075488, 7.120908809178804 ], [ 100.485228088075488, 7.121071962629646 ], [ 100.485391241526074, 7.121071962629647 ], [ 100.48539124152606, 7.121235116080493 ] ], [ [ 100.487512236387062, 7.121561422982158 ], [ 100.48734908293612, 7.121561422982158 ], [ 100.48734908293612, 7.121398269531331 ], [ 100.487185929485548, 7.121398269531331 ], [ 100.487185929485548, 7.121235116080491 ], [ 100.487022776034621, 7.121235116080475 ], [ 100.487022776034621, 7.121071962629645 ], [ 100.487185929485548, 7.121071962629645 ], [ 100.487185929485548, 7.120908809178813 ], [ 100.48734908293612, 7.120908809178811 ], [ 100.48734908293612, 7.120745655727958 ], [ 100.487512236387047, 7.120745655727974 ], [ 100.487512236387033, 7.1209088091788 ], [ 100.48767538983796, 7.120908809178801 ], [ 100.487675389837975, 7.121398269531314 ], [ 100.487512236387047, 7.121398269531317 ], [ 100.487512236387062, 7.121561422982158 ] ] ], [ [ [ 100.492080533010522, 7.111609062481105 ], [ 100.492080533010508, 7.111445909030279 ], [ 100.491754226109023, 7.111445909030279 ], [ 100.491754226109023, 7.1111196021286 ], [ 100.49159107265811, 7.111119602128586 ], [ 100.491591072658096, 7.110956448677758 ], [ 100.491427919207169, 7.110956448677753 ], [ 100.491427919207183, 7.11079329522692 ], [ 100.491264765756242, 7.110793295226907 ], [ 100.491264765756242, 7.11063014177607 ], [ 100.490938458854743, 7.11063014177608 ], [ 100.490938458854743, 7.110466988325244 ], [ 100.490775305403815, 7.110466988325234 ], [ 100.490775305403815, 7.110140681423559 ], [ 100.490612151952888, 7.110140681423553 ], [ 100.490612151952874, 7.109814374521893 ], [ 100.490448998502316, 7.109814374521878 ], [ 100.49044899850233, 7.109324914169366 ], [ 100.490285845051389, 7.109324914169378 ], [ 100.490285845051389, 7.108835453816853 ], [ 100.490122691600462, 7.108835453816857 ], [ 100.490122691600462, 7.108672300366009 ], [ 100.489959538149535, 7.10867230036601 ], [ 100.489959538149535, 7.108509146915169 ], [ 100.489796384698963, 7.10850914691517 ], [ 100.489796384698963, 7.108345993464336 ], [ 100.489633231248021, 7.108345993464343 ], [ 100.489633231248021, 7.108182840013498 ], [ 100.489143770895609, 7.108182840013503 ], [ 100.489143770895609, 7.108019686562664 ], [ 100.488817463993769, 7.108019686562669 ], [ 100.488817463993769, 7.107856533111823 ], [ 100.488654310542827, 7.107856533111817 ], [ 100.488654310542813, 7.107693379660989 ], [ 100.488328003641328, 7.107693379660987 ], [ 100.488328003641328, 7.107530226210141 ], [ 100.488164850190401, 7.10753022621015 ], [ 100.488164850190401, 7.107367072759303 ], [ 100.486533315682195, 7.107367072759319 ], [ 100.486533315682181, 7.107530226210145 ], [ 100.486370162231253, 7.107530226210149 ], [ 100.486370162231253, 7.107856533111829 ], [ 100.48620700878034, 7.10785653311183 ], [ 100.486207008780354, 7.108182840013493 ], [ 100.486043855329413, 7.108182840013505 ], [ 100.486043855329399, 7.108672300366019 ], [ 100.485880701878841, 7.108672300366016 ], [ 100.485880701878841, 7.108998607267683 ], [ 100.486043855329413, 7.108998607267695 ], [ 100.486043855329427, 7.109488067620201 ], [ 100.48620700878034, 7.109488067620202 ], [ 100.48620700878034, 7.109814374521893 ], [ 100.486533315682181, 7.109814374521884 ], [ 100.486533315682195, 7.10997752797272 ], [ 100.48685962258368, 7.109977527972726 ], [ 100.48685962258368, 7.110140681423553 ], [ 100.487022776034607, 7.110140681423569 ], [ 100.487022776034607, 7.110956448677757 ], [ 100.486859622583694, 7.110956448677765 ], [ 100.486859622583708, 7.111119602128585 ], [ 100.486043855329413, 7.111119602128586 ], [ 100.486043855329413, 7.111282755579423 ], [ 100.485880701878841, 7.111282755579428 ], [ 100.485880701878841, 7.111609062481101 ], [ 100.486043855329413, 7.111609062481103 ], [ 100.486043855329413, 7.111935369382783 ], [ 100.486207008780326, 7.111935369382795 ], [ 100.48620700878034, 7.11226167628446 ], [ 100.486370162231253, 7.112261676284455 ], [ 100.486370162231267, 7.112751136636977 ], [ 100.486533315682195, 7.112751136636971 ], [ 100.486533315682209, 7.113077443538646 ], [ 100.486859622583694, 7.113077443538657 ], [ 100.486859622583708, 7.113240596989491 ], [ 100.487349082936134, 7.113240596989487 ], [ 100.48734908293612, 7.11340375044032 ], [ 100.489306924346181, 7.113403750440332 ], [ 100.489306924346195, 7.1132405969895 ], [ 100.489470077797094, 7.1132405969895 ], [ 100.489470077797108, 7.113077443538646 ], [ 100.489633231248035, 7.113077443538644 ], [ 100.489633231248035, 7.112751136636975 ], [ 100.489796384698963, 7.112751136636978 ], [ 100.489796384698977, 7.112587983186141 ], [ 100.490122691600462, 7.112587983186135 ], [ 100.490122691600462, 7.112751136636974 ], [ 100.490285845051375, 7.112751136636986 ], [ 100.490285845051389, 7.113240596989488 ], [ 100.490448998502316, 7.113240596989482 ], [ 100.490448998502316, 7.11340375044032 ], [ 100.491427919207169, 7.113403750440332 ], [ 100.491427919207169, 7.113240596989487 ], [ 100.49338576061723, 7.113240596989502 ], [ 100.49338576061723, 7.113403750440339 ], [ 100.493548914068157, 7.113403750440327 ], [ 100.493548914068157, 7.113527031237094 ], [ 100.493556053537262, 7.113517458302828 ], [ 100.493660084771037, 7.113262759835442 ], [ 100.493539528278234, 7.113038710543972 ], [ 100.493538948128972, 7.112859162030861 ], [ 100.493582675535748, 7.112484957365555 ], [ 100.493431580249762, 7.112081456040571 ], [ 100.492981099285231, 7.111738769652241 ], [ 100.492766051711513, 7.111609062481111 ], [ 100.492080533010522, 7.111609062481105 ] ] ], [ [ [ 100.498443517593131, 7.110466988325237 ], [ 100.498443517593131, 7.110793295226923 ], [ 100.498280364142218, 7.110793295226916 ], [ 100.498280364142204, 7.111347600990155 ], [ 100.498387291611039, 7.11134725525481 ], [ 100.498643291819462, 7.111416107591262 ], [ 100.49887148568537, 7.111097925580842 ], [ 100.499956060336984, 7.109653573139626 ], [ 100.498769824494985, 7.10956995592151 ], [ 100.498769824494985, 7.109814374521887 ], [ 100.498606671044044, 7.109814374521895 ], [ 100.498606671044058, 7.110466988325247 ], [ 100.498443517593131, 7.110466988325237 ] ] ], [ [ [ 100.494995763384068, 7.112261676284451 ], [ 100.495017295125436, 7.112170030376973 ], [ 100.49501729512545, 7.112098522833622 ], [ 100.495034095460426, 7.112098522833618 ], [ 100.495063949805555, 7.11197145329055 ], [ 100.495180448576363, 7.111650880897486 ], [ 100.495180448576377, 7.111282755579428 ], [ 100.495017295125436, 7.111282755579421 ], [ 100.49501729512545, 7.111119602128586 ], [ 100.495180448576363, 7.111119602128602 ], [ 100.495180448576363, 7.111083854154152 ], [ 100.49502393856325, 7.111058820352891 ], [ 100.494748821934735, 7.111049386891149 ], [ 100.493712067518715, 7.111085169767802 ], [ 100.493712067518729, 7.111282755579431 ], [ 100.493548914068157, 7.111282755579428 ], [ 100.493548914068171, 7.111445909030262 ], [ 100.493222607166302, 7.111445909030273 ], [ 100.493222607166302, 7.111465619209797 ], [ 100.493535224700651, 7.111707058816953 ], [ 100.493850653414199, 7.111975367319749 ], [ 100.493986963748611, 7.112438766356842 ], [ 100.494048572181086, 7.112962256158212 ], [ 100.494025616210095, 7.113068726014884 ], [ 100.494138057920438, 7.112842266867268 ], [ 100.494346796610074, 7.112542343031913 ], [ 100.494527834773024, 7.112441112305889 ], [ 100.49452783477301, 7.112424829735294 ], [ 100.494556954060968, 7.112424829735306 ], [ 100.494615934586662, 7.112391849719693 ], [ 100.494690988223937, 7.112391607568152 ], [ 100.494690988223937, 7.112261676284463 ], [ 100.494995763384068, 7.112261676284451 ] ] ], [ [ [ 100.507416957389154, 7.121724576432994 ], [ 100.507416957389154, 7.121561422982161 ], [ 100.507496890307124, 7.121561422982165 ], [ 100.507495391961143, 7.120692488583506 ], [ 100.499471598277012, 7.110640266797602 ], [ 100.499098521750795, 7.111130095514669 ], [ 100.498653464725521, 7.111733439248654 ], [ 100.498512307112279, 7.111935369382789 ], [ 100.498606671044072, 7.111935369382788 ], [ 100.498606671044072, 7.112098522833614 ], [ 100.498443517593131, 7.112098522833622 ], [ 100.498443517593131, 7.112587983186144 ], [ 100.498280364142204, 7.112587983186136 ], [ 100.498280364142204, 7.112751136636978 ], [ 100.498117210691618, 7.112751136636978 ], [ 100.498117210691632, 7.113077443538654 ], [ 100.497954057240705, 7.113077443538656 ], [ 100.497954057240705, 7.113730057342006 ], [ 100.497790903789777, 7.113730057342001 ], [ 100.497790903789763, 7.114545824596202 ], [ 100.49762775033885, 7.114545824596191 ], [ 100.49762775033885, 7.114708978047046 ], [ 100.497464596888278, 7.114708978047041 ], [ 100.497464596888292, 7.115035284948717 ], [ 100.49762775033885, 7.115035284948706 ], [ 100.49762775033885, 7.11519843839955 ], [ 100.497954057240719, 7.115198438399558 ], [ 100.49795405724069, 7.115361591850398 ], [ 100.498117210691632, 7.115361591850395 ], [ 100.498117210691632, 7.115524745301239 ], [ 100.498280364142218, 7.115524745301237 ], [ 100.498280364142204, 7.115687898752064 ], [ 100.498606671044058, 7.11568789875207 ], [ 100.498606671044058, 7.115851052202903 ], [ 100.499259284847398, 7.115851052202904 ], [ 100.499259284847412, 7.116014205653738 ], [ 100.499585591748897, 7.116014205653737 ], [ 100.499585591748911, 7.116177359104583 ], [ 100.499911898650765, 7.116177359104587 ], [ 100.499911898650751, 7.116503666006265 ], [ 100.500075052101693, 7.116503666006265 ], [ 100.500075052101693, 7.117482586711295 ], [ 100.500238205552265, 7.117482586711293 ], [ 100.500238205552265, 7.117808893612972 ], [ 100.500401359003192, 7.117808893612968 ], [ 100.500401359003192, 7.11813520051465 ], [ 100.500727665905046, 7.11813520051464 ], [ 100.500727665905046, 7.118787814318002 ], [ 100.500564512454133, 7.118787814317989 ], [ 100.500564512454119, 7.118950967768752 ], [ 100.500401359003192, 7.118950967768757 ], [ 100.500401359003178, 7.119114121219588 ], [ 100.500238205552279, 7.119114121219587 ], [ 100.500238205552265, 7.119440428121254 ], [ 100.500401359003206, 7.119440428121257 ], [ 100.500401359003192, 7.119603581572095 ], [ 100.500564512454119, 7.119603581572109 ], [ 100.500564512454119, 7.119766735022932 ], [ 100.500890819355632, 7.119766735022941 ], [ 100.500890819355618, 7.119929888473775 ], [ 100.501217126257473, 7.119929888473769 ], [ 100.501217126257473, 7.120093041924607 ], [ 100.502032893511753, 7.120093041924613 ], [ 100.502032893511753, 7.119929888473772 ], [ 100.502196046962339, 7.119929888473787 ], [ 100.502196046962311, 7.120256195375458 ], [ 100.50252235386418, 7.120256195375459 ], [ 100.50252235386418, 7.121071962629648 ], [ 100.502359200413252, 7.121071962629639 ], [ 100.502359200413252, 7.121319611208442 ], [ 100.503865141689644, 7.121374074739386 ], [ 100.503899958801341, 7.121579325281812 ], [ 100.503900355906168, 7.121724576433002 ], [ 100.503990734921814, 7.121724576432992 ], [ 100.503990734921814, 7.121561422982159 ], [ 100.504480195274226, 7.121561422982159 ], [ 100.50448019527424, 7.121398269531323 ], [ 100.504806502175754, 7.121398269531328 ], [ 100.50480650217574, 7.121561422982158 ], [ 100.504969655626667, 7.121561422982163 ], [ 100.504969655626667, 7.121724576433007 ], [ 100.505132809077608, 7.12172457643301 ], [ 100.505132809077594, 7.121887729883841 ], [ 100.505459115979093, 7.121887729883842 ], [ 100.505459115979107, 7.122050883334674 ], [ 100.506438036684287, 7.122050883334669 ], [ 100.506438036684301, 7.122214036785514 ], [ 100.506601190135228, 7.122214036785514 ], [ 100.506601190135228, 7.122866650588861 ], [ 100.506764343585814, 7.122866650588866 ], [ 100.506764343585814, 7.123356110941391 ], [ 100.506927497036713, 7.123356110941388 ], [ 100.506927497036727, 7.122214036785513 ], [ 100.507090650487669, 7.122214036785512 ], [ 100.50709065048764, 7.121887729883833 ], [ 100.507253803938596, 7.121887729883837 ], [ 100.507253803938596, 7.121724576433004 ], [ 100.507416957389154, 7.121724576432994 ] ] ], [ [ [ 100.499585591748911, 7.1272717937615 ], [ 100.499748745199838, 7.127271793761501 ], [ 100.499748745199838, 7.126456026507316 ], [ 100.499585591748911, 7.126456026507319 ], [ 100.499585591748911, 7.126292873056469 ], [ 100.499259284847398, 7.126292873056471 ], [ 100.499259284847412, 7.126129719605633 ], [ 100.499096131396499, 7.126129719605635 ], [ 100.499096131396499, 7.125803412703963 ], [ 100.499259284847398, 7.125803412703958 ], [ 100.499259284847412, 7.125477105802283 ], [ 100.499585591748911, 7.125477105802274 ], [ 100.499585591748911, 7.125313952351451 ], [ 100.499748745199838, 7.125313952351452 ], [ 100.499748745199852, 7.125150798900605 ], [ 100.49991189865078, 7.125150798900608 ], [ 100.49991189865078, 7.124824491998927 ], [ 100.500075052101707, 7.124824491998939 ], [ 100.500075052101707, 7.124661338548087 ], [ 100.500238205552265, 7.124661338548084 ], [ 100.500238205552265, 7.124008724744733 ], [ 100.500075052101678, 7.124008724744744 ], [ 100.500075052101693, 7.122866650588861 ], [ 100.499911898650765, 7.122866650588876 ], [ 100.49991189865078, 7.122703497138034 ], [ 100.499748745199852, 7.12270349713802 ], [ 100.499748745199838, 7.122540343687187 ], [ 100.499585591748925, 7.122540343687187 ], [ 100.499585591748911, 7.122377190236345 ], [ 100.498443517593131, 7.122377190236359 ], [ 100.498443517593145, 7.122214036785523 ], [ 100.498117210691632, 7.12221403678551 ], [ 100.498117210691632, 7.122050883334683 ], [ 100.497954057240705, 7.122050883334667 ], [ 100.497954057240705, 7.122214036785505 ], [ 100.497790903789777, 7.12221403678552 ], [ 100.497790903789763, 7.122050883334673 ], [ 100.497301443437365, 7.12205088333468 ], [ 100.497301443437337, 7.122214036785507 ], [ 100.497138289986424, 7.122214036785524 ], [ 100.49713828998641, 7.122866650588862 ], [ 100.496975136535497, 7.122866650588872 ], [ 100.496975136535482, 7.123356110941383 ], [ 100.49648567618307, 7.123356110941389 ], [ 100.49648567618307, 7.123192957490549 ], [ 100.496322522732143, 7.123192957490538 ], [ 100.496322522732143, 7.122214036785517 ], [ 100.496485676183084, 7.122214036785518 ], [ 100.49648567618307, 7.121887729883836 ], [ 100.496811983084925, 7.121887729883837 ], [ 100.496811983084925, 7.121724576432989 ], [ 100.497138289986424, 7.121724576433008 ], [ 100.497138289986424, 7.121561422982159 ], [ 100.497464596888264, 7.121561422982167 ], [ 100.497464596888278, 7.121398269531323 ], [ 100.498443517593145, 7.121398269531322 ], [ 100.498443517593145, 7.121561422982166 ], [ 100.498769824494985, 7.121561422982162 ], [ 100.498769824495, 7.121398269531331 ], [ 100.498932977945572, 7.121398269531325 ], [ 100.498932977945557, 7.121235116080486 ], [ 100.49909613139647, 7.121235116080486 ], [ 100.499096131396499, 7.120582502277133 ], [ 100.499259284847398, 7.12058250227714 ], [ 100.499259284847412, 7.119929888473768 ], [ 100.499096131396499, 7.119929888473782 ], [ 100.499096131396485, 7.118624660867163 ], [ 100.498932977945557, 7.118624660867162 ], [ 100.498932977945557, 7.11846150741632 ], [ 100.499096131396485, 7.11846150741632 ], [ 100.499096131396485, 7.118135200514639 ], [ 100.499259284847398, 7.11813520051465 ], [ 100.499259284847412, 7.117972047063812 ], [ 100.499422438298325, 7.117972047063797 ], [ 100.499422438298325, 7.116666819457091 ], [ 100.499259284847412, 7.116666819457094 ], [ 100.499259284847398, 7.116503666006255 ], [ 100.497627750338864, 7.116503666006261 ], [ 100.49762775033885, 7.116340512555413 ], [ 100.496975136535482, 7.116340512555428 ], [ 100.496975136535497, 7.117156279809617 ], [ 100.496811983084939, 7.117156279809609 ], [ 100.496811983084939, 7.117319433260459 ], [ 100.496159369281571, 7.117319433260453 ], [ 100.496159369281571, 7.117156279809606 ], [ 100.495996215830644, 7.117156279809622 ], [ 100.49599621583063, 7.117319433260445 ], [ 100.495506755478232, 7.117319433260455 ], [ 100.495506755478232, 7.117482586711294 ], [ 100.49534360202729, 7.117482586711295 ], [ 100.495343602027305, 7.117645740162138 ], [ 100.495180448576349, 7.117645740162126 ], [ 100.495180448576363, 7.117972047063797 ], [ 100.495017295125436, 7.117972047063797 ], [ 100.495017295125436, 7.118298353965486 ], [ 100.494854141674864, 7.118298353965473 ], [ 100.494854141674878, 7.118624660867154 ], [ 100.494690988223937, 7.118624660867166 ], [ 100.494690988223951, 7.119114121219584 ], [ 100.494527834773024, 7.119114121219578 ], [ 100.49452783477301, 7.119603581572103 ], [ 100.494364681322082, 7.119603581572091 ], [ 100.494364681322068, 7.120256195375453 ], [ 100.494201527871496, 7.120256195375448 ], [ 100.49420152787151, 7.120745655727972 ], [ 100.494038374420597, 7.120745655727963 ], [ 100.494038374420583, 7.121071962629653 ], [ 100.49387522096967, 7.121071962629653 ], [ 100.493875220969656, 7.121398269531318 ], [ 100.493712067518729, 7.121398269531325 ], [ 100.493712067518729, 7.121724576433002 ], [ 100.493548914068143, 7.121724576433007 ], [ 100.493548914068157, 7.122050883334674 ], [ 100.49338576061723, 7.122050883334675 ], [ 100.49338576061723, 7.123356110941384 ], [ 100.493712067518715, 7.12335611094138 ], [ 100.493712067518715, 7.123192957490553 ], [ 100.493875220969656, 7.123192957490535 ], [ 100.493875220969642, 7.122866650588858 ], [ 100.494038374420583, 7.122866650588869 ], [ 100.494038374420597, 7.122540343687186 ], [ 100.49420152787151, 7.122540343687194 ], [ 100.49420152787151, 7.122214036785507 ], [ 100.49452783477301, 7.122214036785507 ], [ 100.49452783477301, 7.122050883334679 ], [ 100.494690988223937, 7.122050883334674 ], [ 100.494690988223937, 7.121887729883842 ], [ 100.494854141674864, 7.121887729883846 ], [ 100.494854141674878, 7.121561422982158 ], [ 100.495017295125436, 7.121561422982158 ], [ 100.495017295125436, 7.121235116080481 ], [ 100.495180448576363, 7.121235116080481 ], [ 100.495180448576363, 7.121071962629641 ], [ 100.49534360202729, 7.12107196262964 ], [ 100.495343602027276, 7.120908809178805 ], [ 100.495506755478203, 7.120908809178803 ], [ 100.495506755478218, 7.120582502277136 ], [ 100.495669908928789, 7.12058250227713 ], [ 100.495669908928789, 7.120093041924607 ], [ 100.495833062379731, 7.120093041924612 ], [ 100.495833062379702, 7.119766735022943 ], [ 100.49599621583063, 7.119766735022934 ], [ 100.495996215830658, 7.119603581572106 ], [ 100.496159369281571, 7.119603581572094 ], [ 100.496159369281571, 7.119277274670432 ], [ 100.496322522732143, 7.119277274670416 ], [ 100.496322522732143, 7.119114121219585 ], [ 100.496485676183084, 7.11911412121959 ], [ 100.49648567618307, 7.118950967768753 ], [ 100.496648829634012, 7.118950967768741 ], [ 100.496648829633997, 7.118787814318 ], [ 100.496811983084925, 7.118787814317995 ], [ 100.496811983084925, 7.118461507416317 ], [ 100.496975136535497, 7.118461507416327 ], [ 100.496975136535482, 7.117972047063809 ], [ 100.497138289986424, 7.117972047063797 ], [ 100.497138289986424, 7.117645740162123 ], [ 100.497301443437337, 7.117645740162137 ], [ 100.497301443437351, 7.117482586711285 ], [ 100.49762775033885, 7.117482586711296 ], [ 100.49762775033885, 7.117319433260455 ], [ 100.498117210691632, 7.117319433260453 ], [ 100.498117210691618, 7.117482586711284 ], [ 100.498280364142204, 7.11748258671129 ], [ 100.498280364142218, 7.117645740162124 ], [ 100.498443517593131, 7.117645740162133 ], [ 100.498443517593117, 7.117808893612967 ], [ 100.498606671044058, 7.117808893612957 ], [ 100.498606671044072, 7.118298353965492 ], [ 100.498443517593145, 7.118298353965485 ], [ 100.498443517593131, 7.11846150741632 ], [ 100.49828036414219, 7.11846150741632 ], [ 100.498280364142204, 7.118624660867168 ], [ 100.498117210691632, 7.118624660867148 ], [ 100.498117210691646, 7.118787814318002 ], [ 100.497954057240705, 7.118787814318005 ], [ 100.497954057240705, 7.118950967768744 ], [ 100.497790903789777, 7.118950967768745 ], [ 100.497790903789777, 7.11911412121959 ], [ 100.497138289986438, 7.11911412121958 ], [ 100.497138289986424, 7.119440428121266 ], [ 100.496975136535511, 7.119440428121269 ], [ 100.496975136535497, 7.119766735022944 ], [ 100.496811983084925, 7.119766735022931 ], [ 100.496811983084939, 7.12025619537545 ], [ 100.496648829634012, 7.120256195375462 ], [ 100.496648829633997, 7.120419348826299 ], [ 100.49648567618307, 7.120419348826286 ], [ 100.49648567618307, 7.120582502277138 ], [ 100.496159369281571, 7.120582502277129 ], [ 100.496159369281585, 7.120908809178805 ], [ 100.49599621583063, 7.120908809178805 ], [ 100.495996215830658, 7.12123511608049 ], [ 100.495833062379717, 7.121235116080486 ], [ 100.495833062379717, 7.121724576433 ], [ 100.495669908928789, 7.121724576433003 ], [ 100.495669908928789, 7.122050883334671 ], [ 100.495506755478218, 7.122050883334682 ], [ 100.495506755478218, 7.122214036785508 ], [ 100.495343602027276, 7.122214036785512 ], [ 100.49534360202729, 7.122377190236344 ], [ 100.495180448576363, 7.122377190236358 ], [ 100.495180448576363, 7.12270349713802 ], [ 100.495017295125436, 7.12270349713803 ], [ 100.495017295125422, 7.122866650588861 ], [ 100.49485414167485, 7.122866650588873 ], [ 100.494854141674878, 7.123192957490549 ], [ 100.494690988223937, 7.123192957490548 ], [ 100.494690988223951, 7.123682417843064 ], [ 100.494854141674864, 7.12368241784305 ], [ 100.494854141674864, 7.123845571293892 ], [ 100.495017295125436, 7.123845571293904 ], [ 100.495017295125422, 7.124335031646417 ], [ 100.49485414167485, 7.124335031646404 ], [ 100.494854141674864, 7.124498185097243 ], [ 100.49452783477301, 7.12449818509726 ], [ 100.49452783477301, 7.124335031646414 ], [ 100.493548914068157, 7.124335031646421 ], [ 100.493548914068157, 7.124171878195574 ], [ 100.493059453715389, 7.124171878195567 ], [ 100.493059453715375, 7.124335031646414 ], [ 100.492896300264803, 7.124335031646413 ], [ 100.492896300264817, 7.124171878195574 ], [ 100.492569993362949, 7.12417187819557 ], [ 100.492569993362949, 7.123845571293899 ], [ 100.492247355456868, 7.123845571293889 ], [ 100.492234274821271, 7.123938867072289 ], [ 100.492317337733908, 7.12424668235134 ], [ 100.492462851966039, 7.124834988307913 ], [ 100.492493753061055, 7.124949094648366 ], [ 100.492732186175814, 7.125716280160369 ], [ 100.492750436362883, 7.125767403257078 ], [ 100.492772285595962, 7.125810702528352 ], [ 100.49329417465708, 7.126510264406278 ], [ 100.49341196875902, 7.126635953857127 ], [ 100.493627912405202, 7.126765834161502 ], [ 100.493659087224088, 7.126782333408989 ], [ 100.494038374420569, 7.12678233340899 ], [ 100.494038374420597, 7.126940500767394 ], [ 100.494054644804038, 7.126945486859824 ], [ 100.49420152787151, 7.126945486859823 ], [ 100.49420152787151, 7.126619179958142 ], [ 100.494038374420583, 7.126619179958147 ], [ 100.494038374420597, 7.126292873056482 ], [ 100.493875220969642, 7.126292873056475 ], [ 100.493875220969656, 7.126129719605635 ], [ 100.494038374420583, 7.126129719605641 ], [ 100.494038374420583, 7.125966566154792 ], [ 100.494201527871496, 7.125966566154808 ], [ 100.49420152787151, 7.125803412703951 ], [ 100.494364681322082, 7.125803412703959 ], [ 100.494364681322082, 7.125640259253119 ], [ 100.49452783477301, 7.125640259253119 ], [ 100.494527834773024, 7.125477105802275 ], [ 100.494690988223937, 7.125477105802274 ], [ 100.494690988223937, 7.125313952351446 ], [ 100.494854141674864, 7.125313952351445 ], [ 100.49485414167485, 7.125150798900597 ], [ 100.495017295125422, 7.125150798900598 ], [ 100.495017295125436, 7.12498764544977 ], [ 100.495343602027305, 7.124987645449761 ], [ 100.49534360202729, 7.124824491998922 ], [ 100.495506755478218, 7.124824491998934 ], [ 100.495506755478218, 7.124661338548082 ], [ 100.495669908928789, 7.124661338548088 ], [ 100.495669908928789, 7.124335031646404 ], [ 100.496811983084925, 7.124335031646409 ], [ 100.496811983084925, 7.12449818509725 ], [ 100.496975136535497, 7.124498185097249 ], [ 100.496975136535497, 7.125150798900602 ], [ 100.49713828998641, 7.125150798900612 ], [ 100.497138289986424, 7.125313952351438 ], [ 100.497954057240705, 7.125313952351449 ], [ 100.497954057240719, 7.125640259253117 ], [ 100.498117210691618, 7.125640259253119 ], [ 100.498117210691646, 7.12661917995816 ], [ 100.498280364142204, 7.126619179958145 ], [ 100.498280364142204, 7.126782333408983 ], [ 100.498117210691632, 7.126782333408988 ], [ 100.498117210691632, 7.126945486859833 ], [ 100.49828036414219, 7.126945486859836 ], [ 100.498280364142204, 7.12710864031066 ], [ 100.498117210691632, 7.127108640310671 ], [ 100.498117210691646, 7.127271793761501 ], [ 100.498280364142218, 7.1272717937615 ], [ 100.498280364142218, 7.127434947212334 ], [ 100.498443517593145, 7.12743494721234 ], [ 100.498443517593131, 7.127598100663175 ], [ 100.498769824494985, 7.127598100663173 ], [ 100.498769824494985, 7.127434947212348 ], [ 100.49909613139647, 7.127434947212334 ], [ 100.499096131396485, 7.127271793761496 ], [ 100.499259284847412, 7.127271793761496 ], [ 100.499259284847412, 7.127434947212334 ], [ 100.499585591748911, 7.127434947212334 ], [ 100.499585591748911, 7.1272717937615 ] ] ], [ [ [ 100.483433400115999, 7.132329550737487 ], [ 100.483433400115985, 7.132003243835823 ], [ 100.483596553566926, 7.132003243835817 ], [ 100.48359655356694, 7.131187476581617 ], [ 100.483433400115999, 7.131187476581624 ], [ 100.483433400115999, 7.130861169679943 ], [ 100.48359655356694, 7.130861169679948 ], [ 100.483596553566926, 7.130534862778266 ], [ 100.483922860468795, 7.130534862778266 ], [ 100.48392286046878, 7.129882248974925 ], [ 100.484412320821221, 7.129882248974917 ], [ 100.484412320821207, 7.13069801622912 ], [ 100.484575474272148, 7.13069801622911 ], [ 100.484575474272134, 7.130861169679948 ], [ 100.484901781173619, 7.130861169679947 ], [ 100.484901781173619, 7.131024323130788 ], [ 100.48506493462456, 7.13102432313079 ], [ 100.48506493462456, 7.131187476581634 ], [ 100.485554394976987, 7.131187476581632 ], [ 100.485554394976987, 7.130861169679951 ], [ 100.48539124152606, 7.130861169679959 ], [ 100.48539124152606, 7.130698016229116 ], [ 100.485228088075488, 7.130698016229108 ], [ 100.485228088075488, 7.130371709327441 ], [ 100.48506493462456, 7.130371709327432 ], [ 100.48506493462456, 7.129882248974914 ], [ 100.485228088075488, 7.129882248974929 ], [ 100.485228088075473, 7.129555942073242 ], [ 100.486043855329413, 7.129555942073236 ], [ 100.486043855329399, 7.129719095524083 ], [ 100.486533315682195, 7.129719095524087 ], [ 100.486533315682209, 7.129882248974913 ], [ 100.486696469132767, 7.129882248974921 ], [ 100.486696469132767, 7.129719095524075 ], [ 100.48734908293612, 7.129719095524071 ], [ 100.48734908293612, 7.129882248974925 ], [ 100.487512236387062, 7.129882248974919 ], [ 100.487512236387047, 7.130045402425758 ], [ 100.48767538983796, 7.130045402425766 ], [ 100.487675389837975, 7.130861169679953 ], [ 100.487838543288888, 7.130861169679957 ], [ 100.487838543288916, 7.130534862778278 ], [ 100.488001696739474, 7.130534862778276 ], [ 100.48800169673946, 7.130208555876587 ], [ 100.488164850190401, 7.130208555876603 ], [ 100.488164850190401, 7.129882248974928 ], [ 100.488328003641314, 7.129882248974927 ], [ 100.488328003641328, 7.129719095524072 ], [ 100.488001696739474, 7.129719095524088 ], [ 100.488001696739474, 7.129392788622405 ], [ 100.487838543288902, 7.129392788622396 ], [ 100.487838543288902, 7.12906648172072 ], [ 100.487675389837989, 7.129066481720719 ], [ 100.487675389837975, 7.128740174819058 ], [ 100.487512236387047, 7.128740174819049 ], [ 100.487512236387047, 7.128577021368208 ], [ 100.48734908293612, 7.128577021368205 ], [ 100.48734908293612, 7.12841386791737 ], [ 100.487185929485562, 7.12841386791737 ], [ 100.487185929485534, 7.128250714466544 ], [ 100.487022776034621, 7.128250714466534 ], [ 100.487022776034621, 7.128087561015698 ], [ 100.48685962258368, 7.128087561015699 ], [ 100.486859622583708, 7.127761254114017 ], [ 100.486696469132767, 7.127761254114011 ], [ 100.486696469132752, 7.127434947212337 ], [ 100.486533315682195, 7.127434947212349 ], [ 100.486533315682195, 7.127271793761511 ], [ 100.48620700878034, 7.127271793761501 ], [ 100.486207008780326, 7.12710864031066 ], [ 100.486043855329399, 7.127108640310661 ], [ 100.486043855329413, 7.126945486859835 ], [ 100.485880701878841, 7.126945486859825 ], [ 100.485880701878855, 7.126782333408998 ], [ 100.485717548427914, 7.126782333408999 ], [ 100.485717548427914, 7.12661917995815 ], [ 100.48539124152606, 7.126619179958147 ], [ 100.485391241526045, 7.12678233340898 ], [ 100.485228088075488, 7.126782333408997 ], [ 100.485228088075502, 7.126945486859833 ], [ 100.48506493462456, 7.126945486859826 ], [ 100.48506493462456, 7.126782333408983 ], [ 100.484738627722706, 7.126782333408991 ], [ 100.484738627722706, 7.126619179958147 ], [ 100.484575474272134, 7.126619179958144 ], [ 100.484575474272148, 7.126456026507308 ], [ 100.48473862772272, 7.126456026507315 ], [ 100.484738627722706, 7.126129719605628 ], [ 100.484901781173633, 7.126129719605635 ], [ 100.484901781173647, 7.125640259253132 ], [ 100.484738627722692, 7.125640259253126 ], [ 100.484738627722706, 7.125477105802291 ], [ 100.484575474272134, 7.125477105802274 ], [ 100.484575474272148, 7.125313952351446 ], [ 100.484412320821221, 7.125313952351443 ], [ 100.484412320821221, 7.125150798900605 ], [ 100.48424916737028, 7.125150798900598 ], [ 100.484249167370294, 7.125313952351439 ], [ 100.483759707017853, 7.12531395235145 ], [ 100.483759707017853, 7.12515079890061 ], [ 100.483596553566926, 7.125150798900599 ], [ 100.48359655356694, 7.124987645449774 ], [ 100.483270246665427, 7.124987645449758 ], [ 100.483270246665427, 7.124824491998937 ], [ 100.483107093214485, 7.124824491998937 ], [ 100.4831070932145, 7.1251507989006 ], [ 100.482943939763572, 7.125150798900607 ], [ 100.482943939763558, 7.12531395235144 ], [ 100.4831070932145, 7.125313952351442 ], [ 100.4831070932145, 7.125803412703964 ], [ 100.482943939763572, 7.125803412703957 ], [ 100.482943939763572, 7.126129719605637 ], [ 100.482617632862087, 7.126129719605625 ], [ 100.482617632862059, 7.126292873056475 ], [ 100.482454479411146, 7.126292873056476 ], [ 100.482454479411146, 7.126456026507307 ], [ 100.482291325960205, 7.126456026507303 ], [ 100.482291325960219, 7.126619179958153 ], [ 100.481801865607792, 7.126619179958151 ], [ 100.481801865607792, 7.126782333408986 ], [ 100.481638712156865, 7.126782333408983 ], [ 100.481638712156865, 7.127108640310672 ], [ 100.481475558705938, 7.127108640310656 ], [ 100.481475558705938, 7.127271793761508 ], [ 100.481312405255366, 7.127271793761515 ], [ 100.481312405255352, 7.12743494721234 ], [ 100.481149251804453, 7.127434947212346 ], [ 100.481149251804439, 7.127271793761505 ], [ 100.480659791452027, 7.12727179376151 ], [ 100.480659791452027, 7.127108640310676 ], [ 100.480170331099231, 7.127108640310674 ], [ 100.480170331099217, 7.127598100663175 ], [ 100.480333484550158, 7.12759810066319 ], [ 100.480333484550144, 7.12792440756485 ], [ 100.480496638001085, 7.127924407564862 ], [ 100.480496638001071, 7.128577021368204 ], [ 100.480333484550158, 7.128577021368218 ], [ 100.480333484550158, 7.129392788622411 ], [ 100.480170331099217, 7.129392788622406 ], [ 100.480170331099231, 7.129719095524088 ], [ 100.480007177648659, 7.129719095524086 ], [ 100.480007177648673, 7.130045402425752 ], [ 100.479844024197732, 7.130045402425748 ], [ 100.479844024197732, 7.131187476581617 ], [ 100.480007177648645, 7.131187476581633 ], [ 100.480007177648659, 7.132492704188328 ], [ 100.480170331099217, 7.132492704188329 ], [ 100.480170331099231, 7.132655857639165 ], [ 100.480007177648645, 7.13265585763917 ], [ 100.480007177648659, 7.132982164540851 ], [ 100.479990268015769, 7.132982164540842 ], [ 100.479937117594545, 7.133145317991688 ], [ 100.480496638001071, 7.133145317991684 ], [ 100.480496638001085, 7.133308471442525 ], [ 100.480659791452027, 7.133308471442531 ], [ 100.480659791452013, 7.133145317991683 ], [ 100.480822944902584, 7.13314531799168 ], [ 100.480822944902599, 7.132982164540856 ], [ 100.480986098353512, 7.132982164540842 ], [ 100.480986098353512, 7.132819011090003 ], [ 100.481312405255352, 7.13281901109 ], [ 100.481312405255352, 7.132982164540844 ], [ 100.481475558705952, 7.132982164540844 ], [ 100.481475558705952, 7.133308471442531 ], [ 100.481965019058734, 7.133308471442526 ], [ 100.48196501905872, 7.132982164540845 ], [ 100.482128172509277, 7.132982164540856 ], [ 100.482128172509277, 7.132819011090016 ], [ 100.482943939763587, 7.13281901109 ], [ 100.482943939763572, 7.13265585763917 ], [ 100.483270246665427, 7.132655857639181 ], [ 100.483270246665427, 7.132329550737502 ], [ 100.483433400115999, 7.132329550737487 ] ], [ [ 100.485391241526045, 7.128087561015695 ], [ 100.485554394976987, 7.128087561015692 ], [ 100.485554394976987, 7.128250714466528 ], [ 100.485717548427928, 7.128250714466529 ], [ 100.485717548427914, 7.12874017481905 ], [ 100.485554394976987, 7.128740174819047 ], [ 100.485554394976987, 7.128903328269891 ], [ 100.48539124152606, 7.12890332826989 ], [ 100.48539124152606, 7.128740174819054 ], [ 100.485064934624546, 7.128740174819058 ], [ 100.485064934624575, 7.128413867917368 ], [ 100.484901781173619, 7.128413867917372 ], [ 100.484901781173647, 7.128087561015696 ], [ 100.48506493462456, 7.128087561015706 ], [ 100.48506493462456, 7.127924407564854 ], [ 100.48539124152606, 7.127924407564862 ], [ 100.485391241526045, 7.128087561015695 ] ], [ [ 100.48131240525538, 7.13020855587659 ], [ 100.481475558705938, 7.130208555876605 ], [ 100.481475558705938, 7.130371709327425 ], [ 100.481638712156851, 7.13037170932744 ], [ 100.481638712156851, 7.130534862778271 ], [ 100.481801865607792, 7.130534862778282 ], [ 100.481801865607778, 7.131024323130787 ], [ 100.481965019058705, 7.131024323130787 ], [ 100.481965019058705, 7.131187476581622 ], [ 100.481801865607792, 7.131187476581625 ], [ 100.481801865607792, 7.131350630032455 ], [ 100.481638712156865, 7.131350630032471 ], [ 100.481638712156851, 7.131513783483294 ], [ 100.481475558705952, 7.1315137834833 ], [ 100.481475558705952, 7.131676936934134 ], [ 100.480822944902584, 7.131676936934135 ], [ 100.480822944902584, 7.131513783483294 ], [ 100.480659791452013, 7.131513783483307 ], [ 100.480659791452013, 7.130861169679945 ], [ 100.48082294490257, 7.130861169679948 ], [ 100.480822944902599, 7.130534862778274 ], [ 100.480986098353512, 7.130534862778278 ], [ 100.480986098353526, 7.130371709327434 ], [ 100.481312405255352, 7.130371709327431 ], [ 100.48131240525538, 7.13020855587659 ] ] ], [ [ [ 100.506274883233388, 7.129882248974923 ], [ 100.506274883233388, 7.129856768015184 ], [ 100.505875514863163, 7.129794899273216 ], [ 100.504480195274226, 7.129537524908653 ], [ 100.50448019527424, 7.129882248974917 ], [ 100.504317041823313, 7.12988224897492 ], [ 100.504317041823313, 7.130371709327433 ], [ 100.504480195274226, 7.130371709327427 ], [ 100.504480195274255, 7.130208555876591 ], [ 100.504806502175754, 7.130208555876589 ], [ 100.50480650217574, 7.13004540242575 ], [ 100.505295962528521, 7.130045402425748 ], [ 100.505295962528521, 7.130371709327429 ], [ 100.505459115979093, 7.130371709327435 ], [ 100.505459115979093, 7.130534862778279 ], [ 100.505785422880948, 7.130534862778275 ], [ 100.505785422880933, 7.130371709327433 ], [ 100.505948576331889, 7.130371709327442 ], [ 100.505948576331889, 7.130208555876604 ], [ 100.506111729782447, 7.130208555876604 ], [ 100.506111729782447, 7.129882248974919 ], [ 100.506274883233388, 7.129882248974923 ] ] ], [ [ [ 100.499422438298353, 7.130045402425755 ], [ 100.499422438298339, 7.129882248974919 ], [ 100.499585591748897, 7.129882248974911 ], [ 100.499585591748911, 7.129719095524088 ], [ 100.499911898650765, 7.129719095524079 ], [ 100.499911898650765, 7.129882248974917 ], [ 100.500075052101707, 7.129882248974928 ], [ 100.500075052101678, 7.131024323130788 ], [ 100.500238205552265, 7.131024323130793 ], [ 100.500238205552279, 7.130698016229107 ], [ 100.500564512454133, 7.1306980162291 ], [ 100.500564512454119, 7.13086116967995 ], [ 100.500890819355604, 7.130861169679957 ], [ 100.500890819355618, 7.130534862778276 ], [ 100.501053972806559, 7.130534862778274 ], [ 100.501053972806559, 7.129719095524082 ], [ 100.500890819355618, 7.12971909552408 ], [ 100.500890819355618, 7.129392788622413 ], [ 100.500564512454119, 7.129392788622405 ], [ 100.500564512454119, 7.129229635171559 ], [ 100.500075052101707, 7.129229635171567 ], [ 100.500075052101693, 7.129392788622397 ], [ 100.499422438298353, 7.129392788622405 ], [ 100.499422438298339, 7.12922963517156 ], [ 100.498769824494985, 7.129229635171571 ], [ 100.498769824494985, 7.129392788622409 ], [ 100.498280364142204, 7.129392788622402 ], [ 100.498280364142204, 7.130045402425757 ], [ 100.498443517593145, 7.130045402425758 ], [ 100.498443517593117, 7.130371709327441 ], [ 100.498606671044044, 7.130371709327433 ], [ 100.498606671044058, 7.130534862778282 ], [ 100.498769824494985, 7.130534862778275 ], [ 100.498769824494985, 7.131024323130796 ], [ 100.498932977945572, 7.131024323130795 ], [ 100.498932977945557, 7.131187476581627 ], [ 100.499259284847398, 7.131187476581618 ], [ 100.499259284847412, 7.131024323130785 ], [ 100.499422438298339, 7.131024323130796 ], [ 100.499422438298353, 7.130698016229109 ], [ 100.499259284847412, 7.130698016229117 ], [ 100.499259284847412, 7.130045402425764 ], [ 100.499422438298353, 7.130045402425755 ] ] ], [ [ [ 100.491264765756242, 7.130698016229118 ], [ 100.491264765756256, 7.130534862778269 ], [ 100.490938458854743, 7.130534862778274 ], [ 100.490938458854743, 7.130371709327426 ], [ 100.490775305403815, 7.130371709327431 ], [ 100.490775305403801, 7.13053486277827 ], [ 100.490612151952888, 7.130534862778263 ], [ 100.490612151952888, 7.130371709327431 ], [ 100.490122691600476, 7.130371709327433 ], [ 100.490122691600462, 7.130534862778275 ], [ 100.48995953814952, 7.13053486277827 ], [ 100.48995953814952, 7.130861169679945 ], [ 100.490612151952888, 7.130861169679948 ], [ 100.490612151952874, 7.13102432313078 ], [ 100.490938458854743, 7.131024323130794 ], [ 100.490938458854728, 7.131187476581632 ], [ 100.49077530540383, 7.131187476581621 ], [ 100.490775305403815, 7.131350630032466 ], [ 100.491264765756256, 7.131350630032467 ], [ 100.491264765756242, 7.131187476581625 ], [ 100.491754226109023, 7.131187476581621 ], [ 100.491754226109009, 7.131350630032466 ], [ 100.491917379559595, 7.131350630032459 ], [ 100.491917379559595, 7.131187476581635 ], [ 100.492080533010522, 7.131187476581618 ], [ 100.492080533010508, 7.130861169679951 ], [ 100.491917379559595, 7.130861169679944 ], [ 100.491917379559595, 7.130698016229119 ], [ 100.491264765756242, 7.130698016229118 ] ] ], [ [ [ 100.492569993362949, 7.133145317991682 ], [ 100.492406839912036, 7.133145317991679 ], [ 100.492406839912022, 7.132982164540847 ], [ 100.492080533010522, 7.132982164540858 ], [ 100.492080533010522, 7.132819011090009 ], [ 100.491917379559595, 7.132819011090008 ], [ 100.491917379559595, 7.132329550737492 ], [ 100.491754226109023, 7.132329550737504 ], [ 100.491754226109038, 7.132166397286663 ], [ 100.491427919207169, 7.132166397286656 ], [ 100.491427919207169, 7.132329550737496 ], [ 100.49110161230567, 7.132329550737492 ], [ 100.491101612305684, 7.132655857639173 ], [ 100.490938458854743, 7.132655857639162 ], [ 100.490938458854743, 7.132819011090006 ], [ 100.490775305403815, 7.132819011090008 ], [ 100.490775305403815, 7.132982164540858 ], [ 100.490318885636782, 7.132982164540841 ], [ 100.490317769858024, 7.133001061827617 ], [ 100.489633231248035, 7.132995428371335 ], [ 100.489633231248035, 7.133308471442525 ], [ 100.489470077797108, 7.133308471442517 ], [ 100.489470077797108, 7.133375975061137 ], [ 100.490375082352671, 7.13323174006492 ], [ 100.492873729597704, 7.133410085335201 ], [ 100.493229265084963, 7.133397610405843 ], [ 100.493616943450462, 7.133463133509861 ], [ 100.495506755478203, 7.13359802211316 ], [ 100.495506755478218, 7.133471624893367 ], [ 100.495017295125436, 7.133471624893358 ], [ 100.495017295125436, 7.133308471442528 ], [ 100.494690988223937, 7.133308471442525 ], [ 100.494690988223951, 7.133145317991681 ], [ 100.493712067518729, 7.133145317991693 ], [ 100.493712067518729, 7.132982164540845 ], [ 100.492569993362935, 7.132982164540855 ], [ 100.492569993362949, 7.133145317991682 ] ] ] ] } },
{ "type": "Feature", "properties": { "TB_IDN": 901105, "TB_TN": "ต.คลองแห", "AP_IDN": 9011, "AP_TN": "อ.หาดใหญ่", "PV_IDN": 90, "PV_TN": "จ.สงขลา", "RE_NESDB": "South", "RE_ROYIN": "South", "F_AREA": 1237655.51293, "flood_area": 773.535, "A": 1.238 }, "geometry": { "type": "MultiPolygon", "coordinates": [ [ [ [ 100.491264765756242, 7.06511032899235 ], [ 100.491264765756242, 7.064947175541498 ], [ 100.491427919207169, 7.064947175541504 ], [ 100.491427919207155, 7.064784022090659 ], [ 100.491591072658096, 7.064784022090664 ], [ 100.491591072658096, 7.064131408287309 ], [ 100.491427919207155, 7.064131408287322 ], [ 100.491427919207169, 7.063968254836469 ], [ 100.491101612305684, 7.063968254836468 ], [ 100.49110161230567, 7.064131408287309 ], [ 100.490938458854743, 7.064131408287323 ], [ 100.490938458854743, 7.064457715188991 ], [ 100.490775305403815, 7.064457715188985 ], [ 100.490775305403815, 7.064784022090665 ], [ 100.490612151952888, 7.064784022090673 ], [ 100.490612151952874, 7.06511032899234 ], [ 100.490775305403815, 7.065110328992334 ], [ 100.490775305403815, 7.065273482443171 ], [ 100.49110161230567, 7.065273482443175 ], [ 100.49110161230567, 7.065110328992338 ], [ 100.491264765756242, 7.06511032899235 ] ] ], [ [ [ 100.486859622583694, 7.072125927378403 ], [ 100.487022776034621, 7.072125927378391 ], [ 100.487022776034635, 7.071962773927547 ], [ 100.487185929485548, 7.071962773927562 ], [ 100.487185929485548, 7.07098385322252 ], [ 100.487022776034621, 7.070983853222526 ], [ 100.487022776034621, 7.07082069977169 ], [ 100.487185929485548, 7.070820699771694 ], [ 100.487185929485534, 7.070494392870004 ], [ 100.487512236387033, 7.070494392870003 ], [ 100.487512236387033, 7.069678625615817 ], [ 100.48767538983796, 7.069678625615821 ], [ 100.487675389837975, 7.06951547216498 ], [ 100.487838543288916, 7.069515472164976 ], [ 100.487838543288902, 7.069678625615821 ], [ 100.488001696739488, 7.069678625615818 ], [ 100.488001696739474, 7.069841779066646 ], [ 100.488164850190401, 7.069841779066661 ], [ 100.488164850190401, 7.070168085968329 ], [ 100.488328003641342, 7.070168085968342 ], [ 100.488328003641314, 7.070331239419178 ], [ 100.488491157092255, 7.070331239419164 ], [ 100.488491157092241, 7.070168085968326 ], [ 100.488654310542827, 7.070168085968325 ], [ 100.488654310542827, 7.070004932517492 ], [ 100.488817463993755, 7.070004932517505 ], [ 100.488817463993755, 7.069515472164981 ], [ 100.488980617444682, 7.069515472164979 ], [ 100.488980617444696, 7.069352318714139 ], [ 100.488817463993755, 7.069352318714136 ], [ 100.488817463993769, 7.069189165263293 ], [ 100.488980617444682, 7.0691891652633 ], [ 100.488980617444682, 7.069026011812463 ], [ 100.488817463993755, 7.06902601181247 ], [ 100.488817463993755, 7.068699704910792 ], [ 100.488654310542827, 7.068699704910795 ], [ 100.488654310542813, 7.068373398009116 ], [ 100.488491157092241, 7.068373398009119 ], [ 100.488491157092255, 7.06821024455828 ], [ 100.488328003641314, 7.06821024455827 ], [ 100.488328003641328, 7.068047091107434 ], [ 100.488164850190415, 7.068047091107433 ], [ 100.488164850190401, 7.067720784205764 ], [ 100.488001696739474, 7.067720784205758 ], [ 100.488001696739474, 7.067557630754928 ], [ 100.487838543288902, 7.067557630754915 ], [ 100.487838543288902, 7.06739447730409 ], [ 100.487675389837975, 7.067394477304076 ], [ 100.487675389837989, 7.067231323853238 ], [ 100.487185929485548, 7.067231323853244 ], [ 100.487185929485562, 7.067394477304082 ], [ 100.486859622583694, 7.067394477304086 ], [ 100.486859622583708, 7.06723132385325 ], [ 100.486696469132767, 7.067231323853237 ], [ 100.486696469132767, 7.067068170402394 ], [ 100.486370162231253, 7.067068170402403 ], [ 100.486370162231267, 7.066905016951572 ], [ 100.4857175484279, 7.066905016951569 ], [ 100.485717548427914, 7.06723132385325 ], [ 100.485554394977001, 7.06723132385325 ], [ 100.485554394976987, 7.06739447730407 ], [ 100.485717548427914, 7.067394477304073 ], [ 100.485717548427928, 7.067720784205763 ], [ 100.485880701878827, 7.067720784205761 ], [ 100.485880701878855, 7.068047091107436 ], [ 100.485717548427928, 7.068047091107439 ], [ 100.485717548427914, 7.068210244558268 ], [ 100.485228088075488, 7.068210244558264 ], [ 100.485228088075488, 7.068373398009107 ], [ 100.484738627722692, 7.06837339800912 ], [ 100.484738627722706, 7.06869970491079 ], [ 100.484901781173633, 7.068699704910781 ], [ 100.484901781173633, 7.068536551459948 ], [ 100.485554394976987, 7.06853655145996 ], [ 100.485554394976987, 7.068699704910792 ], [ 100.485717548427928, 7.068699704910785 ], [ 100.485717548427928, 7.06886285836162 ], [ 100.485880701878841, 7.06886285836162 ], [ 100.485880701878827, 7.068536551459951 ], [ 100.486207008780354, 7.068536551459945 ], [ 100.486207008780354, 7.068699704910796 ], [ 100.486370162231267, 7.068699704910788 ], [ 100.486370162231267, 7.068536551459942 ], [ 100.486533315682195, 7.068536551459942 ], [ 100.486533315682195, 7.068210244558283 ], [ 100.48734908293612, 7.068210244558264 ], [ 100.48734908293612, 7.068373398009119 ], [ 100.487512236387062, 7.068373398009108 ], [ 100.487512236387047, 7.068536551459951 ], [ 100.48734908293612, 7.068536551459957 ], [ 100.48734908293612, 7.068862858361633 ], [ 100.487185929485534, 7.068862858361626 ], [ 100.487185929485562, 7.069026011812457 ], [ 100.486859622583708, 7.069026011812471 ], [ 100.486859622583694, 7.069189165263304 ], [ 100.486696469132767, 7.069189165263301 ], [ 100.486696469132752, 7.070820699771684 ], [ 100.486533315682209, 7.070820699771682 ], [ 100.486533315682195, 7.070983853222519 ], [ 100.486043855329413, 7.070983853222533 ], [ 100.486043855329413, 7.070820699771684 ], [ 100.485880701878841, 7.070820699771692 ], [ 100.485880701878841, 7.070657546320844 ], [ 100.485554394976987, 7.070657546320849 ], [ 100.485554394976987, 7.070983853222522 ], [ 100.48539124152606, 7.070983853222533 ], [ 100.48539124152606, 7.071473313575031 ], [ 100.486043855329427, 7.071473313575046 ], [ 100.486043855329427, 7.0721259273784 ], [ 100.486207008780326, 7.072125927378401 ], [ 100.48620700878034, 7.072289080829235 ], [ 100.486370162231282, 7.072289080829231 ], [ 100.486370162231267, 7.072452234280061 ], [ 100.486533315682181, 7.07245223428007 ], [ 100.486533315682181, 7.072289080829243 ], [ 100.486859622583694, 7.072289080829235 ], [ 100.486859622583694, 7.072125927378403 ] ] ], [ [ [ 100.506601190135143, 7.065277418611011 ], [ 100.506601190135228, 7.065273482443172 ], [ 100.506438036684287, 7.065273482443177 ], [ 100.506438036684287, 7.065436635894016 ], [ 100.506274883233374, 7.065436635894029 ], [ 100.506274883233388, 7.065273482443188 ], [ 100.505785422880948, 7.065273482443178 ], [ 100.505785422880948, 7.065436635894017 ], [ 100.505295962528521, 7.065436635894017 ], [ 100.505295962528521, 7.065599789344851 ], [ 100.504969655626667, 7.065599789344861 ], [ 100.504969655626681, 7.065762942795703 ], [ 100.5039907349218, 7.065762942795696 ], [ 100.503990734921814, 7.065599789344848 ], [ 100.503501274569032, 7.065599789344851 ], [ 100.503501274569047, 7.065436635894023 ], [ 100.50333812111846, 7.065436635894017 ], [ 100.50333812111846, 7.06511032899235 ], [ 100.503174967667533, 7.065110328992336 ], [ 100.503174967667519, 7.064947175541501 ], [ 100.503011814216606, 7.064947175541502 ], [ 100.503011814216592, 7.064784022090672 ], [ 100.502685507315107, 7.06478402209066 ], [ 100.502685507315107, 7.064620868639826 ], [ 100.502522353864165, 7.064620868639836 ], [ 100.502522353864194, 7.064457715188992 ], [ 100.501706586609913, 7.064457715188981 ], [ 100.501706586609899, 7.064620868639831 ], [ 100.500401359003192, 7.064620868639834 ], [ 100.500401359003192, 7.064457715188999 ], [ 100.500075052101707, 7.064457715188998 ], [ 100.500075052101707, 7.064620868639823 ], [ 100.499911898650765, 7.06462086863983 ], [ 100.499911898650765, 7.064784022090668 ], [ 100.499748745199838, 7.064784022090662 ], [ 100.499748745199852, 7.064947175541496 ], [ 100.499422438298339, 7.064947175541498 ], [ 100.499422438298325, 7.065110328992334 ], [ 100.498769824494985, 7.065110328992352 ], [ 100.498769824494971, 7.064947175541496 ], [ 100.497954057240705, 7.064947175541513 ], [ 100.497954057240705, 7.065110328992345 ], [ 100.49762775033885, 7.065110328992334 ], [ 100.497627750338864, 7.06527348244318 ], [ 100.497301443437337, 7.065273482443177 ], [ 100.497301443437351, 7.06543663589401 ], [ 100.49681198308491, 7.065436635894019 ], [ 100.496811983084925, 7.065762942795689 ], [ 100.496648829633997, 7.065762942795703 ], [ 100.496648829633997, 7.066415556599058 ], [ 100.49648567618307, 7.066415556599059 ], [ 100.49648567618307, 7.066578710049889 ], [ 100.496322522732143, 7.066578710049895 ], [ 100.496322522732129, 7.066741863500733 ], [ 100.496159369281571, 7.066741863500719 ], [ 100.496159369281557, 7.066905016951564 ], [ 100.495506755478218, 7.066905016951557 ], [ 100.495506755478218, 7.066741863500738 ], [ 100.495017295125436, 7.066741863500718 ], [ 100.495017295125436, 7.066578710049897 ], [ 100.494854141674864, 7.066578710049881 ], [ 100.494854141674864, 7.066741863500734 ], [ 100.494690988223923, 7.066741863500732 ], [ 100.494690988223951, 7.066905016951557 ], [ 100.494527834773024, 7.066905016951562 ], [ 100.494527834772995, 7.068210244558274 ], [ 100.494690988223923, 7.068210244558274 ], [ 100.494690988223937, 7.068373398009101 ], [ 100.49485414167485, 7.068373398009117 ], [ 100.49485414167485, 7.068699704910778 ], [ 100.49501729512545, 7.068699704910798 ], [ 100.495017295125436, 7.068862858361629 ], [ 100.495180448576349, 7.068862858361636 ], [ 100.495180448576377, 7.069026011812458 ], [ 100.495343602027276, 7.069026011812474 ], [ 100.49534360202729, 7.069189165263301 ], [ 100.495506755478218, 7.069189165263303 ], [ 100.495506755478232, 7.069352318714135 ], [ 100.495833062379731, 7.069352318714141 ], [ 100.495833062379717, 7.069515472164983 ], [ 100.49599621583063, 7.069515472164981 ], [ 100.495996215830658, 7.069678625615826 ], [ 100.496159369281571, 7.069678625615823 ], [ 100.496159369281571, 7.069841779066646 ], [ 100.496322522732129, 7.069841779066657 ], [ 100.496322522732143, 7.070004932517501 ], [ 100.49648567618307, 7.070004932517501 ], [ 100.49648567618307, 7.070331239419172 ], [ 100.496648829633983, 7.070331239419174 ], [ 100.496648829633997, 7.07049439287002 ], [ 100.496811983084925, 7.070494392870006 ], [ 100.496811983084925, 7.070983853222533 ], [ 100.496783316863727, 7.070983853222523 ], [ 100.497464596888278, 7.071558740659119 ], [ 100.497464596888264, 7.071310160124205 ], [ 100.497301443437351, 7.071310160124197 ], [ 100.497301443437365, 7.071147006673354 ], [ 100.497138289986424, 7.071147006673359 ], [ 100.497138289986424, 7.070983853222528 ], [ 100.49762775033885, 7.070983853222518 ], [ 100.497627750338864, 7.071147006673357 ], [ 100.497790903789777, 7.071147006673362 ], [ 100.497790903789777, 7.071310160124208 ], [ 100.497954057240705, 7.071310160124204 ], [ 100.497954057240705, 7.071473313575037 ], [ 100.498117210691618, 7.071473313575037 ], [ 100.498117210691646, 7.071636467025879 ], [ 100.498280364142204, 7.071636467025882 ], [ 100.498280364142204, 7.071962773927554 ], [ 100.497947703381314, 7.071962773927555 ], [ 100.498740983172056, 7.072621241376926 ], [ 100.498906429111855, 7.072778541181743 ], [ 100.499096131396485, 7.072778541181754 ], [ 100.49909613139647, 7.072615387730902 ], [ 100.499422438298339, 7.072615387730897 ], [ 100.499422438298339, 7.072452234280081 ], [ 100.499911898650765, 7.072452234280071 ], [ 100.499911898650765, 7.072615387730901 ], [ 100.500075052101693, 7.072615387730913 ], [ 100.500075052101693, 7.072778541181755 ], [ 100.500238205552265, 7.072778541181747 ], [ 100.500238205552265, 7.073268001534265 ], [ 100.500075052101693, 7.073268001534272 ], [ 100.500075052101693, 7.073594308435935 ], [ 100.49991189865078, 7.073594308435932 ], [ 100.499911898650765, 7.073757461886776 ], [ 100.499748745199852, 7.073757461886789 ], [ 100.499748745199852, 7.074083768788444 ], [ 100.499585591748911, 7.074083768788456 ], [ 100.499585591748911, 7.074899536042645 ], [ 100.499422438298353, 7.074899536042653 ], [ 100.499422438298339, 7.075032039162242 ], [ 100.501792628624131, 7.074028639996619 ], [ 100.503766120703659, 7.070437081752115 ], [ 100.506601190135143, 7.065277418611011 ] ] ], [ [ [ 100.498932977945557, 7.073757461886787 ], [ 100.498769824494985, 7.073757461886773 ], [ 100.498769824494985, 7.073431154985098 ], [ 100.498606671044058, 7.073431154985107 ], [ 100.498606671044072, 7.072941694632596 ], [ 100.498726224443502, 7.072941694632578 ], [ 100.498718035878127, 7.072932354460838 ], [ 100.498566639497099, 7.072774929438579 ], [ 100.498187152007148, 7.072443577638541 ], [ 100.497363358637159, 7.071733228927473 ], [ 100.496476404614413, 7.070983853222533 ], [ 100.496322522732143, 7.070983853222519 ], [ 100.496322522732143, 7.070854325659281 ], [ 100.496282502922369, 7.070820699771684 ], [ 100.496159369281557, 7.070820699771684 ], [ 100.496159369281571, 7.070717239061015 ], [ 100.496088326038375, 7.070657546320856 ], [ 100.495669908928789, 7.070657546320858 ], [ 100.495669908928789, 7.070820699771694 ], [ 100.495506755478203, 7.070820699771683 ], [ 100.495506755478203, 7.071147006673356 ], [ 100.495669908928789, 7.071147006673353 ], [ 100.495669908928789, 7.071962773927563 ], [ 100.495506755478232, 7.07196277392755 ], [ 100.495506755478232, 7.072125927378398 ], [ 100.495180448576363, 7.072125927378395 ], [ 100.495180448576363, 7.072289080829235 ], [ 100.49420152787151, 7.07228908082923 ], [ 100.49420152787151, 7.072452234280068 ], [ 100.494038374420583, 7.07245223428007 ], [ 100.494038374420583, 7.072615387730917 ], [ 100.49420152787151, 7.072615387730911 ], [ 100.49420152787151, 7.072941694632576 ], [ 100.494364681322082, 7.072941694632593 ], [ 100.494364681322082, 7.073268001534272 ], [ 100.494527834773024, 7.073268001534259 ], [ 100.49452783477301, 7.073757461886788 ], [ 100.494690988223937, 7.073757461886776 ], [ 100.494690988223937, 7.074410075690125 ], [ 100.494854141674864, 7.074410075690137 ], [ 100.494854141674864, 7.074736382591809 ], [ 100.495017295125436, 7.074736382591798 ], [ 100.495017295125422, 7.07482646268418 ], [ 100.495116240803029, 7.074792866142793 ], [ 100.495207304328829, 7.074801567074593 ], [ 100.495241234520464, 7.074826543126944 ], [ 100.495282918800314, 7.074899536042644 ], [ 100.495343602027276, 7.074899536042651 ], [ 100.49534360202729, 7.075005797819276 ], [ 100.495469263847085, 7.075225842944326 ], [ 100.495669908928789, 7.075225842944327 ], [ 100.495669908928789, 7.075552149845993 ], [ 100.495833062379717, 7.075552149845992 ], [ 100.495833062379717, 7.075715303296841 ], [ 100.49599621583063, 7.075715303296848 ], [ 100.495996215830644, 7.075878456747677 ], [ 100.496159369281585, 7.075878456747674 ], [ 100.496159369281571, 7.076041610198523 ], [ 100.496322522732143, 7.076041610198526 ], [ 100.496322522732143, 7.076344361070976 ], [ 100.49909613139657, 7.07517017831054 ], [ 100.499096131396485, 7.074573229140963 ], [ 100.498932977945557, 7.074573229140967 ], [ 100.498932977945557, 7.073757461886787 ] ] ], [ [ [ 100.494690988223937, 7.075878456747668 ], [ 100.493875220969656, 7.075878456747676 ], [ 100.49387522096967, 7.076041610198513 ], [ 100.492896300264803, 7.076041610198514 ], [ 100.492896300264789, 7.076204763649344 ], [ 100.49273314681389, 7.076204763649352 ], [ 100.492733146813876, 7.076367917100199 ], [ 100.492896300264803, 7.076367917100196 ], [ 100.492896300264803, 7.076531070551029 ], [ 100.49338576061723, 7.076531070551031 ], [ 100.49338576061723, 7.076694224001874 ], [ 100.493548914068157, 7.076694224001864 ], [ 100.493548914068143, 7.076857377452709 ], [ 100.493712067518715, 7.076857377452701 ], [ 100.493712067518729, 7.077020530903544 ], [ 100.494038374420583, 7.077020530903539 ], [ 100.494038374420583, 7.077256999084839 ], [ 100.495180448576363, 7.076807369693976 ], [ 100.495180448576363, 7.076367917100201 ], [ 100.49501729512545, 7.076367917100201 ], [ 100.495017295125436, 7.076204763649355 ], [ 100.49485414167485, 7.076204763649346 ], [ 100.49485414167485, 7.076041610198509 ], [ 100.494690988223937, 7.076041610198517 ], [ 100.494690988223937, 7.075878456747668 ] ] ], [ [ [ 100.491754226109023, 7.077673144706906 ], [ 100.491917379559595, 7.077673144706893 ], [ 100.491917379559595, 7.077183684354383 ], [ 100.491754226109038, 7.077183684354393 ], [ 100.491754226109023, 7.077020530903545 ], [ 100.491591072658096, 7.077020530903551 ], [ 100.491591072658096, 7.077183684354386 ], [ 100.491427919207169, 7.077183684354392 ], [ 100.491427919207169, 7.077346837805231 ], [ 100.491264765756227, 7.077346837805218 ], [ 100.491264765756242, 7.077509991256061 ], [ 100.49110161230567, 7.077509991256064 ], [ 100.49110161230567, 7.077346837805219 ], [ 100.489796384698963, 7.077346837805218 ], [ 100.489796384698963, 7.077183684354392 ], [ 100.489306924346167, 7.077183684354383 ], [ 100.489306924346181, 7.077346837805216 ], [ 100.489143770895623, 7.077346837805225 ], [ 100.489143770895609, 7.077509991256066 ], [ 100.488817463993755, 7.077509991256063 ], [ 100.48881746399374, 7.077673144706891 ], [ 100.488654310542842, 7.077673144706893 ], [ 100.488654310542827, 7.077509991256063 ], [ 100.487675389837975, 7.077509991256067 ], [ 100.487675389837989, 7.077836298157739 ], [ 100.487512236387047, 7.077836298157748 ], [ 100.487512236387047, 7.078325758510256 ], [ 100.487505085168308, 7.07832575851025 ], [ 100.488001696739474, 7.078476906918799 ], [ 100.488001696739474, 7.078325758510259 ], [ 100.487838543288902, 7.078325758510248 ], [ 100.487838543288916, 7.078162605059407 ], [ 100.488001696739474, 7.078162605059413 ], [ 100.488001696739474, 7.077999451608566 ], [ 100.488817463993769, 7.077999451608569 ], [ 100.488817463993755, 7.078162605059418 ], [ 100.489143770895595, 7.07816260505941 ], [ 100.489143770895609, 7.078325758510251 ], [ 100.489306924346181, 7.078325758510248 ], [ 100.489306924346181, 7.078815218862675 ], [ 100.489143770895609, 7.078815218862678 ], [ 100.489143770895609, 7.0788312173644 ], [ 100.489654736810252, 7.078998144078727 ], [ 100.490203257620891, 7.078773693843782 ], [ 100.491754226109023, 7.078159680604256 ], [ 100.491754226109023, 7.077673144706906 ] ] ], [ [ [ 100.487349082936134, 7.079141525764356 ], [ 100.487185929485534, 7.07914152576435 ], [ 100.487185929485562, 7.079304679215201 ], [ 100.487022776034635, 7.079304679215188 ], [ 100.487022776034635, 7.079141525764348 ], [ 100.486859622583694, 7.079141525764349 ], [ 100.486859622583694, 7.079304679215196 ], [ 100.486533315682181, 7.079304679215191 ], [ 100.486533315682195, 7.079467832666031 ], [ 100.486370162231253, 7.079467832666023 ], [ 100.486370162231267, 7.079630986116867 ], [ 100.48620700878034, 7.079630986116882 ], [ 100.48620700878034, 7.079957293018551 ], [ 100.486043855329413, 7.079957293018548 ], [ 100.486043855329413, 7.080283599920216 ], [ 100.48620700878034, 7.08028359992022 ], [ 100.486207008780426, 7.080408833083702 ], [ 100.486286508907, 7.080376395422353 ], [ 100.488897653037853, 7.07930793657394 ], [ 100.48734908293612, 7.078805132350781 ], [ 100.487349082936134, 7.079141525764356 ] ] ] ] } },
{ "type": "Feature", "properties": { "TB_IDN": 901107, "TB_TN": "ต.คลองอู่ตะเภา", "AP_IDN": 9011, "AP_TN": "อ.หาดใหญ่", "PV_IDN": 90, "PV_TN": "จ.สงขลา", "RE_NESDB": "South", "RE_ROYIN": "South", "F_AREA": 85200.170945499995, "flood_area": 53.2501, "A": 0.085 }, "geometry": { "type": "MultiPolygon", "coordinates": [ [ [ [ 100.44509233916942, 7.048631830457754 ], [ 100.44509233916942, 7.048468677006916 ], [ 100.445255492619992, 7.048468677006916 ], [ 100.445255492619992, 7.047979216654402 ], [ 100.44541864607092, 7.047979216654401 ], [ 100.44541864607092, 7.047816063203562 ], [ 100.445908106423346, 7.047816063203562 ], [ 100.445908106423346, 7.047652909752724 ], [ 100.446071259874273, 7.047652909752725 ], [ 100.446071259874273, 7.047326602851048 ], [ 100.445908106423346, 7.047326602851047 ], [ 100.445908106423346, 7.047163449400209 ], [ 100.445744952972774, 7.047163449400209 ], [ 100.445744952972774, 7.04700029594937 ], [ 100.445581799521847, 7.04700029594937 ], [ 100.445581799521847, 7.046837142498531 ], [ 100.444929185718493, 7.046837142498532 ], [ 100.444929185718493, 7.046673989047693 ], [ 100.444766032267566, 7.046673989047694 ], [ 100.444766032267566, 7.046510835596855 ], [ 100.444602878816639, 7.046510835596857 ], [ 100.444602878816639, 7.046347682146017 ], [ 100.444766032267566, 7.046347682146017 ], [ 100.444766032267566, 7.04602137524434 ], [ 100.444929185718493, 7.04602137524434 ], [ 100.444929185718493, 7.045695068342662 ], [ 100.44509233916942, 7.045695068342662 ], [ 100.44509233916942, 7.045205607990148 ], [ 100.445255492619992, 7.045205607990148 ], [ 100.445255492619992, 7.044716147637633 ], [ 100.44509233916942, 7.044716147637633 ], [ 100.44509233916942, 7.044552994186795 ], [ 100.444929185718493, 7.044552994186795 ], [ 100.444929185718493, 7.044389840735956 ], [ 100.444439725366067, 7.044389840735957 ], [ 100.444439725366067, 7.044226687285118 ], [ 100.443787111562713, 7.044226687285118 ], [ 100.443787111562713, 7.044063533834279 ], [ 100.442808190857505, 7.044063533834281 ], [ 100.442808190857505, 7.044226687285118 ], [ 100.442645037406578, 7.044226687285118 ], [ 100.442645037406578, 7.044716147637634 ], [ 100.442808190857505, 7.044716147637634 ], [ 100.442808190857505, 7.044879301088471 ], [ 100.442971344308432, 7.044879301088471 ], [ 100.442971344308432, 7.045042454539309 ], [ 100.44313449775936, 7.045042454539309 ], [ 100.44313449775936, 7.045205607990148 ], [ 100.443297651209932, 7.045205607990148 ], [ 100.443297651209932, 7.045368761440987 ], [ 100.443460804660859, 7.045368761440988 ], [ 100.443460804660859, 7.045531914891824 ], [ 100.443623958111786, 7.045531914891825 ], [ 100.443623958111786, 7.046347682146016 ], [ 100.443460804660859, 7.046347682146016 ], [ 100.443460804660859, 7.04700029594937 ], [ 100.443950265013285, 7.04700029594937 ], [ 100.443950265013285, 7.047163449400209 ], [ 100.44427657191514, 7.047163449400209 ], [ 100.44427657191514, 7.04814237010524 ], [ 100.444439725366067, 7.048142370105239 ], [ 100.444439725366067, 7.048305523556078 ], [ 100.444602878816639, 7.048305523556079 ], [ 100.444602878816639, 7.048468677006916 ], [ 100.444766032267566, 7.048468677006916 ], [ 100.444766032267566, 7.048631830457754 ], [ 100.44509233916942, 7.048631830457754 ] ] ] ] } },
{ "type": "Feature", "properties": { "TB_IDN": 901108, "TB_TN": "ต.ฉลุง", "AP_IDN": 9011, "AP_TN": "อ.หาดใหญ่", "PV_IDN": 90, "PV_TN": "จ.สงขลา", "RE_NESDB": "South", "RE_ROYIN": "South", "F_AREA": 12032.265089500001, "flood_area": 7.52017, "A": 0.012 }, "geometry": { "type": "MultiPolygon", "coordinates": [ [ [ [ 100.314243271597562, 6.987612439844461 ], [ 100.314243271597562, 6.987449286393623 ], [ 100.314406425048134, 6.987449286393623 ], [ 100.314406425048134, 6.986633519139431 ], [ 100.314243271597562, 6.98663351913943 ], [ 100.314243271597562, 6.986470365688593 ], [ 100.313427504343281, 6.986470365688593 ], [ 100.313427504343281, 6.987286132942785 ], [ 100.313590657794208, 6.987286132942785 ], [ 100.313590657794208, 6.987449286393623 ], [ 100.31375381124478, 6.987449286393624 ], [ 100.31375381124478, 6.987612439844462 ], [ 100.314243271597562, 6.987612439844461 ] ] ] ] } },
{ "type": "Feature", "properties": { "TB_IDN": 901112, "TB_TN": "ต.ทุ่งตำเสา", "AP_IDN": 9011, "AP_TN": "อ.หาดใหญ่", "PV_IDN": 90, "PV_TN": "จ.สงขลา", "RE_NESDB": "South", "RE_ROYIN": "South", "F_AREA": 637790.91577600001, "flood_area": 398.619, "A": 0.638 }, "geometry": { "type": "MultiPolygon", "coordinates": [ [ [ [ 100.381788800244124, 6.946824077135046 ], [ 100.381788800244109, 6.946497770233374 ], [ 100.381625646793566, 6.946497770233368 ], [ 100.381625646793552, 6.945845156430013 ], [ 100.381788800244124, 6.945845156430018 ], [ 100.381788800244124, 6.94568200297917 ], [ 100.381951953695037, 6.945682002979174 ], [ 100.381951953695037, 6.944703082274135 ], [ 100.382115107145978, 6.944703082274139 ], [ 100.382115107145978, 6.943887315019944 ], [ 100.381951953695051, 6.943887315019957 ], [ 100.381951953695051, 6.943724161569114 ], [ 100.381462493342624, 6.943724161569106 ], [ 100.381462493342624, 6.945029389175828 ], [ 100.381299339891697, 6.945029389175824 ], [ 100.381299339891697, 6.945682002979177 ], [ 100.381136186440784, 6.945682002979171 ], [ 100.38113618644077, 6.94617146333169 ], [ 100.381299339891697, 6.946171463331678 ], [ 100.381299339891697, 6.946987230585881 ], [ 100.381625646793566, 6.946987230585878 ], [ 100.381625646793537, 6.94682407713504 ], [ 100.381788800244124, 6.946824077135046 ] ] ], [ [ [ 100.379015191580137, 6.951881834111034 ], [ 100.379178345030709, 6.951881834111033 ], [ 100.379178345030709, 6.951555527209361 ], [ 100.379015191580123, 6.951555527209346 ], [ 100.379015191580152, 6.95122922030767 ], [ 100.378852038129196, 6.951229220307686 ], [ 100.37885203812921, 6.951066066856844 ], [ 100.378688884678269, 6.951066066856839 ], [ 100.378688884678283, 6.950902913405998 ], [ 100.378525731227356, 6.950902913405996 ], [ 100.378525731227356, 6.950739759955159 ], [ 100.378362577776798, 6.950739759955159 ], [ 100.378362577776784, 6.950576606504328 ], [ 100.378036270874929, 6.950576606504318 ], [ 100.378036270874929, 6.950413453053491 ], [ 100.377709963973416, 6.950413453053485 ], [ 100.37770996397343, 6.950250299602649 ], [ 100.377383657071576, 6.95025029960264 ], [ 100.37738365707159, 6.9500871461518 ], [ 100.377220503620649, 6.950087146151811 ], [ 100.377220503620649, 6.949923992700964 ], [ 100.377057350170077, 6.949923992700977 ], [ 100.377057350170077, 6.949597685799302 ], [ 100.377220503620649, 6.949597685799295 ], [ 100.377220503620649, 6.949434532348453 ], [ 100.377383657071562, 6.949434532348461 ], [ 100.377383657071562, 6.94927137889762 ], [ 100.377873117423988, 6.949271378897611 ], [ 100.377873117424002, 6.949434532348458 ], [ 100.378036270874944, 6.949434532348464 ], [ 100.378036270874929, 6.949271378897615 ], [ 100.378362577776784, 6.949271378897609 ], [ 100.378362577776784, 6.949108225446772 ], [ 100.37852573122737, 6.949108225446785 ], [ 100.378525731227342, 6.94894507199594 ], [ 100.378852038129196, 6.948945071995941 ], [ 100.378852038129224, 6.948618765094258 ], [ 100.379015191580137, 6.948618765094259 ], [ 100.379015191580123, 6.948129304741758 ], [ 100.379178345030709, 6.948129304741752 ], [ 100.379178345030709, 6.947802997840066 ], [ 100.379341498481637, 6.947802997840069 ], [ 100.379341498481651, 6.947639844389228 ], [ 100.379504651932564, 6.947639844389236 ], [ 100.37950465193255, 6.947476690938397 ], [ 100.380320419186859, 6.947476690938397 ], [ 100.38032041918683, 6.947313537487561 ], [ 100.380646726088344, 6.947313537487554 ], [ 100.38064672608833, 6.947150384036709 ], [ 100.380809879539271, 6.947150384036711 ], [ 100.380809879539271, 6.946824077135046 ], [ 100.38064672608833, 6.946824077135042 ], [ 100.380646726088344, 6.9466609236842 ], [ 100.380483572637417, 6.946660923684195 ], [ 100.380483572637417, 6.946497770233362 ], [ 100.380320419186845, 6.946497770233357 ], [ 100.38032041918683, 6.946008309880837 ], [ 100.380483572637402, 6.946008309880841 ], [ 100.380483572637417, 6.94470308227415 ], [ 100.380646726088344, 6.944703082274143 ], [ 100.38064672608833, 6.944376775372469 ], [ 100.380809879539271, 6.944376775372461 ], [ 100.380809879539271, 6.94421362192162 ], [ 100.380973032990198, 6.944213621921617 ], [ 100.380973032990184, 6.944050468470788 ], [ 100.38113618644077, 6.944050468470792 ], [ 100.38113618644077, 6.943397854667428 ], [ 100.381299339891697, 6.943397854667436 ], [ 100.381299339891697, 6.94225578051156 ], [ 100.381136186440756, 6.942255780511569 ], [ 100.38113618644077, 6.942092627060719 ], [ 100.381299339891697, 6.942092627060735 ], [ 100.381299339891697, 6.941603166708222 ], [ 100.381136186440784, 6.941603166708209 ], [ 100.381136186440756, 6.941440013257377 ], [ 100.380973032990184, 6.941440013257379 ], [ 100.380973032990198, 6.941766320159061 ], [ 100.380809879539285, 6.941766320159054 ], [ 100.380809879539257, 6.943071547765753 ], [ 100.380646726088344, 6.943071547765763 ], [ 100.38064672608833, 6.943887315019946 ], [ 100.380320419186845, 6.943887315019956 ], [ 100.380320419186845, 6.944050468470781 ], [ 100.380157265735917, 6.944050468470789 ], [ 100.380157265735917, 6.94421362192162 ], [ 100.379178345030724, 6.94421362192162 ], [ 100.379178345030709, 6.944050468470786 ], [ 100.378852038129224, 6.944050468470796 ], [ 100.378852038129224, 6.943724161569103 ], [ 100.378688884678283, 6.943724161569117 ], [ 100.378688884678283, 6.943561008118269 ], [ 100.378525731227356, 6.943561008118263 ], [ 100.378525731227356, 6.943397854667438 ], [ 100.378362577776784, 6.943397854667434 ], [ 100.378362577776784, 6.943234701216594 ], [ 100.378199424325857, 6.943234701216594 ], [ 100.378199424325857, 6.943397854667438 ], [ 100.378036270874929, 6.943397854667431 ], [ 100.378036270874929, 6.943561008118265 ], [ 100.377873117424002, 6.943561008118265 ], [ 100.377873117424002, 6.943724161569109 ], [ 100.37770996397343, 6.943724161569113 ], [ 100.37770996397343, 6.94356100811827 ], [ 100.377220503620649, 6.943561008118269 ], [ 100.377220503620649, 6.943724161569119 ], [ 100.376894196719149, 6.943724161569113 ], [ 100.376894196719149, 6.943887315019959 ], [ 100.376241582915796, 6.943887315019947 ], [ 100.376241582915796, 6.944050468470779 ], [ 100.375915276013927, 6.944050468470797 ], [ 100.375915276013941, 6.944213621921627 ], [ 100.374936355309089, 6.944213621921625 ], [ 100.374936355309103, 6.944376775372465 ], [ 100.374773201858162, 6.944376775372467 ], [ 100.374773201858162, 6.944539928823309 ], [ 100.374610048407249, 6.944539928823305 ], [ 100.374610048407234, 6.945192542626666 ], [ 100.374773201858176, 6.945192542626653 ], [ 100.374773201858176, 6.945355696077502 ], [ 100.374936355309089, 6.945355696077487 ], [ 100.374936355309075, 6.945682002979177 ], [ 100.374773201858147, 6.945682002979182 ], [ 100.374773201858147, 6.946008309880857 ], [ 100.374610048407234, 6.946008309880838 ], [ 100.374610048407249, 6.946497770233357 ], [ 100.374773201858162, 6.946497770233373 ], [ 100.374773201858147, 6.946660923684209 ], [ 100.375099508760002, 6.946660923684197 ], [ 100.375099508760016, 6.946497770233374 ], [ 100.37575212256337, 6.946497770233357 ], [ 100.375752122563384, 6.946660923684202 ], [ 100.375915276013941, 6.946660923684199 ], [ 100.375915276013941, 6.946824077135049 ], [ 100.376078429464869, 6.946824077135042 ], [ 100.376078429464869, 6.947313537487548 ], [ 100.375915276013941, 6.947313537487547 ], [ 100.375915276013941, 6.948129304741749 ], [ 100.37575212256337, 6.948129304741739 ], [ 100.37575212256337, 6.948618765094269 ], [ 100.375588969112442, 6.948618765094254 ], [ 100.375588969112442, 6.948945071995932 ], [ 100.37575212256337, 6.948945071995943 ], [ 100.37575212256337, 6.949108225446772 ], [ 100.375915276013941, 6.949108225446785 ], [ 100.375915276013941, 6.949271378897619 ], [ 100.376241582915796, 6.949271378897621 ], [ 100.376241582915782, 6.949434532348453 ], [ 100.376404736366709, 6.949434532348461 ], [ 100.376404736366709, 6.950250299602654 ], [ 100.376241582915796, 6.950250299602642 ], [ 100.376241582915782, 6.950413453053484 ], [ 100.376078429464883, 6.95041345305349 ], [ 100.376078429464883, 6.950576606504324 ], [ 100.375915276013941, 6.950576606504328 ], [ 100.375915276013927, 6.950902913406008 ], [ 100.37575212256337, 6.950902913406006 ], [ 100.37575212256337, 6.951066066856831 ], [ 100.375915276013941, 6.951066066856831 ], [ 100.375915276013941, 6.951392373758519 ], [ 100.376078429464869, 6.951392373758518 ], [ 100.376078429464854, 6.95155552720936 ], [ 100.376241582915796, 6.951555527209358 ], [ 100.376241582915796, 6.951718680660203 ], [ 100.376894196719164, 6.951718680660193 ], [ 100.376894196719164, 6.951881834111033 ], [ 100.378036270874929, 6.95188183411104 ], [ 100.378036270874929, 6.952208141012706 ], [ 100.378362577776784, 6.952208141012711 ], [ 100.378362577776784, 6.952371294463543 ], [ 100.378852038129224, 6.95237129446355 ], [ 100.378852038129224, 6.952208141012712 ], [ 100.379015191580152, 6.952208141012714 ], [ 100.379015191580137, 6.951881834111034 ] ], [ [ 100.376078429464869, 6.94649777023336 ], [ 100.375915276013941, 6.946497770233357 ], [ 100.375915276013941, 6.946334616782524 ], [ 100.375588969112457, 6.946334616782524 ], [ 100.375588969112442, 6.946171463331695 ], [ 100.375425815661515, 6.946171463331681 ], [ 100.375425815661529, 6.945682002979164 ], [ 100.375588969112442, 6.945682002979179 ], [ 100.375588969112457, 6.945518849528324 ], [ 100.377057350170077, 6.945518849528344 ], [ 100.377057350170077, 6.945845156430014 ], [ 100.377220503620634, 6.945845156430014 ], [ 100.377220503620634, 6.946171463331692 ], [ 100.377057350170091, 6.94617146333168 ], [ 100.377057350170062, 6.946334616782527 ], [ 100.376894196719149, 6.946334616782533 ], [ 100.376894196719135, 6.94649777023336 ], [ 100.376567889817295, 6.946497770233367 ], [ 100.376567889817295, 6.946334616782519 ], [ 100.376078429464854, 6.94633461678253 ], [ 100.376078429464869, 6.94649777023336 ] ] ], [ [ [ 100.377546810522503, 6.955797516931152 ], [ 100.377546810522503, 6.955634363480324 ], [ 100.378362577776784, 6.955634363480311 ], [ 100.378362577776784, 6.955797516931145 ], [ 100.378688884678269, 6.955797516931161 ], [ 100.378688884678283, 6.955634363480314 ], [ 100.37885203812921, 6.955634363480321 ], [ 100.37885203812921, 6.955471210029469 ], [ 100.379015191580137, 6.955471210029472 ], [ 100.379015191580123, 6.954165982422776 ], [ 100.37885203812921, 6.954165982422776 ], [ 100.378852038129224, 6.953839675521094 ], [ 100.378525731227356, 6.953839675521083 ], [ 100.378525731227356, 6.953676522070244 ], [ 100.377546810522503, 6.95367652207025 ], [ 100.377546810522503, 6.953513368619419 ], [ 100.376894196719164, 6.953513368619411 ], [ 100.376894196719135, 6.953350215168575 ], [ 100.376567889817295, 6.953350215168568 ], [ 100.376567889817295, 6.953187061717741 ], [ 100.376241582915782, 6.953187061717735 ], [ 100.37624158291581, 6.953350215168576 ], [ 100.376078429464854, 6.953350215168575 ], [ 100.376078429464869, 6.953676522070252 ], [ 100.376241582915796, 6.953676522070244 ], [ 100.376241582915796, 6.953839675521088 ], [ 100.376567889817295, 6.953839675521096 ], [ 100.376567889817295, 6.954002828971935 ], [ 100.376731043268222, 6.954002828971928 ], [ 100.376731043268222, 6.954165982422765 ], [ 100.376894196719149, 6.954165982422772 ], [ 100.376894196719149, 6.955144903127809 ], [ 100.377057350170077, 6.95514490312779 ], [ 100.377057350170091, 6.956450130734512 ], [ 100.377220503620663, 6.956450130734511 ], [ 100.377220503620634, 6.956776437636183 ], [ 100.377383657071576, 6.956776437636177 ], [ 100.377383657071576, 6.956939591087029 ], [ 100.377546810522503, 6.956939591087029 ], [ 100.377546810522517, 6.957102744537854 ], [ 100.378036270874929, 6.957102744537868 ], [ 100.378036270874915, 6.956613284185351 ], [ 100.377873117424002, 6.956613284185351 ], [ 100.377873117424002, 6.956286977283678 ], [ 100.377546810522503, 6.956286977283658 ], [ 100.377546810522503, 6.955960670381987 ], [ 100.377383657071576, 6.955960670381996 ], [ 100.377383657071576, 6.955797516931146 ], [ 100.377546810522503, 6.955797516931152 ] ] ], [ [ [ 100.382930874400259, 6.96216050151377 ], [ 100.383094027850831, 6.962160501513766 ], [ 100.383094027850817, 6.961834194612084 ], [ 100.383257181301758, 6.961834194612076 ], [ 100.383257181301744, 6.961671041161257 ], [ 100.383420334752685, 6.96167104116125 ], [ 100.383420334752685, 6.961507887710418 ], [ 100.383746641654184, 6.961507887710402 ], [ 100.383746641654184, 6.960855273907063 ], [ 100.383583488203612, 6.960855273907064 ], [ 100.383583488203612, 6.960202660103706 ], [ 100.383746641654184, 6.960202660103699 ], [ 100.383746641654199, 6.95987635320202 ], [ 100.383909795105112, 6.959876353202016 ], [ 100.383909795105112, 6.959550046300357 ], [ 100.383746641654184, 6.959550046300349 ], [ 100.383746641654199, 6.95922373939867 ], [ 100.383583488203612, 6.959223739398674 ], [ 100.383583488203612, 6.959060585947833 ], [ 100.383420334752699, 6.959060585947835 ], [ 100.383420334752671, 6.958897432496997 ], [ 100.383583488203612, 6.958897432496995 ], [ 100.383583488203612, 6.957592204890281 ], [ 100.383420334752685, 6.957592204890283 ], [ 100.383420334752699, 6.95726589798861 ], [ 100.383257181301744, 6.957265897988603 ], [ 100.383257181301758, 6.95628697728366 ], [ 100.383420334752685, 6.956286977283675 ], [ 100.383420334752685, 6.955797516931152 ], [ 100.383257181301772, 6.955797516931153 ], [ 100.383257181301758, 6.955634363480305 ], [ 100.382930874400273, 6.955634363480313 ], [ 100.382930874400259, 6.955471210029475 ], [ 100.382278260596905, 6.955471210029471 ], [ 100.382278260596905, 6.955797516931161 ], [ 100.382115107145978, 6.955797516931145 ], [ 100.382115107145978, 6.956286977283677 ], [ 100.381951953695065, 6.956286977283662 ], [ 100.381951953695065, 6.95693959108702 ], [ 100.381788800244109, 6.956939591087031 ], [ 100.381788800244124, 6.957265897988606 ], [ 100.381625646793566, 6.957265897988613 ], [ 100.381625646793537, 6.957755358341116 ], [ 100.381462493342624, 6.957755358341123 ], [ 100.381462493342624, 6.958081665242802 ], [ 100.381299339891697, 6.958081665242795 ], [ 100.381299339891697, 6.958244818693632 ], [ 100.381136186440756, 6.95824481869364 ], [ 100.38113618644077, 6.958407972144469 ], [ 100.380809879539271, 6.958407972144478 ], [ 100.380809879539271, 6.958244818693643 ], [ 100.380646726088344, 6.958244818693641 ], [ 100.38064672608833, 6.957918511791954 ], [ 100.380320419186845, 6.957918511791963 ], [ 100.380320419186845, 6.9580816652428 ], [ 100.380157265735917, 6.95808166524281 ], [ 100.380157265735932, 6.958407972144481 ], [ 100.37999411228499, 6.958407972144473 ], [ 100.37999411228499, 6.958571125595325 ], [ 100.380157265735917, 6.958571125595317 ], [ 100.380157265735917, 6.95873427904616 ], [ 100.380483572637402, 6.958734279046151 ], [ 100.380483572637417, 6.958897432496987 ], [ 100.380809879539271, 6.958897432497002 ], [ 100.380809879539271, 6.959223739398675 ], [ 100.380973032990198, 6.959223739398676 ], [ 100.380973032990198, 6.959386892849511 ], [ 100.38113618644077, 6.959386892849513 ], [ 100.38113618644077, 6.959550046300351 ], [ 100.381299339891697, 6.959550046300348 ], [ 100.381299339891697, 6.959713199751189 ], [ 100.382115107145978, 6.959713199751184 ], [ 100.382115107145978, 6.959876353202032 ], [ 100.382278260596919, 6.959876353202021 ], [ 100.382278260596905, 6.960039506652863 ], [ 100.382441414047477, 6.960039506652856 ], [ 100.382441414047477, 6.960692120456224 ], [ 100.382278260596905, 6.960692120456224 ], [ 100.382278260596919, 6.960855273907064 ], [ 100.382115107145978, 6.960855273907047 ], [ 100.382115107145978, 6.961018427357883 ], [ 100.381625646793552, 6.961018427357896 ], [ 100.381625646793552, 6.96085527390705 ], [ 100.381462493342639, 6.96085527390705 ], [ 100.38146249334261, 6.961018427357902 ], [ 100.38113618644077, 6.961018427357899 ], [ 100.38113618644077, 6.961507887710407 ], [ 100.381951953695051, 6.961507887710411 ], [ 100.381951953695037, 6.961834194612089 ], [ 100.382115107145978, 6.961834194612091 ], [ 100.382115107145978, 6.961997348062931 ], [ 100.382278260596891, 6.961997348062924 ], [ 100.382278260596905, 6.962323654964598 ], [ 100.382441414047477, 6.962323654964606 ], [ 100.382441414047491, 6.962486808415439 ], [ 100.382767720949346, 6.962486808415433 ], [ 100.382767720949317, 6.962323654964591 ], [ 100.382930874400259, 6.962323654964609 ], [ 100.382930874400259, 6.96216050151377 ] ] ], [ [ [ 100.341326744436543, 6.960692120456216 ], [ 100.341489897887485, 6.960692120456215 ], [ 100.34148989788747, 6.95987635320202 ], [ 100.34116359098563, 6.959876353202025 ], [ 100.34116359098563, 6.959713199751191 ], [ 100.341000437534689, 6.959713199751179 ], [ 100.341000437534703, 6.959550046300339 ], [ 100.340674130633204, 6.959550046300353 ], [ 100.340674130633204, 6.959386892849507 ], [ 100.340347823731364, 6.959386892849513 ], [ 100.340347823731349, 6.95906058594784 ], [ 100.339858363378937, 6.959060585947822 ], [ 100.339858363378937, 6.958897432497 ], [ 100.339532056477424, 6.958897432497002 ], [ 100.33953205647741, 6.959223739398674 ], [ 100.339858363378923, 6.959223739398666 ], [ 100.339858363378923, 6.959386892849512 ], [ 100.340021516829864, 6.9593868928495 ], [ 100.34002151682985, 6.959713199751188 ], [ 100.340184670280777, 6.959713199751182 ], [ 100.340184670280777, 6.960039506652865 ], [ 100.340347823731349, 6.960039506652861 ], [ 100.340347823731349, 6.960365813554534 ], [ 100.340510977182277, 6.960365813554547 ], [ 100.340510977182277, 6.960528967005375 ], [ 100.340674130633204, 6.960528967005382 ], [ 100.340674130633204, 6.960692120456211 ], [ 100.340837284084117, 6.960692120456209 ], [ 100.340837284084131, 6.961181580808724 ], [ 100.34116359098563, 6.961181580808727 ], [ 100.34116359098563, 6.961018427357886 ], [ 100.341326744436557, 6.961018427357893 ], [ 100.341326744436543, 6.960692120456216 ] ] ] ] } },
{ "type": "Feature", "properties": { "TB_IDN": 901114, "TB_TN": "ต.น้ำน้อย", "AP_IDN": 9011, "AP_TN": "อ.หาดใหญ่", "PV_IDN": 90, "PV_TN": "จ.สงขลา", "RE_NESDB": "South", "RE_ROYIN": "South", "F_AREA": 3626515.9186399998, "flood_area": 2266.57, "A": 2.753 }, "geometry": { "type": "MultiPolygon", "coordinates": [ [ [ [ 100.516038962461593, 7.128984272369269 ], [ 100.515574629931251, 7.128991907469331 ], [ 100.515574629931251, 7.129066481720735 ], [ 100.514595709226043, 7.129066481720732 ], [ 100.514595709226043, 7.129229635171574 ], [ 100.51443255577513, 7.129229635171575 ], [ 100.514432555775116, 7.129882248974917 ], [ 100.514595709226043, 7.129882248974913 ], [ 100.514595709226043, 7.130045402425752 ], [ 100.51475886267697, 7.130045402425766 ], [ 100.51475886267697, 7.1302085558766 ], [ 100.514922016127898, 7.130208555876587 ], [ 100.514922016127898, 7.130371709327433 ], [ 100.51508516957847, 7.130371709327433 ], [ 100.51508516957847, 7.130698016229101 ], [ 100.51541147648031, 7.130698016229119 ], [ 100.51541147648031, 7.130821455745826 ], [ 100.516038962461593, 7.128984272369269 ] ] ], [ [ [ 100.516456681683195, 7.12776125411402 ], [ 100.516227243734605, 7.127761254114025 ], [ 100.516227243734619, 7.128087561015688 ], [ 100.516064090283678, 7.128087561015689 ], [ 100.516064090283678, 7.128250714466537 ], [ 100.516227243734605, 7.128250714466543 ], [ 100.516227243734605, 7.128413867917375 ], [ 100.516233782859914, 7.128413867917375 ], [ 100.516456681683195, 7.12776125411402 ] ] ], [ [ [ 100.519073941988793, 7.119440428121262 ], [ 100.518185085144651, 7.119440428121269 ], [ 100.518185085144665, 7.119277274670426 ], [ 100.517858778242825, 7.11927727467043 ], [ 100.517858778242811, 7.119114121219588 ], [ 100.517695624791884, 7.119114121219594 ], [ 100.517695624791884, 7.118950967768742 ], [ 100.517532471341326, 7.118950967768744 ], [ 100.517532471341312, 7.118787814318004 ], [ 100.517369317890385, 7.118787814318005 ], [ 100.517369317890385, 7.118624660867157 ], [ 100.517206164439472, 7.11862466086716 ], [ 100.517206164439457, 7.118461507416327 ], [ 100.516879857537958, 7.118461507416329 ], [ 100.516879857537958, 7.118950967768749 ], [ 100.51704301098853, 7.118950967768753 ], [ 100.51704301098853, 7.119766735022941 ], [ 100.516879857537958, 7.119766735022939 ], [ 100.516879857537958, 7.119929888473774 ], [ 100.516390397185191, 7.119929888473772 ], [ 100.516390397185177, 7.119766735022944 ], [ 100.516064090283678, 7.119766735022938 ], [ 100.516064090283663, 7.119114121219583 ], [ 100.516227243734591, 7.119114121219593 ], [ 100.516227243734605, 7.118624660867153 ], [ 100.516390397185162, 7.118624660867152 ], [ 100.516390397185177, 7.118298353965488 ], [ 100.516064090283678, 7.118298353965478 ], [ 100.516064090283678, 7.118624660867161 ], [ 100.51590093683275, 7.118624660867156 ], [ 100.51590093683275, 7.118787814318005 ], [ 100.515248323029383, 7.118787814318006 ], [ 100.515248323029397, 7.118624660867157 ], [ 100.515085169578455, 7.118624660867164 ], [ 100.515085169578484, 7.118461507416324 ], [ 100.515248323029397, 7.118461507416324 ], [ 100.515248323029411, 7.118135200514653 ], [ 100.515411476480324, 7.118135200514636 ], [ 100.51541147648031, 7.117808893612967 ], [ 100.51508516957847, 7.117808893612963 ], [ 100.51508516957847, 7.117972047063812 ], [ 100.514922016127883, 7.117972047063804 ], [ 100.514922016127912, 7.118298353965486 ], [ 100.514432555775116, 7.118298353965491 ], [ 100.514432555775116, 7.117319433260443 ], [ 100.514595709226043, 7.117319433260461 ], [ 100.514595709226057, 7.116829972907931 ], [ 100.51475886267697, 7.116829972907935 ], [ 100.514758862676985, 7.116503666006254 ], [ 100.514922016127898, 7.116503666006265 ], [ 100.514922016127912, 7.116340512555425 ], [ 100.51475886267697, 7.116340512555429 ], [ 100.51475886267697, 7.116014205653753 ], [ 100.514595709226043, 7.116014205653735 ], [ 100.514595709226057, 7.115851052202899 ], [ 100.514432555775116, 7.115851052202909 ], [ 100.514432555775116, 7.115687898752068 ], [ 100.514269402324558, 7.115687898752065 ], [ 100.514269402324544, 7.115524745301222 ], [ 100.514106248873631, 7.115524745301229 ], [ 100.514106248873617, 7.115361591850386 ], [ 100.513779941971748, 7.115361591850402 ], [ 100.513779941971762, 7.115198438399561 ], [ 100.513616788521176, 7.115198438399549 ], [ 100.51361678852119, 7.115035284948711 ], [ 100.513453635070249, 7.11503528494872 ], [ 100.513453635070263, 7.114872131497865 ], [ 100.513290481619336, 7.114872131497879 ], [ 100.51329048161935, 7.114545824596195 ], [ 100.513127328168423, 7.114545824596202 ], [ 100.513127328168409, 7.114056364243689 ], [ 100.513290481619322, 7.114056364243678 ], [ 100.513290481619322, 7.113893210792853 ], [ 100.513127328168409, 7.113893210792855 ], [ 100.513127328168423, 7.113566903891178 ], [ 100.512964174717837, 7.11356690389116 ], [ 100.512964174717837, 7.113403750440327 ], [ 100.512637867815968, 7.11340375044032 ], [ 100.512637867815982, 7.113240596989487 ], [ 100.512474714365069, 7.113240596989501 ], [ 100.512474714365055, 7.113077443538659 ], [ 100.512148407463556, 7.113077443538661 ], [ 100.51214840746357, 7.11291429008781 ], [ 100.511822100562071, 7.112914290087812 ], [ 100.511822100562071, 7.112751136636972 ], [ 100.51165894711113, 7.112751136636971 ], [ 100.51165894711113, 7.112587983186129 ], [ 100.511495793660202, 7.112587983186144 ], [ 100.511495793660202, 7.112424829735302 ], [ 100.511332640209289, 7.112424829735293 ], [ 100.511332640209275, 7.111935369382778 ], [ 100.511495793660202, 7.11193536938278 ], [ 100.511495793660188, 7.111609062481111 ], [ 100.51165894711113, 7.111609062481111 ], [ 100.511658947111144, 7.111282755579431 ], [ 100.511822100562057, 7.111282755579434 ], [ 100.511822100562071, 7.111119602128592 ], [ 100.51165894711113, 7.111119602128588 ], [ 100.511658947111144, 7.110793295226918 ], [ 100.511495793660217, 7.110793295226923 ], [ 100.511495793660202, 7.110140681423555 ], [ 100.51165894711113, 7.110140681423566 ], [ 100.511658947111115, 7.109161760718526 ], [ 100.511332640209261, 7.10916176071854 ], [ 100.511332640209261, 7.108345993464344 ], [ 100.511169486758703, 7.108345993464339 ], [ 100.511169486758718, 7.107693379660993 ], [ 100.511332640209261, 7.107693379660984 ], [ 100.511332640209275, 7.106877612406803 ], [ 100.511169486758703, 7.106877612406789 ], [ 100.511169486758703, 7.106714458955961 ], [ 100.511006333307762, 7.10671445895595 ], [ 100.511006333307776, 7.106388152054275 ], [ 100.510680026405922, 7.106388152054288 ], [ 100.510680026405907, 7.106061845152611 ], [ 100.51051687295535, 7.106061845152597 ], [ 100.510516872955364, 7.105735538250931 ], [ 100.510353719504423, 7.105735538250924 ], [ 100.510353719504423, 7.105572384800078 ], [ 100.509701105701069, 7.105572384800092 ], [ 100.509701105701069, 7.105735538250926 ], [ 100.508885338446774, 7.105735538250926 ], [ 100.508885338446788, 7.105898691701767 ], [ 100.508722184995875, 7.105898691701768 ], [ 100.508722184995875, 7.10622499860344 ], [ 100.508559031545289, 7.10622499860344 ], [ 100.508559031545289, 7.106714458955961 ], [ 100.508722184995861, 7.106714458955952 ], [ 100.508722184995861, 7.1068776124068 ], [ 100.508885338446788, 7.106877612406794 ], [ 100.508885338446774, 7.10704076585764 ], [ 100.509048491897701, 7.107040765857635 ], [ 100.509048491897715, 7.107367072759309 ], [ 100.509374798799215, 7.107367072759312 ], [ 100.509374798799229, 7.107530226210155 ], [ 100.509537952250142, 7.107530226210139 ], [ 100.509537952250142, 7.10785653311183 ], [ 100.509374798799215, 7.107856533111832 ], [ 100.509374798799215, 7.108019686562668 ], [ 100.508885338446788, 7.108019686562664 ], [ 100.508885338446788, 7.108182840013496 ], [ 100.508559031545289, 7.108182840013496 ], [ 100.508559031545289, 7.108345993464341 ], [ 100.508395878094362, 7.108345993464341 ], [ 100.508395878094362, 7.108509146915178 ], [ 100.508232724643449, 7.108509146915179 ], [ 100.508232724643435, 7.108672300366008 ], [ 100.508069571192522, 7.108672300366009 ], [ 100.508069571192507, 7.108835453816847 ], [ 100.507253803938582, 7.108835453816862 ], [ 100.507253803938582, 7.108998607267699 ], [ 100.507090650487655, 7.108998607267687 ], [ 100.507090650487655, 7.109161760718524 ], [ 100.506927497036727, 7.109161760718538 ], [ 100.506927497036742, 7.109324914169377 ], [ 100.5067643435858, 7.109324914169373 ], [ 100.5067643435858, 7.109488067620212 ], [ 100.505948576331875, 7.109488067620202 ], [ 100.505948576331875, 7.109161760718523 ], [ 100.505785422880948, 7.109161760718531 ], [ 100.505785422880962, 7.106714458955965 ], [ 100.50562226943002, 7.106714458955963 ], [ 100.505622269430006, 7.105735538250934 ], [ 100.505785422880948, 7.105735538250932 ], [ 100.505785422880948, 7.105246077898419 ], [ 100.505948576331875, 7.105246077898409 ], [ 100.505948576331889, 7.104919770996731 ], [ 100.506111729782447, 7.104919770996729 ], [ 100.506111729782447, 7.104593464095055 ], [ 100.50627488323336, 7.104593464095062 ], [ 100.50627488323336, 7.104430310644219 ], [ 100.5067643435858, 7.104430310644211 ], [ 100.506764343585814, 7.104756617545898 ], [ 100.507090650487655, 7.10475661754589 ], [ 100.507090650487655, 7.105082924447577 ], [ 100.50741695738914, 7.105082924447579 ], [ 100.507416957389154, 7.105409231349257 ], [ 100.507743264291008, 7.105409231349244 ], [ 100.507743264291008, 7.105572384800084 ], [ 100.508069571192522, 7.105572384800078 ], [ 100.508069571192507, 7.105409231349259 ], [ 100.508559031545289, 7.105409231349247 ], [ 100.508559031545289, 7.105246077898407 ], [ 100.508885338446788, 7.105246077898414 ], [ 100.508885338446774, 7.105082924447567 ], [ 100.509048491897715, 7.105082924447569 ], [ 100.509048491897715, 7.104919770996737 ], [ 100.509211645348643, 7.104919770996732 ], [ 100.509211645348643, 7.104756617545902 ], [ 100.509374798799215, 7.104756617545894 ], [ 100.509374798799215, 7.104593464095064 ], [ 100.509701105701069, 7.104593464095065 ], [ 100.509701105701069, 7.104430310644219 ], [ 100.509864259151996, 7.104430310644212 ], [ 100.50986425915201, 7.104267157193372 ], [ 100.510680026405922, 7.104267157193377 ], [ 100.510680026405907, 7.103940850291703 ], [ 100.51051687295535, 7.103940850291695 ], [ 100.51051687295535, 7.103777696840862 ], [ 100.510190566053495, 7.103777696840861 ], [ 100.510190566053495, 7.103940850291713 ], [ 100.50986425915201, 7.103940850291703 ], [ 100.509864259151996, 7.103777696840877 ], [ 100.509537952250142, 7.10377769684087 ], [ 100.509537952250142, 7.103451389939192 ], [ 100.509374798799215, 7.10345138993918 ], [ 100.509374798799215, 7.102961929586664 ], [ 100.509537952250142, 7.102961929586666 ], [ 100.509537952250142, 7.102798776135842 ], [ 100.509701105701083, 7.102798776135838 ], [ 100.509701105701069, 7.102635622684996 ], [ 100.510027412602568, 7.102635622685 ], [ 100.510027412602582, 7.102472469234151 ], [ 100.508559031545289, 7.102472469234166 ], [ 100.508559031545289, 7.102309315783319 ], [ 100.508232724643435, 7.102309315783322 ], [ 100.508232724643449, 7.102146162332483 ], [ 100.508069571192522, 7.102146162332486 ], [ 100.508069571192507, 7.101983008881633 ], [ 100.507906417741935, 7.101983008881642 ], [ 100.507906417741935, 7.101819855430797 ], [ 100.507743264291008, 7.101819855430814 ], [ 100.507743264291008, 7.101656701979958 ], [ 100.50741695738914, 7.101656701979959 ], [ 100.50741695738914, 7.101983008881643 ], [ 100.507253803938582, 7.101983008881644 ], [ 100.507253803938582, 7.102635622685004 ], [ 100.507090650487655, 7.102635622684986 ], [ 100.507090650487655, 7.102798776135844 ], [ 100.506927497036742, 7.102798776135825 ], [ 100.506927497036727, 7.102961929586683 ], [ 100.505948576331875, 7.102961929586667 ], [ 100.505948576331889, 7.102798776135834 ], [ 100.50562226943002, 7.102798776135826 ], [ 100.50562226943002, 7.102635622685002 ], [ 100.505459115979093, 7.102635622685007 ], [ 100.505459115979079, 7.102472469234147 ], [ 100.505295962528521, 7.102472469234153 ], [ 100.505295962528521, 7.102309315783324 ], [ 100.505459115979079, 7.10230931578331 ], [ 100.505459115979107, 7.102146162332491 ], [ 100.505295962528521, 7.102146162332472 ], [ 100.505295962528535, 7.101983008881639 ], [ 100.505459115979093, 7.101983008881647 ], [ 100.505459115979093, 7.101819855430804 ], [ 100.505295962528521, 7.101819855430805 ], [ 100.505295962528521, 7.101656701979969 ], [ 100.505132809077594, 7.101656701979962 ], [ 100.505132809077608, 7.101493548529135 ], [ 100.504643348725168, 7.101493548529123 ], [ 100.504643348725182, 7.101656701979972 ], [ 100.50448019527424, 7.101656701979972 ], [ 100.50448019527424, 7.102146162332481 ], [ 100.504317041823313, 7.102146162332474 ], [ 100.504317041823313, 7.102309315783322 ], [ 100.504153888372386, 7.102309315783313 ], [ 100.504153888372386, 7.102472469234164 ], [ 100.50406496850934, 7.102472469234161 ], [ 100.503719597042107, 7.103925348437683 ], [ 100.503691830260792, 7.10404474355414 ], [ 100.503688198702093, 7.104057432294154 ], [ 100.503584185949833, 7.104494984260635 ], [ 100.503523863156474, 7.10456752023938 ], [ 100.503271204451238, 7.104798393205887 ], [ 100.503179312134904, 7.104910593237213 ], [ 100.503052603151048, 7.105104271312464 ], [ 100.502524022415429, 7.106291744233175 ], [ 100.502149366376614, 7.106877612406793 ], [ 100.502196046962325, 7.106877612406798 ], [ 100.502196046962325, 7.107040765857624 ], [ 100.50252235386418, 7.107040765857636 ], [ 100.502522353864165, 7.107203919308468 ], [ 100.502685507315107, 7.107203919308468 ], [ 100.502685507315107, 7.107367072759306 ], [ 100.502848660765693, 7.107367072759312 ], [ 100.502848660765679, 7.107693379660985 ], [ 100.502649334056414, 7.107693379660976 ], [ 100.50366442801996, 7.108551094852566 ], [ 100.50366442801996, 7.108509146915179 ], [ 100.503827581470887, 7.108509146915186 ], [ 100.503827581470887, 7.108345993464339 ], [ 100.50448019527424, 7.108345993464344 ], [ 100.50448019527424, 7.108509146915169 ], [ 100.504643348725153, 7.108509146915173 ], [ 100.504643348725153, 7.108672300366011 ], [ 100.504806502175754, 7.108672300366019 ], [ 100.50480650217574, 7.10916176071854 ], [ 100.504969655626667, 7.109161760718536 ], [ 100.504969655626681, 7.109651221071056 ], [ 100.505132809077608, 7.109651221071051 ], [ 100.505132809077594, 7.109791820130558 ], [ 100.505159501885117, 7.109814374521888 ], [ 100.505459115979093, 7.109814374521878 ], [ 100.505459115979107, 7.110067536858851 ], [ 100.505785422880948, 7.110343253587406 ], [ 100.505785422880948, 7.109977527972728 ], [ 100.506274883233374, 7.109977527972719 ], [ 100.50627488323336, 7.110140681423565 ], [ 100.506601190135228, 7.110140681423561 ], [ 100.506601190135214, 7.110303834874407 ], [ 100.5067643435858, 7.110303834874407 ], [ 100.5067643435858, 7.11046698832523 ], [ 100.506927497036727, 7.110466988325241 ], [ 100.506927497036727, 7.11063014177608 ], [ 100.507090650487655, 7.11063014177608 ], [ 100.507090650487655, 7.110793295226913 ], [ 100.507253803938596, 7.110793295226921 ], [ 100.507253803938596, 7.110956448677746 ], [ 100.508069571192507, 7.110956448677763 ], [ 100.508069571192507, 7.111119602128587 ], [ 100.508722184995875, 7.111119602128586 ], [ 100.508722184995861, 7.111282755579433 ], [ 100.508885338446788, 7.111282755579442 ], [ 100.508885338446788, 7.111609062481111 ], [ 100.508722184995861, 7.111609062481115 ], [ 100.508722184995861, 7.111772215931953 ], [ 100.508559031545289, 7.111772215931936 ], [ 100.508559031545289, 7.112098522833615 ], [ 100.508395878094362, 7.112098522833628 ], [ 100.508395878094376, 7.112424829735305 ], [ 100.508559031545289, 7.112424829735303 ], [ 100.508559031545289, 7.113566903891163 ], [ 100.508232724643435, 7.113566903891175 ], [ 100.508232724643435, 7.113730057342003 ], [ 100.508082025964939, 7.113730057342007 ], [ 100.508082821723306, 7.113973869118732 ], [ 100.508082597597905, 7.114382671145357 ], [ 100.508232724643435, 7.114382671145361 ], [ 100.508232724643435, 7.114545824596192 ], [ 100.508395878094362, 7.114545824596205 ], [ 100.508395878094362, 7.11470897804704 ], [ 100.508559031545289, 7.11470897804704 ], [ 100.508559031545289, 7.115687898752063 ], [ 100.508232724643435, 7.115687898752064 ], [ 100.508232724643435, 7.11585105220291 ], [ 100.508081792559011, 7.115851052202906 ], [ 100.508080271930069, 7.118624660867149 ], [ 100.50823272464342, 7.118624660867165 ], [ 100.508232724643435, 7.119114121219582 ], [ 100.508080003583729, 7.11911412121959 ], [ 100.508079735237388, 7.119603581572092 ], [ 100.508232724643435, 7.119603581572102 ], [ 100.508232724643435, 7.119277274670432 ], [ 100.508722184995861, 7.11927727467043 ], [ 100.508722184995861, 7.119440428121256 ], [ 100.50904849189773, 7.11944042812126 ], [ 100.509048491897715, 7.119603581572108 ], [ 100.509374798799215, 7.119603581572096 ], [ 100.509374798799215, 7.119440428121266 ], [ 100.50986425915201, 7.119440428121261 ], [ 100.509864259151996, 7.119277274670415 ], [ 100.510353719504423, 7.119277274670417 ], [ 100.510353719504423, 7.119440428121266 ], [ 100.51051687295535, 7.119440428121254 ], [ 100.51051687295535, 7.119603581572108 ], [ 100.510843179856863, 7.119603581572108 ], [ 100.510843179856863, 7.119766735022937 ], [ 100.511006333307776, 7.119766735022944 ], [ 100.511006333307776, 7.119603581572106 ], [ 100.511169486758703, 7.119603581572104 ], [ 100.511169486758703, 7.119440428121258 ], [ 100.512311560914469, 7.119440428121259 ], [ 100.512311560914483, 7.118461507416325 ], [ 100.512148407463556, 7.118461507416329 ], [ 100.512148407463556, 7.118298353965471 ], [ 100.511985254012629, 7.118298353965486 ], [ 100.511985254012629, 7.118135200514641 ], [ 100.511822100562057, 7.118135200514638 ], [ 100.511822100562043, 7.117972047063812 ], [ 100.511985254012629, 7.117972047063814 ], [ 100.511985254012615, 7.117482586711298 ], [ 100.512148407463556, 7.117482586711296 ], [ 100.51214840746357, 7.11715627980962 ], [ 100.512311560914483, 7.117156279809623 ], [ 100.512311560914469, 7.116993126358784 ], [ 100.512474714365069, 7.11699312635877 ], [ 100.512474714365055, 7.117156279809604 ], [ 100.51280102126691, 7.11715627980962 ], [ 100.512801021266895, 7.117319433260458 ], [ 100.512637867815997, 7.117319433260449 ], [ 100.512637867815968, 7.11748258671129 ], [ 100.51280102126691, 7.117482586711293 ], [ 100.512801021266924, 7.117972047063801 ], [ 100.512964174717837, 7.117972047063814 ], [ 100.512964174717837, 7.119440428121267 ], [ 100.51280102126691, 7.119440428121271 ], [ 100.51280102126691, 7.119603581572104 ], [ 100.512964174717837, 7.119603581572092 ], [ 100.512964174717837, 7.119766735022935 ], [ 100.513127328168423, 7.119766735022935 ], [ 100.513127328168409, 7.119929888473783 ], [ 100.513453635070249, 7.119929888473772 ], [ 100.513453635070263, 7.120093041924614 ], [ 100.513779941971762, 7.12009304192462 ], [ 100.513779941971762, 7.119929888473787 ], [ 100.51394309542269, 7.119929888473778 ], [ 100.51394309542269, 7.119603581572091 ], [ 100.514106248873617, 7.119603581572096 ], [ 100.514106248873631, 7.119277274670428 ], [ 100.514269402324544, 7.119277274670427 ], [ 100.514269402324544, 7.118950967768748 ], [ 100.51475886267697, 7.118950967768741 ], [ 100.51475886267697, 7.119114121219578 ], [ 100.514922016127883, 7.119114121219587 ], [ 100.514922016127912, 7.119603581572091 ], [ 100.51475886267697, 7.119603581572094 ], [ 100.51475886267697, 7.120256195375458 ], [ 100.515248323029397, 7.120256195375444 ], [ 100.515248323029397, 7.120093041924625 ], [ 100.515737783381823, 7.120093041924622 ], [ 100.515737783381823, 7.120256195375457 ], [ 100.51590093683275, 7.12025619537546 ], [ 100.51590093683275, 7.1204193488263 ], [ 100.516227243734619, 7.120419348826301 ], [ 100.516227243734591, 7.120582502277132 ], [ 100.517043010988516, 7.120582502277133 ], [ 100.51704301098853, 7.120419348826294 ], [ 100.517206164439472, 7.120419348826283 ], [ 100.517206164439443, 7.120256195375462 ], [ 100.518674545497092, 7.120256195375452 ], [ 100.518674545497092, 7.120419348826299 ], [ 100.518692647501595, 7.120419348826299 ], [ 100.519073941988793, 7.119440428121262 ] ], [ [ 100.510027412602568, 7.108672300366011 ], [ 100.510027412602568, 7.108345993464329 ], [ 100.510680026405907, 7.108345993464342 ], [ 100.510680026405922, 7.108509146915175 ], [ 100.510843179856849, 7.10850914691518 ], [ 100.510843179856863, 7.10899860726769 ], [ 100.510680026405907, 7.108998607267684 ], [ 100.510680026405936, 7.10916176071853 ], [ 100.510190566053481, 7.109161760718536 ], [ 100.510190566053495, 7.1089986072677 ], [ 100.510027412602568, 7.108998607267686 ], [ 100.510027412602568, 7.108835453816859 ], [ 100.509864259151996, 7.108835453816861 ], [ 100.509864259151982, 7.108672300366026 ], [ 100.510027412602568, 7.108672300366011 ] ] ], [ [ [ 100.510353719504408, 7.062826180680598 ], [ 100.51100633330779, 7.062826180680608 ], [ 100.511006333307776, 7.062989334131447 ], [ 100.51165894711113, 7.062989334131451 ], [ 100.51165894711113, 7.063152487582287 ], [ 100.511985254012629, 7.063152487582288 ], [ 100.511985254012643, 7.062989334131442 ], [ 100.512148407463542, 7.062989334131435 ], [ 100.512148407463556, 7.062826180680605 ], [ 100.512637867815982, 7.062826180680598 ], [ 100.512637867815997, 7.062499873778932 ], [ 100.51280102126691, 7.062499873778929 ], [ 100.51280102126691, 7.062010413426408 ], [ 100.512964174717823, 7.06201041342642 ], [ 100.512964174717837, 7.061847259975577 ], [ 100.512801021266895, 7.061847259975572 ], [ 100.512801021266895, 7.061520953073892 ], [ 100.512474714365055, 7.061520953073899 ], [ 100.512474714365041, 7.061357799623051 ], [ 100.511985254012615, 7.061357799623054 ], [ 100.511985254012643, 7.061520953073908 ], [ 100.511822100562057, 7.0615209530739 ], [ 100.511822100562071, 7.061684106524747 ], [ 100.511495793660202, 7.061684106524734 ], [ 100.511495793660188, 7.0615209530739 ], [ 100.511169486758703, 7.06152095307389 ], [ 100.511169486758703, 7.061194646172225 ], [ 100.511006333307776, 7.061194646172225 ], [ 100.511006333307776, 7.061031492721381 ], [ 100.510843179856863, 7.061031492721384 ], [ 100.510843179856849, 7.060868339270545 ], [ 100.51051687295535, 7.060868339270542 ], [ 100.51051687295535, 7.061031492721376 ], [ 100.510190566053495, 7.061031492721373 ], [ 100.510190566053495, 7.061194646172222 ], [ 100.510027412602568, 7.061194646172226 ], [ 100.510027412602568, 7.061357799623051 ], [ 100.509374798799215, 7.061357799623054 ], [ 100.509374798799229, 7.061194646172212 ], [ 100.509211645348643, 7.061194646172219 ], [ 100.509211645348643, 7.061357799623067 ], [ 100.508722184995861, 7.06135779962307 ], [ 100.508722184995861, 7.061520953073891 ], [ 100.508679037725656, 7.061520953073897 ], [ 100.508679628062239, 7.061535428210107 ], [ 100.50823272464352, 7.062330244441058 ], [ 100.50823272464342, 7.062499873778934 ], [ 100.508395878094362, 7.062499873778935 ], [ 100.508395878094362, 7.062663027229773 ], [ 100.508885338446788, 7.062663027229775 ], [ 100.508885338446788, 7.062826180680611 ], [ 100.509211645348643, 7.062826180680611 ], [ 100.509211645348643, 7.063152487582285 ], [ 100.509537952250142, 7.063152487582291 ], [ 100.509537952250142, 7.063315641033121 ], [ 100.509701105701083, 7.063315641033123 ], [ 100.509701105701069, 7.063152487582281 ], [ 100.510190566053481, 7.063152487582284 ], [ 100.510190566053495, 7.062989334131439 ], [ 100.510353719504423, 7.062989334131444 ], [ 100.510353719504408, 7.062826180680598 ] ] ], [ [ [ 100.506764343585786, 7.081262520625256 ], [ 100.506927497036713, 7.081262520625249 ], [ 100.506927497036727, 7.080936213723584 ], [ 100.507090650487669, 7.080936213723573 ], [ 100.50709065048764, 7.079957293018552 ], [ 100.507253803938582, 7.07995729301855 ], [ 100.507253803938596, 7.078815218862686 ], [ 100.507416957389154, 7.078815218862679 ], [ 100.507416957389154, 7.078162605059414 ], [ 100.507580110840067, 7.07816260505941 ], [ 100.507580110840081, 7.077836298157739 ], [ 100.507743264291008, 7.077836298157745 ], [ 100.507743264290994, 7.077509991256067 ], [ 100.508069571192507, 7.07750999125606 ], [ 100.508069571192507, 7.077346837805221 ], [ 100.508559031545289, 7.077346837805218 ], [ 100.508559031545275, 7.077183684354393 ], [ 100.508722184995861, 7.077183684354393 ], [ 100.508722184995861, 7.076857377452705 ], [ 100.508559031545289, 7.076857377452707 ], [ 100.508559031545289, 7.075715303296848 ], [ 100.508395878094362, 7.075715303296841 ], [ 100.508395878094348, 7.075225842944331 ], [ 100.508559031545289, 7.075225842944332 ], [ 100.508559031545275, 7.074246922239292 ], [ 100.508395878094362, 7.074246922239302 ], [ 100.508395878094362, 7.073757461886786 ], [ 100.508559031545289, 7.07375746188677 ], [ 100.508559031545289, 7.072125927378401 ], [ 100.508722184995875, 7.072125927378385 ], [ 100.508722184995861, 7.071799620476712 ], [ 100.508885338446788, 7.071799620476714 ], [ 100.508885338446788, 7.071636467025881 ], [ 100.509048491897715, 7.071636467025882 ], [ 100.509048491897715, 7.071310160124194 ], [ 100.509211645348657, 7.071310160124201 ], [ 100.509211645348643, 7.07049439287002 ], [ 100.509048491897701, 7.070494392870014 ], [ 100.509048491897701, 7.070168085968334 ], [ 100.508885338446788, 7.070168085968333 ], [ 100.508885338446802, 7.069841779066661 ], [ 100.50904849189773, 7.069841779066649 ], [ 100.509048491897715, 7.069515472164976 ], [ 100.509211645348628, 7.069515472164984 ], [ 100.509211645348628, 7.068699704910795 ], [ 100.509374798799215, 7.068699704910785 ], [ 100.509374798799229, 7.068047091107434 ], [ 100.509537952250128, 7.068047091107433 ], [ 100.509537952250142, 7.067557630754929 ], [ 100.509701105701055, 7.067557630754916 ], [ 100.509701105701083, 7.067231323853237 ], [ 100.510027412602568, 7.067231323853243 ], [ 100.510027412602568, 7.0670681704024 ], [ 100.510190566053495, 7.067068170402394 ], [ 100.510190566053481, 7.066905016951567 ], [ 100.510353719504423, 7.066905016951568 ], [ 100.510353719504423, 7.066741863500738 ], [ 100.510843179856835, 7.066741863500726 ], [ 100.510843179856835, 7.06690501695157 ], [ 100.51100633330779, 7.066905016951574 ], [ 100.51100633330779, 7.067394477304074 ], [ 100.511169486758703, 7.067394477304074 ], [ 100.511169486758689, 7.067557630754916 ], [ 100.511332640209289, 7.067557630754909 ], [ 100.511332640209275, 7.067394477304088 ], [ 100.511985254012615, 7.067394477304071 ], [ 100.511985254012629, 7.067231323853251 ], [ 100.513127328168409, 7.067231323853238 ], [ 100.513127328168409, 7.067068170402401 ], [ 100.513290481619322, 7.067068170402403 ], [ 100.51329048161935, 7.066905016951566 ], [ 100.513943095422704, 7.066905016951569 ], [ 100.51394309542269, 7.066741863500736 ], [ 100.514106248873617, 7.066741863500733 ], [ 100.514106248873631, 7.066578710049886 ], [ 100.514922016127912, 7.066578710049886 ], [ 100.514922016127898, 7.066741863500719 ], [ 100.515248323029397, 7.066741863500726 ], [ 100.515248323029397, 7.066578710049895 ], [ 100.51590093683275, 7.066578710049896 ], [ 100.51590093683275, 7.066741863500726 ], [ 100.516390397185177, 7.066741863500729 ], [ 100.516390397185191, 7.066578710049897 ], [ 100.516553550636104, 7.066578710049899 ], [ 100.516553550636104, 7.066415556599053 ], [ 100.516716704087045, 7.066415556599056 ], [ 100.516716704087031, 7.06625240314822 ], [ 100.516879857537958, 7.066252403148206 ], [ 100.516879857537944, 7.065436635894025 ], [ 100.516716704087031, 7.065436635894016 ], [ 100.516716704087031, 7.064947175541511 ], [ 100.516553550636104, 7.064947175541498 ], [ 100.516553550636104, 7.064784022090663 ], [ 100.516227243734605, 7.06478402209066 ], [ 100.516227243734605, 7.064947175541498 ], [ 100.516064090283678, 7.064947175541495 ], [ 100.516064090283678, 7.06511032899234 ], [ 100.515737783381823, 7.065110328992337 ], [ 100.515737783381837, 7.065273482443182 ], [ 100.515411476480324, 7.065273482443186 ], [ 100.515411476480338, 7.065436635894026 ], [ 100.515248323029397, 7.065436635894013 ], [ 100.515248323029397, 7.065599789344852 ], [ 100.515085169578484, 7.065599789344857 ], [ 100.51508516957847, 7.065762942795693 ], [ 100.514922016127898, 7.065762942795692 ], [ 100.514922016127883, 7.065926096246541 ], [ 100.51475886267697, 7.065926096246537 ], [ 100.514758862676985, 7.066089249697381 ], [ 100.514595709226029, 7.066089249697366 ], [ 100.514595709226043, 7.066252403148204 ], [ 100.514106248873617, 7.066252403148207 ], [ 100.514106248873603, 7.066089249697372 ], [ 100.513943095422704, 7.066089249697365 ], [ 100.51394309542269, 7.065762942795688 ], [ 100.514106248873617, 7.0657629427957 ], [ 100.514106248873631, 7.065273482443179 ], [ 100.513943095422704, 7.065273482443176 ], [ 100.513943095422675, 7.065110328992346 ], [ 100.513453635070263, 7.065110328992342 ], [ 100.513453635070263, 7.064947175541498 ], [ 100.513127328168409, 7.064947175541515 ], [ 100.513127328168409, 7.06478402209066 ], [ 100.512801021266924, 7.064784022090668 ], [ 100.512801021266895, 7.06462086863983 ], [ 100.512474714365069, 7.064620868639823 ], [ 100.512474714365055, 7.064457715188984 ], [ 100.512311560914483, 7.06445771518899 ], [ 100.512311560914483, 7.064294561738143 ], [ 100.511985254012629, 7.064294561738143 ], [ 100.511985254012643, 7.064131408287309 ], [ 100.511822100562043, 7.064131408287303 ], [ 100.511822100562043, 7.063968254836484 ], [ 100.511495793660188, 7.063968254836482 ], [ 100.511495793660202, 7.06413140828731 ], [ 100.511332640209275, 7.064131408287321 ], [ 100.511332640209261, 7.064784022090663 ], [ 100.511169486758689, 7.064784022090674 ], [ 100.511169486758703, 7.064947175541509 ], [ 100.51100633330779, 7.064947175541511 ], [ 100.511006333307762, 7.06511032899235 ], [ 100.510680026405922, 7.065110328992344 ], [ 100.510680026405936, 7.064947175541511 ], [ 100.51051687295535, 7.064947175541505 ], [ 100.51051687295535, 7.064784022090659 ], [ 100.510353719504423, 7.064784022090671 ], [ 100.510353719504408, 7.064620868639836 ], [ 100.51019056605351, 7.064620868639826 ], [ 100.510190566053495, 7.064457715188982 ], [ 100.509864259151996, 7.064457715188981 ], [ 100.509864259151996, 7.06462086863983 ], [ 100.509701105701069, 7.06462086863982 ], [ 100.509701105701083, 7.064784022090663 ], [ 100.509537952250142, 7.064784022090676 ], [ 100.509537952250156, 7.06494717554151 ], [ 100.508559031545289, 7.064947175541513 ], [ 100.508559031545275, 7.065110328992335 ], [ 100.508395878094348, 7.065110328992333 ], [ 100.508395878094362, 7.065273482443177 ], [ 100.508232724643435, 7.065273482443184 ], [ 100.508232724643435, 7.065436635894012 ], [ 100.507580110840067, 7.065436635894025 ], [ 100.507580110840095, 7.065273482443179 ], [ 100.507090650487655, 7.065273482443176 ], [ 100.50709065048764, 7.065436635894012 ], [ 100.506601190135228, 7.065436635894027 ], [ 100.506601190135143, 7.065277418611011 ], [ 100.503766120703659, 7.070437081752115 ], [ 100.501792628624131, 7.074028639996619 ], [ 100.502351908383346, 7.074418807507098 ], [ 100.505218156948231, 7.075446682963666 ], [ 100.505115754181787, 7.075224533599787 ], [ 100.505031657895941, 7.075170569192785 ], [ 100.505000504777811, 7.075131030134283 ], [ 100.504943137358907, 7.074999721514301 ], [ 100.504953118411692, 7.074940878612896 ], [ 100.504988528927086, 7.074957785071172 ], [ 100.505086192876917, 7.075119517405819 ], [ 100.505203152956213, 7.075216076908787 ], [ 100.505424535981561, 7.075438947485533 ], [ 100.505467840356403, 7.07546183310897 ], [ 100.50558660304354, 7.075485478126564 ], [ 100.505594288804829, 7.075490571374869 ], [ 100.505599460485499, 7.075487496086855 ], [ 100.50564140327927, 7.075457716041661 ], [ 100.505654989211408, 7.075452531219419 ], [ 100.505772708603402, 7.075407598873998 ], [ 100.505854371627294, 7.075389587154786 ], [ 100.505893536415769, 7.075414306697648 ], [ 100.505914764244451, 7.07544739195955 ], [ 100.50591600168498, 7.075471409477306 ], [ 100.505911589709754, 7.075502985228286 ], [ 100.505858581286148, 7.075591893634979 ], [ 100.505849035022905, 7.075615588086519 ], [ 100.505849755155552, 7.075617233222824 ], [ 100.505842885224453, 7.07567888271144 ], [ 100.505833696940897, 7.075699985640984 ], [ 100.505833732017194, 7.075700022138448 ], [ 100.505841150966205, 7.07572390277593 ], [ 100.50582385921453, 7.07580390022449 ], [ 100.505759419244455, 7.075918064123099 ], [ 100.505733112398602, 7.076062475304963 ], [ 100.50573309645047, 7.076135145961834 ], [ 100.505938564387904, 7.076820170993548 ], [ 100.505973809496041, 7.076905545166254 ], [ 100.506019901916247, 7.076940757465016 ], [ 100.506219439194325, 7.076908727817381 ], [ 100.50630951048484, 7.076863501599938 ], [ 100.506512395156392, 7.076663629246876 ], [ 100.506942137706204, 7.07628405353885 ], [ 100.507057905820588, 7.076210280969374 ], [ 100.507172687411028, 7.076108937783187 ], [ 100.507276353669553, 7.075977288191507 ], [ 100.507395508518741, 7.075781269482422 ], [ 100.50742949831924, 7.075757301083504 ], [ 100.507621818779953, 7.075699424130945 ], [ 100.507669790073379, 7.075699268812079 ], [ 100.507690261431677, 7.075719586996556 ], [ 100.507688903097417, 7.075750168052987 ], [ 100.507387991380185, 7.076099290382612 ], [ 100.506875736484631, 7.076605875667167 ], [ 100.506369579568059, 7.076969988761959 ], [ 100.506160908562251, 7.077059582554971 ], [ 100.506111089243802, 7.077105118836381 ], [ 100.50609606243448, 7.077191023954946 ], [ 100.506136893382362, 7.077405211247933 ], [ 100.506133363587509, 7.077449313626468 ], [ 100.506138236846908, 7.077470889676048 ], [ 100.506128348913052, 7.077594211449539 ], [ 100.506040839889096, 7.077819992527029 ], [ 100.50599055860927, 7.077941234040035 ], [ 100.505941459807076, 7.078140162762511 ], [ 100.505924327128085, 7.078335441419832 ], [ 100.505903012310966, 7.078515367943286 ], [ 100.505861288515874, 7.078908835202683 ], [ 100.50556677921422, 7.082241441330291 ], [ 100.505622269430006, 7.082241441330285 ], [ 100.50562226943002, 7.082404594781129 ], [ 100.505948576331875, 7.082404594781116 ], [ 100.505948576331875, 7.08256774823197 ], [ 100.506111729782447, 7.082567748231967 ], [ 100.506111729782461, 7.082730901682806 ], [ 100.506274883233374, 7.082730901682794 ], [ 100.506274883233388, 7.082567748231956 ], [ 100.506601190135243, 7.082567748231971 ], [ 100.506601190135228, 7.082404594781116 ], [ 100.506927497036727, 7.082404594781129 ], [ 100.506927497036742, 7.081425674076084 ], [ 100.506764343585814, 7.081425674076095 ], [ 100.506764343585786, 7.081262520625256 ] ], [ [ 100.508069571192507, 7.067231323853244 ], [ 100.508069571192493, 7.067068170402398 ], [ 100.508395878094376, 7.067068170402397 ], [ 100.508395878094362, 7.067231323853249 ], [ 100.508559031545275, 7.067231323853241 ], [ 100.508559031545275, 7.067394477304078 ], [ 100.508722184995861, 7.067394477304084 ], [ 100.508722184995875, 7.067557630754925 ], [ 100.508885338446788, 7.067557630754922 ], [ 100.508885338446788, 7.068047091107441 ], [ 100.508722184995861, 7.06804709110743 ], [ 100.508722184995875, 7.068210244558267 ], [ 100.507743264291008, 7.068210244558284 ], [ 100.507743264291008, 7.068047091107426 ], [ 100.507580110840095, 7.068047091107443 ], [ 100.507580110840081, 7.067720784205751 ], [ 100.507743264290994, 7.067720784205761 ], [ 100.507743264291008, 7.067394477304071 ], [ 100.507906417741935, 7.067394477304075 ], [ 100.507906417741935, 7.067231323853251 ], [ 100.508069571192507, 7.067231323853244 ] ], [ [ 100.507416957389154, 7.06918916526331 ], [ 100.507743264291008, 7.069189165263304 ], [ 100.507743264291008, 7.069515472164974 ], [ 100.507580110840067, 7.069515472164983 ], [ 100.507580110840067, 7.069678625615825 ], [ 100.507253803938568, 7.069678625615825 ], [ 100.507253803938582, 7.069515472164984 ], [ 100.507090650487655, 7.069515472164977 ], [ 100.507090650487655, 7.069189165263306 ], [ 100.507253803938582, 7.069189165263309 ], [ 100.507253803938568, 7.069026011812456 ], [ 100.507416957389154, 7.069026011812467 ], [ 100.507416957389154, 7.06918916526331 ] ], [ [ 100.507416957389154, 7.070168085968336 ], [ 100.507580110840081, 7.07016808596833 ], [ 100.507580110840081, 7.070331239419165 ], [ 100.508069571192507, 7.070331239419162 ], [ 100.508069571192522, 7.070494392870001 ], [ 100.508232724643435, 7.070494392870001 ], [ 100.508232724643435, 7.070657546320846 ], [ 100.508069571192507, 7.070657546320842 ], [ 100.508069571192507, 7.070820699771686 ], [ 100.50741695738914, 7.070820699771681 ], [ 100.507416957389154, 7.070983853222519 ], [ 100.507090650487655, 7.070983853222534 ], [ 100.507090650487655, 7.071147006673354 ], [ 100.506927497036713, 7.071147006673356 ], [ 100.506927497036727, 7.070983853222528 ], [ 100.5067643435858, 7.070983853222526 ], [ 100.5067643435858, 7.070494392870005 ], [ 100.506927497036727, 7.070494392870005 ], [ 100.506927497036713, 7.070331239419171 ], [ 100.507416957389154, 7.070331239419163 ], [ 100.507416957389154, 7.070168085968336 ] ] ], [ [ [ 100.50448019527424, 7.100351474373265 ], [ 100.504480195274226, 7.100025167471575 ], [ 100.504969655626667, 7.100025167471575 ], [ 100.504969655626667, 7.099862014020744 ], [ 100.505459115979093, 7.099862014020747 ], [ 100.505459115979093, 7.100025167471588 ], [ 100.505785422880948, 7.100025167471591 ], [ 100.505785422880962, 7.099698860569899 ], [ 100.505622269430006, 7.099698860569903 ], [ 100.50562226943002, 7.099535707119074 ], [ 100.505459115979093, 7.099535707119063 ], [ 100.505459115979079, 7.099209400217393 ], [ 100.505295962528521, 7.099209400217398 ], [ 100.505295962528521, 7.097904172610765 ], [ 100.505132809077594, 7.097904172610771 ], [ 100.505132809077608, 7.097741019159934 ], [ 100.504969655626667, 7.097741019159944 ], [ 100.504969655626667, 7.097577865709098 ], [ 100.504816212678364, 7.097577865709088 ], [ 100.504810650225025, 7.097592147424629 ], [ 100.50480650217574, 7.09759917792154 ], [ 100.50480650217574, 7.097741019159924 ], [ 100.50474099694749, 7.097741019159924 ], [ 100.504348762786947, 7.098429647234854 ], [ 100.504102429946613, 7.098800521145107 ], [ 100.504071032302832, 7.098854424525265 ], [ 100.503963095999183, 7.099074378721988 ], [ 100.503895285819681, 7.099282418183462 ], [ 100.503879029637517, 7.099347326951167 ], [ 100.503863191022191, 7.100122978647894 ], [ 100.503865993013193, 7.100224243852385 ], [ 100.503856806756275, 7.100681734252702 ], [ 100.503921463549531, 7.100902784868834 ], [ 100.5039907349218, 7.101102820874373 ], [ 100.5039907349218, 7.100840934725773 ], [ 100.504153888372386, 7.100840934725771 ], [ 100.504153888372386, 7.100514627824098 ], [ 100.504317041823313, 7.100514627824087 ], [ 100.504317041823327, 7.10035147437326 ], [ 100.50448019527424, 7.100351474373265 ] ] ], [ [ [ 100.507416957389154, 7.115687898752061 ], [ 100.507416957389168, 7.11519843839955 ], [ 100.507485918303303, 7.115198438399559 ], [ 100.507483583171648, 7.1138442275552 ], [ 100.507469763827331, 7.113240596989487 ], [ 100.50741695738914, 7.113240596989498 ], [ 100.507416957389168, 7.112924777914159 ], [ 100.507415172290067, 7.112914290087812 ], [ 100.507253803938582, 7.112914290087805 ], [ 100.507253803938568, 7.112587983186137 ], [ 100.507351362937953, 7.11258798318613 ], [ 100.507167207952563, 7.112313995567137 ], [ 100.506590598011698, 7.111777537157459 ], [ 100.50619819496049, 7.111445909030271 ], [ 100.505785422880948, 7.11144590903027 ], [ 100.505785422880948, 7.111609062481116 ], [ 100.505459115979093, 7.111609062481102 ], [ 100.505459115979093, 7.111445909030272 ], [ 100.505295962528507, 7.111445909030268 ], [ 100.505295962528521, 7.110793295226921 ], [ 100.50480650217574, 7.110793295226913 ], [ 100.50480650217574, 7.110630141776076 ], [ 100.504643348725182, 7.110630141776066 ], [ 100.504643348725168, 7.110466988325244 ], [ 100.50448019527424, 7.110466988325243 ], [ 100.504480195274255, 7.110140681423559 ], [ 100.504643348725168, 7.110140681423567 ], [ 100.504643348725168, 7.110131875554988 ], [ 100.50407460840853, 7.109651221071044 ], [ 100.503501274569018, 7.109651221071041 ], [ 100.503501274569018, 7.1094880676202 ], [ 100.503174967667547, 7.109488067620218 ], [ 100.503174967667519, 7.109324914169365 ], [ 100.50301181421662, 7.109324914169372 ], [ 100.50301181421662, 7.109161760718528 ], [ 100.502848660765679, 7.109161760718525 ], [ 100.502848660765679, 7.108998607267684 ], [ 100.502685507315107, 7.108998607267693 ], [ 100.502685507315121, 7.108672300366025 ], [ 100.50252235386418, 7.108672300366025 ], [ 100.502522353864194, 7.108509146915178 ], [ 100.502359200413252, 7.108509146915177 ], [ 100.502359200413238, 7.10834599346434 ], [ 100.502196046962311, 7.108345993464341 ], [ 100.502196046962339, 7.108182840013495 ], [ 100.501869740060826, 7.108182840013495 ], [ 100.501869740060826, 7.107856533111822 ], [ 100.501543433158972, 7.10785653311182 ], [ 100.501543433158986, 7.107825140141116 ], [ 100.501114401921399, 7.108496037501792 ], [ 100.500845106964675, 7.108864505758421 ], [ 100.500828211072616, 7.108890116049103 ], [ 100.500813209663349, 7.108908149884411 ], [ 100.500547177044822, 7.109272154380923 ], [ 100.500269296072545, 7.109592933984243 ], [ 100.499471598277012, 7.110640266797602 ], [ 100.507495391961143, 7.120692488583506 ], [ 100.507494358306204, 7.120093041924609 ], [ 100.507416957389154, 7.120093041924623 ], [ 100.507416957389168, 7.119929888473769 ], [ 100.507253803938582, 7.119929888473771 ], [ 100.507253803938582, 7.11976673502295 ], [ 100.507090650487655, 7.119766735022945 ], [ 100.50709065048764, 7.119603581572095 ], [ 100.507253803938596, 7.119603581572103 ], [ 100.507253803938596, 7.119440428121252 ], [ 100.507493232972521, 7.119440428121257 ], [ 100.507486762303543, 7.115687898752075 ], [ 100.507416957389154, 7.115687898752061 ] ] ], [ [ [ 100.510680026405907, 7.123845571293908 ], [ 100.51051687295535, 7.123845571293889 ], [ 100.510516872955336, 7.123682417843057 ], [ 100.510680026405936, 7.123682417843065 ], [ 100.510680026405922, 7.123519264392218 ], [ 100.51051687295535, 7.123519264392222 ], [ 100.510516872955336, 7.123029804039704 ], [ 100.510353719504437, 7.123029804039708 ], [ 100.510353719504423, 7.12270349713802 ], [ 100.510190566053481, 7.122703497138023 ], [ 100.510190566053495, 7.122540343687184 ], [ 100.510027412602582, 7.122540343687196 ], [ 100.510027412602568, 7.12270349713802 ], [ 100.509864259151982, 7.122703497138033 ], [ 100.509864259151996, 7.123845571293896 ], [ 100.510027412602568, 7.123845571293891 ], [ 100.510027412602582, 7.124171878195567 ], [ 100.510190566053495, 7.124171878195576 ], [ 100.510190566053495, 7.124335031646411 ], [ 100.510353719504423, 7.124335031646415 ], [ 100.510353719504408, 7.124171878195568 ], [ 100.51051687295535, 7.124171878195582 ], [ 100.51051687295535, 7.124008724744738 ], [ 100.510680026405907, 7.124008724744729 ], [ 100.510680026405907, 7.123845571293908 ] ] ] ] } },
{ "type": "Feature", "properties": { "TB_IDN": 901116, "TB_TN": "ต.บ้านพรุ", "AP_IDN": 9011, "AP_TN": "อ.หาดใหญ่", "PV_IDN": 90, "PV_TN": "จ.สงขลา", "RE_NESDB": "South", "RE_ROYIN": "South", "F_AREA": 441290.72538800002, "flood_area": 275.807, "A": 0.441 }, "geometry": { "type": "MultiPolygon", "coordinates": [ [ [ [ 100.454881546219369, 6.925124668173631 ], [ 100.454718392768811, 6.925124668173625 ], [ 100.454718392768797, 6.924961514722781 ], [ 100.454228932416015, 6.924961514722776 ], [ 100.454228932416015, 6.925124668173622 ], [ 100.454065778965443, 6.925124668173626 ], [ 100.454065778965443, 6.9254509750753 ], [ 100.453902625514516, 6.925450975075294 ], [ 100.45390262551453, 6.925940435427819 ], [ 100.454065778965443, 6.925940435427816 ], [ 100.454065778965443, 6.926103588878661 ], [ 100.454718392768811, 6.926103588878656 ], [ 100.454718392768783, 6.925940435427816 ], [ 100.454881546219369, 6.925940435427818 ], [ 100.454881546219369, 6.925124668173631 ] ] ], [ [ [ 100.445908106423332, 6.935566489027282 ], [ 100.445908106423346, 6.934424414871412 ], [ 100.44541864607092, 6.934424414871412 ], [ 100.44541864607092, 6.93458756832226 ], [ 100.445255492620007, 6.934587568322242 ], [ 100.445255492619992, 6.93475072177308 ], [ 100.44509233916942, 6.934750721773082 ], [ 100.44509233916942, 6.93491387522393 ], [ 100.444929185718479, 6.934913875223932 ], [ 100.444929185718493, 6.935729642478115 ], [ 100.44509233916942, 6.935729642478119 ], [ 100.44509233916942, 6.935892795928948 ], [ 100.445581799521847, 6.935892795928959 ], [ 100.445581799521847, 6.935729642478111 ], [ 100.445744952972774, 6.935729642478115 ], [ 100.445744952972774, 6.935566489027281 ], [ 100.445908106423332, 6.935566489027282 ] ] ], [ [ [ 100.452434244456882, 6.940461092552334 ], [ 100.452434244456882, 6.939808478748997 ], [ 100.452271091005954, 6.939808478748986 ], [ 100.452271091005954, 6.93931901839648 ], [ 100.451292170301102, 6.93931901839648 ], [ 100.451292170301102, 6.939155864945643 ], [ 100.450965863399603, 6.939155864945632 ], [ 100.450965863399603, 6.938992711494792 ], [ 100.450802709948661, 6.938992711494799 ], [ 100.450802709948675, 6.93834009769144 ], [ 100.450639556497748, 6.938340097691437 ], [ 100.450639556497748, 6.93817694424061 ], [ 100.450476403046821, 6.938176944240612 ], [ 100.450476403046821, 6.938013790789767 ], [ 100.450313249596249, 6.938013790789776 ], [ 100.450313249596249, 6.938176944240612 ], [ 100.450150096145336, 6.938176944240616 ], [ 100.450150096145336, 6.938503251142288 ], [ 100.449986942694409, 6.938503251142273 ], [ 100.449986942694395, 6.938829558043953 ], [ 100.449823789243467, 6.938829558043953 ], [ 100.449823789243453, 6.938992711494807 ], [ 100.449660635792895, 6.938992711494789 ], [ 100.449660635792881, 6.939319018396465 ], [ 100.449497482341968, 6.939319018396475 ], [ 100.449497482341968, 6.940624246003175 ], [ 100.449660635792895, 6.940624246003173 ], [ 100.449660635792895, 6.940787399454019 ], [ 100.450150096145322, 6.94078739945401 ], [ 100.450150096145308, 6.940624246003193 ], [ 100.450476403046821, 6.940624246003175 ], [ 100.450476403046821, 6.940461092552337 ], [ 100.450639556497748, 6.940461092552334 ], [ 100.450639556497748, 6.940297939101509 ], [ 100.451292170301116, 6.940297939101507 ], [ 100.451292170301102, 6.940461092552344 ], [ 100.451455323752043, 6.940461092552349 ], [ 100.451455323752029, 6.940624246003182 ], [ 100.451781630653528, 6.940624246003178 ], [ 100.451781630653528, 6.94078739945402 ], [ 100.452107937555382, 6.940787399454027 ], [ 100.452107937555382, 6.940624246003174 ], [ 100.452271091005954, 6.940624246003185 ], [ 100.452271091005954, 6.940461092552335 ], [ 100.452434244456882, 6.940461092552334 ] ] ], [ [ [ 100.454065778965443, 6.947476690938397 ], [ 100.454392085866942, 6.947476690938403 ], [ 100.454392085866942, 6.947313537487551 ], [ 100.45455523931787, 6.947313537487547 ], [ 100.454555239317855, 6.947150384036718 ], [ 100.454718392768811, 6.947150384036707 ], [ 100.454718392768797, 6.946824077135048 ], [ 100.454555239317884, 6.946824077135046 ], [ 100.45455523931787, 6.946660923684206 ], [ 100.454392085866957, 6.946660923684211 ], [ 100.454392085866942, 6.946334616782527 ], [ 100.454228932416015, 6.946334616782518 ], [ 100.454228932416001, 6.946008309880851 ], [ 100.454065778965443, 6.946008309880855 ], [ 100.454065778965443, 6.945845156430003 ], [ 100.453902625514516, 6.945845156430003 ], [ 100.453902625514516, 6.945682002979165 ], [ 100.453413165162075, 6.945682002979163 ], [ 100.45341316516209, 6.945518849528331 ], [ 100.452923704809308, 6.94551884952833 ], [ 100.452923704809308, 6.945355696077487 ], [ 100.452434244456867, 6.945355696077491 ], [ 100.452434244456882, 6.945682002979174 ], [ 100.452271091005954, 6.945682002979177 ], [ 100.452271091005954, 6.946008309880839 ], [ 100.452107937555368, 6.946008309880855 ], [ 100.452107937555382, 6.946334616782534 ], [ 100.451944784104469, 6.94633461678252 ], [ 100.451944784104469, 6.94698723058587 ], [ 100.452107937555382, 6.946987230585883 ], [ 100.452107937555382, 6.947313537487552 ], [ 100.452271091005954, 6.947313537487563 ], [ 100.452271091005954, 6.947639844389243 ], [ 100.452434244456882, 6.947639844389226 ], [ 100.452434244456882, 6.947802997840081 ], [ 100.452597397907809, 6.947802997840079 ], [ 100.452597397907809, 6.947966151290902 ], [ 100.453250011711162, 6.947966151290904 ], [ 100.453250011711162, 6.948129304741753 ], [ 100.453739472063575, 6.948129304741756 ], [ 100.453739472063575, 6.947966151290918 ], [ 100.453902625514516, 6.947966151290906 ], [ 100.453902625514516, 6.947639844389235 ], [ 100.454065778965443, 6.947639844389228 ], [ 100.454065778965443, 6.947476690938397 ] ], [ [ 100.453250011711162, 6.946171463331691 ], [ 100.45341316516209, 6.946171463331683 ], [ 100.453413165162075, 6.946660923684208 ], [ 100.453250011711148, 6.946660923684203 ], [ 100.453250011711162, 6.946824077135044 ], [ 100.452923704809308, 6.94682407713504 ], [ 100.452923704809308, 6.946660923684209 ], [ 100.452760551358736, 6.946660923684201 ], [ 100.45276055135875, 6.946171463331692 ], [ 100.452923704809294, 6.946171463331695 ], [ 100.452923704809322, 6.946008309880851 ], [ 100.453250011711162, 6.946008309880853 ], [ 100.453250011711162, 6.946171463331691 ] ] ], [ [ [ 100.450150096145336, 6.948129304741744 ], [ 100.450150096145322, 6.947476690938389 ], [ 100.44998694269438, 6.947476690938392 ], [ 100.449986942694395, 6.947313537487567 ], [ 100.449823789243467, 6.947313537487567 ], [ 100.449823789243467, 6.947150384036707 ], [ 100.449660635792895, 6.947150384036727 ], [ 100.449660635792895, 6.946987230585878 ], [ 100.449171175440114, 6.946987230585881 ], [ 100.449171175440114, 6.947150384036724 ], [ 100.449008021989556, 6.94715038403672 ], [ 100.449008021989556, 6.947439908109088 ], [ 100.4491778348971, 6.947485189029427 ], [ 100.449414167913545, 6.947528156691112 ], [ 100.449443497272043, 6.947546787252389 ], [ 100.449443586836665, 6.947576037344154 ], [ 100.449423746336578, 6.947597158271132 ], [ 100.44935629069721, 6.94763980232973 ], [ 100.449358512663551, 6.947641652887468 ], [ 100.449382576845011, 6.94768106894661 ], [ 100.449393397749205, 6.947715303083809 ], [ 100.449393729764083, 6.947760175112573 ], [ 100.449383653184313, 6.947826240863848 ], [ 100.449357886578667, 6.947913541811462 ], [ 100.449245660103443, 6.948096517901048 ], [ 100.449224980031914, 6.948157384615554 ], [ 100.449227644233048, 6.948199652398687 ], [ 100.449303493381251, 6.9483505095078 ], [ 100.449392593971268, 6.94847769821218 ], [ 100.449422286351023, 6.948503619684353 ], [ 100.4494662226179, 6.948512459957743 ], [ 100.449652731198952, 6.948477985315225 ], [ 100.449813495162516, 6.948509403541915 ], [ 100.450015976581511, 6.948476874252068 ], [ 100.45013975921151, 6.948489459007181 ], [ 100.450165763322389, 6.948508325972765 ], [ 100.450233949318616, 6.948614816130522 ], [ 100.450245575304663, 6.948624122499976 ], [ 100.450330626403712, 6.948678862988741 ], [ 100.450367823346838, 6.948709717628914 ], [ 100.450476403046821, 6.948759480593786 ], [ 100.450476403046821, 6.948455611643423 ], [ 100.450313249596249, 6.948455611643425 ], [ 100.450313249596249, 6.948129304741746 ], [ 100.450150096145336, 6.948129304741744 ] ] ], [ [ [ 100.452923704809294, 6.954329135873599 ], [ 100.452923704809308, 6.954165982422763 ], [ 100.453086858260235, 6.954165982422764 ], [ 100.453086858260235, 6.953839675521103 ], [ 100.453250011711148, 6.953839675521082 ], [ 100.453250011711162, 6.953513368619406 ], [ 100.453413165162104, 6.953513368619415 ], [ 100.453413165162075, 6.952860754816062 ], [ 100.453576318612662, 6.952860754816053 ], [ 100.453576318612662, 6.952534447914378 ], [ 100.453739472063589, 6.952534447914387 ], [ 100.453739472063575, 6.952371294463551 ], [ 100.453902625514502, 6.952371294463544 ], [ 100.453902625514502, 6.952044987561875 ], [ 100.454228932416015, 6.952044987561869 ], [ 100.454228932416015, 6.951881834111039 ], [ 100.454555239317884, 6.951881834111039 ], [ 100.454555239317855, 6.951718680660192 ], [ 100.454718392768797, 6.951718680660202 ], [ 100.454718392768797, 6.951392373758523 ], [ 100.454555239317855, 6.95139237375852 ], [ 100.45455523931787, 6.951229220307678 ], [ 100.454228932416015, 6.95122922030767 ], [ 100.454228932416015, 6.951392373758519 ], [ 100.454065778965443, 6.951392373758521 ], [ 100.454065778965457, 6.951555527209347 ], [ 100.453902625514516, 6.951555527209345 ], [ 100.453902625514516, 6.951718680660187 ], [ 100.453739472063575, 6.951718680660197 ], [ 100.453739472063575, 6.951881834111034 ], [ 100.453576318612676, 6.951881834111034 ], [ 100.453576318612662, 6.952044987561862 ], [ 100.453413165162075, 6.952044987561872 ], [ 100.453413165162075, 6.952208141012711 ], [ 100.453250011711162, 6.952208141012705 ], [ 100.453250011711162, 6.952371294463554 ], [ 100.453086858260235, 6.952371294463552 ], [ 100.453086858260235, 6.952534447914391 ], [ 100.452760551358722, 6.952534447914389 ], [ 100.452760551358736, 6.952697601365228 ], [ 100.452597397907823, 6.952697601365228 ], [ 100.452597397907809, 6.953023908266906 ], [ 100.452271091005954, 6.953023908266892 ], [ 100.45227109100594, 6.953187061717739 ], [ 100.452107937555397, 6.953187061717731 ], [ 100.452107937555382, 6.953023908266896 ], [ 100.451944784104455, 6.953023908266906 ], [ 100.451944784104455, 6.952697601365214 ], [ 100.451941846442963, 6.95269760136522 ], [ 100.45186192123127, 6.952731045006861 ], [ 100.451708904327944, 6.952759800764365 ], [ 100.451677442422508, 6.952777855698005 ], [ 100.451662338794648, 6.952816292751002 ], [ 100.451663639173489, 6.95287051814799 ], [ 100.451720390200464, 6.952992387103443 ], [ 100.451875720872167, 6.953193367213599 ], [ 100.451898853700456, 6.953272624984615 ], [ 100.451850284031096, 6.953392948837177 ], [ 100.451988266965685, 6.953675213920494 ], [ 100.451996855638029, 6.953687109996248 ], [ 100.452023737900319, 6.953735016344479 ], [ 100.452071121808217, 6.953792313963487 ], [ 100.452096611126422, 6.953864882280266 ], [ 100.452366605126656, 6.954346033250792 ], [ 100.45249267114508, 6.954529255379824 ], [ 100.452558668106931, 6.954646624511294 ], [ 100.452597397907809, 6.954764067291426 ], [ 100.452597397907795, 6.954655442775276 ], [ 100.452760551358722, 6.954655442775281 ], [ 100.45276055135875, 6.954329135873603 ], [ 100.452923704809294, 6.954329135873599 ] ] ], [ [ [ 100.453739472063589, 6.956286977283669 ], [ 100.453739472063589, 6.955960670381986 ], [ 100.453902625514516, 6.955960670381988 ], [ 100.453902625514516, 6.955797516931159 ], [ 100.454065778965443, 6.95579751693116 ], [ 100.454065778965443, 6.955471210029484 ], [ 100.454228932416029, 6.955471210029467 ], [ 100.454228932416015, 6.955144903127791 ], [ 100.454392085866942, 6.955144903127803 ], [ 100.454392085866942, 6.954981749676969 ], [ 100.454555239317855, 6.954981749676951 ], [ 100.45455523931787, 6.954818596226117 ], [ 100.455207853121209, 6.954818596226118 ], [ 100.455207853121223, 6.954492289324449 ], [ 100.455044699670296, 6.954492289324453 ], [ 100.45504469967031, 6.954329135873603 ], [ 100.454881546219369, 6.954329135873611 ], [ 100.454881546219383, 6.954165982422767 ], [ 100.45455523931787, 6.954165982422766 ], [ 100.45455523931787, 6.954492289324452 ], [ 100.454228932416029, 6.954492289324437 ], [ 100.454228932416001, 6.954655442775288 ], [ 100.45390262551453, 6.954655442775277 ], [ 100.453902625514502, 6.954818596226124 ], [ 100.453576318612662, 6.954818596226128 ], [ 100.453576318612676, 6.954981749676966 ], [ 100.45341316516209, 6.954981749676966 ], [ 100.45341316516209, 6.955144903127795 ], [ 100.452923704809308, 6.955144903127797 ], [ 100.452923704809322, 6.954981749676968 ], [ 100.452760551358722, 6.954981749676956 ], [ 100.452760551358736, 6.954818596226131 ], [ 100.45261538023739, 6.95481859622612 ], [ 100.452630117536074, 6.954863285051648 ], [ 100.452656354550768, 6.955000461949221 ], [ 100.452667877737426, 6.955229373116309 ], [ 100.452647741180471, 6.955452627372646 ], [ 100.452613150182316, 6.955551328887413 ], [ 100.452425991703009, 6.955867335269371 ], [ 100.452378310651724, 6.956035915466193 ], [ 100.452389474954643, 6.956115969528334 ], [ 100.452431108216118, 6.956185309193806 ], [ 100.452563136947873, 6.956231683781087 ], [ 100.452815617322273, 6.956224527983441 ], [ 100.452851446095721, 6.956219624846002 ], [ 100.453133814072274, 6.95615055382989 ], [ 100.45321573354623, 6.956154900774736 ], [ 100.45337245898321, 6.956208285943913 ], [ 100.453442485960153, 6.956282159540221 ], [ 100.453485276653993, 6.956363675915464 ], [ 100.453523802388958, 6.956539463802921 ], [ 100.453524484594794, 6.956631214276806 ], [ 100.453500796583413, 6.956782668224498 ], [ 100.453463935947369, 6.956855204285294 ], [ 100.453470758670633, 6.95685721351764 ], [ 100.453427762573995, 6.956926388998792 ], [ 100.453427395329896, 6.956927039423847 ], [ 100.453354577476375, 6.957044171776468 ], [ 100.453285406963047, 6.957265897988612 ], [ 100.453413165162104, 6.957265897988618 ], [ 100.453413165162075, 6.957102744537861 ], [ 100.453576318612662, 6.957102744537853 ], [ 100.453576318612647, 6.95628697728366 ], [ 100.453739472063589, 6.956286977283669 ] ] ], [ [ [ 100.459123535941345, 6.879827608572103 ], [ 100.45910773468735, 6.879814343547467 ], [ 100.459038246846006, 6.879783266163065 ], [ 100.458940426142107, 6.879755504459815 ], [ 100.458757586372471, 6.879734544643543 ], [ 100.458581030199142, 6.879710399595629 ], [ 100.458470922137991, 6.879711050165342 ], [ 100.458470922137991, 6.879768008840734 ], [ 100.458307768687064, 6.879768008840736 ], [ 100.458307768687064, 6.879931162291558 ], [ 100.458144615236137, 6.879931162291562 ], [ 100.458144615236122, 6.880257469193248 ], [ 100.45798146178555, 6.880257469193249 ], [ 100.457981461785579, 6.880583776094918 ], [ 100.457861067786084, 6.880583776094927 ], [ 100.457818308334637, 6.880701210578658 ], [ 100.457818308334637, 6.880910082996602 ], [ 100.457981461785565, 6.880910082996589 ], [ 100.457981461785579, 6.881073236447436 ], [ 100.45879722903949, 6.881073236447443 ], [ 100.45879722903949, 6.880910082996587 ], [ 100.459123535941345, 6.880910082996596 ], [ 100.459123535941345, 6.879827608572103 ] ] ], [ [ [ 100.457002541080357, 6.887925681382645 ], [ 100.457002541080357, 6.887273067579291 ], [ 100.456839387629429, 6.88727306757929 ], [ 100.456839387629429, 6.887109914128454 ], [ 100.456676234178857, 6.887109914128445 ], [ 100.456676234178872, 6.887273067579289 ], [ 100.45651308072793, 6.887273067579293 ], [ 100.456513080727944, 6.887599374480969 ], [ 100.456349927277003, 6.887599374480966 ], [ 100.456349927277017, 6.887925681382654 ], [ 100.456186773826062, 6.88792568138264 ], [ 100.456186773826076, 6.888578295185994 ], [ 100.456349927277003, 6.888578295185992 ], [ 100.456349927277003, 6.888616775796425 ], [ 100.456377130056765, 6.888620089880813 ], [ 100.456559935284091, 6.88861039692531 ], [ 100.456861024315828, 6.888417622883249 ], [ 100.457116906683225, 6.888389434939896 ], [ 100.45716569453127, 6.888390482250932 ], [ 100.457165694531284, 6.887925681382641 ], [ 100.457002541080357, 6.887925681382645 ] ] ], [ [ [ 100.456186773826076, 6.90603571442561 ], [ 100.456186773826062, 6.905621344900181 ], [ 100.456068304622988, 6.90561193312153 ], [ 100.45601113922713, 6.905593495110669 ], [ 100.455972175504726, 6.905557093364527 ], [ 100.455924225346138, 6.905511596332155 ], [ 100.455876351455785, 6.905454046355547 ], [ 100.455864518805015, 6.905399881491047 ], [ 100.455866563791773, 6.90538310062227 ], [ 100.455860466924563, 6.905383100622273 ], [ 100.455860466924563, 6.905219947171422 ], [ 100.455573011942789, 6.905219947171437 ], [ 100.455587326657906, 6.905405383254901 ], [ 100.455551484800424, 6.905643029280592 ], [ 100.455442857756438, 6.905730418635822 ], [ 100.455443242978873, 6.905740773187699 ], [ 100.455442860739751, 6.905801040600537 ], [ 100.455427311782785, 6.905876280935482 ], [ 100.45537540599183, 6.905978414450288 ], [ 100.455290544429957, 6.90604719073273 ], [ 100.455170854403093, 6.906157254159186 ], [ 100.45521560448627, 6.90642061667712 ], [ 100.455860466924591, 6.906670897543637 ], [ 100.455860466924577, 6.906525174778129 ], [ 100.456023620375504, 6.906525174778127 ], [ 100.45602362037549, 6.906035714425617 ], [ 100.456186773826076, 6.90603571442561 ] ] ], [ [ [ 100.457492001432769, 6.92626674232949 ], [ 100.457492001432769, 6.925940435427815 ], [ 100.457002541080357, 6.925940435427823 ], [ 100.457002541080357, 6.925777281976968 ], [ 100.45651308072793, 6.925777281976969 ], [ 100.456513080727916, 6.92561412852614 ], [ 100.456186773826076, 6.925614128526145 ], [ 100.456186773826062, 6.925777281976977 ], [ 100.456023620375504, 6.925777281976986 ], [ 100.456023620375504, 6.926266742329497 ], [ 100.455860466924577, 6.926266742329499 ], [ 100.455860466924577, 6.926429895780326 ], [ 100.45602362037549, 6.926429895780327 ], [ 100.456023620375504, 6.926593049231174 ], [ 100.456676234178872, 6.926593049231171 ], [ 100.456676234178857, 6.926429895780327 ], [ 100.457165694531284, 6.926429895780328 ], [ 100.457165694531284, 6.926266742329482 ], [ 100.457492001432769, 6.92626674232949 ] ] ], [ [ [ 100.460591916998993, 6.96901294644897 ], [ 100.460591916998965, 6.968686639547307 ], [ 100.460755070449537, 6.968686639547297 ], [ 100.460755070449551, 6.968034025743935 ], [ 100.460918223900478, 6.968034025743933 ], [ 100.460918223900478, 6.967381411940581 ], [ 100.460755070449551, 6.967381411940591 ], [ 100.460755070449551, 6.96721825848975 ], [ 100.460428763548038, 6.967218258489753 ], [ 100.460428763548052, 6.966891951588065 ], [ 100.460387491218427, 6.966891951588078 ], [ 100.460389215684486, 6.966961011244725 ], [ 100.460397880466701, 6.967021389549853 ], [ 100.460392197348654, 6.967080417888324 ], [ 100.460397256464887, 6.967283020210711 ], [ 100.460363990410428, 6.967494756100604 ], [ 100.460224873320669, 6.967904268970874 ], [ 100.460058372055727, 6.968134353549734 ], [ 100.460007168036483, 6.968270889947402 ], [ 100.459995673278101, 6.968318284813916 ], [ 100.459997325288001, 6.96839126462073 ], [ 100.46003048626153, 6.968546978698816 ], [ 100.460153891624344, 6.968668518488503 ], [ 100.460175125303081, 6.968678520367928 ], [ 100.460184155379039, 6.968687970604963 ], [ 100.460265254619529, 6.968713564579461 ], [ 100.460281703085414, 6.968760387221662 ], [ 100.460291977645994, 6.968767124792438 ], [ 100.460332920751242, 6.968816077902979 ], [ 100.460359723482398, 6.968914384052859 ], [ 100.460367003911358, 6.969120021662474 ], [ 100.460359141522488, 6.969235961392376 ], [ 100.460342728008726, 6.969372241984703 ], [ 100.460277134805622, 6.969523364205206 ], [ 100.460073469416869, 6.969826132874818 ], [ 100.460051752203228, 6.969866609246663 ], [ 100.46004395461604, 6.970129870644675 ], [ 100.460091768252923, 6.970353249616983 ], [ 100.460088574415451, 6.970353843673081 ], [ 100.460142406409787, 6.970644480957363 ], [ 100.460265610097125, 6.970644480957348 ], [ 100.46026561009711, 6.970155020604848 ], [ 100.460428763548052, 6.970155020604843 ], [ 100.460428763548052, 6.969012946448978 ], [ 100.460591916998993, 6.96901294644897 ] ] ], [ [ [ 100.465486520523953, 6.975702237933343 ], [ 100.465486520523953, 6.974070703424956 ], [ 100.465323367073012, 6.974070703424963 ], [ 100.465323367073012, 6.97374439652329 ], [ 100.465160213622454, 6.973744396523297 ], [ 100.46516021362244, 6.973418089621622 ], [ 100.464997060171527, 6.973418089621615 ], [ 100.464997060171541, 6.97325493617078 ], [ 100.464833906720585, 6.973254936170768 ], [ 100.4648339067206, 6.972928629269092 ], [ 100.464670753269687, 6.972928629269094 ], [ 100.464670753269672, 6.971949708564065 ], [ 100.464344446368173, 6.971949708564065 ], [ 100.464344446368173, 6.971786555113221 ], [ 100.464181292917246, 6.971786555113218 ], [ 100.464181292917246, 6.971623401662388 ], [ 100.464018139466319, 6.971623401662381 ], [ 100.464018139466319, 6.971297094760704 ], [ 100.463854986015747, 6.971297094760716 ], [ 100.463854986015733, 6.970644480957353 ], [ 100.463691832564834, 6.970644480957359 ], [ 100.46369183256482, 6.970116216811242 ], [ 100.463656524763692, 6.970135036578046 ], [ 100.46348829943102, 6.97015030703167 ], [ 100.463287665995537, 6.969985078190658 ], [ 100.463120319154612, 6.969869248046593 ], [ 100.463097574107451, 6.969828713703175 ], [ 100.463039218761466, 6.969828713703173 ], [ 100.463039218761452, 6.970318174055684 ], [ 100.462876065310539, 6.970318174055683 ], [ 100.462876065310525, 6.970970787859038 ], [ 100.462712911859597, 6.970970787859031 ], [ 100.462712911859612, 6.97162340166239 ], [ 100.462876065310525, 6.971623401662384 ], [ 100.462876065310539, 6.971786555113225 ], [ 100.463039218761452, 6.971786555113224 ], [ 100.46303921876148, 6.971949708564066 ], [ 100.463202372212393, 6.97194970856407 ], [ 100.463202372212393, 6.973418089621601 ], [ 100.463039218761466, 6.973418089621616 ], [ 100.463039218761466, 6.974723317228315 ], [ 100.462876065310539, 6.974723317228317 ], [ 100.462876065310539, 6.975212777580836 ], [ 100.463039218761452, 6.975212777580826 ], [ 100.463039218761466, 6.975702237933351 ], [ 100.463202372212393, 6.975702237933338 ], [ 100.463202372212407, 6.976191698285867 ], [ 100.463365525662951, 6.976191698285862 ], [ 100.463365525662965, 6.976354851736694 ], [ 100.463528679113892, 6.976354851736692 ], [ 100.463528679113907, 6.97553908448251 ], [ 100.463691832564805, 6.975539084482516 ], [ 100.46369183256482, 6.975212777580826 ], [ 100.463854986015747, 6.975212777580825 ], [ 100.463854986015747, 6.975049624129985 ], [ 100.46418129291726, 6.975049624129998 ], [ 100.46418129291726, 6.974886470679166 ], [ 100.464344446368187, 6.974886470679161 ], [ 100.464344446368187, 6.975049624129994 ], [ 100.464507599819086, 6.975049624129998 ], [ 100.4645075998191, 6.975212777580841 ], [ 100.464833906720585, 6.975212777580825 ], [ 100.4648339067206, 6.976191698285861 ], [ 100.464997060171527, 6.976191698285855 ], [ 100.464997060171513, 6.976354851736701 ], [ 100.465160213622454, 6.976354851736708 ], [ 100.465160213622454, 6.976191698285867 ], [ 100.465323367073026, 6.976191698285858 ], [ 100.465323367073012, 6.975702237933351 ], [ 100.465486520523953, 6.975702237933343 ] ] ], [ [ [ 100.461897144605686, 6.976028544835035 ], [ 100.461897144605686, 6.975865391384193 ], [ 100.462060298056244, 6.975865391384185 ], [ 100.462060298056258, 6.97570223793334 ], [ 100.461897144605672, 6.975702237933347 ], [ 100.461897144605672, 6.975375931031667 ], [ 100.461733991154745, 6.97537593103168 ], [ 100.461733991154759, 6.975212777580828 ], [ 100.460755070449551, 6.975212777580823 ], [ 100.460755070449551, 6.975375931031664 ], [ 100.460591916998979, 6.975375931031667 ], [ 100.460591916998979, 6.975702237933351 ], [ 100.460428763548052, 6.975702237933341 ], [ 100.460428763548038, 6.975865391384178 ], [ 100.460265610097139, 6.975865391384178 ], [ 100.460265610097125, 6.976028544835018 ], [ 100.460102456646197, 6.976028544835025 ], [ 100.460102456646183, 6.976191698285862 ], [ 100.459776149744698, 6.976191698285866 ], [ 100.459776149744712, 6.976518005187538 ], [ 100.461244530802347, 6.976518005187541 ], [ 100.461244530802333, 6.976681158638382 ], [ 100.461407684252904, 6.976681158638372 ], [ 100.461407684252919, 6.97700746554006 ], [ 100.461570837703832, 6.977007465540048 ], [ 100.461570837703832, 6.977170618990894 ], [ 100.4618971446057, 6.977170618990888 ], [ 100.461897144605686, 6.977007465540059 ], [ 100.462060298056258, 6.977007465540065 ], [ 100.462060298056258, 6.976028544835026 ], [ 100.461897144605686, 6.976028544835035 ] ] ] ] } },
{ "type": "Feature", "properties": { "TB_IDN": 901202, "TB_TN": "ต.พิจิตร", "AP_IDN": 9012, "AP_TN": "อ.นาหม่อม", "PV_IDN": 90, "PV_TN": "จ.สงขลา", "RE_NESDB": "South", "RE_ROYIN": "South", "F_AREA": 131073.60252300001, "flood_area": 81.921, "A": 0.131 }, "geometry": { "type": "MultiPolygon", "coordinates": [ [ [ [ 100.565989046240048, 6.971786555113226 ], [ 100.565989046240048, 6.97162340166239 ], [ 100.565336432436695, 6.97162340166239 ], [ 100.565336432436695, 6.971786555113227 ], [ 100.564683818633341, 6.971786555113227 ], [ 100.564683818633341, 6.971623401662387 ], [ 100.564194358280915, 6.971623401662387 ], [ 100.564194358280915, 6.971786555113226 ], [ 100.563704897928133, 6.971786555113226 ], [ 100.563704897928133, 6.971623401662387 ], [ 100.563541744477561, 6.971623401662387 ], [ 100.563541744477561, 6.97146024821155 ], [ 100.563378591026634, 6.97146024821155 ], [ 100.563378591026634, 6.970970787859034 ], [ 100.563215437575707, 6.970970787859034 ], [ 100.563215437575707, 6.970644480957356 ], [ 100.56305228412478, 6.970644480957358 ], [ 100.56305228412478, 6.97048132750652 ], [ 100.562889130674208, 6.97048132750652 ], [ 100.562889130674208, 6.970318174055682 ], [ 100.561747056518072, 6.970318174055682 ], [ 100.561747056518072, 6.970155020604842 ], [ 100.561420749616573, 6.970155020604841 ], [ 100.561420749616573, 6.969991867154004 ], [ 100.561257596165646, 6.969991867154005 ], [ 100.561257596165646, 6.969828713703165 ], [ 100.561094442714719, 6.969828713703166 ], [ 100.561094442714719, 6.969665560252327 ], [ 100.560931289264147, 6.969665560252327 ], [ 100.560931289264147, 6.969339253350651 ], [ 100.56076813581322, 6.969339253350651 ], [ 100.56076813581322, 6.969176099899811 ], [ 100.560604982362293, 6.969176099899812 ], [ 100.560604982362293, 6.969012946448975 ], [ 100.560441828911365, 6.969012946448975 ], [ 100.560441828911365, 6.968849792998135 ], [ 100.560262657323221, 6.968849792998136 ], [ 100.5602629231131, 6.968853102652464 ], [ 100.560259388873362, 6.968894069612599 ], [ 100.560255167154565, 6.96891242124357 ], [ 100.560244238236351, 6.968937519174413 ], [ 100.560229613335679, 6.968954682585907 ], [ 100.560205820015213, 6.968974322323032 ], [ 100.560177130529752, 6.968993366036306 ], [ 100.560099950819037, 6.969036796160245 ], [ 100.560073325755198, 6.969051779209803 ], [ 100.560028120559608, 6.969071488735903 ], [ 100.559998209546123, 6.969091147760889 ], [ 100.559964647023321, 6.969116320419692 ], [ 100.559915251312063, 6.96916355166847 ], [ 100.559909442783834, 6.969169483868001 ], [ 100.559875620729954, 6.969204025617462 ], [ 100.559862211256956, 6.969218739863018 ], [ 100.559832296186542, 6.96923717722541 ], [ 100.559795645601483, 6.969253802059186 ], [ 100.559737126702601, 6.96927149468637 ], [ 100.559736364553416, 6.969271724174268 ], [ 100.55973479283999, 6.969272075698409 ], [ 100.559680735918562, 6.969284133550283 ], [ 100.559649577992815, 6.969296462140075 ], [ 100.559610032479995, 6.969324082496745 ], [ 100.559595433622405, 6.969336542700811 ], [ 100.559562087314291, 6.969375116814226 ], [ 100.559552097307247, 6.969386673810477 ], [ 100.559513088769947, 6.96943026993985 ], [ 100.559480559350348, 6.969459718171347 ], [ 100.559453421260443, 6.969475021191799 ], [ 100.559403454905834, 6.969493660359341 ], [ 100.559291545373256, 6.969535277111519 ], [ 100.559217710015076, 6.969562734813763 ], [ 100.559010346687316, 6.969672088930991 ], [ 100.558810294403244, 6.969811926434791 ], [ 100.558810294403159, 6.969828713703165 ], [ 100.558973447854086, 6.969828713703167 ], [ 100.558973447854086, 6.970807634408196 ], [ 100.559136601304658, 6.970807634408197 ], [ 100.559136601304658, 6.970970787859035 ], [ 100.559789215108012, 6.970970787859035 ], [ 100.559789215108012, 6.971133941309874 ], [ 100.560604982362293, 6.971133941309874 ], [ 100.560604982362293, 6.971297094760712 ], [ 100.560931289264147, 6.97129709476071 ], [ 100.560931289264147, 6.971460248211549 ], [ 100.561257596165646, 6.971460248211549 ], [ 100.561257596165646, 6.97162340166239 ], [ 100.562399670321426, 6.97162340166239 ], [ 100.562399670321426, 6.971786555113226 ], [ 100.56272597722328, 6.971786555113226 ], [ 100.56272597722328, 6.971949708564065 ], [ 100.563378591026634, 6.971949708564064 ], [ 100.563378591026634, 6.972112862014902 ], [ 100.564194358280915, 6.972112862014901 ], [ 100.564194358280915, 6.972439168916581 ], [ 100.564520665182414, 6.972439168916579 ], [ 100.564520665182414, 6.972765475818256 ], [ 100.564846972084268, 6.972765475818258 ], [ 100.564846972084268, 6.972928629269094 ], [ 100.565173278985768, 6.972928629269096 ], [ 100.565173278985768, 6.973091782719933 ], [ 100.565989046240048, 6.973091782719933 ], [ 100.565989046240048, 6.973254936170773 ], [ 100.566641660043402, 6.973254936170773 ], [ 100.566641660043402, 6.97341808962161 ], [ 100.566967966944901, 6.97341808962161 ], [ 100.566967966944901, 6.973581243072449 ], [ 100.567457427297683, 6.973581243072449 ], [ 100.567457427297683, 6.97341808962161 ], [ 100.567294273846755, 6.973418089621612 ], [ 100.567294273846755, 6.973254936170773 ], [ 100.567131120395828, 6.973254936170773 ], [ 100.567131120395828, 6.973091782719934 ], [ 100.566967966944901, 6.973091782719934 ], [ 100.566967966944901, 6.972928629269096 ], [ 100.566804813494329, 6.972928629269096 ], [ 100.566804813494329, 6.972765475818257 ], [ 100.566641660043402, 6.972765475818258 ], [ 100.566641660043402, 6.972439168916581 ], [ 100.566478506592475, 6.97243916891658 ], [ 100.566478506592475, 6.972112862014902 ], [ 100.566315353141547, 6.972112862014902 ], [ 100.566315353141547, 6.971949708564065 ], [ 100.566152199690976, 6.971949708564064 ], [ 100.566152199690976, 6.971786555113226 ], [ 100.565989046240048, 6.971786555113226 ] ] ] ] } },
{ "type": "Feature", "properties": { "TB_IDN": 901304, "TB_TN": "ต.บางเหรียง", "AP_IDN": 9013, "AP_TN": "อ.ควนเนียง", "PV_IDN": 90, "PV_TN": "จ.สงขลา", "RE_NESDB": "South", "RE_ROYIN": "South", "F_AREA": 431611.26346400002, "flood_area": 269.757, "A": 0.432 }, "geometry": { "type": "MultiPolygon", "coordinates": [ [ [ [ 100.416866792174304, 7.129229635171568 ], [ 100.417029945625202, 7.129229635171562 ], [ 100.417029945625217, 7.128903328269891 ], [ 100.417193099076144, 7.128903328269882 ], [ 100.417193099076144, 7.128740174819056 ], [ 100.417356252526716, 7.128740174819059 ], [ 100.417356252526716, 7.12857702136821 ], [ 100.41768255942857, 7.128577021368203 ], [ 100.41768255942857, 7.128413867917371 ], [ 100.417845712879497, 7.128413867917383 ], [ 100.417845712879497, 7.128250714466533 ], [ 100.418008866330084, 7.128250714466526 ], [ 100.418008866330069, 7.127598100663175 ], [ 100.418172019780997, 7.127598100663188 ], [ 100.418172019780982, 7.127271793761505 ], [ 100.41833517323191, 7.127271793761508 ], [ 100.41833517323191, 7.126945486859829 ], [ 100.418661480133423, 7.126945486859838 ], [ 100.418661480133423, 7.126782333408983 ], [ 100.418987787035277, 7.126782333408995 ], [ 100.418987787035277, 7.126619179958156 ], [ 100.419150940486205, 7.126619179958161 ], [ 100.419150940486205, 7.126132299367007 ], [ 100.419111310673884, 7.12617340949929 ], [ 100.419070639388153, 7.126160720121566 ], [ 100.419052289779671, 7.126129719605641 ], [ 100.418987787035277, 7.126129719605638 ], [ 100.418987787035263, 7.126020746254132 ], [ 100.41886182091028, 7.125807934365671 ], [ 100.418881260212373, 7.125767180262812 ], [ 100.418987787035277, 7.125705411000134 ], [ 100.418987787035263, 7.125313952351449 ], [ 100.419314093936777, 7.125313952351439 ], [ 100.419314093936777, 7.125150798900613 ], [ 100.419477247387704, 7.125150798900597 ], [ 100.419477247387704, 7.123845571293904 ], [ 100.419640400838631, 7.123845571293906 ], [ 100.419640400838631, 7.123029804039708 ], [ 100.419477247387704, 7.123029804039708 ], [ 100.419477247387704, 7.122866650588861 ], [ 100.418987787035277, 7.122866650588861 ], [ 100.418987787035263, 7.123029804039716 ], [ 100.41882463358435, 7.123029804039713 ], [ 100.418824633584336, 7.123192957490541 ], [ 100.418498326682837, 7.123192957490555 ], [ 100.418498326682851, 7.123519264392225 ], [ 100.418335173231924, 7.123519264392222 ], [ 100.418335173231924, 7.123845571293902 ], [ 100.418498326682865, 7.1238455712939 ], [ 100.418498326682851, 7.124008724744728 ], [ 100.418661480133423, 7.124008724744743 ], [ 100.418661480133423, 7.124171878195573 ], [ 100.41882463358435, 7.124171878195577 ], [ 100.41882463358435, 7.124335031646408 ], [ 100.418987787035277, 7.124335031646422 ], [ 100.418987787035263, 7.124987645449767 ], [ 100.418661480133423, 7.124987645449758 ], [ 100.418661480133423, 7.125150798900607 ], [ 100.418008866330069, 7.125150798900598 ], [ 100.418008866330055, 7.125313952351438 ], [ 100.417845712879512, 7.125313952351438 ], [ 100.417845712879497, 7.125640259253113 ], [ 100.41768255942857, 7.125640259253113 ], [ 100.41768255942857, 7.125966566154808 ], [ 100.417519405977657, 7.125966566154802 ], [ 100.417519405977643, 7.126456026507305 ], [ 100.41735625252673, 7.126456026507304 ], [ 100.417356252526716, 7.126619179958158 ], [ 100.417193099076144, 7.126619179958146 ], [ 100.417193099076144, 7.126782333408999 ], [ 100.417029945625231, 7.126782333408995 ], [ 100.417029945625202, 7.126945486859825 ], [ 100.416866792174304, 7.126945486859828 ], [ 100.416866792174289, 7.127108640310674 ], [ 100.41654048527279, 7.127108640310675 ], [ 100.41654048527279, 7.126945486859832 ], [ 100.416214178370936, 7.126945486859829 ], [ 100.416214178370936, 7.127108640310665 ], [ 100.416051024919994, 7.127108640310658 ], [ 100.416051024920009, 7.12776125411401 ], [ 100.415887871469437, 7.127761254114026 ], [ 100.415887871469437, 7.128087561015691 ], [ 100.415724718018524, 7.128087561015696 ], [ 100.415724718018524, 7.128250714466539 ], [ 100.415561564567582, 7.128250714466529 ], [ 100.415561564567582, 7.128413867917377 ], [ 100.415398411116669, 7.12841386791737 ], [ 100.415398411116655, 7.12922963517156 ], [ 100.416051024920009, 7.129229635171573 ], [ 100.416051024920009, 7.129392788622408 ], [ 100.416377331821877, 7.129392788622407 ], [ 100.416377331821863, 7.129719095524078 ], [ 100.416703638723362, 7.129719095524087 ], [ 100.416703638723362, 7.129555942073242 ], [ 100.416866792174304, 7.129555942073242 ], [ 100.416866792174304, 7.129229635171568 ] ] ], [ [ [ 100.431387449298995, 7.144076599197776 ], [ 100.431550602749567, 7.144076599197769 ], [ 100.431550602749567, 7.143913445746938 ], [ 100.431876909651422, 7.143913445746939 ], [ 100.431876909651436, 7.143750292296085 ], [ 100.432040063102349, 7.143750292296099 ], [ 100.432040063102349, 7.143587138845257 ], [ 100.431876909651422, 7.143587138845255 ], [ 100.431876909651422, 7.142934525041905 ], [ 100.432040063102349, 7.142934525041895 ], [ 100.432040063102335, 7.142118757787712 ], [ 100.431876909651422, 7.142118757787705 ], [ 100.431876909651422, 7.14130299053351 ], [ 100.431713756200494, 7.141302990533523 ], [ 100.43171375620048, 7.140976683631845 ], [ 100.431550602749567, 7.140976683631847 ], [ 100.431550602749567, 7.140813530181011 ], [ 100.431713756200509, 7.140813530180993 ], [ 100.431713756200509, 7.140650376730166 ], [ 100.432040063102349, 7.140650376730173 ], [ 100.432040063102335, 7.140487223279325 ], [ 100.432203216552907, 7.140487223279332 ], [ 100.432203216552935, 7.14032406982848 ], [ 100.432366370003834, 7.14032406982848 ], [ 100.432366370003834, 7.140160916377643 ], [ 100.432529523454761, 7.140160916377641 ], [ 100.432529523454775, 7.139834609475964 ], [ 100.432692676905702, 7.139834609475977 ], [ 100.432692676905702, 7.139181995672618 ], [ 100.432855830356289, 7.139181995672616 ], [ 100.432855830356274, 7.139018842221875 ], [ 100.433182137258129, 7.139018842221867 ], [ 100.433182137258129, 7.138855688771023 ], [ 100.433508444159628, 7.138855688771036 ], [ 100.433508444159628, 7.139018842221863 ], [ 100.433834751061482, 7.139018842221862 ], [ 100.433834751061482, 7.139181995672612 ], [ 100.433997904512395, 7.139181995672613 ], [ 100.43399790451241, 7.139018842221866 ], [ 100.434161057962982, 7.139018842221867 ], [ 100.434161057962967, 7.13885568877103 ], [ 100.433834751061482, 7.138855688771037 ], [ 100.433834751061468, 7.138529381869346 ], [ 100.433671597610555, 7.138529381869353 ], [ 100.433671597610541, 7.138692535320188 ], [ 100.432855830356274, 7.138692535320191 ], [ 100.432855830356274, 7.138529381869345 ], [ 100.432529523454775, 7.138529381869355 ], [ 100.432529523454789, 7.138366228418511 ], [ 100.431713756200509, 7.138366228418517 ], [ 100.431713756200509, 7.138529381869348 ], [ 100.431550602749553, 7.138529381869354 ], [ 100.431550602749567, 7.138692535320196 ], [ 100.431224295848054, 7.138692535320196 ], [ 100.431224295848068, 7.13885568877103 ], [ 100.431061142397141, 7.138855688771041 ], [ 100.431061142397155, 7.13901884222186 ], [ 100.430245375143215, 7.13901884222186 ], [ 100.430245375143215, 7.139181995672613 ], [ 100.430082221692288, 7.139181995672616 ], [ 100.430082221692288, 7.139345149123448 ], [ 100.43024537514323, 7.13934514912345 ], [ 100.430245375143215, 7.140487223279323 ], [ 100.430408528593802, 7.140487223279318 ], [ 100.430408528593787, 7.140813530180992 ], [ 100.430571682044715, 7.140813530180998 ], [ 100.430571682044715, 7.140976683631838 ], [ 100.430734835495628, 7.140976683631852 ], [ 100.430734835495656, 7.141139837082678 ], [ 100.430897988946555, 7.141139837082672 ], [ 100.430897988946583, 7.14228191123855 ], [ 100.431061142397127, 7.142281911238547 ], [ 100.431061142397127, 7.14260821814023 ], [ 100.431224295848068, 7.142608218140214 ], [ 100.431224295848054, 7.143423985394409 ], [ 100.431061142397141, 7.143423985394407 ], [ 100.431061142397141, 7.143587138845249 ], [ 100.430897988946569, 7.14358713884525 ], [ 100.430897988946583, 7.143423985394427 ], [ 100.430592374520373, 7.143423985394413 ], [ 100.430625096239368, 7.143531183281778 ], [ 100.430625750113393, 7.143530952461525 ], [ 100.430636253397964, 7.143553183126033 ], [ 100.430736888638009, 7.143711782829189 ], [ 100.430768115314635, 7.143832274682312 ], [ 100.430925026135682, 7.144164383348289 ], [ 100.430933976702278, 7.144260423738971 ], [ 100.430903255967181, 7.144402906099458 ], [ 100.431224295848068, 7.144402906099446 ], [ 100.431224295848068, 7.144239752648604 ], [ 100.43138744929901, 7.144239752648614 ], [ 100.431387449298995, 7.144076599197776 ] ] ], [ [ [ 100.431876909651407, 7.145381826804485 ], [ 100.432203216552907, 7.145381826804477 ], [ 100.432203216552907, 7.145218673353637 ], [ 100.432529523454789, 7.145218673353632 ], [ 100.432529523454761, 7.145055519902797 ], [ 100.432692676905702, 7.145055519902808 ], [ 100.432692676905702, 7.144729213001114 ], [ 100.432529523454775, 7.144729213001119 ], [ 100.432529523454761, 7.144566059550277 ], [ 100.431713756200494, 7.14456605955028 ], [ 100.431713756200509, 7.144729213001124 ], [ 100.431550602749567, 7.144729213001116 ], [ 100.431550602749553, 7.144892366451968 ], [ 100.431224295848054, 7.144892366451968 ], [ 100.431224295848054, 7.14472921300113 ], [ 100.431061142397127, 7.144729213001114 ], [ 100.431061142397127, 7.144892366451954 ], [ 100.430897988946583, 7.144892366451967 ], [ 100.430897988946569, 7.145218673353638 ], [ 100.431061142397155, 7.145218673353646 ], [ 100.431061142397141, 7.145381826804478 ], [ 100.431224295848068, 7.145381826804471 ], [ 100.431224295848068, 7.145544980255327 ], [ 100.431387449298995, 7.145544980255322 ], [ 100.431387449298995, 7.145708133706163 ], [ 100.431550602749567, 7.145708133706162 ], [ 100.431550602749553, 7.145544980255326 ], [ 100.431876909651407, 7.145544980255323 ], [ 100.431876909651407, 7.145381826804485 ] ] ], [ [ [ 100.429919068241361, 7.150439583780468 ], [ 100.429919068241361, 7.150113276878784 ], [ 100.430082221692288, 7.150113276878784 ], [ 100.430082221692288, 7.149950123427961 ], [ 100.430245375143215, 7.149950123427961 ], [ 100.430245375143215, 7.150113276878794 ], [ 100.430408528593787, 7.150113276878792 ], [ 100.430408528593787, 7.149950123427953 ], [ 100.430734835495642, 7.149950123427946 ], [ 100.430734835495628, 7.14962381652628 ], [ 100.430897988946569, 7.149623816526278 ], [ 100.430897988946569, 7.14946066307544 ], [ 100.431061142397127, 7.14946066307543 ], [ 100.431061142397155, 7.149134356173761 ], [ 100.430897988946555, 7.149134356173753 ], [ 100.430897988946569, 7.148971202722927 ], [ 100.430734835495628, 7.148971202722917 ], [ 100.430734835495656, 7.149134356173764 ], [ 100.430408528593787, 7.149134356173753 ], [ 100.430408528593787, 7.149297509624592 ], [ 100.43024537514323, 7.149297509624606 ], [ 100.430245375143215, 7.149460663075444 ], [ 100.430082221692288, 7.149460663075446 ], [ 100.430082221692288, 7.149297509624596 ], [ 100.429919068241361, 7.149297509624598 ], [ 100.429919068241361, 7.148971202722927 ], [ 100.429755914790434, 7.148971202722927 ], [ 100.42975591479042, 7.148808049272086 ], [ 100.429592761339848, 7.148808049272075 ], [ 100.429592761339862, 7.14864489582125 ], [ 100.42910330098708, 7.148644895821256 ], [ 100.42910330098708, 7.148808049272078 ], [ 100.428776994085595, 7.14880804927209 ], [ 100.428776994085595, 7.149950123427957 ], [ 100.428613840634654, 7.149950123427949 ], [ 100.428613840634668, 7.150439583780477 ], [ 100.428776994085567, 7.150439583780464 ], [ 100.428776994085595, 7.150602737231312 ], [ 100.429429607888935, 7.150602737231306 ], [ 100.429429607888935, 7.150765890682142 ], [ 100.429592761339862, 7.150765890682147 ], [ 100.429592761339862, 7.150602737231297 ], [ 100.429755914790434, 7.150602737231314 ], [ 100.429755914790448, 7.150439583780478 ], [ 100.429919068241361, 7.150439583780468 ] ] ], [ [ [ 100.426329692323108, 7.151581657936332 ], [ 100.426329692323108, 7.151418504485507 ], [ 100.42649284577368, 7.151418504485504 ], [ 100.426492845773666, 7.151255351034665 ], [ 100.426819152675534, 7.151255351034663 ], [ 100.42681915267552, 7.151092197583819 ], [ 100.426982306126433, 7.151092197583825 ], [ 100.426982306126447, 7.150929044132988 ], [ 100.427145459577019, 7.150929044132985 ], [ 100.427145459577019, 7.150276430329623 ], [ 100.427308613027947, 7.150276430329619 ], [ 100.427308613027947, 7.149786969977121 ], [ 100.427471766478874, 7.149786969977116 ], [ 100.427471766478874, 7.14913435617377 ], [ 100.427308613027961, 7.14913435617375 ], [ 100.427308613027947, 7.148808049272077 ], [ 100.426655999224593, 7.148808049272077 ], [ 100.426655999224593, 7.148971202722924 ], [ 100.42649284577368, 7.148971202722927 ], [ 100.426492845773666, 7.149297509624595 ], [ 100.426329692323094, 7.149297509624601 ], [ 100.426329692323094, 7.149460663075444 ], [ 100.426166538872167, 7.14946066307543 ], [ 100.426166538872153, 7.149623816526275 ], [ 100.426003385421239, 7.149623816526276 ], [ 100.426003385421239, 7.150113276878798 ], [ 100.426166538872181, 7.150113276878797 ], [ 100.426166538872167, 7.150439583780462 ], [ 100.42632969232308, 7.150439583780468 ], [ 100.426329692323108, 7.150929044132994 ], [ 100.426166538872181, 7.150929044132993 ], [ 100.426166538872181, 7.151092197583829 ], [ 100.425840231970312, 7.151092197583814 ], [ 100.425840231970326, 7.150929044132979 ], [ 100.425677078519726, 7.150929044132987 ], [ 100.42567707851974, 7.150765890682136 ], [ 100.425513925068813, 7.15076589068215 ], [ 100.425513925068813, 7.150602737231308 ], [ 100.42567707851974, 7.15060273723131 ], [ 100.42567707851974, 7.150439583780466 ], [ 100.425513925068813, 7.150439583780468 ], [ 100.425513925068799, 7.150276430329632 ], [ 100.425024464716387, 7.150276430329637 ], [ 100.425024464716401, 7.150439583780475 ], [ 100.424861311265445, 7.150439583780465 ], [ 100.42486131126546, 7.150602737231297 ], [ 100.424535004363605, 7.150602737231297 ], [ 100.424535004363605, 7.15076589068215 ], [ 100.424371850913033, 7.150765890682135 ], [ 100.424371850913019, 7.151033362705608 ], [ 100.424773605586651, 7.151650824972968 ], [ 100.424831613338128, 7.151744811387164 ], [ 100.424861311265445, 7.151744811387167 ], [ 100.42486131126546, 7.151792929123552 ], [ 100.424932310496487, 7.151907964838008 ], [ 100.425350771617886, 7.151907964838021 ], [ 100.425350771617886, 7.151744811387182 ], [ 100.425513925068827, 7.151744811387173 ], [ 100.425513925068827, 7.151581657936332 ], [ 100.426329692323108, 7.151581657936332 ] ] ], [ [ [ 100.435466285569689, 7.152618117686272 ], [ 100.435452657970018, 7.152607983290736 ], [ 100.435398511090241, 7.152574809986974 ], [ 100.435400762606207, 7.152560578641377 ], [ 100.435303132119117, 7.152560578641366 ], [ 100.435303132119103, 7.152071118288851 ], [ 100.434813671766335, 7.152071118288863 ], [ 100.434813671766321, 7.151907964838012 ], [ 100.434650518315763, 7.151907964838011 ], [ 100.434650518315763, 7.151744811387175 ], [ 100.434520643813769, 7.151744811387172 ], [ 100.434495745349764, 7.151759299584209 ], [ 100.434161057962982, 7.151690099783493 ], [ 100.434161057962982, 7.151907964838021 ], [ 100.434324211413909, 7.151907964838015 ], [ 100.434324211413909, 7.152234271739681 ], [ 100.434487364864836, 7.152234271739702 ], [ 100.434487364864836, 7.152723732092212 ], [ 100.434324211413909, 7.152723732092209 ], [ 100.434324211413895, 7.153539499346395 ], [ 100.434650518315763, 7.153539499346406 ], [ 100.434650518315763, 7.153702652797241 ], [ 100.435139978668175, 7.15370265279723 ], [ 100.43513997866819, 7.153539499346401 ], [ 100.435466285569689, 7.153539499346407 ], [ 100.435466285569689, 7.152618117686272 ] ] ], [ [ [ 100.42486131126546, 7.153865806248072 ], [ 100.424698157814532, 7.153865806248074 ], [ 100.424698157814518, 7.153702652797235 ], [ 100.424535004363605, 7.153702652797229 ], [ 100.424535004363605, 7.153213192444725 ], [ 100.424698157814547, 7.153213192444718 ], [ 100.424698157814532, 7.152587425463379 ], [ 100.424680527934044, 7.152560578641361 ], [ 100.424535004363605, 7.152560578641375 ], [ 100.424535004363619, 7.15239742519053 ], [ 100.424208697462092, 7.152397425190537 ], [ 100.424208697462106, 7.152560578641373 ], [ 100.424045544011179, 7.15256057864136 ], [ 100.424045544011179, 7.152723732092205 ], [ 100.423882390560252, 7.152723732092205 ], [ 100.423882390560266, 7.153213192444728 ], [ 100.424045544011165, 7.153213192444719 ], [ 100.424045544011179, 7.153376345895555 ], [ 100.424208697462092, 7.153376345895567 ], [ 100.424208697462106, 7.15402895969892 ], [ 100.424371850913033, 7.154028959698913 ], [ 100.424371850913019, 7.15419211314975 ], [ 100.424698157814532, 7.154192113149759 ], [ 100.424698157814532, 7.154028959698915 ], [ 100.42486131126546, 7.154028959698904 ], [ 100.42486131126546, 7.153865806248072 ] ] ], [ [ [ 100.431690432857948, 7.15580660700951 ], [ 100.431635999832395, 7.155739802704577 ], [ 100.431504987912859, 7.155370978239564 ], [ 100.431511218438303, 7.155310396892333 ], [ 100.431692008091673, 7.155187833656598 ], [ 100.43175171154239, 7.155171033854773 ], [ 100.431224295848068, 7.155171033854791 ], [ 100.431224295848068, 7.155007880403936 ], [ 100.431061142397141, 7.155007880403949 ], [ 100.431061142397141, 7.154844726953097 ], [ 100.430897988946583, 7.154844726953101 ], [ 100.430897988946555, 7.154681573502273 ], [ 100.430734835495642, 7.154681573502274 ], [ 100.430734835495642, 7.154518420051431 ], [ 100.430408528593802, 7.154518420051421 ], [ 100.430408528593787, 7.15484472695311 ], [ 100.430245375143215, 7.154844726953103 ], [ 100.43024537514323, 7.155007880403936 ], [ 100.430408528593787, 7.155007880403948 ], [ 100.430408528593787, 7.155334187305616 ], [ 100.430734835495628, 7.155334187305616 ], [ 100.430734835495642, 7.155660494207294 ], [ 100.431061142397155, 7.155660494207292 ], [ 100.431061142397141, 7.156965721813997 ], [ 100.431228018119626, 7.156965721814003 ], [ 100.431244844327978, 7.156957801446443 ], [ 100.431353902239465, 7.156904281778104 ], [ 100.431463689371739, 7.156848232955978 ], [ 100.431574144379013, 7.156789690544533 ], [ 100.431685506681873, 7.156728531856277 ], [ 100.431797880418486, 7.156664699740682 ], [ 100.431911389173237, 7.156598124031488 ], [ 100.432040063102349, 7.156519180185446 ], [ 100.432040063102349, 7.156104457769116 ], [ 100.43189282410377, 7.155852007240105 ], [ 100.431832112463596, 7.155839065399446 ], [ 100.431744580012619, 7.155839789765438 ], [ 100.431690432857948, 7.15580660700951 ] ] ], [ [ [ 100.4279612268313, 7.156802568363164 ], [ 100.4279612268313, 7.156639414912331 ], [ 100.428124380282242, 7.15663941491233 ], [ 100.428124380282227, 7.156313108010647 ], [ 100.428287533733155, 7.156313108010652 ], [ 100.428287533733155, 7.15622423828875 ], [ 100.428281887520058, 7.156163420036019 ], [ 100.428243487316493, 7.155823647658138 ], [ 100.428124380282227, 7.155823647658128 ], [ 100.428124380282227, 7.155497340756449 ], [ 100.427471766478874, 7.155497340756459 ], [ 100.427471766478874, 7.155660494207291 ], [ 100.426982306126433, 7.155660494207289 ], [ 100.426982306126462, 7.155547518183297 ], [ 100.426655999224593, 7.155697158233862 ], [ 100.426655999224593, 7.15598680110898 ], [ 100.426492845773666, 7.155986801108969 ], [ 100.42649284577368, 7.156149954559808 ], [ 100.426221877243563, 7.156149954559814 ], [ 100.426031054560042, 7.156797578175248 ], [ 100.425965841969429, 7.156881550060608 ], [ 100.425962469943315, 7.156889062579494 ], [ 100.425831571398945, 7.157055098235729 ], [ 100.425829047988302, 7.15705769470357 ], [ 100.425820650498949, 7.157068507845771 ], [ 100.425813670900709, 7.157073516985277 ], [ 100.425759870245926, 7.15712887526484 ], [ 100.427308613027947, 7.157128875264842 ], [ 100.427308613027947, 7.156965721813998 ], [ 100.427798073380387, 7.156965721814004 ], [ 100.427798073380373, 7.156802568363156 ], [ 100.4279612268313, 7.156802568363164 ] ] ], [ [ [ 100.425857511969085, 7.156290060542356 ], [ 100.425886003811726, 7.156149954559814 ], [ 100.425840231970326, 7.156149954559817 ], [ 100.425840231970298, 7.155986801108977 ], [ 100.425513925068813, 7.155986801108969 ], [ 100.425513925068827, 7.155823647658139 ], [ 100.425350771617886, 7.155823647658136 ], [ 100.425350771617886, 7.155986801108981 ], [ 100.425187618166959, 7.155986801108975 ], [ 100.425187618166945, 7.156149954559816 ], [ 100.42486131126546, 7.156149954559816 ], [ 100.424861311265474, 7.156313108010661 ], [ 100.424698157814532, 7.156313108010643 ], [ 100.424698157814518, 7.15647626146148 ], [ 100.424535004363605, 7.156476261461491 ], [ 100.424535004363605, 7.156313108010647 ], [ 100.424208697462106, 7.156313108010654 ], [ 100.424208697462106, 7.155986801108969 ], [ 100.424045544011179, 7.155986801108965 ], [ 100.424045544011179, 7.155916132023099 ], [ 100.423889752716292, 7.156089188675669 ], [ 100.423653189495028, 7.156313108010642 ], [ 100.42371923710968, 7.156313108010654 ], [ 100.423719237109665, 7.156476261461479 ], [ 100.423882390560252, 7.15647626146149 ], [ 100.423882390560252, 7.156980776933816 ], [ 100.424241794684846, 7.156926768848351 ], [ 100.424617233810338, 7.156965067304406 ], [ 100.424969819069815, 7.157065914630012 ], [ 100.425279413261151, 7.157104416015557 ], [ 100.425470304618457, 7.15704470015725 ], [ 100.425521047250669, 7.157005594516038 ], [ 100.425625126975447, 7.156885134564957 ], [ 100.425700747621249, 7.156774249025442 ], [ 100.425773047720156, 7.156612789878849 ], [ 100.425857511969085, 7.156290060542356 ] ] ] ] } },
{ "type": "Feature", "properties": { "TB_IDN": 901401, "TB_TN": "ต.บางกล่ำ", "AP_IDN": 9014, "AP_TN": "อ.บางกล่ำ", "PV_IDN": 90, "PV_TN": "จ.สงขลา", "RE_NESDB": "South", "RE_ROYIN": "South", "F_AREA": 424690.67447199998, "flood_area": 265.432, "A": 0.425 }, "geometry": { "type": "MultiPolygon", "coordinates": [ [ [ [ 100.428776994085581, 7.089583346618017 ], [ 100.428940147536508, 7.089583346618014 ], [ 100.428940147536522, 7.089093886265497 ], [ 100.429103300987066, 7.08909388626549 ], [ 100.429103300987066, 7.088767579363827 ], [ 100.428940147536508, 7.088767579363815 ], [ 100.428940147536508, 7.088604425912993 ], [ 100.428776994085581, 7.088604425912985 ], [ 100.428776994085595, 7.088441272462148 ], [ 100.428450687183727, 7.088441272462144 ], [ 100.428450687183727, 7.088604425912977 ], [ 100.42861384063464, 7.088604425912975 ], [ 100.428613840634654, 7.088767579363831 ], [ 100.428450687183727, 7.088767579363819 ], [ 100.428450687183727, 7.088930732814655 ], [ 100.428613840634654, 7.088930732814661 ], [ 100.428613840634668, 7.089093886265504 ], [ 100.428450687183727, 7.089093886265503 ], [ 100.428450687183712, 7.089583346618022 ], [ 100.428287533733155, 7.089583346618023 ], [ 100.42828753373314, 7.089257039716336 ], [ 100.428124380282242, 7.089257039716339 ], [ 100.428124380282213, 7.08942019316718 ], [ 100.4279612268313, 7.089420193167177 ], [ 100.427961226831314, 7.090072806970527 ], [ 100.428450687183727, 7.090072806970532 ], [ 100.428450687183727, 7.08974650006886 ], [ 100.428776994085581, 7.089746500068862 ], [ 100.428776994085581, 7.089583346618017 ] ] ], [ [ [ 100.424371850913033, 7.103125083037517 ], [ 100.424535004363605, 7.103125083037511 ], [ 100.424535004363605, 7.102635622684994 ], [ 100.424371850913033, 7.102635622685003 ], [ 100.424371850913047, 7.101983008881642 ], [ 100.42420869746212, 7.101983008881632 ], [ 100.424208697462106, 7.101819855430812 ], [ 100.42371923710968, 7.101819855430795 ], [ 100.42371923710968, 7.101983008881642 ], [ 100.423556083658752, 7.101983008881651 ], [ 100.423556083658752, 7.102309315783325 ], [ 100.423392930207825, 7.102309315783312 ], [ 100.423392930207811, 7.102635622684993 ], [ 100.423556083658767, 7.102635622684996 ], [ 100.423556083658752, 7.10296192958667 ], [ 100.42371923710968, 7.102961929586667 ], [ 100.42371923710968, 7.103125083037503 ], [ 100.423882390560266, 7.103125083037516 ], [ 100.423882390560266, 7.103288236488356 ], [ 100.424045544011193, 7.103288236488341 ], [ 100.424045544011179, 7.103451389939181 ], [ 100.424208697462092, 7.103451389939196 ], [ 100.424208697462106, 7.103288236488345 ], [ 100.424371850913033, 7.103288236488349 ], [ 100.424371850913033, 7.103125083037517 ] ] ], [ [ [ 100.425840231970298, 7.103940850291703 ], [ 100.426003385421254, 7.103940850291703 ], [ 100.426003385421254, 7.103451389939193 ], [ 100.426166538872153, 7.103451389939181 ], [ 100.426166538872181, 7.102961929586677 ], [ 100.426329692323108, 7.102961929586682 ], [ 100.42632969232308, 7.102635622684989 ], [ 100.426492845773666, 7.102635622684992 ], [ 100.426492845773666, 7.102146162332483 ], [ 100.426329692323094, 7.102146162332478 ], [ 100.426329692323094, 7.101983008881648 ], [ 100.425513925068813, 7.101983008881652 ], [ 100.425513925068813, 7.10230931578332 ], [ 100.425350771617886, 7.102309315783324 ], [ 100.425350771617872, 7.102961929586679 ], [ 100.425187618166959, 7.102961929586666 ], [ 100.425187618166959, 7.103288236488352 ], [ 100.425024464716387, 7.103288236488352 ], [ 100.425024464716401, 7.103940850291711 ], [ 100.424861311265445, 7.103940850291696 ], [ 100.424861311265474, 7.104104003742536 ], [ 100.425024464716373, 7.104104003742537 ], [ 100.425024464716401, 7.104430310644217 ], [ 100.425350771617886, 7.104430310644227 ], [ 100.425350771617886, 7.104593464095067 ], [ 100.425513925068813, 7.104593464095067 ], [ 100.425513925068799, 7.104430310644225 ], [ 100.425840231970326, 7.104430310644214 ], [ 100.425840231970298, 7.103940850291703 ] ] ], [ [ [ 100.442808190857505, 7.111935369382788 ], [ 100.442645037406578, 7.111935369382786 ], [ 100.442645037406578, 7.111772215931952 ], [ 100.442318730505079, 7.111772215931942 ], [ 100.442318730505079, 7.111609062481113 ], [ 100.442155577054137, 7.111609062481113 ], [ 100.442155577054137, 7.111445909030262 ], [ 100.441992423603224, 7.111445909030263 ], [ 100.44199242360321, 7.111119602128594 ], [ 100.441829270152652, 7.111119602128586 ], [ 100.441829270152667, 7.110630141776081 ], [ 100.441666116701711, 7.11063014177607 ], [ 100.441666116701725, 7.110303834874411 ], [ 100.441502963250784, 7.110303834874406 ], [ 100.441502963250798, 7.110466988325235 ], [ 100.441176656349299, 7.110466988325236 ], [ 100.441176656349285, 7.111772215931951 ], [ 100.441339809799871, 7.111772215931941 ], [ 100.441339809799871, 7.112098522833631 ], [ 100.441666116701711, 7.112098522833614 ], [ 100.441666116701725, 7.112424829735305 ], [ 100.441992423603224, 7.112424829735308 ], [ 100.441992423603224, 7.112587983186134 ], [ 100.442155577054152, 7.112587983186139 ], [ 100.442155577054152, 7.112751136636985 ], [ 100.442645037406578, 7.112751136636972 ], [ 100.442645037406578, 7.112587983186144 ], [ 100.442808190857519, 7.112587983186148 ], [ 100.442808190857505, 7.111935369382788 ] ] ], [ [ [ 100.425513925068813, 7.118950967768741 ], [ 100.425513925068813, 7.11829835396549 ], [ 100.425677078519755, 7.11829835396548 ], [ 100.42567707851974, 7.117972047063811 ], [ 100.425840231970312, 7.117972047063804 ], [ 100.425840231970312, 7.117808893612972 ], [ 100.426003385421239, 7.11780889361297 ], [ 100.426003385421239, 7.116666819457088 ], [ 100.425840231970312, 7.116666819457095 ], [ 100.425840231970312, 7.116503666006267 ], [ 100.425677078519755, 7.116503666006264 ], [ 100.42567707851974, 7.116829972907929 ], [ 100.425350771617886, 7.116829972907946 ], [ 100.425350771617872, 7.11699312635877 ], [ 100.425024464716387, 7.116993126358769 ], [ 100.425024464716387, 7.117156279809612 ], [ 100.424698157814518, 7.117156279809603 ], [ 100.424698157814532, 7.117319433260442 ], [ 100.424535004363605, 7.117319433260444 ], [ 100.424535004363605, 7.117482586711283 ], [ 100.424371850913033, 7.117482586711283 ], [ 100.424371850913033, 7.1179720470638 ], [ 100.424208697462106, 7.117972047063814 ], [ 100.424208697462092, 7.118135200514645 ], [ 100.424045544011179, 7.118135200514632 ], [ 100.424045544011165, 7.118298353965478 ], [ 100.423882390560252, 7.118298353965475 ], [ 100.423882390560252, 7.118787814317999 ], [ 100.424045544011193, 7.118787814318003 ], [ 100.424045544011179, 7.118950967768741 ], [ 100.424208697462106, 7.118950967768755 ], [ 100.424208697462106, 7.11911412121959 ], [ 100.424535004363605, 7.119114121219584 ], [ 100.424535004363605, 7.119277274670429 ], [ 100.425187618166959, 7.119277274670415 ], [ 100.425187618166973, 7.119114121219583 ], [ 100.4253507716179, 7.119114121219589 ], [ 100.425350771617886, 7.118950967768744 ], [ 100.425513925068813, 7.118950967768741 ] ], [ [ 100.425024464716387, 7.117645740162131 ], [ 100.425024464716373, 7.117808893612966 ], [ 100.425187618166973, 7.117808893612962 ], [ 100.425187618166959, 7.117972047063811 ], [ 100.425350771617886, 7.117972047063814 ], [ 100.425350771617886, 7.118298353965479 ], [ 100.425187618166959, 7.11829835396549 ], [ 100.425187618166959, 7.11846150741632 ], [ 100.424861311265474, 7.118461507416312 ], [ 100.42486131126546, 7.118298353965493 ], [ 100.424698157814532, 7.118298353965484 ], [ 100.424698157814547, 7.117808893612967 ], [ 100.42486131126546, 7.117808893612974 ], [ 100.424861311265474, 7.117645740162124 ], [ 100.425024464716387, 7.117645740162131 ] ] ], [ [ [ 100.453902625514502, 7.121071962629647 ], [ 100.454065778965457, 7.121071962629647 ], [ 100.454065778965443, 7.120908809178804 ], [ 100.454228932416029, 7.120908809178803 ], [ 100.454228932416015, 7.120745655727973 ], [ 100.454392085866942, 7.120745655727974 ], [ 100.454392085866928, 7.120419348826299 ], [ 100.45455523931787, 7.120419348826293 ], [ 100.45455523931787, 7.120256195375447 ], [ 100.454718392768797, 7.12025619537545 ], [ 100.454718392768797, 7.119114121219588 ], [ 100.454881546219369, 7.119114121219582 ], [ 100.454881546219369, 7.118787814317989 ], [ 100.455044699670282, 7.118787814317995 ], [ 100.455044699670296, 7.118624660867165 ], [ 100.455207853121209, 7.118624660867159 ], [ 100.455207853121223, 7.118461507416332 ], [ 100.455534160022708, 7.118461507416327 ], [ 100.455534160022722, 7.118624660867164 ], [ 100.455697313473664, 7.118624660867159 ], [ 100.45569731347365, 7.118787814317989 ], [ 100.455860466924563, 7.118787814318001 ], [ 100.455860466924563, 7.118950967768745 ], [ 100.456186773826076, 7.118950967768749 ], [ 100.456186773826076, 7.118787814318003 ], [ 100.456349927277003, 7.118787814317993 ], [ 100.456349927277017, 7.117972047063797 ], [ 100.456186773826076, 7.117972047063801 ], [ 100.456186773826076, 7.117808893612961 ], [ 100.456023620375504, 7.117808893612959 ], [ 100.456023620375518, 7.1179720470638 ], [ 100.45569731347365, 7.117972047063802 ], [ 100.455697313473635, 7.11813520051465 ], [ 100.455534160022708, 7.118135200514645 ], [ 100.455534160022722, 7.117972047063801 ], [ 100.455207853121209, 7.117972047063797 ], [ 100.455207853121223, 7.117645740162124 ], [ 100.454881546219369, 7.117645740162131 ], [ 100.454881546219369, 7.117482586711286 ], [ 100.453902625514516, 7.117482586711295 ], [ 100.45390262551453, 7.117319433260461 ], [ 100.453739472063589, 7.117319433260445 ], [ 100.453739472063589, 7.117156279809618 ], [ 100.453576318612647, 7.117156279809608 ], [ 100.453576318612647, 7.116829972907944 ], [ 100.45341316516209, 7.116829972907937 ], [ 100.45341316516209, 7.116503666006258 ], [ 100.451781630653514, 7.116503666006269 ], [ 100.451781630653514, 7.116829972907943 ], [ 100.451618477202601, 7.116829972907933 ], [ 100.451618477202587, 7.117808893612967 ], [ 100.451944784104455, 7.117808893612959 ], [ 100.451944784104455, 7.117482586711289 ], [ 100.45276055135875, 7.117482586711295 ], [ 100.452760551358722, 7.117645740162132 ], [ 100.453576318612662, 7.117645740162123 ], [ 100.453576318612662, 7.117808893612962 ], [ 100.453739472063589, 7.11780889361297 ], [ 100.453739472063603, 7.119114121219589 ], [ 100.453576318612662, 7.119114121219588 ], [ 100.453576318612647, 7.11944042812127 ], [ 100.453250011711148, 7.119440428121258 ], [ 100.453250011711162, 7.119603581572095 ], [ 100.453086858260235, 7.119603581572097 ], [ 100.453086858260235, 7.119766735022939 ], [ 100.452923704809308, 7.119766735022946 ], [ 100.452923704809308, 7.119929888473775 ], [ 100.452760551358722, 7.119929888473778 ], [ 100.452760551358736, 7.120093041924612 ], [ 100.452597397907809, 7.120093041924616 ], [ 100.452597397907809, 7.120419348826299 ], [ 100.452923704809308, 7.120419348826302 ], [ 100.452923704809308, 7.120745655727974 ], [ 100.453086858260235, 7.120745655727973 ], [ 100.453086858260235, 7.120908809178809 ], [ 100.453250011711148, 7.12090880917881 ], [ 100.453250011711162, 7.121235116080477 ], [ 100.453576318612647, 7.121235116080493 ], [ 100.453576318612662, 7.121398269531324 ], [ 100.453739472063575, 7.121398269531313 ], [ 100.453739472063603, 7.121235116080483 ], [ 100.453902625514516, 7.121235116080485 ], [ 100.453902625514502, 7.121071962629647 ] ] ], [ [ [ 100.452491905928042, 7.144654000349999 ], [ 100.452492947888871, 7.144653959991259 ], [ 100.452571062685365, 7.144427955429881 ], [ 100.452689352623295, 7.144152941079835 ], [ 100.452731732371092, 7.143941635564695 ], [ 100.452780264845316, 7.143761526449433 ], [ 100.452837345753238, 7.143491072726022 ], [ 100.45286662640757, 7.142965483060357 ], [ 100.452840629513418, 7.142647758843471 ], [ 100.452880166007233, 7.142266590902621 ], [ 100.45291744185063, 7.142085894194537 ], [ 100.452932205434124, 7.141969371116416 ], [ 100.453041414624877, 7.141240052449078 ], [ 100.453087547092423, 7.140957955019499 ], [ 100.453110222265565, 7.140756990857118 ], [ 100.453112061046497, 7.140577170817545 ], [ 100.453090009773959, 7.140406488984166 ], [ 100.45309189380049, 7.140406188246411 ], [ 100.453077052557845, 7.140253752515354 ], [ 100.453042562724193, 7.140014305628334 ], [ 100.452989607463408, 7.139694086275877 ], [ 100.45300284596631, 7.139421367011551 ], [ 100.453007061996502, 7.139142744804734 ], [ 100.453009967039279, 7.139142944552595 ], [ 100.452997299217472, 7.139001821168597 ], [ 100.452992754722658, 7.138759261376775 ], [ 100.453033380834455, 7.138558345595974 ], [ 100.453095393019979, 7.138420125023907 ], [ 100.453169397367176, 7.138287847779022 ], [ 100.453207268663149, 7.138122880558883 ], [ 100.453206114157581, 7.137943247178355 ], [ 100.453189988970081, 7.137763734180633 ], [ 100.453155997979792, 7.137599326908401 ], [ 100.453113768655754, 7.137521701188326 ], [ 100.453113599597202, 7.137521778586678 ], [ 100.453113038310633, 7.137520356069724 ], [ 100.453110567730974, 7.137515814277626 ], [ 100.453111141802722, 7.137515550221203 ], [ 100.453004043125404, 7.137244185525615 ], [ 100.452909649365836, 7.136993428838554 ], [ 100.452693188929075, 7.136372491855565 ], [ 100.452661913870514, 7.13616026881428 ], [ 100.45266643645283, 7.135929861442876 ], [ 100.452686232809199, 7.135747218558774 ], [ 100.452756244016427, 7.135459527043991 ], [ 100.452788469528471, 7.135315770971252 ], [ 100.452788251168315, 7.135315717399893 ], [ 100.452789805135552, 7.135309807382248 ], [ 100.45279116754655, 7.135303730670416 ], [ 100.452791391338906, 7.13530378422472 ], [ 100.452837917589221, 7.135126928002613 ], [ 100.452847108931664, 7.13510315940174 ], [ 100.45276055135875, 7.135103159401742 ], [ 100.452760551358722, 7.134613699049233 ], [ 100.452597397907809, 7.134613699049236 ], [ 100.452597397907795, 7.134124238696724 ], [ 100.45276055135875, 7.134124238696715 ], [ 100.452760551358736, 7.133797931795033 ], [ 100.452923704809308, 7.133797931795045 ], [ 100.452923704809308, 7.13347162489336 ], [ 100.453086858260235, 7.133471624893354 ], [ 100.453086858260235, 7.13330847144252 ], [ 100.452923704809308, 7.133308471442531 ], [ 100.452923704809308, 7.133145317991691 ], [ 100.452760551358736, 7.133145317991688 ], [ 100.452760551358736, 7.132982164540842 ], [ 100.452271091005954, 7.132982164540845 ], [ 100.452271091005954, 7.132819011090016 ], [ 100.452107937555382, 7.132819011090016 ], [ 100.452107937555382, 7.132982164540855 ], [ 100.451944784104455, 7.132982164540845 ], [ 100.451944784104469, 7.133145317991696 ], [ 100.451781630653528, 7.133145317991694 ], [ 100.451781630653528, 7.13330847144252 ], [ 100.451633436025404, 7.13330847144252 ], [ 100.451618477202601, 7.133319729057463 ], [ 100.451618477202601, 7.133471624893358 ], [ 100.451455323752029, 7.133471624893361 ], [ 100.451455323752015, 7.13363477834421 ], [ 100.450537100325135, 7.133634778344204 ], [ 100.450537022830858, 7.133636563441702 ], [ 100.450539946603726, 7.133790655533499 ], [ 100.450553324318676, 7.134140381925068 ], [ 100.450537361478283, 7.134231785062129 ], [ 100.450544653531196, 7.134397450625538 ], [ 100.450476403046821, 7.134647637673589 ], [ 100.450476403046835, 7.134776852500062 ], [ 100.450402790857055, 7.134776852500061 ], [ 100.450356368788718, 7.13484914612752 ], [ 100.45029310906699, 7.134986628221753 ], [ 100.450109099138999, 7.135232409429221 ], [ 100.449922835424132, 7.135409820525092 ], [ 100.44989217218189, 7.135443724470423 ], [ 100.449830478997626, 7.135497787496043 ], [ 100.449705360454914, 7.135616959486983 ], [ 100.449303411337368, 7.136095705552431 ], [ 100.449198089919378, 7.136356539898746 ], [ 100.449185912915638, 7.136474389376746 ], [ 100.449195617081273, 7.136512288272756 ], [ 100.449223210267675, 7.136571540459302 ], [ 100.449334328891041, 7.136571540459286 ], [ 100.449334328891027, 7.13663386026016 ], [ 100.449444671387781, 7.13659519108103 ], [ 100.449915990328904, 7.136591260279732 ], [ 100.450279909275878, 7.136628577341363 ], [ 100.450798686205204, 7.136664593558126 ], [ 100.451412300960641, 7.136767085098527 ], [ 100.451843664721352, 7.136817292227207 ], [ 100.452066245514629, 7.13686251286458 ], [ 100.452201978307798, 7.136989168230332 ], [ 100.452257753000765, 7.137217375653602 ], [ 100.452348385120089, 7.137586527276367 ], [ 100.452541857994873, 7.138176774890808 ], [ 100.45260526963385, 7.138512525534709 ], [ 100.452649278286913, 7.138942602230048 ], [ 100.4526676954072, 7.139534304935093 ], [ 100.45272420851569, 7.139849938282378 ], [ 100.452800297187764, 7.140091429110607 ], [ 100.452816414096105, 7.140407406639183 ], [ 100.452817429910013, 7.140528454015931 ], [ 100.452811709998741, 7.140649567817682 ], [ 100.452713527453255, 7.140986668155453 ], [ 100.452630609219554, 7.14153886419093 ], [ 100.452583622309547, 7.142359788616081 ], [ 100.45243427419345, 7.143020159131509 ], [ 100.452354288542196, 7.143922068761591 ], [ 100.45223680803376, 7.14436694198981 ], [ 100.452171487150466, 7.144566059550277 ], [ 100.452271091005954, 7.144566059550286 ], [ 100.452271091005954, 7.145218673353634 ], [ 100.452107937555382, 7.14521867335363 ], [ 100.452107937555368, 7.14587128715699 ], [ 100.452307918799747, 7.145871287156988 ], [ 100.452297834237569, 7.145801456062405 ], [ 100.452304022769312, 7.14575070662006 ], [ 100.45229133684235, 7.145510828470269 ], [ 100.452322307064094, 7.145299764158637 ], [ 100.452372683901558, 7.145054245200673 ], [ 100.452440490591073, 7.144831241948807 ], [ 100.452491905928042, 7.144654000349999 ] ] ], [ [ [ 100.452434244456882, 7.151581657936338 ], [ 100.452271091005954, 7.15158165793633 ], [ 100.452271091005969, 7.151138624362963 ], [ 100.452231831071998, 7.151092197583817 ], [ 100.452107937555382, 7.151092197583818 ], [ 100.452107937555382, 7.150945687481639 ], [ 100.452045707738435, 7.150872097700086 ], [ 100.452008041474471, 7.150858443277946 ], [ 100.45197016967748, 7.150799313325732 ], [ 100.451954497753817, 7.150764237462269 ], [ 100.451883796934297, 7.150680630308535 ], [ 100.451709193518127, 7.150334573186202 ], [ 100.451692524362116, 7.150051037300327 ], [ 100.45178607104684, 7.149704135209007 ], [ 100.45194622633889, 7.149460663075435 ], [ 100.451618477202601, 7.149460663075443 ], [ 100.451618477202601, 7.14929750962461 ], [ 100.451455323752043, 7.149297509624598 ], [ 100.451455323752029, 7.149134356173771 ], [ 100.451292170301102, 7.149134356173753 ], [ 100.451292170301116, 7.148971202722933 ], [ 100.450965863399588, 7.148971202722925 ], [ 100.450965863399603, 7.148808049272092 ], [ 100.450476403046835, 7.148808049272083 ], [ 100.450476403046821, 7.148644895821252 ], [ 100.449008021989556, 7.148644895821241 ], [ 100.449008021989542, 7.149134356173759 ], [ 100.449171175440114, 7.14913435617376 ], [ 100.449171175440114, 7.149297509624607 ], [ 100.449334328891041, 7.149297509624597 ], [ 100.449334328891027, 7.149623816526286 ], [ 100.449497482341968, 7.14962381652628 ], [ 100.449497482341968, 7.14978696997712 ], [ 100.449823789243482, 7.149786969977106 ], [ 100.449823789243467, 7.149950123427958 ], [ 100.450639556497762, 7.149950123427957 ], [ 100.450639556497762, 7.150113276878781 ], [ 100.450802709948675, 7.150113276878794 ], [ 100.450802709948675, 7.150239863458947 ], [ 100.45094251218211, 7.150276430329629 ], [ 100.450965863399588, 7.150276430329632 ], [ 100.450965863399603, 7.150282538107201 ], [ 100.45105813626131, 7.15030667312802 ], [ 100.451234951272667, 7.15051370005189 ], [ 100.45127770796897, 7.150602737231311 ], [ 100.451292170301102, 7.150602737231297 ], [ 100.451292170301116, 7.150632853806671 ], [ 100.451356056166858, 7.150765890682142 ], [ 100.451455323752029, 7.150765890682136 ], [ 100.451455323752043, 7.150929044132981 ], [ 100.451618477202601, 7.150929044132984 ], [ 100.451618477202601, 7.151092197583814 ], [ 100.451781630653528, 7.15109219758383 ], [ 100.451781630653528, 7.151418504485505 ], [ 100.451944784104455, 7.151418504485491 ], [ 100.451944784104469, 7.152090590948777 ], [ 100.451968808481965, 7.152108277011095 ], [ 100.452225518284791, 7.15220701390539 ], [ 100.452271091005954, 7.15221744892064 ], [ 100.452271091005954, 7.151744811387165 ], [ 100.452434244456882, 7.151744811387166 ], [ 100.452434244456882, 7.151581657936338 ] ] ] ] } },
{ "type": "Feature", "properties": { "TB_IDN": 901402, "TB_TN": "ต.ท่าช้าง", "AP_IDN": 9014, "AP_TN": "อ.บางกล่ำ", "PV_IDN": 90, "PV_TN": "จ.สงขลา", "RE_NESDB": "South", "RE_ROYIN": "South", "F_AREA": 1150272.33454, "flood_area": 718.92, "A": 1.15 }, "geometry": { "type": "MultiPolygon", "coordinates": [ [ [ [ 100.408056505829208, 7.001480483165627 ], [ 100.408056505829194, 7.000501562460605 ], [ 100.407893352378281, 7.00050156246061 ], [ 100.407893352378267, 6.999848948657259 ], [ 100.408056505829194, 6.999848948657262 ], [ 100.40805650582918, 6.999522641755572 ], [ 100.408219659280135, 6.999522641755581 ], [ 100.408219659280135, 6.999033181403065 ], [ 100.408056505829194, 6.999033181403055 ], [ 100.408056505829194, 6.998870027952218 ], [ 100.407403892025826, 6.998870027952227 ], [ 100.407403892025854, 6.999033181403065 ], [ 100.406914431673428, 6.99903318140306 ], [ 100.406914431673414, 6.999196334853898 ], [ 100.406751278222487, 6.999196334853888 ], [ 100.406751278222487, 6.999522641755584 ], [ 100.406914431673414, 6.999522641755567 ], [ 100.4069144316734, 7.000175255558928 ], [ 100.407077585123986, 7.000175255558936 ], [ 100.407077585123986, 7.00099102281311 ], [ 100.406914431673414, 7.000991022813124 ], [ 100.406914431673414, 7.001154176263964 ], [ 100.407077585123986, 7.001154176263968 ], [ 100.407077585123986, 7.001480483165632 ], [ 100.407240738574913, 7.001480483165632 ], [ 100.407240738574913, 7.001643636616474 ], [ 100.407567045476782, 7.001643636616473 ], [ 100.407567045476753, 7.001806790067304 ], [ 100.407730198927325, 7.001806790067321 ], [ 100.407730198927339, 7.00164363661648 ], [ 100.407893352378267, 7.00164363661647 ], [ 100.407893352378267, 7.001480483165643 ], [ 100.408056505829208, 7.001480483165627 ] ] ], [ [ [ 100.407240738574913, 7.005885626338267 ], [ 100.407240738574913, 7.00604877978911 ], [ 100.407730198927325, 7.006048779789111 ], [ 100.407730198927339, 7.005722472887432 ], [ 100.407567045476782, 7.005722472887431 ], [ 100.407567045476767, 7.005396165985765 ], [ 100.40740389202584, 7.005396165985761 ], [ 100.40740389202584, 7.004906705633251 ], [ 100.407077585123986, 7.004906705633234 ], [ 100.407077585124, 7.004743552182404 ], [ 100.406751278222487, 7.00474355218241 ], [ 100.406751278222472, 7.004906705633246 ], [ 100.406588124771559, 7.004906705633251 ], [ 100.406588124771559, 7.005885626338269 ], [ 100.406424971320632, 7.005885626338269 ], [ 100.406424971320632, 7.006211933239944 ], [ 100.406588124771559, 7.006211933239943 ], [ 100.406588124771559, 7.006048779789103 ], [ 100.406751278222487, 7.006048779789111 ], [ 100.406751278222487, 7.005885626338276 ], [ 100.407240738574913, 7.005885626338267 ] ] ], [ [ [ 100.409851193788327, 7.008659235002529 ], [ 100.409851193788313, 7.008496081551695 ], [ 100.409688040337386, 7.00849608155168 ], [ 100.4096880403374, 7.008332928100844 ], [ 100.40854596618162, 7.008332928100851 ], [ 100.40854596618162, 7.008169774650017 ], [ 100.408382812730707, 7.008169774650007 ], [ 100.408382812730679, 7.008332928100855 ], [ 100.408219659280121, 7.008332928100851 ], [ 100.408219659280135, 7.008659235002526 ], [ 100.408382812730693, 7.008659235002523 ], [ 100.408382812730693, 7.008822388453361 ], [ 100.40854596618162, 7.00882238845337 ], [ 100.40854596618162, 7.008985541904195 ], [ 100.409198579984988, 7.008985541904195 ], [ 100.409198579984974, 7.008822388453362 ], [ 100.41001434723924, 7.008822388453357 ], [ 100.410014347239255, 7.008659235002528 ], [ 100.409851193788327, 7.008659235002529 ] ] ], [ [ [ 100.410993267944093, 7.009801309158389 ], [ 100.411156421395034, 7.009801309158395 ], [ 100.411156421395034, 7.008822388453357 ], [ 100.410993267944107, 7.008822388453357 ], [ 100.410993267944093, 7.008659235002535 ], [ 100.410830114493535, 7.008659235002526 ], [ 100.410830114493535, 7.008822388453362 ], [ 100.410666961042608, 7.008822388453355 ], [ 100.410666961042608, 7.009148695355044 ], [ 100.410503807591681, 7.009148695355049 ], [ 100.410503807591695, 7.00947500225671 ], [ 100.410177500690196, 7.009475002256729 ], [ 100.410177500690182, 7.009638155707562 ], [ 100.4096880403374, 7.009638155707564 ], [ 100.4096880403374, 7.00947500225671 ], [ 100.409361733435901, 7.009475002256724 ], [ 100.409361733435887, 7.009638155707565 ], [ 100.409198579984974, 7.009638155707545 ], [ 100.409198579984974, 7.00980130915839 ], [ 100.409361733435915, 7.009801309158387 ], [ 100.409361733435915, 7.009964462609231 ], [ 100.409524886886828, 7.009964462609226 ], [ 100.409524886886814, 7.01012761606007 ], [ 100.410014347239255, 7.010127616060062 ], [ 100.41001434723924, 7.010290769510913 ], [ 100.410177500690182, 7.010290769510903 ], [ 100.410177500690182, 7.010453922961749 ], [ 100.410340654140754, 7.010453922961745 ], [ 100.410340654140768, 7.011106536765096 ], [ 100.410177500690196, 7.011106536765095 ], [ 100.410177500690182, 7.011432843666772 ], [ 100.410503807591695, 7.011432843666783 ], [ 100.410503807591681, 7.011269690215943 ], [ 100.410830114493535, 7.011269690215941 ], [ 100.410830114493535, 7.010943383314257 ], [ 100.410993267944093, 7.010943383314266 ], [ 100.410993267944093, 7.009801309158389 ] ] ], [ [ [ 100.427798073380387, 7.009475002256729 ], [ 100.427634919929815, 7.009475002256715 ], [ 100.427634919929801, 7.009311848805885 ], [ 100.427145459577005, 7.009311848805874 ], [ 100.427145459577034, 7.009475002256717 ], [ 100.426982306126447, 7.009475002256723 ], [ 100.426982306126447, 7.010780229863424 ], [ 100.427145459577019, 7.010780229863425 ], [ 100.427145459577019, 7.010943383314264 ], [ 100.427634919929801, 7.010943383314264 ], [ 100.427634919929801, 7.010290769510904 ], [ 100.427471766478874, 7.010290769510902 ], [ 100.427471766478874, 7.009964462609234 ], [ 100.427634919929815, 7.009964462609228 ], [ 100.427634919929801, 7.009638155707549 ], [ 100.427798073380359, 7.009638155707554 ], [ 100.427798073380387, 7.009475002256729 ] ] ], [ [ [ 100.41719309907613, 7.012411764371815 ], [ 100.41719309907613, 7.012085457470139 ], [ 100.417029945625202, 7.012085457470126 ], [ 100.417029945625217, 7.0119223040193 ], [ 100.416866792174275, 7.011922304019286 ], [ 100.416866792174289, 7.01175915056846 ], [ 100.416703638723362, 7.011759150568447 ], [ 100.416703638723362, 7.011595997117624 ], [ 100.41654048527279, 7.011595997117615 ], [ 100.416540485272805, 7.011432843666774 ], [ 100.416377331821877, 7.011432843666773 ], [ 100.416377331821863, 7.011269690215938 ], [ 100.41621417837095, 7.011269690215944 ], [ 100.416214178370936, 7.01094338331427 ], [ 100.415887871469437, 7.010943383314264 ], [ 100.415887871469423, 7.010780229863433 ], [ 100.415724718018524, 7.01078022986342 ], [ 100.41572471801851, 7.011432843666778 ], [ 100.415887871469451, 7.011432843666778 ], [ 100.415887871469437, 7.012085457470129 ], [ 100.416214178370936, 7.012085457470132 ], [ 100.416214178370936, 7.012248610920975 ], [ 100.41654048527279, 7.012248610920962 ], [ 100.41654048527279, 7.012574917822652 ], [ 100.416703638723362, 7.012574917822647 ], [ 100.416703638723362, 7.012901224724329 ], [ 100.416866792174275, 7.012901224724319 ], [ 100.416866792174304, 7.013553838527672 ], [ 100.417193099076144, 7.013553838527676 ], [ 100.417193099076144, 7.013390685076847 ], [ 100.417356252526716, 7.013390685076845 ], [ 100.417356252526716, 7.012411764371818 ], [ 100.41719309907613, 7.012411764371815 ] ] ], [ [ [ 100.421924549150191, 7.013390685076848 ], [ 100.421924549150191, 7.012738071273478 ], [ 100.421761395699619, 7.012738071273489 ], [ 100.421761395699619, 7.012411764371811 ], [ 100.421598242248706, 7.012411764371801 ], [ 100.421598242248692, 7.012248610920977 ], [ 100.421435088797764, 7.012248610920966 ], [ 100.421435088797779, 7.012085457470129 ], [ 100.421271935346837, 7.012085457470139 ], [ 100.421271935346823, 7.011922304019287 ], [ 100.421108781896265, 7.011922304019301 ], [ 100.42110878189628, 7.012085457470128 ], [ 100.420945628445338, 7.012085457470139 ], [ 100.420945628445338, 7.012411764371807 ], [ 100.420782474994411, 7.012411764371801 ], [ 100.420782474994411, 7.012901224724315 ], [ 100.420945628445324, 7.012901224724324 ], [ 100.420945628445338, 7.013553838527675 ], [ 100.421108781896265, 7.01355383852768 ], [ 100.421108781896265, 7.013716991978517 ], [ 100.421435088797764, 7.013716991978523 ], [ 100.42143508879775, 7.013553838527677 ], [ 100.421598242248706, 7.013553838527669 ], [ 100.421598242248692, 7.013390685076843 ], [ 100.421924549150191, 7.013390685076848 ] ] ], [ [ [ 100.420782474994411, 7.017632674798644 ], [ 100.421761395699619, 7.01763267479863 ], [ 100.421761395699619, 7.017469521347799 ], [ 100.421924549150205, 7.017469521347805 ], [ 100.421924549150205, 7.016980060995281 ], [ 100.422087702601132, 7.016980060995287 ], [ 100.422087702601118, 7.016001140290253 ], [ 100.422250856052045, 7.016001140290255 ], [ 100.422250856052045, 7.015511679937732 ], [ 100.421761395699619, 7.015511679937738 ], [ 100.421761395699633, 7.015674833388582 ], [ 100.421598242248692, 7.015674833388567 ], [ 100.421598242248677, 7.015511679937745 ], [ 100.421271935346851, 7.015511679937738 ], [ 100.421271935346823, 7.015348526486907 ], [ 100.421108781896251, 7.015348526486895 ], [ 100.421108781896265, 7.015185373036052 ], [ 100.420945628445324, 7.015185373036062 ], [ 100.420945628445352, 7.015022219585227 ], [ 100.420782474994411, 7.01502221958522 ], [ 100.420782474994411, 7.014859066134376 ], [ 100.420619321543484, 7.014859066134377 ], [ 100.420619321543469, 7.014695912683543 ], [ 100.420293014641985, 7.014695912683556 ], [ 100.420293014641999, 7.014532759232707 ], [ 100.420129861191057, 7.014532759232705 ], [ 100.420129861191043, 7.014369605781872 ], [ 100.419803554289544, 7.014369605781859 ], [ 100.419803554289558, 7.014206452331037 ], [ 100.419314093936777, 7.014206452331027 ], [ 100.419314093936777, 7.014043298880202 ], [ 100.419150940486205, 7.014043298880184 ], [ 100.419150940486205, 7.013716991978524 ], [ 100.418987787035277, 7.013716991978515 ], [ 100.418987787035277, 7.013553838527679 ], [ 100.41882463358435, 7.013553838527682 ], [ 100.41882463358435, 7.013390685076832 ], [ 100.418661480133409, 7.013390685076845 ], [ 100.418661480133409, 7.013227531626004 ], [ 100.418498326682851, 7.013227531625992 ], [ 100.418498326682851, 7.013390685076849 ], [ 100.41833517323191, 7.013390685076843 ], [ 100.418335173231924, 7.013880145429346 ], [ 100.418498326682837, 7.013880145429353 ], [ 100.418498326682865, 7.014043298880201 ], [ 100.418335173231938, 7.014043298880187 ], [ 100.418335173231924, 7.014206452331029 ], [ 100.418008866330069, 7.014206452331037 ], [ 100.418008866330055, 7.014043298880192 ], [ 100.417845712879497, 7.01404329888019 ], [ 100.417845712879512, 7.014206452331024 ], [ 100.417356252526716, 7.01420645233103 ], [ 100.417356252526716, 7.014369605781868 ], [ 100.417193099076144, 7.014369605781873 ], [ 100.417193099076144, 7.01469591268354 ], [ 100.417029945625231, 7.014695912683555 ], [ 100.417029945625217, 7.014859066134385 ], [ 100.417193099076158, 7.014859066134387 ], [ 100.41719309907613, 7.01518537303607 ], [ 100.417356252526702, 7.015185373036066 ], [ 100.417356252526716, 7.015348526486895 ], [ 100.417519405977643, 7.0153485264869 ], [ 100.417519405977643, 7.016164293741102 ], [ 100.417356252526716, 7.016164293741083 ], [ 100.417356252526716, 7.017143214446121 ], [ 100.417682559428584, 7.017143214446114 ], [ 100.41768255942857, 7.016980060995292 ], [ 100.417845712879497, 7.016980060995286 ], [ 100.417845712879512, 7.01730636789696 ], [ 100.418008866330069, 7.01730636789696 ], [ 100.418008866330069, 7.017143214446131 ], [ 100.418335173231924, 7.017143214446128 ], [ 100.418335173231938, 7.016980060995283 ], [ 100.418498326682865, 7.016980060995285 ], [ 100.418498326682851, 7.016816907544435 ], [ 100.41882463358435, 7.016816907544452 ], [ 100.41882463358435, 7.016653754093614 ], [ 100.418987787035277, 7.016653754093612 ], [ 100.418987787035292, 7.016490600642774 ], [ 100.419314093936777, 7.016490600642761 ], [ 100.419314093936777, 7.016653754093602 ], [ 100.419477247387704, 7.016653754093612 ], [ 100.41947724738769, 7.01714321444613 ], [ 100.419314093936777, 7.017143214446122 ], [ 100.419314093936777, 7.017469521347806 ], [ 100.419150940486205, 7.017469521347796 ], [ 100.419150940486205, 7.018122135151065 ], [ 100.419314093936762, 7.01812213515106 ], [ 100.419314093936777, 7.018285288601904 ], [ 100.419477247387704, 7.018285288601908 ], [ 100.419477247387704, 7.018448442052735 ], [ 100.420293014641985, 7.018448442052746 ], [ 100.420293014641999, 7.018285288601899 ], [ 100.420456168092912, 7.018285288601911 ], [ 100.420456168092926, 7.017958981700226 ], [ 100.420782474994411, 7.01795898170022 ], [ 100.420782474994411, 7.017632674798644 ] ], [ [ 100.42110878189628, 7.016816907544451 ], [ 100.420619321543484, 7.016816907544435 ], [ 100.420619321543484, 7.01649060064277 ], [ 100.420945628445338, 7.016490600642777 ], [ 100.420945628445338, 7.016653754093616 ], [ 100.421108781896265, 7.016653754093603 ], [ 100.42110878189628, 7.016816907544451 ] ] ], [ [ [ 100.419640400838617, 7.03329540607904 ], [ 100.419477247387704, 7.03329540607903 ], [ 100.419477247387704, 7.032805945726514 ], [ 100.419640400838631, 7.032805945726523 ], [ 100.419640400838631, 7.03199017847232 ], [ 100.419803554289558, 7.031990178472333 ], [ 100.419803554289572, 7.031663871570654 ], [ 100.41996670774013, 7.031663871570655 ], [ 100.41996670774013, 7.031337564668982 ], [ 100.419803554289558, 7.031337564668972 ], [ 100.419803554289572, 7.031174411218142 ], [ 100.419640400838631, 7.03117441121814 ], [ 100.419640400838617, 7.031011257767291 ], [ 100.419477247387718, 7.031011257767298 ], [ 100.41947724738769, 7.03117441121813 ], [ 100.419150940486205, 7.031174411218131 ], [ 100.419150940486205, 7.031500718119809 ], [ 100.418987787035277, 7.031500718119818 ], [ 100.418987787035277, 7.031827025021489 ], [ 100.418824633584364, 7.031827025021495 ], [ 100.418824633584336, 7.032316485373999 ], [ 100.418661480133409, 7.03231648537401 ], [ 100.418661480133423, 7.033621712980702 ], [ 100.418498326682837, 7.033621712980715 ], [ 100.418498326682851, 7.033784866431541 ], [ 100.418661480133423, 7.033784866431557 ], [ 100.418661480133409, 7.033948019882391 ], [ 100.419150940486205, 7.033948019882383 ], [ 100.419150940486205, 7.033784866431557 ], [ 100.419477247387718, 7.033784866431545 ], [ 100.41947724738769, 7.033621712980714 ], [ 100.419640400838645, 7.033621712980702 ], [ 100.419640400838617, 7.03329540607904 ] ] ], [ [ [ 100.422250856052059, 7.065762942795703 ], [ 100.422414009502987, 7.065762942795689 ], [ 100.422414009502987, 7.065599789344868 ], [ 100.422250856052059, 7.065599789344863 ], [ 100.422250856052045, 7.065436635894017 ], [ 100.422414009502972, 7.065436635894021 ], [ 100.422414009502972, 7.065110328992334 ], [ 100.423066623306326, 7.065110328992352 ], [ 100.423066623306312, 7.064947175541501 ], [ 100.423229776756898, 7.064947175541514 ], [ 100.423229776756898, 7.064457715188989 ], [ 100.422903469855399, 7.064457715188997 ], [ 100.422903469855399, 7.064294561738143 ], [ 100.422740316404472, 7.064294561738145 ], [ 100.422740316404486, 7.064457715188982 ], [ 100.422250856052045, 7.064457715188987 ], [ 100.422250856052045, 7.064294561738149 ], [ 100.421924549150191, 7.064294561738156 ], [ 100.421924549150191, 7.064131408287321 ], [ 100.421761395699619, 7.064131408287308 ], [ 100.421761395699619, 7.06380510138563 ], [ 100.42143508879775, 7.063805101385641 ], [ 100.42143508879775, 7.06429456173815 ], [ 100.421271935346823, 7.064294561738156 ], [ 100.421271935346823, 7.065110328992334 ], [ 100.421108781896265, 7.065110328992336 ], [ 100.42110878189628, 7.065436635894016 ], [ 100.421271935346837, 7.065436635894014 ], [ 100.421271935346837, 7.065762942795693 ], [ 100.421598242248706, 7.065762942795693 ], [ 100.421598242248692, 7.065926096246532 ], [ 100.421761395699619, 7.065926096246541 ], [ 100.421761395699619, 7.066089249697383 ], [ 100.421924549150191, 7.066089249697374 ], [ 100.421924549150191, 7.066578710049881 ], [ 100.422250856052045, 7.066578710049898 ], [ 100.422250856052045, 7.066089249697372 ], [ 100.422414009502958, 7.06608924969738 ], [ 100.422414009502972, 7.065926096246526 ], [ 100.422250856052031, 7.065926096246539 ], [ 100.422250856052059, 7.065762942795703 ] ] ], [ [ [ 100.426982306126447, 7.075062689493478 ], [ 100.426982306126433, 7.074899536042648 ], [ 100.427145459577019, 7.074899536042652 ], [ 100.427145459577034, 7.074736382591813 ], [ 100.427471766478874, 7.074736382591804 ], [ 100.427471766478874, 7.074573229140973 ], [ 100.427798073380373, 7.074573229140961 ], [ 100.427798073380387, 7.074736382591813 ], [ 100.428287533733155, 7.074736382591805 ], [ 100.42828753373314, 7.074573229140962 ], [ 100.428613840634654, 7.074573229140965 ], [ 100.428613840634654, 7.074410075690132 ], [ 100.428776994085567, 7.074410075690127 ], [ 100.428776994085581, 7.074083768788461 ], [ 100.428940147536508, 7.074083768788464 ], [ 100.428940147536508, 7.073920615337612 ], [ 100.428776994085595, 7.073920615337621 ], [ 100.428776994085581, 7.073594308435943 ], [ 100.428613840634654, 7.073594308435944 ], [ 100.42861384063464, 7.073431154985099 ], [ 100.428450687183727, 7.073431154985106 ], [ 100.428450687183727, 7.07326800153427 ], [ 100.4279612268313, 7.073268001534262 ], [ 100.4279612268313, 7.073431154985094 ], [ 100.427798073380373, 7.073431154985098 ], [ 100.427798073380373, 7.073594308435944 ], [ 100.427634919929801, 7.073594308435944 ], [ 100.427634919929815, 7.073757461886768 ], [ 100.427471766478874, 7.073757461886781 ], [ 100.42747176647886, 7.073920615337618 ], [ 100.427308613027947, 7.073920615337621 ], [ 100.427308613027961, 7.074083768788451 ], [ 100.426982306126447, 7.074083768788459 ], [ 100.426982306126447, 7.074246922239296 ], [ 100.426819152675534, 7.074246922239299 ], [ 100.42681915267552, 7.074573229140964 ], [ 100.426655999224593, 7.07457322914096 ], [ 100.426655999224607, 7.074736382591808 ], [ 100.426492845773666, 7.074736382591801 ], [ 100.426492845773666, 7.074899536042655 ], [ 100.426166538872153, 7.074899536042653 ], [ 100.426166538872167, 7.075062689493481 ], [ 100.426003385421239, 7.075062689493484 ], [ 100.426003385421239, 7.075552149845993 ], [ 100.426166538872167, 7.075552149846008 ], [ 100.426166538872153, 7.075715303296831 ], [ 100.426329692323094, 7.075715303296836 ], [ 100.426329692323108, 7.075552149846001 ], [ 100.426492845773666, 7.075552149845992 ], [ 100.426492845773666, 7.075715303296837 ], [ 100.42681915267552, 7.075715303296848 ], [ 100.42681915267552, 7.075878456747684 ], [ 100.426982306126433, 7.07587845674768 ], [ 100.426982306126447, 7.075715303296838 ], [ 100.427145459577034, 7.075715303296846 ], [ 100.427145459577019, 7.075062689493486 ], [ 100.426982306126447, 7.075062689493478 ] ] ], [ [ [ 100.438729354586457, 7.043410920030936 ], [ 100.438729354586457, 7.042431999325893 ], [ 100.438566201135885, 7.042431999325905 ], [ 100.438566201135885, 7.042268845875064 ], [ 100.438403047684957, 7.042268845875066 ], [ 100.438403047684957, 7.042105692424217 ], [ 100.438239894234044, 7.04210569242421 ], [ 100.43823989423403, 7.041942538973377 ], [ 100.438076740783089, 7.041942538973383 ], [ 100.438076740783117, 7.041779385522542 ], [ 100.437913587332545, 7.041779385522545 ], [ 100.437913587332531, 7.040963618268342 ], [ 100.437750433881604, 7.040963618268351 ], [ 100.437750433881604, 7.040800464817504 ], [ 100.437587280430691, 7.040800464817519 ], [ 100.437587280430677, 7.041942538973373 ], [ 100.437424126979735, 7.041942538973388 ], [ 100.437424126979749, 7.042105692424221 ], [ 100.437260973529192, 7.042105692424216 ], [ 100.437260973529163, 7.042268845875049 ], [ 100.43709782007825, 7.042268845875067 ], [ 100.437097820078236, 7.043410920030936 ], [ 100.437260973529192, 7.043410920030931 ], [ 100.437260973529177, 7.043574073481766 ], [ 100.437424126979749, 7.043574073481772 ], [ 100.437424126979764, 7.043737226932609 ], [ 100.437587280430691, 7.043737226932602 ], [ 100.437587280430677, 7.043574073481769 ], [ 100.438566201135885, 7.043574073481768 ], [ 100.438566201135885, 7.043410920030927 ], [ 100.438729354586457, 7.043410920030936 ] ] ], [ [ [ 100.438566201135885, 7.04602137524434 ], [ 100.438566201135885, 7.045368761440993 ], [ 100.438403047684957, 7.045368761440979 ], [ 100.438403047684957, 7.045042454539317 ], [ 100.438566201135885, 7.045042454539308 ], [ 100.438566201135885, 7.044226687285115 ], [ 100.438239894234044, 7.044226687285111 ], [ 100.438239894234044, 7.044063533834272 ], [ 100.438076740783089, 7.04406353383428 ], [ 100.438076740783103, 7.044226687285124 ], [ 100.437750433881618, 7.044226687285121 ], [ 100.437750433881604, 7.044063533834289 ], [ 100.437260973529177, 7.04406353383427 ], [ 100.437260973529177, 7.044226687285125 ], [ 100.43709782007825, 7.044226687285122 ], [ 100.43709782007825, 7.044389840735956 ], [ 100.436934666627323, 7.044389840735954 ], [ 100.436934666627309, 7.044552994186803 ], [ 100.436608359725824, 7.044552994186795 ], [ 100.436608359725824, 7.044716147637634 ], [ 100.435792592471543, 7.044716147637631 ], [ 100.435792592471543, 7.045042454539316 ], [ 100.435629439020616, 7.045042454539303 ], [ 100.435629439020616, 7.045368761440979 ], [ 100.435792592471543, 7.045368761440981 ], [ 100.435792592471543, 7.045531914891832 ], [ 100.43595574592247, 7.045531914891821 ], [ 100.43595574592247, 7.045695068342664 ], [ 100.436118899373042, 7.045695068342657 ], [ 100.436118899373042, 7.045858221793492 ], [ 100.436282052823969, 7.045858221793508 ], [ 100.436282052823969, 7.046021375244352 ], [ 100.436445206274882, 7.046021375244345 ], [ 100.436445206274897, 7.046347682146027 ], [ 100.436608359725824, 7.046347682146027 ], [ 100.43660835972581, 7.046510835596863 ], [ 100.436771513176382, 7.046510835596854 ], [ 100.43677151317641, 7.046673989047697 ], [ 100.438076740783089, 7.046673989047701 ], [ 100.438076740783103, 7.046510835596857 ], [ 100.438403047684957, 7.046510835596851 ], [ 100.438403047684943, 7.046021375244339 ], [ 100.438566201135885, 7.04602137524434 ] ] ], [ [ [ 100.440197735644091, 7.051568592572855 ], [ 100.439871428742592, 7.051568592572843 ], [ 100.439871428742592, 7.051242285671174 ], [ 100.439708275291679, 7.051242285671171 ], [ 100.439708275291665, 7.051079132220337 ], [ 100.439871428742606, 7.05107913222032 ], [ 100.439871428742578, 7.050752825318647 ], [ 100.43970827529165, 7.050752825318648 ], [ 100.439708275291679, 7.050589671867812 ], [ 100.439545121840737, 7.050589671867809 ], [ 100.439545121840723, 7.050426518416975 ], [ 100.438729354586457, 7.05042651841697 ], [ 100.438729354586442, 7.05026336496613 ], [ 100.438076740783103, 7.050263364966136 ], [ 100.438076740783089, 7.050589671867813 ], [ 100.437913587332531, 7.050589671867823 ], [ 100.437913587332545, 7.051079132220335 ], [ 100.43823989423403, 7.05107913222032 ], [ 100.43823989423403, 7.050752825318659 ], [ 100.438403047684957, 7.050752825318649 ], [ 100.438403047684957, 7.050589671867812 ], [ 100.438892508037384, 7.050589671867804 ], [ 100.43889250803737, 7.050752825318653 ], [ 100.439055661488297, 7.050752825318653 ], [ 100.439055661488311, 7.050915978769487 ], [ 100.439218814939238, 7.050915978769486 ], [ 100.439218814939252, 7.051242285671166 ], [ 100.439381968389796, 7.051242285671166 ], [ 100.43938196838981, 7.051568592572855 ], [ 100.439545121840737, 7.051568592572853 ], [ 100.439545121840737, 7.05173174602368 ], [ 100.439708275291665, 7.051731746023686 ], [ 100.43970827529165, 7.051894899474516 ], [ 100.439871428742606, 7.051894899474528 ], [ 100.439871428742592, 7.052058052925358 ], [ 100.44003458219315, 7.052058052925354 ], [ 100.44003458219315, 7.052221206376204 ], [ 100.440197735644091, 7.0522212063762 ], [ 100.440197735644091, 7.052058052925351 ], [ 100.440360889095004, 7.052058052925369 ], [ 100.440360889095004, 7.05173174602369 ], [ 100.440197735644091, 7.051731746023689 ], [ 100.440197735644091, 7.051568592572855 ] ] ], [ [ [ 100.43595574592247, 7.055484275392965 ], [ 100.436118899373042, 7.055484275392959 ], [ 100.436118899373042, 7.055321121942209 ], [ 100.436608359725824, 7.055321121942211 ], [ 100.436608359725824, 7.055157968491292 ], [ 100.436771513176396, 7.055157968491293 ], [ 100.43677151317641, 7.055321121942219 ], [ 100.436934666627337, 7.055321121942223 ], [ 100.436934666627323, 7.05515796849129 ], [ 100.43709782007825, 7.055157968491287 ], [ 100.43709782007825, 7.054994815040369 ], [ 100.437424126979735, 7.054994815040368 ], [ 100.437424126979749, 7.054831661589605 ], [ 100.437587280430677, 7.054831661589613 ], [ 100.437587280430677, 7.054668508138688 ], [ 100.437913587332432, 7.054668508138686 ], [ 100.437913587332446, 7.054505354687944 ], [ 100.438076740783103, 7.05450535468794 ], [ 100.438076740783103, 7.054668508138961 ], [ 100.43823989423403, 7.054668508138954 ], [ 100.438239894234016, 7.05481591122166 ], [ 100.438277063876328, 7.054791984206732 ], [ 100.438372160841936, 7.054741135443834 ], [ 100.438403047684957, 7.054721095204578 ], [ 100.438403047684957, 7.054668508138687 ], [ 100.438492763559069, 7.054668508138863 ], [ 100.438550459657193, 7.054642455149226 ], [ 100.438566201135885, 7.054639034525617 ], [ 100.438566201135899, 7.054015894335513 ], [ 100.438403047684972, 7.054015894335508 ], [ 100.438403047684957, 7.053689587433837 ], [ 100.43823989423403, 7.053689587433825 ], [ 100.43823989423403, 7.053200127081313 ], [ 100.438403047684957, 7.053200127081326 ], [ 100.438403047684957, 7.053036973630486 ], [ 100.439218814939252, 7.053036973630488 ], [ 100.439218814939238, 7.053200127081316 ], [ 100.439545121840737, 7.053200127081328 ], [ 100.439545121840737, 7.053363280532166 ], [ 100.43970827529165, 7.053363280532162 ], [ 100.439708275291679, 7.053200127081321 ], [ 100.439871428742592, 7.053200127081328 ], [ 100.439871428742578, 7.052547513277864 ], [ 100.439708275291665, 7.052547513277867 ], [ 100.439708275291679, 7.052221206376194 ], [ 100.439218814939252, 7.052221206376188 ], [ 100.439218814939238, 7.052384359827125 ], [ 100.438403047684972, 7.052384359826952 ], [ 100.438403047684943, 7.052221206376209 ], [ 100.438076740783103, 7.052221206376207 ], [ 100.438076740783089, 7.052058052925549 ], [ 100.43791358733246, 7.052058052925274 ], [ 100.437913587332446, 7.051731746023767 ], [ 100.437750433881604, 7.051731746023771 ], [ 100.43775043388159, 7.051568592572839 ], [ 100.43677151317641, 7.051568592572846 ], [ 100.43677151317641, 7.051731746023764 ], [ 100.436282052823969, 7.051731746023764 ], [ 100.436282052823969, 7.051894899474516 ], [ 100.436118899373056, 7.051894899474516 ], [ 100.436118899373056, 7.052710666728797 ], [ 100.43595574592247, 7.0527106667288 ], [ 100.43595574592247, 7.053200127081309 ], [ 100.435792592471543, 7.053200127081313 ], [ 100.435792592471543, 7.053526433982904 ], [ 100.435629439020616, 7.053526433982914 ], [ 100.43562943902063, 7.053689587433825 ], [ 100.43513997866819, 7.053689587433842 ], [ 100.43513997866819, 7.05385274088458 ], [ 100.434976825217277, 7.053852740884595 ], [ 100.434976825217248, 7.054015894335511 ], [ 100.434813671766349, 7.054015894335511 ], [ 100.434813671766335, 7.054668508138959 ], [ 100.434650518315763, 7.054668508138956 ], [ 100.434650518315763, 7.05483166158962 ], [ 100.434487364864836, 7.054831661589618 ], [ 100.434487364864822, 7.054994815040538 ], [ 100.434324211413909, 7.05499481504037 ], [ 100.434324211413909, 7.055157968491285 ], [ 100.433834751061482, 7.055157968491296 ], [ 100.433834751061468, 7.054994815040364 ], [ 100.433745211522748, 7.054994815040367 ], [ 100.433758223751482, 7.055973735745574 ], [ 100.433834751061482, 7.055973735745565 ], [ 100.433834751061482, 7.055647428843899 ], [ 100.434161057962996, 7.055647428843902 ], [ 100.434161057962982, 7.055810582294741 ], [ 100.434324211413909, 7.055810582294739 ], [ 100.434324211413909, 7.055973735745564 ], [ 100.434487364864836, 7.055973735745578 ], [ 100.43448736486485, 7.056136889196325 ], [ 100.434813671766335, 7.056136889196315 ], [ 100.434813671766349, 7.056300042647245 ], [ 100.435466285569689, 7.056300042647245 ], [ 100.435466285569674, 7.056463196097988 ], [ 100.435792592471543, 7.056463196098002 ], [ 100.435792592471543, 7.056626349548934 ], [ 100.43595574592247, 7.056626349548925 ], [ 100.43595574592247, 7.056463196097997 ], [ 100.436118899373042, 7.056463196098004 ], [ 100.436118899373056, 7.055647428843888 ], [ 100.435955745922456, 7.055647428843902 ], [ 100.43595574592247, 7.055484275392965 ] ] ], [ [ [ 100.434976825217362, 7.058990669619396 ], [ 100.434976825217248, 7.058747344409645 ], [ 100.435044798039385, 7.058747344409645 ], [ 100.435050887846003, 7.058721647013441 ], [ 100.435128026874409, 7.058566332942594 ], [ 100.43513997866819, 7.058548765701769 ], [ 100.43513997866819, 7.058421037507962 ], [ 100.434976825217262, 7.058421037507965 ], [ 100.434976825217262, 7.058094730606377 ], [ 100.434487364864836, 7.058094730606373 ], [ 100.43448736486485, 7.058257884057212 ], [ 100.434324211413909, 7.058257884057229 ], [ 100.434324211413909, 7.059399958213009 ], [ 100.434487364864836, 7.059399958213008 ], [ 100.434487364864836, 7.059563111663847 ], [ 100.434813671766321, 7.059563111663844 ], [ 100.434813671766335, 7.059399958213 ], [ 100.434856964563323, 7.059399958212994 ], [ 100.434918174349008, 7.059159095384381 ], [ 100.434976825217362, 7.058990669619396 ] ] ], [ [ [ 100.435551390228639, 7.060975333751651 ], [ 100.435462356783148, 7.06086833927082 ], [ 100.435303132119046, 7.060868339270537 ], [ 100.435303132119017, 7.061031492721296 ], [ 100.435139978668204, 7.06103149272157 ], [ 100.43513997866819, 7.061194646172228 ], [ 100.434976825217277, 7.061194646172212 ], [ 100.434976825217262, 7.061520953073903 ], [ 100.434813671766335, 7.061520953073894 ], [ 100.434813671766335, 7.062010413426496 ], [ 100.43448736486485, 7.062010413426499 ], [ 100.434487364864836, 7.062173566877334 ], [ 100.434324211413895, 7.062173566877346 ], [ 100.434324211413923, 7.062499873778934 ], [ 100.434161057962982, 7.062499873778937 ], [ 100.434161057962982, 7.063478794483952 ], [ 100.433997904512395, 7.063478794483964 ], [ 100.43399790451241, 7.063152487582281 ], [ 100.433834751061482, 7.063152487582287 ], [ 100.433834751061482, 7.062663027229856 ], [ 100.43399790451241, 7.062663027229863 ], [ 100.433997904512395, 7.061847259975568 ], [ 100.433834751061482, 7.061847259975584 ], [ 100.433834751061468, 7.061520953073899 ], [ 100.433785433169319, 7.061520953073899 ], [ 100.43375507616156, 7.064847257577466 ], [ 100.433834751061553, 7.064676180654799 ], [ 100.433834751061482, 7.064294561738243 ], [ 100.43401248075493, 7.064294561738338 ], [ 100.43409438100943, 7.064118706563106 ], [ 100.434645902341941, 7.063049834282467 ], [ 100.435551390228639, 7.060975333751651 ] ] ], [ [ [ 100.430408528593787, 7.064294561738151 ], [ 100.43024537514323, 7.064294561738161 ], [ 100.430245375143215, 7.06413140828731 ], [ 100.430082221692302, 7.064131408287307 ], [ 100.430082221692302, 7.064294561738159 ], [ 100.429919068241375, 7.064294561738143 ], [ 100.429919068241347, 7.064457715188991 ], [ 100.42910330098708, 7.064457715188985 ], [ 100.42910330098708, 7.064294561738157 ], [ 100.428613840634668, 7.064294561738143 ], [ 100.428613840634668, 7.064620868639836 ], [ 100.428450687183712, 7.064620868639833 ], [ 100.428450687183727, 7.064947175541507 ], [ 100.429429607888935, 7.064947175541505 ], [ 100.42942960788892, 7.064784022090657 ], [ 100.429592761339848, 7.064784022090667 ], [ 100.429592761339876, 7.064947175541498 ], [ 100.429755914790434, 7.064947175541496 ], [ 100.429755914790434, 7.065110328992345 ], [ 100.429919068241375, 7.065110328992344 ], [ 100.429919068241347, 7.065273482443173 ], [ 100.430082221692288, 7.065273482443191 ], [ 100.430082221692288, 7.065436635894017 ], [ 100.430408528593773, 7.065436635894026 ], [ 100.430408528593787, 7.065273482443184 ], [ 100.430571682044715, 7.065273482443178 ], [ 100.430571682044715, 7.064947175541509 ], [ 100.430408528593802, 7.064947175541509 ], [ 100.430408528593787, 7.064294561738151 ] ] ], [ [ [ 100.432366370003834, 7.067394477304074 ], [ 100.432366370003862, 7.066741863500726 ], [ 100.432203216552935, 7.066741863500727 ], [ 100.432203216552921, 7.066578710049884 ], [ 100.432040063102335, 7.066578710049894 ], [ 100.432040063102349, 7.06641555659905 ], [ 100.431387449298995, 7.066415556599044 ], [ 100.431387449298995, 7.066578710049881 ], [ 100.430897988946583, 7.066578710049882 ], [ 100.430897988946555, 7.066905016951572 ], [ 100.431061142397155, 7.066905016951572 ], [ 100.431061142397127, 7.067557630754916 ], [ 100.431224295848068, 7.067557630754925 ], [ 100.431224295848068, 7.067720784205762 ], [ 100.431550602749567, 7.067720784205763 ], [ 100.431550602749553, 7.067557630754926 ], [ 100.432203216552921, 7.067557630754912 ], [ 100.432203216552921, 7.067394477304086 ], [ 100.432366370003834, 7.067394477304074 ] ] ], [ [ [ 100.431061142397141, 7.068373398009106 ], [ 100.431061142397141, 7.068699704910792 ], [ 100.430897988946583, 7.068699704910792 ], [ 100.430897988946583, 7.068862858361634 ], [ 100.430734835495642, 7.068862858361632 ], [ 100.430734835495656, 7.069189165263298 ], [ 100.430571682044715, 7.069189165263293 ], [ 100.4305716820447, 7.069515472164971 ], [ 100.430734835495642, 7.069515472164986 ], [ 100.430734835495656, 7.069352318714135 ], [ 100.430897988946569, 7.069352318714141 ], [ 100.430897988946569, 7.069515472164988 ], [ 100.431061142397141, 7.069515472164973 ], [ 100.431061142397141, 7.06967862561581 ], [ 100.431312132603196, 7.069678625615815 ], [ 100.431470792877064, 7.069320138170039 ], [ 100.4319047695016, 7.068536551459951 ], [ 100.43171375620048, 7.068536551459948 ], [ 100.431713756200494, 7.068373398009101 ], [ 100.431061142397141, 7.068373398009106 ] ] ], [ [ [ 100.434324211413909, 7.089420193167173 ], [ 100.434324211413923, 7.089257039716333 ], [ 100.434487364864822, 7.089257039716334 ], [ 100.434487364864836, 7.088441272462146 ], [ 100.434650518315777, 7.088441272462141 ], [ 100.434650518315749, 7.087299198306281 ], [ 100.434813671766335, 7.087299198306274 ], [ 100.434813671766321, 7.08697289140459 ], [ 100.434976825217262, 7.0869728914046 ], [ 100.434976825217262, 7.086809737953755 ], [ 100.43513997866819, 7.086809737953768 ], [ 100.435139978668175, 7.086646584502931 ], [ 100.435629439020616, 7.086646584502921 ], [ 100.435629439020616, 7.086809737953756 ], [ 100.435792592471543, 7.086809737953761 ], [ 100.435792592471543, 7.08762550520795 ], [ 100.43595574592247, 7.087625505207944 ], [ 100.435955745922485, 7.087788658658794 ], [ 100.436118899373042, 7.087788658658787 ], [ 100.436118899373042, 7.087951812109625 ], [ 100.436282052823969, 7.087951812109631 ], [ 100.436282052823969, 7.087788658658796 ], [ 100.436608359725824, 7.087788658658797 ], [ 100.436608359725824, 7.087625505207956 ], [ 100.436771513176382, 7.087625505207957 ], [ 100.436771513176396, 7.087136044855441 ], [ 100.436934666627309, 7.087136044855436 ], [ 100.436934666627337, 7.08697289140459 ], [ 100.437260973529192, 7.086972891404605 ], [ 100.437260973529177, 7.086809737953758 ], [ 100.437424126979735, 7.086809737953761 ], [ 100.437424126979749, 7.086646584502925 ], [ 100.437587280430677, 7.086646584502931 ], [ 100.437587280430677, 7.086483431052084 ], [ 100.43823989423403, 7.086483431052081 ], [ 100.43823989423403, 7.086646584502928 ], [ 100.438404023240594, 7.08664658450292 ], [ 100.43840704544786, 7.086611482601005 ], [ 100.43840971763133, 7.086521517610255 ], [ 100.438416384591136, 7.086320277601255 ], [ 100.438403047684943, 7.086320277601245 ], [ 100.438403047684957, 7.085993970699565 ], [ 100.43823989423403, 7.085993970699561 ], [ 100.43823989423403, 7.085667663797892 ], [ 100.438076740783103, 7.085667663797899 ], [ 100.438076740783117, 7.084688743092855 ], [ 100.438239016044776, 7.08468874309287 ], [ 100.438172542865175, 7.084302800236709 ], [ 100.438122909670682, 7.084006538266364 ], [ 100.438112301092644, 7.083919561497638 ], [ 100.438118060709428, 7.083872351097707 ], [ 100.43813864173049, 7.083844269050523 ], [ 100.438175481286876, 7.083822034660011 ], [ 100.438444072954354, 7.083794657690787 ], [ 100.43856620113587, 7.083767027196893 ], [ 100.438566201135885, 7.083709822387826 ], [ 100.438729354586442, 7.083709822387842 ], [ 100.438729354586457, 7.083546668937001 ], [ 100.438892508037398, 7.083546668936995 ], [ 100.438892508037384, 7.083220362035311 ], [ 100.439055661488297, 7.083220362035314 ], [ 100.439055661488212, 7.083025176019254 ], [ 100.439030473998528, 7.08294635407012 ], [ 100.439008098338277, 7.082871216874537 ], [ 100.438961981243594, 7.082757805667623 ], [ 100.438907000809436, 7.082642946032306 ], [ 100.438893548889965, 7.082588424912773 ], [ 100.438880649170272, 7.08253185561908 ], [ 100.43887708373812, 7.082516212960267 ], [ 100.438876642161389, 7.082486491306509 ], [ 100.438873350810113, 7.08226404636893 ], [ 100.438873280730888, 7.082241441330295 ], [ 100.438729354586457, 7.082241441330277 ], [ 100.438729354586471, 7.081751980977768 ], [ 100.438892508037384, 7.081751980977764 ], [ 100.438892508037384, 7.081099367174415 ], [ 100.438729354586442, 7.08109936717441 ], [ 100.438729354586471, 7.080936213723581 ], [ 100.43823989423403, 7.080936213723589 ], [ 100.43823989423403, 7.081099367174412 ], [ 100.437750433881604, 7.081099367174427 ], [ 100.437750433881604, 7.080936213723581 ], [ 100.437424126979749, 7.080936213723586 ], [ 100.437424126979735, 7.080773060272738 ], [ 100.43709782007825, 7.080773060272748 ], [ 100.437097820078236, 7.080609906821905 ], [ 100.436934666627337, 7.080609906821898 ], [ 100.436934666627323, 7.080120446469397 ], [ 100.43709782007825, 7.080120446469381 ], [ 100.43709782007825, 7.079467832666028 ], [ 100.436934666627323, 7.079467832666029 ], [ 100.436934666627323, 7.079630986116863 ], [ 100.436608359725824, 7.079630986116863 ], [ 100.43660835972581, 7.079794139567715 ], [ 100.436445206274911, 7.079794139567712 ], [ 100.436445206274897, 7.07995729301855 ], [ 100.43562943902063, 7.079957293018547 ], [ 100.43562943902063, 7.080120446469388 ], [ 100.43513997866819, 7.080120446469387 ], [ 100.43513997866819, 7.080283599920224 ], [ 100.434976825217277, 7.080283599920223 ], [ 100.434976825217262, 7.080773060272732 ], [ 100.434813671766335, 7.080773060272742 ], [ 100.434813671766321, 7.081262520625251 ], [ 100.434650518315749, 7.081262520625259 ], [ 100.434650518315763, 7.081425674076088 ], [ 100.434487364864836, 7.081425674076104 ], [ 100.43448736486485, 7.08158882752694 ], [ 100.434324211413909, 7.081588827526939 ], [ 100.434324211413909, 7.082078287879447 ], [ 100.434487364864836, 7.082078287879449 ], [ 100.434487364864836, 7.082567748231966 ], [ 100.434650518315763, 7.082567748231972 ], [ 100.434650518315763, 7.082894055133645 ], [ 100.434976825217262, 7.082894055133639 ], [ 100.434976825217248, 7.083057208584476 ], [ 100.435139978668175, 7.083057208584473 ], [ 100.43513997866819, 7.083220362035325 ], [ 100.435303132119103, 7.08322036203532 ], [ 100.435303132119103, 7.083383515486148 ], [ 100.435466285569674, 7.08338351548616 ], [ 100.435466285569703, 7.083872975838668 ], [ 100.435303132119131, 7.083872975838674 ], [ 100.435303132119103, 7.084036129289498 ], [ 100.43513997866819, 7.084036129289498 ], [ 100.43513997866819, 7.084199282740354 ], [ 100.434976825217248, 7.084199282740341 ], [ 100.434976825217262, 7.084036129289507 ], [ 100.434487364864836, 7.084036129289512 ], [ 100.434487364864836, 7.083872975838669 ], [ 100.434161057962982, 7.083872975838672 ], [ 100.434161057962982, 7.083709822387836 ], [ 100.43399790451241, 7.083709822387823 ], [ 100.433997904512395, 7.083872975838669 ], [ 100.433834751061482, 7.083872975838679 ], [ 100.433834751061482, 7.085178203445382 ], [ 100.433671597610555, 7.085178203445383 ], [ 100.433671597610555, 7.085667663797895 ], [ 100.433508444159628, 7.085667663797892 ], [ 100.433508444159614, 7.086157124150405 ], [ 100.43334529070907, 7.086157124150413 ], [ 100.433345290709056, 7.086320277601247 ], [ 100.433508444159614, 7.086320277601235 ], [ 100.433508444159642, 7.08648343105208 ], [ 100.433671597610555, 7.086483431052094 ], [ 100.433671597610555, 7.086646584502924 ], [ 100.433834751061497, 7.086646584502922 ], [ 100.433834751061482, 7.086809737953759 ], [ 100.43399790451241, 7.086809737953757 ], [ 100.433997904512395, 7.086972891404601 ], [ 100.433834751061468, 7.086972891404592 ], [ 100.433834751061482, 7.087136044855436 ], [ 100.433508444159628, 7.087136044855431 ], [ 100.433508444159628, 7.087462351757106 ], [ 100.433345290709056, 7.087462351757109 ], [ 100.433345290709042, 7.087788658658786 ], [ 100.433182137258129, 7.087788658658799 ], [ 100.433182137258129, 7.088604425912987 ], [ 100.433018983807202, 7.088604425912989 ], [ 100.433018983807202, 7.089420193167171 ], [ 100.433182137258143, 7.089420193167179 ], [ 100.433182137258129, 7.08958334661802 ], [ 100.433345290709056, 7.089583346618014 ], [ 100.43334529070907, 7.089746500068846 ], [ 100.433508444159628, 7.089746500068843 ], [ 100.433508444159614, 7.089909653519682 ], [ 100.433671597610555, 7.089909653519697 ], [ 100.433671597610555, 7.089746500068843 ], [ 100.433834751061497, 7.089746500068848 ], [ 100.433834751061482, 7.089583346618014 ], [ 100.434161057962982, 7.089583346618017 ], [ 100.434161057962982, 7.089420193167174 ], [ 100.434324211413909, 7.089420193167173 ] ], [ [ 100.437424126979749, 7.083546668936993 ], [ 100.437424126979749, 7.084362436191176 ], [ 100.437260973529192, 7.084362436191181 ], [ 100.437260973529163, 7.084688743092871 ], [ 100.436771513176396, 7.084688743092866 ], [ 100.436771513176396, 7.083546668937 ], [ 100.436934666627337, 7.083546668936993 ], [ 100.436934666627323, 7.083383515486153 ], [ 100.437260973529192, 7.083383515486146 ], [ 100.437260973529177, 7.083546668936999 ], [ 100.437424126979749, 7.083546668936993 ] ] ] ] } },
{ "type": "Feature", "properties": { "TB_IDN": 901403, "TB_TN": "ต.แม่ทอม", "AP_IDN": 9014, "AP_TN": "อ.บางกล่ำ", "PV_IDN": 90, "PV_TN": "จ.สงขลา", "RE_NESDB": "South", "RE_ROYIN": "South", "F_AREA": 2212536.0849000001, "flood_area": 1382.84, "A": 2.213 }, "geometry": { "type": "MultiPolygon", "coordinates": [ [ [ [ 100.452597397907823, 7.092193801831437 ], [ 100.45276055135875, 7.092193801831433 ], [ 100.452760551358736, 7.092030648380582 ], [ 100.452923704809294, 7.092030648380599 ], [ 100.452923704809294, 7.091378034577231 ], [ 100.452760551358736, 7.091378034577244 ], [ 100.452760551358736, 7.091051727675562 ], [ 100.452597397907823, 7.091051727675553 ], [ 100.452597397907795, 7.090562267323043 ], [ 100.452760551358736, 7.090562267323039 ], [ 100.45276055135875, 7.090220680303839 ], [ 100.451600853366358, 7.09057670160046 ], [ 100.45112901685016, 7.090757306979291 ], [ 100.45112901685016, 7.090888574224723 ], [ 100.451292170301116, 7.090888574224723 ], [ 100.451292170301102, 7.092030648380595 ], [ 100.451455323752015, 7.092030648380589 ], [ 100.451455323752043, 7.092356955282267 ], [ 100.451618477202601, 7.092356955282276 ], [ 100.451618477202601, 7.0925201087331 ], [ 100.451781630653528, 7.0925201087331 ], [ 100.451781630653514, 7.092683262183949 ], [ 100.452434244456882, 7.092683262183953 ], [ 100.452434244456882, 7.092356955282259 ], [ 100.452597397907809, 7.092356955282257 ], [ 100.452597397907823, 7.092193801831437 ] ] ], [ [ [ 100.442318730505079, 7.096109484651548 ], [ 100.442318730505079, 7.095293717397356 ], [ 100.442155577054166, 7.095293717397361 ], [ 100.442155577054152, 7.094967410495681 ], [ 100.441992423603224, 7.094967410495681 ], [ 100.441992423603224, 7.093988489790642 ], [ 100.441829270152652, 7.09398848979064 ], [ 100.441829270152652, 7.093335875987298 ], [ 100.441666116701711, 7.09333587598729 ], [ 100.441666116701739, 7.093172722536457 ], [ 100.441502963250798, 7.093172722536458 ], [ 100.441502963250798, 7.09300956908561 ], [ 100.441339809799871, 7.09300956908562 ], [ 100.441339809799871, 7.092846415634779 ], [ 100.441013502898372, 7.092846415634781 ], [ 100.441013502898386, 7.093009569085613 ], [ 100.440850349447445, 7.093009569085616 ], [ 100.440850349447445, 7.093172722536464 ], [ 100.440687195996531, 7.093172722536466 ], [ 100.440687195996517, 7.09333587598729 ], [ 100.440360889095018, 7.093335875987308 ], [ 100.440360889095018, 7.093499029438141 ], [ 100.44003458219315, 7.093499029438137 ], [ 100.440034582193178, 7.093662182888979 ], [ 100.440197735644091, 7.093662182888978 ], [ 100.440197735644091, 7.093825336339816 ], [ 100.440360889095018, 7.09382533633981 ], [ 100.440360889095018, 7.093988489790643 ], [ 100.440687195996517, 7.093988489790648 ], [ 100.440687195996531, 7.094151643241494 ], [ 100.440850349447445, 7.094151643241479 ], [ 100.44085034944743, 7.094314796692317 ], [ 100.441013502898372, 7.094314796692331 ], [ 100.441013502898358, 7.094477950143158 ], [ 100.441176656349299, 7.094477950143173 ], [ 100.441176656349299, 7.094641103594012 ], [ 100.441339809799871, 7.094641103594008 ], [ 100.441339809799857, 7.094804257044832 ], [ 100.441502963250784, 7.094804257044848 ], [ 100.441502963250798, 7.096109484651554 ], [ 100.441666116701725, 7.09610948465155 ], [ 100.441666116701711, 7.096435791553232 ], [ 100.441992423603239, 7.096435791553225 ], [ 100.441992423603224, 7.096272638102388 ], [ 100.442155577054152, 7.09627263810239 ], [ 100.442155577054152, 7.096109484651557 ], [ 100.442318730505079, 7.096109484651548 ] ] ], [ [ [ 100.441339809799885, 7.098230479512457 ], [ 100.441339809799871, 7.098556786414133 ], [ 100.441176656349299, 7.098556786414123 ], [ 100.441176656349299, 7.098883093315724 ], [ 100.441013502898372, 7.098883093315715 ], [ 100.441013502898372, 7.09920940021739 ], [ 100.441176656349299, 7.09920940021739 ], [ 100.441176656349299, 7.100025167471584 ], [ 100.441013502898372, 7.100025167471583 ], [ 100.441013502898372, 7.100332615350911 ], [ 100.441180132162543, 7.100335209531519 ], [ 100.441523111737339, 7.10036136378672 ], [ 100.441666116701725, 7.100376358306847 ], [ 100.441666116701725, 7.100351474373266 ], [ 100.441829270152652, 7.100351474373262 ], [ 100.441829270152652, 7.098230479512456 ], [ 100.441339809799885, 7.098230479512457 ] ] ], [ [ [ 100.454881546219383, 7.095783177749867 ], [ 100.454881546219369, 7.096109484651556 ], [ 100.454718392768783, 7.096109484651559 ], [ 100.454718392768797, 7.096272638102397 ], [ 100.454881546219369, 7.096272638102382 ], [ 100.454881546219383, 7.096435791553223 ], [ 100.454718392768797, 7.096435791553229 ], [ 100.454718392768783, 7.096762098454896 ], [ 100.454555239317855, 7.096762098454895 ], [ 100.454555239317855, 7.09692525190574 ], [ 100.454392085866942, 7.096925251905735 ], [ 100.454392085866942, 7.097088405356583 ], [ 100.454228932416029, 7.097088405356573 ], [ 100.454228932416029, 7.097251558807423 ], [ 100.454065778965443, 7.097251558807423 ], [ 100.454065778965443, 7.097414712258255 ], [ 100.45390262551453, 7.097414712258264 ], [ 100.453902625514502, 7.097577865709095 ], [ 100.453739472063589, 7.09757786570909 ], [ 100.453739472063589, 7.097904172610764 ], [ 100.453576318612647, 7.097904172610767 ], [ 100.453576318612662, 7.09855678641413 ], [ 100.453413165162104, 7.098556786414133 ], [ 100.45341316516209, 7.098719939864871 ], [ 100.452271091005969, 7.098719939864876 ], [ 100.452271091005954, 7.098883093315722 ], [ 100.452434244456882, 7.098883093315719 ], [ 100.452434244456882, 7.099046246766545 ], [ 100.452597397907795, 7.099046246766559 ], [ 100.452597397907795, 7.099209400217384 ], [ 100.45276055135875, 7.099209400217393 ], [ 100.452760551358736, 7.099862014020747 ], [ 100.452597397907795, 7.099862014020741 ], [ 100.452597397907809, 7.100025167471575 ], [ 100.452434244456882, 7.100025167471584 ], [ 100.452434244456882, 7.100188320922424 ], [ 100.451618477202601, 7.100188320922423 ], [ 100.451618477202601, 7.100025167471573 ], [ 100.451455323752029, 7.100025167471592 ], [ 100.451455323752043, 7.100188320922427 ], [ 100.450639556497762, 7.100188320922414 ], [ 100.450639556497748, 7.100025167471587 ], [ 100.450476403046821, 7.100025167471575 ], [ 100.450476403046821, 7.10018832092242 ], [ 100.450313249596249, 7.100188320922426 ], [ 100.450313249596249, 7.100351474373263 ], [ 100.450150096145322, 7.100351474373265 ], [ 100.450150096145308, 7.100677781274946 ], [ 100.449986942694395, 7.100677781274938 ], [ 100.449986942694395, 7.101819855430798 ], [ 100.450150096145322, 7.101819855430805 ], [ 100.450150096145322, 7.102309315783324 ], [ 100.450313249596249, 7.102309315783312 ], [ 100.450313249596263, 7.102798776135838 ], [ 100.450476403046821, 7.102798776135841 ], [ 100.450476403046821, 7.10328823648835 ], [ 100.450313249596249, 7.103288236488357 ], [ 100.450313249596249, 7.103125083037511 ], [ 100.449986942694395, 7.103125083037507 ], [ 100.449986942694395, 7.102798776135835 ], [ 100.449823789243453, 7.102798776135832 ], [ 100.449823789243467, 7.102961929586674 ], [ 100.449660635792881, 7.102961929586682 ], [ 100.449660635792895, 7.10312508303751 ], [ 100.449497482341968, 7.103125083037508 ], [ 100.449497482341968, 7.104430310644218 ], [ 100.449660635792881, 7.104430310644218 ], [ 100.449660635792895, 7.104593464095058 ], [ 100.449823789243467, 7.104593464095054 ], [ 100.449823789243467, 7.104756617545894 ], [ 100.449986942694409, 7.104756617545903 ], [ 100.44998694269438, 7.104919770996742 ], [ 100.450150096145336, 7.104919770996739 ], [ 100.450150096145322, 7.10508292444758 ], [ 100.450476403046821, 7.105082924447575 ], [ 100.450476403046821, 7.105246077898412 ], [ 100.451129016850174, 7.105246077898404 ], [ 100.451129016850174, 7.105409231349256 ], [ 100.451455323752029, 7.105409231349257 ], [ 100.451455323752029, 7.105572384800094 ], [ 100.451618477202601, 7.105572384800078 ], [ 100.451618477202601, 7.105409231349248 ], [ 100.451919569114366, 7.105409231349251 ], [ 100.451944784104469, 7.10539488685982 ], [ 100.451944784104441, 7.105246077898419 ], [ 100.452107937555382, 7.105246077898413 ], [ 100.452107937555368, 7.105082924447571 ], [ 100.452271091005954, 7.10508292444758 ], [ 100.452271091005954, 7.104919770996739 ], [ 100.452434244456882, 7.104919770996741 ], [ 100.452434244456882, 7.104756617545886 ], [ 100.452597397907823, 7.104756617545902 ], [ 100.452597397907809, 7.104430310644218 ], [ 100.452760551358736, 7.104430310644227 ], [ 100.45276055135875, 7.104267157193381 ], [ 100.452923704809294, 7.104267157193372 ], [ 100.452923704809308, 7.104104003742535 ], [ 100.453086858260235, 7.104104003742551 ], [ 100.453086858260235, 7.103940850291702 ], [ 100.453739472063589, 7.103940850291704 ], [ 100.453739472063603, 7.103777696840869 ], [ 100.453902625514516, 7.10377769684086 ], [ 100.453902625514516, 7.103614543390021 ], [ 100.454065778965443, 7.103614543390028 ], [ 100.454065778965457, 7.103451389939188 ], [ 100.454228932416029, 7.103451389939195 ], [ 100.454228932416001, 7.103288236488356 ], [ 100.454392085866942, 7.103288236488341 ], [ 100.454392085866942, 7.103125083037501 ], [ 100.45455523931787, 7.103125083037514 ], [ 100.45455523931787, 7.102961929586675 ], [ 100.454718392768811, 7.102961929586675 ], [ 100.454718392768783, 7.10279877613584 ], [ 100.454881546219383, 7.10279877613583 ], [ 100.454881546219369, 7.102635622684999 ], [ 100.45504469967031, 7.102635622685001 ], [ 100.455044699670296, 7.102472469234157 ], [ 100.455207853121223, 7.102472469234152 ], [ 100.455207853121237, 7.102309315783315 ], [ 100.45537100657215, 7.102309315783328 ], [ 100.45537100657215, 7.101983008881646 ], [ 100.455534160022708, 7.101983008881636 ], [ 100.455534160022722, 7.101819855430811 ], [ 100.455697313473664, 7.101819855430804 ], [ 100.45569731347365, 7.101656701979972 ], [ 100.455860466924577, 7.101656701979971 ], [ 100.455860466924591, 7.101330395078282 ], [ 100.456023620375518, 7.101330395078291 ], [ 100.456023620375504, 7.101167241627459 ], [ 100.455860466924577, 7.101167241627448 ], [ 100.455860466924577, 7.101004088176609 ], [ 100.456023620375504, 7.101004088176619 ], [ 100.456023620375504, 7.100840934725773 ], [ 100.455860466924591, 7.100840934725781 ], [ 100.455860466924577, 7.100677781274928 ], [ 100.455697313473635, 7.100677781274934 ], [ 100.45569731347365, 7.100514627824094 ], [ 100.455534160022722, 7.100514627824094 ], [ 100.455534160022708, 7.10035147437325 ], [ 100.455044699670282, 7.10035147437325 ], [ 100.455044699670296, 7.100188320922412 ], [ 100.454881546219355, 7.100188320922417 ], [ 100.454881546219369, 7.099862014020736 ], [ 100.45504469967031, 7.099862014020736 ], [ 100.45504469967031, 7.099698860569901 ], [ 100.455860466924563, 7.099698860569914 ], [ 100.455860466924563, 7.099535707119075 ], [ 100.456023620375504, 7.099535707119073 ], [ 100.45602362037549, 7.099046246766545 ], [ 100.455860466924577, 7.099046246766543 ], [ 100.455860466924563, 7.098883093315721 ], [ 100.455534160022722, 7.098883093315705 ], [ 100.455534160022722, 7.098067326061607 ], [ 100.45569731347365, 7.098067326061602 ], [ 100.45569731347365, 7.097414712258264 ], [ 100.455534160022722, 7.097414712258257 ], [ 100.455534160022708, 7.096925251905751 ], [ 100.45569731347365, 7.096925251905734 ], [ 100.455697313473664, 7.096598945004064 ], [ 100.455860466924591, 7.096598945004074 ], [ 100.455860466924577, 7.096435791553219 ], [ 100.456023620375504, 7.096435791553218 ], [ 100.456023620375504, 7.096109484651556 ], [ 100.456186773826076, 7.096109484651549 ], [ 100.456186773826062, 7.095620024299029 ], [ 100.45537100657215, 7.095620024299041 ], [ 100.45537100657215, 7.09578317774988 ], [ 100.454881546219383, 7.095783177749867 ] ] ], [ [ [ 100.447865947833407, 7.102146162332486 ], [ 100.447865947833392, 7.101983008881649 ], [ 100.447376487480994, 7.101983008881636 ], [ 100.447376487480966, 7.101819855430808 ], [ 100.447050180579481, 7.101819855430802 ], [ 100.447050180579481, 7.101493548529137 ], [ 100.446723873677641, 7.101493548529127 ], [ 100.446723873677627, 7.101330395078292 ], [ 100.446397566776113, 7.10133039507829 ], [ 100.446397566776128, 7.101493548529136 ], [ 100.4462344133252, 7.101493548529117 ], [ 100.446234413325215, 7.102309315783319 ], [ 100.446560720226699, 7.102309315783313 ], [ 100.446560720226714, 7.102472469234147 ], [ 100.447376487480966, 7.102472469234156 ], [ 100.44737648748098, 7.102635622684994 ], [ 100.447539640931893, 7.102635622684989 ], [ 100.447539640931907, 7.102472469234166 ], [ 100.448029101284334, 7.102472469234152 ], [ 100.448029101284334, 7.102146162332478 ], [ 100.447865947833407, 7.102146162332486 ] ] ], [ [ [ 100.462060298056272, 7.10655130550512 ], [ 100.462060298056258, 7.105572384800096 ], [ 100.461733991154745, 7.105572384800096 ], [ 100.461733991154759, 7.105735538250922 ], [ 100.461244530802333, 7.105735538250929 ], [ 100.461244530802333, 7.105572384800093 ], [ 100.461081377351391, 7.105572384800095 ], [ 100.461081377351405, 7.105246077898419 ], [ 100.461244530802333, 7.105246077898416 ], [ 100.461244530802333, 7.104919770996733 ], [ 100.46140768425289, 7.104919770996739 ], [ 100.461407684252904, 7.10475661754589 ], [ 100.461244530802347, 7.104756617545904 ], [ 100.461244530802318, 7.104593464095066 ], [ 100.461407684252904, 7.104593464095057 ], [ 100.461407684252904, 7.104430310644214 ], [ 100.461244530802333, 7.104430310644222 ], [ 100.461244530802333, 7.103614543390028 ], [ 100.460755070449551, 7.10361454339002 ], [ 100.460755070449551, 7.103451389939196 ], [ 100.460102456646197, 7.103451389939192 ], [ 100.460102456646212, 7.103614543390018 ], [ 100.45993930319564, 7.103614543390027 ], [ 100.459939303195625, 7.103940850291708 ], [ 100.460102456646197, 7.103940850291713 ], [ 100.460102456646197, 7.104593464095067 ], [ 100.46026561009711, 7.104593464095064 ], [ 100.460265610097139, 7.104919770996731 ], [ 100.460428763548038, 7.104919770996723 ], [ 100.460428763548052, 7.105246077898416 ], [ 100.46026561009711, 7.105246077898413 ], [ 100.460265610097125, 7.105409231349254 ], [ 100.459939303195625, 7.105409231349253 ], [ 100.459939303195611, 7.105572384800093 ], [ 100.459612996293757, 7.105572384800086 ], [ 100.459612996293771, 7.105735538250921 ], [ 100.459449842842844, 7.10573553825092 ], [ 100.459449842842844, 7.106224998603451 ], [ 100.459612996293771, 7.106224998603446 ], [ 100.459612996293771, 7.106388152054272 ], [ 100.460428763548038, 7.106388152054274 ], [ 100.460428763548038, 7.106551305505113 ], [ 100.460591916998965, 7.106551305505123 ], [ 100.460591916998979, 7.106714458955961 ], [ 100.460918223900492, 7.106714458955951 ], [ 100.460918223900478, 7.106877612406802 ], [ 100.461081377351405, 7.106877612406802 ], [ 100.461081377351405, 7.106714458955947 ], [ 100.461897144605672, 7.106714458955947 ], [ 100.461897144605686, 7.106551305505109 ], [ 100.462060298056272, 7.10655130550512 ] ] ], [ [ [ 100.45569731347365, 7.114545824596206 ], [ 100.456023620375504, 7.114545824596205 ], [ 100.456023620375518, 7.114219517694528 ], [ 100.456186773826076, 7.11421951769452 ], [ 100.456186773826062, 7.114056364243679 ], [ 100.456349927277003, 7.114056364243681 ], [ 100.456349927276989, 7.113893210792855 ], [ 100.456513080727916, 7.11389321079285 ], [ 100.45651308072793, 7.113240596989495 ], [ 100.456349927277003, 7.113240596989486 ], [ 100.456349927277003, 7.112914290087825 ], [ 100.456186773826076, 7.112914290087806 ], [ 100.456186773826076, 7.112587983186145 ], [ 100.456023620375504, 7.112587983186144 ], [ 100.456023620375518, 7.112424829735302 ], [ 100.455860466924577, 7.112424829735304 ], [ 100.455860466924563, 7.112261676284453 ], [ 100.45537100657215, 7.11226167628447 ], [ 100.455371006572136, 7.112587983186147 ], [ 100.455207853121237, 7.112587983186139 ], [ 100.455207853121223, 7.112914290087812 ], [ 100.45504469967031, 7.112914290087812 ], [ 100.455044699670296, 7.113566903891169 ], [ 100.454881546219369, 7.113566903891174 ], [ 100.454881546219369, 7.113893210792837 ], [ 100.454718392768797, 7.113893210792855 ], [ 100.454718392768797, 7.114052940513504 ], [ 100.454823269385258, 7.114197623899297 ], [ 100.454894257392638, 7.114337755705902 ], [ 100.45495187444493, 7.114461665538439 ], [ 100.454951410882316, 7.114461940095874 ], [ 100.45500366216686, 7.114545824596195 ], [ 100.455044699670296, 7.114545824596203 ], [ 100.455044699670282, 7.114611706430582 ], [ 100.455093107717289, 7.114689420976232 ], [ 100.455102644501892, 7.114708978047046 ], [ 100.45537100657215, 7.114708978047035 ], [ 100.455371006572136, 7.114872131497873 ], [ 100.455534160022722, 7.114872131497865 ], [ 100.455534160022722, 7.114708978047044 ], [ 100.45569731347365, 7.114708978047037 ], [ 100.45569731347365, 7.114545824596206 ] ] ], [ [ [ 100.471033737852636, 7.084036129289506 ], [ 100.471196891303194, 7.084036129289509 ], [ 100.471196891303208, 7.083872975838677 ], [ 100.471849505106562, 7.083872975838679 ], [ 100.471849505106562, 7.083709822387829 ], [ 100.472012658557489, 7.083709822387833 ], [ 100.472012658557489, 7.083220362035314 ], [ 100.47217581200843, 7.083220362035318 ], [ 100.472175812008416, 7.082730901682809 ], [ 100.472338965458988, 7.082730901682799 ], [ 100.472338965458988, 7.081915134428617 ], [ 100.472175812008416, 7.08191513442861 ], [ 100.472175812008416, 7.081751980977772 ], [ 100.471360044754135, 7.081751980977772 ], [ 100.471360044754149, 7.08191513442861 ], [ 100.471196891303208, 7.081915134428614 ], [ 100.471196891303208, 7.081751980977774 ], [ 100.47103373785265, 7.081751980977779 ], [ 100.471033737852622, 7.081588827526934 ], [ 100.470870584401695, 7.081588827526922 ], [ 100.470870584401709, 7.081425674076095 ], [ 100.471033737852622, 7.081425674076087 ], [ 100.471033737852622, 7.081099367174408 ], [ 100.471523198205062, 7.081099367174408 ], [ 100.471523198205062, 7.081262520625249 ], [ 100.47217581200843, 7.081262520625247 ], [ 100.472175812008416, 7.081099367174422 ], [ 100.472338965458988, 7.081099367174427 ], [ 100.472338965458988, 7.080936213723569 ], [ 100.472502118909929, 7.080936213723574 ], [ 100.472502118909915, 7.08077306027275 ], [ 100.472665272360857, 7.080773060272739 ], [ 100.472665272360857, 7.08044675337107 ], [ 100.472828425811755, 7.080446753371061 ], [ 100.472828425811755, 7.080120446469377 ], [ 100.472991579262342, 7.080120446469375 ], [ 100.472991579262342, 7.079957293018548 ], [ 100.473154732713269, 7.079957293018541 ], [ 100.473154732713269, 7.079141525764348 ], [ 100.472991579262356, 7.079141525764366 ], [ 100.472991579262342, 7.078815218862668 ], [ 100.47282842581177, 7.078815218862674 ], [ 100.47282842581177, 7.077836298157749 ], [ 100.472665272360857, 7.077836298157747 ], [ 100.472665272360842, 7.078162605059407 ], [ 100.472502118909915, 7.07816260505941 ], [ 100.472502118909915, 7.078325758510262 ], [ 100.472338965458988, 7.078325758510248 ], [ 100.472338965459002, 7.078488911961091 ], [ 100.472175812008416, 7.0784889119611 ], [ 100.472175812008416, 7.078652065411833 ], [ 100.472012658557475, 7.078652065411841 ], [ 100.472012658557503, 7.078815218862685 ], [ 100.471849505106562, 7.07881521886267 ], [ 100.471849505106562, 7.078652065411837 ], [ 100.471523198205062, 7.078652065411851 ], [ 100.471523198205062, 7.078325758510251 ], [ 100.471360044754135, 7.078325758510259 ], [ 100.471360044754121, 7.077836298157743 ], [ 100.471196891303222, 7.077836298157729 ], [ 100.471196891303194, 7.077509991256055 ], [ 100.470870584401709, 7.07750999125606 ], [ 100.470870584401723, 7.077999451608571 ], [ 100.470707430950782, 7.077999451608582 ], [ 100.470707430950782, 7.078652065411844 ], [ 100.470544277499855, 7.078652065411841 ], [ 100.47054427749984, 7.078815218862681 ], [ 100.470381124049283, 7.078815218862682 ], [ 100.470381124049297, 7.078978372313522 ], [ 100.470217970598355, 7.078978372313525 ], [ 100.470217970598355, 7.079141525764356 ], [ 100.470054817147414, 7.079141525764364 ], [ 100.470054817147428, 7.079304679215188 ], [ 100.469891663696501, 7.079304679215191 ], [ 100.469891663696501, 7.079467832666027 ], [ 100.469402203344075, 7.079467832666031 ], [ 100.469402203344075, 7.079630986116878 ], [ 100.469239049893133, 7.079630986116871 ], [ 100.469239049893133, 7.079794139567704 ], [ 100.468749589540721, 7.079794139567702 ], [ 100.468749589540721, 7.079630986116872 ], [ 100.46826012918828, 7.079630986116876 ], [ 100.46826012918828, 7.079794139567714 ], [ 100.468096975737353, 7.079794139567708 ], [ 100.468096975737367, 7.080120446469375 ], [ 100.468260129188295, 7.080120446469382 ], [ 100.468260129188295, 7.080283599920233 ], [ 100.468423282639222, 7.080283599920234 ], [ 100.468423282639222, 7.080446753371063 ], [ 100.46858643608978, 7.080446753371058 ], [ 100.46858643608978, 7.080936213723583 ], [ 100.468260129188295, 7.080936213723576 ], [ 100.468260129188309, 7.081099367174416 ], [ 100.468096975737367, 7.081099367174428 ], [ 100.468096975737367, 7.081262520625263 ], [ 100.468260129188295, 7.081262520625254 ], [ 100.468260129188295, 7.08158882752694 ], [ 100.468423282639222, 7.081588827526938 ], [ 100.468423282639208, 7.081751980977766 ], [ 100.468586436089794, 7.081751980977765 ], [ 100.468586436089794, 7.081915134428614 ], [ 100.468749589540735, 7.08191513442861 ], [ 100.468749589540735, 7.082078287879452 ], [ 100.469402203344075, 7.082078287879447 ], [ 100.469402203344075, 7.081915134428614 ], [ 100.469891663696501, 7.081915134428614 ], [ 100.469891663696501, 7.082078287879454 ], [ 100.470054817147442, 7.082078287879439 ], [ 100.470054817147414, 7.082404594781128 ], [ 100.470217970598341, 7.082404594781122 ], [ 100.470217970598355, 7.084851896543702 ], [ 100.47054427749984, 7.084851896543692 ], [ 100.470544277499869, 7.084688743092855 ], [ 100.470707430950782, 7.084688743092864 ], [ 100.470707430950782, 7.084362436191177 ], [ 100.47103373785265, 7.084362436191183 ], [ 100.471033737852636, 7.084036129289506 ] ], [ [ 100.471196891303194, 7.078978372313508 ], [ 100.471523198205062, 7.078978372313524 ], [ 100.471523198205062, 7.079141525764347 ], [ 100.471686351655975, 7.079141525764356 ], [ 100.47168635165599, 7.079467832666025 ], [ 100.471360044754135, 7.079467832666035 ], [ 100.471360044754121, 7.079630986116877 ], [ 100.471196891303208, 7.079630986116869 ], [ 100.471196891303208, 7.079467832666042 ], [ 100.471033737852636, 7.079467832666031 ], [ 100.471033737852636, 7.079141525764363 ], [ 100.471196891303222, 7.079141525764363 ], [ 100.471196891303194, 7.078978372313508 ] ] ], [ [ [ 100.469075896442575, 7.082894055133638 ], [ 100.46907589644259, 7.082730901682801 ], [ 100.468749589540721, 7.082730901682807 ], [ 100.468749589540721, 7.082894055133633 ], [ 100.468586436089794, 7.082894055133632 ], [ 100.468586436089794, 7.084199282740341 ], [ 100.468749589540721, 7.084199282740339 ], [ 100.468749589540721, 7.084362436191182 ], [ 100.469075896442575, 7.084362436191177 ], [ 100.46907589644259, 7.084036129289509 ], [ 100.469239049893133, 7.084036129289505 ], [ 100.469239049893147, 7.082894055133644 ], [ 100.469075896442575, 7.082894055133638 ] ] ], [ [ [ 100.457002541080357, 7.095293717397359 ], [ 100.45716569453127, 7.095293717397354 ], [ 100.45716569453127, 7.095130563946521 ], [ 100.458144615236151, 7.095130563946526 ], [ 100.458144615236151, 7.09415164324149 ], [ 100.458307768687078, 7.094151643241489 ], [ 100.458307768687064, 7.093825336339819 ], [ 100.458144615236122, 7.093825336339822 ], [ 100.458144615236137, 7.09366218288897 ], [ 100.457818308334637, 7.093662182888966 ], [ 100.457818308334637, 7.093499029438135 ], [ 100.457655154883724, 7.093499029438135 ], [ 100.45765515488371, 7.093009569085619 ], [ 100.457818308334623, 7.093009569085627 ], [ 100.457818308334637, 7.092683262183935 ], [ 100.457981461785565, 7.092683262183952 ], [ 100.457981461785565, 7.092520108733106 ], [ 100.458470922137991, 7.092520108733109 ], [ 100.458470922138005, 7.092846415634779 ], [ 100.45879722903949, 7.092846415634776 ], [ 100.45879722903949, 7.093009569085628 ], [ 100.458634075588918, 7.093009569085624 ], [ 100.458634075588918, 7.093172722536454 ], [ 100.45879722903949, 7.093172722536456 ], [ 100.45879722903949, 7.093335875987298 ], [ 100.458634075588918, 7.0933358759873 ], [ 100.458634075588918, 7.093825336339804 ], [ 100.458470922137991, 7.093825336339805 ], [ 100.458470922137991, 7.093988489790653 ], [ 100.458634075588918, 7.093988489790647 ], [ 100.458634075588918, 7.094151643241486 ], [ 100.45879722903949, 7.094151643241487 ], [ 100.45879722903949, 7.094314796692338 ], [ 100.458960382490417, 7.094314796692318 ], [ 100.458960382490417, 7.09447795014316 ], [ 100.459123535941345, 7.094477950143162 ], [ 100.459123535941345, 7.094641103594012 ], [ 100.459286689392272, 7.094641103594009 ], [ 100.459286689392272, 7.094804257044847 ], [ 100.459449842842858, 7.09480425704484 ], [ 100.459449842842844, 7.094967410495684 ], [ 100.459612996293785, 7.094967410495691 ], [ 100.459612996293771, 7.095130563946519 ], [ 100.459776149744698, 7.095130563946513 ], [ 100.459776149744712, 7.095293717397365 ], [ 100.460102456646197, 7.095293717397368 ], [ 100.460102456646197, 7.095456870848188 ], [ 100.460918223900492, 7.095456870848188 ], [ 100.460918223900478, 7.095293717397353 ], [ 100.461733991154759, 7.095293717397361 ], [ 100.461733991154759, 7.095130563946521 ], [ 100.461897144605686, 7.095130563946523 ], [ 100.461897144605686, 7.094967410495686 ], [ 100.462223451507185, 7.094967410495688 ], [ 100.462223451507185, 7.094804257044847 ], [ 100.462060298056272, 7.094804257044844 ], [ 100.462060298056258, 7.094641103594006 ], [ 100.462223451507171, 7.094641103593997 ], [ 100.462223451507199, 7.094477950143164 ], [ 100.462060298056258, 7.094477950143163 ], [ 100.462060298056258, 7.094151643241482 ], [ 100.461897144605686, 7.094151643241486 ], [ 100.461897144605686, 7.093825336339808 ], [ 100.461570837703832, 7.093825336339807 ], [ 100.461570837703832, 7.093662182888975 ], [ 100.461407684252904, 7.093662182888966 ], [ 100.461407684252904, 7.093499029438145 ], [ 100.461244530802318, 7.093499029438137 ], [ 100.461244530802318, 7.093335875987287 ], [ 100.46108137735142, 7.09333587598729 ], [ 100.461081377351405, 7.093172722536454 ], [ 100.461244530802333, 7.093172722536452 ], [ 100.461244530802333, 7.092846415634788 ], [ 100.461897144605686, 7.092846415634776 ], [ 100.461897144605686, 7.093009569085615 ], [ 100.462223451507199, 7.093009569085611 ], [ 100.462223451507185, 7.092846415634791 ], [ 100.462386604958112, 7.092846415634773 ], [ 100.462386604958127, 7.09268326218394 ], [ 100.462549758409054, 7.092683262183953 ], [ 100.46254975840904, 7.092356955282257 ], [ 100.462712911859612, 7.092356955282257 ], [ 100.462712911859626, 7.091378034577231 ], [ 100.462549758409025, 7.091378034577242 ], [ 100.46254975840904, 7.090725420773891 ], [ 100.463691832564805, 7.090725420773892 ], [ 100.463691832564834, 7.090562267323041 ], [ 100.463854986015747, 7.090562267323045 ], [ 100.463854986015761, 7.090399113872195 ], [ 100.464018139466305, 7.090399113872198 ], [ 100.464018139466319, 7.09023596042137 ], [ 100.46418129291726, 7.090235960421373 ], [ 100.464181292917246, 7.090072806970527 ], [ 100.464344446368159, 7.090072806970537 ], [ 100.464344446368159, 7.089093886265496 ], [ 100.464507599819086, 7.089093886265498 ], [ 100.4645075998191, 7.088767579363817 ], [ 100.465486520523953, 7.088767579363819 ], [ 100.465486520523953, 7.088604425912975 ], [ 100.465649673974895, 7.088604425912991 ], [ 100.46564967397488, 7.088441272462141 ], [ 100.465812827425808, 7.08844127246215 ], [ 100.465812827425793, 7.088114965560476 ], [ 100.465975980876365, 7.088114965560477 ], [ 100.465975980876379, 7.087951812109635 ], [ 100.466139134327307, 7.087951812109631 ], [ 100.466139134327292, 7.087788658658788 ], [ 100.466302287778248, 7.087788658658781 ], [ 100.46630228777822, 7.087462351757111 ], [ 100.466465441229175, 7.087462351757111 ], [ 100.466465441229161, 7.086646584502924 ], [ 100.466628594679747, 7.086646584502913 ], [ 100.466628594679733, 7.086320277601236 ], [ 100.466791748130646, 7.086320277601245 ], [ 100.466791748130646, 7.086157124150406 ], [ 100.466954901581587, 7.086157124150412 ], [ 100.466954901581587, 7.085504510347048 ], [ 100.4671180550325, 7.08550451034706 ], [ 100.467118055032515, 7.085178203445371 ], [ 100.467281208483087, 7.08517820344538 ], [ 100.467281208483087, 7.085015049994531 ], [ 100.467118055032515, 7.085015049994531 ], [ 100.467118055032515, 7.084688743092861 ], [ 100.466954901581587, 7.084688743092859 ], [ 100.466954901581587, 7.08452558964202 ], [ 100.46630228777822, 7.08452558964203 ], [ 100.46630228777822, 7.084362436191181 ], [ 100.465975980876365, 7.084362436191192 ], [ 100.465975980876379, 7.084199282740353 ], [ 100.465812827425822, 7.084199282740351 ], [ 100.465812827425808, 7.083709822387837 ], [ 100.465975980876379, 7.083709822387841 ], [ 100.465975980876379, 7.083383515486156 ], [ 100.466139134327307, 7.083383515486155 ], [ 100.466139134327307, 7.082730901682804 ], [ 100.465812827425822, 7.082730901682806 ], [ 100.465812827425808, 7.082567748231957 ], [ 100.46564967397488, 7.082567748231961 ], [ 100.465649673974866, 7.082404594781131 ], [ 100.465323367073026, 7.082404594781119 ], [ 100.465323367073012, 7.082241441330288 ], [ 100.465160213622454, 7.082241441330295 ], [ 100.465160213622468, 7.081915134428614 ], [ 100.464997060171527, 7.08191513442861 ], [ 100.464997060171527, 7.081751980977781 ], [ 100.465160213622454, 7.081751980977778 ], [ 100.465160213622454, 7.081425674076101 ], [ 100.465323367073026, 7.081425674076098 ], [ 100.465323367073026, 7.081262520625249 ], [ 100.465486520523953, 7.081262520625248 ], [ 100.465486520523967, 7.081099367174416 ], [ 100.465649673974866, 7.081099367174421 ], [ 100.46564967397488, 7.080936213723585 ], [ 100.465975980876379, 7.080936213723586 ], [ 100.465975980876379, 7.080773060272747 ], [ 100.466302287778234, 7.080773060272735 ], [ 100.466302287778234, 7.080446753371067 ], [ 100.466465441229161, 7.080446753371059 ], [ 100.466465441229161, 7.080120446469393 ], [ 100.466628594679733, 7.080120446469393 ], [ 100.466628594679747, 7.079467832666036 ], [ 100.466465441229161, 7.079467832666031 ], [ 100.466465441229161, 7.079304679215203 ], [ 100.466139134327307, 7.079304679215188 ], [ 100.466139134327292, 7.079467832666024 ], [ 100.465975980876379, 7.079467832666024 ], [ 100.465975980876394, 7.07963098611688 ], [ 100.465486520523967, 7.079630986116876 ], [ 100.465486520523953, 7.079794139567709 ], [ 100.465034956792124, 7.079794139567714 ], [ 100.464983666119338, 7.079879285701667 ], [ 100.463167309634841, 7.083398378143936 ], [ 100.462830238938508, 7.083949708472081 ], [ 100.462287388453319, 7.084879816816542 ], [ 100.461665569389083, 7.085860156934439 ], [ 100.461248337344529, 7.086323203674755 ], [ 100.460165275975669, 7.087154902060129 ], [ 100.459317267826975, 7.087779032120549 ], [ 100.45807421740804, 7.088479200530919 ], [ 100.457693007986762, 7.088604425913073 ], [ 100.458307768687078, 7.088604425912981 ], [ 100.458307768687064, 7.088441272462155 ], [ 100.459286689392272, 7.088441272462134 ], [ 100.459286689392272, 7.088604425912975 ], [ 100.459612996293771, 7.088604425912981 ], [ 100.459612996293785, 7.088767579363815 ], [ 100.46026561009711, 7.088767579363816 ], [ 100.460265610097139, 7.088930732814652 ], [ 100.460591916998979, 7.088930732814655 ], [ 100.460591916998979, 7.089093886265494 ], [ 100.460755070449551, 7.089093886265507 ], [ 100.460755070449551, 7.089257039716341 ], [ 100.460918223900492, 7.089257039716339 ], [ 100.460918223900478, 7.089420193167171 ], [ 100.461081377351405, 7.089420193167173 ], [ 100.461081377351405, 7.08990965351969 ], [ 100.460755070449551, 7.089909653519697 ], [ 100.460755070449551, 7.090072806970529 ], [ 100.460591916998979, 7.09007280697053 ], [ 100.460591916998965, 7.090235960421358 ], [ 100.460428763548052, 7.090235960421376 ], [ 100.460428763548066, 7.090072806970531 ], [ 100.460102456646197, 7.090072806970531 ], [ 100.460102456646197, 7.089909653519689 ], [ 100.459776149744698, 7.089909653519696 ], [ 100.459776149744712, 7.089746500068844 ], [ 100.459449842842844, 7.089746500068852 ], [ 100.45944984284283, 7.089583346618011 ], [ 100.459286689392272, 7.089583346618019 ], [ 100.459286689392272, 7.089420193167167 ], [ 100.459123535941345, 7.089420193167171 ], [ 100.459123535941345, 7.089257039716344 ], [ 100.458470922137977, 7.08925703971634 ], [ 100.458470922138005, 7.089093886265493 ], [ 100.458307768687064, 7.089093886265495 ], [ 100.458307768687078, 7.089257039716344 ], [ 100.458144615236137, 7.089257039716333 ], [ 100.458144615236137, 7.089583346618017 ], [ 100.45798146178555, 7.089583346618008 ], [ 100.457981461785565, 7.089909653519692 ], [ 100.457818308334623, 7.089909653519681 ], [ 100.457818308334637, 7.090072806970525 ], [ 100.456676234178872, 7.090072806970536 ], [ 100.456676234178872, 7.089746500068857 ], [ 100.456839387629429, 7.089746500068851 ], [ 100.456839387629429, 7.089420193167171 ], [ 100.457002541080357, 7.089420193167184 ], [ 100.457002541080357, 7.089257039716336 ], [ 100.456839387629444, 7.089257039716331 ], [ 100.456839387629444, 7.088930732814662 ], [ 100.456699668912819, 7.088930732814831 ], [ 100.456186773826076, 7.089099216277393 ], [ 100.456186773826062, 7.089257039716331 ], [ 100.456023620375504, 7.089257039716336 ], [ 100.456023620375504, 7.089583346618025 ], [ 100.456186773826076, 7.089583346618014 ], [ 100.456186773826076, 7.090072806970523 ], [ 100.456023620375518, 7.090072806970524 ], [ 100.456023620375504, 7.090399113872202 ], [ 100.455860466924563, 7.090399113872206 ], [ 100.455860466924591, 7.090725420773891 ], [ 100.45569731347365, 7.090725420773873 ], [ 100.455697313473635, 7.09105172767556 ], [ 100.456186773826062, 7.091051727675565 ], [ 100.456186773826076, 7.090725420773891 ], [ 100.456676234178872, 7.090725420773877 ], [ 100.456676234178857, 7.090888574224718 ], [ 100.456839387629429, 7.090888574224716 ], [ 100.456839387629429, 7.091541188028084 ], [ 100.45716569453127, 7.091541188028073 ], [ 100.457165694531284, 7.091704341478922 ], [ 100.457328847982225, 7.091704341478915 ], [ 100.457328847982211, 7.091867494929748 ], [ 100.457492001432769, 7.091867494929756 ], [ 100.457492001432769, 7.09203064838059 ], [ 100.457328847982225, 7.092030648380596 ], [ 100.457328847982211, 7.092193801831418 ], [ 100.457165694531284, 7.09219380183142 ], [ 100.45716569453127, 7.092520108733114 ], [ 100.457002541080357, 7.092520108733098 ], [ 100.457002541080357, 7.092683262183948 ], [ 100.456839387629415, 7.092683262183943 ], [ 100.456839387629429, 7.093009569085625 ], [ 100.456513080727916, 7.093009569085621 ], [ 100.45651308072793, 7.093172722536458 ], [ 100.456349927277003, 7.09317272253647 ], [ 100.456349927276989, 7.093009569085624 ], [ 100.45569731347365, 7.093009569085616 ], [ 100.455697313473635, 7.093335875987298 ], [ 100.455534160022737, 7.0933358759873 ], [ 100.455534160022737, 7.094477950143166 ], [ 100.45569731347365, 7.094477950143173 ], [ 100.45569731347365, 7.094641103593994 ], [ 100.455860466924591, 7.094641103594003 ], [ 100.455860466924577, 7.09480425704484 ], [ 100.456023620375518, 7.094804257044832 ], [ 100.456023620375504, 7.094967410495682 ], [ 100.456186773826076, 7.094967410495675 ], [ 100.456186773826062, 7.095620024299029 ], [ 100.45651308072793, 7.095620024299039 ], [ 100.45651308072793, 7.095456870848203 ], [ 100.457002541080357, 7.095456870848198 ], [ 100.457002541080357, 7.095293717397359 ] ] ], [ [ [ 100.465975980876394, 7.094151643241482 ], [ 100.466139134327307, 7.094151643241497 ], [ 100.466139134327307, 7.093988489790647 ], [ 100.466302287778234, 7.093988489790649 ], [ 100.466302287778234, 7.093825336339816 ], [ 100.466465441229147, 7.093825336339808 ], [ 100.466465441229175, 7.093172722536449 ], [ 100.466628594679733, 7.093172722536453 ], [ 100.466628594679747, 7.093009569085628 ], [ 100.466791748130674, 7.093009569085612 ], [ 100.46679174813066, 7.092846415634789 ], [ 100.466954901581587, 7.092846415634775 ], [ 100.466954901581587, 7.092683262183935 ], [ 100.467118055032515, 7.092683262183948 ], [ 100.467118055032515, 7.092520108733114 ], [ 100.467281208483087, 7.092520108733114 ], [ 100.467281208483087, 7.092356955282266 ], [ 100.467444361934014, 7.092356955282276 ], [ 100.467444361934028, 7.092193801831437 ], [ 100.467607515384955, 7.092193801831419 ], [ 100.467607515384941, 7.092030648380589 ], [ 100.467770668835868, 7.092030648380589 ], [ 100.467770668835882, 7.091704341478922 ], [ 100.467933822286426, 7.091704341478916 ], [ 100.46793382228644, 7.091378034577228 ], [ 100.468096975737382, 7.091378034577239 ], [ 100.468096975737367, 7.091214881126396 ], [ 100.468749589540735, 7.091214881126406 ], [ 100.468749589540735, 7.091378034577227 ], [ 100.469075896442575, 7.091378034577237 ], [ 100.469075896442575, 7.091214881126404 ], [ 100.469239049893147, 7.091214881126398 ], [ 100.469239049893147, 7.090888574224728 ], [ 100.469402203344075, 7.090888574224724 ], [ 100.46940220334406, 7.090562267323039 ], [ 100.469565356795002, 7.090562267323041 ], [ 100.469565356795002, 7.089746500068856 ], [ 100.469891663696501, 7.089746500068855 ], [ 100.469891663696501, 7.089583346618007 ], [ 100.470054817147414, 7.089583346618011 ], [ 100.470054817147414, 7.089257039716332 ], [ 100.470217970598355, 7.089257039716344 ], [ 100.470217970598341, 7.088930732814662 ], [ 100.470381124049283, 7.088930732814666 ], [ 100.470381124049283, 7.088114965560469 ], [ 100.470544277499855, 7.088114965560469 ], [ 100.470544277499869, 7.087788658658781 ], [ 100.470707430950782, 7.087788658658789 ], [ 100.470707430950796, 7.087625505207961 ], [ 100.470870584401709, 7.087625505207963 ], [ 100.470870584401709, 7.087299198306274 ], [ 100.47103373785265, 7.087299198306273 ], [ 100.47103373785265, 7.087136044855434 ], [ 100.471196891303222, 7.087136044855438 ], [ 100.471196891303222, 7.086972891404598 ], [ 100.471360044754135, 7.086972891404604 ], [ 100.471360044754149, 7.085993970699571 ], [ 100.471196891303222, 7.085993970699567 ], [ 100.471196891303208, 7.085667663797888 ], [ 100.471033737852636, 7.085667663797885 ], [ 100.471033737852636, 7.085504510347059 ], [ 100.470870584401709, 7.085504510347051 ], [ 100.470870584401695, 7.085341356896224 ], [ 100.470544277499855, 7.085341356896211 ], [ 100.470544277499869, 7.085178203445382 ], [ 100.470381124049283, 7.08517820344538 ], [ 100.470381124049297, 7.085341356896207 ], [ 100.468749589540735, 7.085341356896223 ], [ 100.468749589540707, 7.085667663797886 ], [ 100.468586436089794, 7.085667663797895 ], [ 100.468586436089808, 7.085993970699573 ], [ 100.468423282639236, 7.085993970699579 ], [ 100.468423282639236, 7.086320277601246 ], [ 100.46826012918828, 7.086320277601241 ], [ 100.468260129188295, 7.087462351757105 ], [ 100.468096975737382, 7.087462351757119 ], [ 100.468096975737367, 7.087625505207945 ], [ 100.467933822286454, 7.087625505207956 ], [ 100.46793382228644, 7.088441272462143 ], [ 100.467770668835868, 7.088441272462151 ], [ 100.467770668835868, 7.08860442591299 ], [ 100.467607515384941, 7.088604425912985 ], [ 100.467607515384941, 7.088930732814661 ], [ 100.467444361934028, 7.088930732814653 ], [ 100.467444361934, 7.089257039716342 ], [ 100.467281208483087, 7.089257039716344 ], [ 100.467281208483072, 7.089583346618024 ], [ 100.467118055032529, 7.089583346618011 ], [ 100.4671180550325, 7.089746500068856 ], [ 100.466954901581587, 7.089746500068857 ], [ 100.466954901581587, 7.089909653519688 ], [ 100.46679174813066, 7.089909653519696 ], [ 100.46679174813066, 7.090072806970532 ], [ 100.466628594679733, 7.090072806970528 ], [ 100.466628594679733, 7.090235960421365 ], [ 100.466465441229175, 7.090235960421364 ], [ 100.466465441229161, 7.090399113872204 ], [ 100.466302287778248, 7.090399113872205 ], [ 100.46630228777822, 7.090725420773881 ], [ 100.466139134327292, 7.090725420773883 ], [ 100.466139134327307, 7.090888574224719 ], [ 100.465975980876379, 7.090888574224715 ], [ 100.465975980876379, 7.091051727675568 ], [ 100.465812827425808, 7.091051727675557 ], [ 100.465812827425822, 7.091214881126406 ], [ 100.46564967397488, 7.091214881126403 ], [ 100.46564967397488, 7.091541188028069 ], [ 100.465323367073026, 7.091541188028081 ], [ 100.465323367073026, 7.091704341478913 ], [ 100.46516021362244, 7.091704341478923 ], [ 100.46516021362244, 7.091867494929744 ], [ 100.464997060171527, 7.091867494929756 ], [ 100.464997060171527, 7.092030648380588 ], [ 100.4648339067206, 7.092030648380594 ], [ 100.4648339067206, 7.092193801831433 ], [ 100.464670753269672, 7.092193801831437 ], [ 100.464670753269672, 7.092520108733102 ], [ 100.4645075998191, 7.092520108733105 ], [ 100.464507599819086, 7.093009569085613 ], [ 100.464670753269672, 7.093009569085621 ], [ 100.464670753269687, 7.093335875987305 ], [ 100.4648339067206, 7.093335875987304 ], [ 100.464833906720585, 7.093499029438127 ], [ 100.464997060171527, 7.093499029438126 ], [ 100.464997060171527, 7.093825336339818 ], [ 100.465160213622454, 7.093825336339821 ], [ 100.465160213622468, 7.094641103593997 ], [ 100.465486520523939, 7.094641103593996 ], [ 100.465486520523967, 7.09447795014316 ], [ 100.465812827425808, 7.094477950143165 ], [ 100.465812827425808, 7.094314796692322 ], [ 100.465975980876365, 7.094314796692331 ], [ 100.465975980876394, 7.094151643241482 ] ], [ [ 100.469565356795016, 7.087625505207948 ], [ 100.469891663696501, 7.087625505207948 ], [ 100.469891663696501, 7.087951812109638 ], [ 100.469565356795002, 7.087951812109621 ], [ 100.469565356795016, 7.087625505207948 ] ] ], [ [ [ 100.461570837703817, 7.099698860569901 ], [ 100.461570837703832, 7.099535707119061 ], [ 100.461733991154759, 7.099535707119077 ], [ 100.461733991154759, 7.099372553668238 ], [ 100.461897144605672, 7.099372553668223 ], [ 100.461897144605672, 7.099046246766543 ], [ 100.462060298056244, 7.099046246766553 ], [ 100.462060298056258, 7.098719939864866 ], [ 100.461897144605672, 7.098719939864877 ], [ 100.461897144605672, 7.098556786414118 ], [ 100.461733991154759, 7.098556786414115 ], [ 100.461733991154759, 7.098230479512444 ], [ 100.461570837703832, 7.098230479512439 ], [ 100.461570837703832, 7.097741019159931 ], [ 100.461081377351405, 7.097741019159935 ], [ 100.461081377351391, 7.097904172610765 ], [ 100.460918223900478, 7.097904172610778 ], [ 100.460918223900478, 7.097741019159924 ], [ 100.460591916998979, 7.09774101915994 ], [ 100.460591916998979, 7.097577865709104 ], [ 100.460102456646197, 7.09757786570909 ], [ 100.460102456646212, 7.097904172610775 ], [ 100.460428763548066, 7.097904172610777 ], [ 100.460428763548052, 7.09806732606162 ], [ 100.460591916998993, 7.098067326061619 ], [ 100.460591916998979, 7.098230479512439 ], [ 100.460755070449551, 7.098230479512458 ], [ 100.460755070449551, 7.099046246766563 ], [ 100.460591916998979, 7.099046246766555 ], [ 100.460591916998979, 7.099209400217382 ], [ 100.460265610097139, 7.099209400217389 ], [ 100.46026561009711, 7.099372553668223 ], [ 100.460102456646183, 7.099372553668232 ], [ 100.460102456646197, 7.099698860569908 ], [ 100.460265610097125, 7.09969886056991 ], [ 100.460265610097125, 7.100188320922419 ], [ 100.460428763548052, 7.100188320922419 ], [ 100.460428763548066, 7.10035147437326 ], [ 100.460918223900478, 7.100351474373257 ], [ 100.460918223900464, 7.099862014020736 ], [ 100.461081377351405, 7.099862014020734 ], [ 100.461081377351405, 7.099698860569911 ], [ 100.461570837703817, 7.099698860569901 ] ] ], [ [ [ 100.465975980876394, 7.105246077898412 ], [ 100.465975980876379, 7.105082924447582 ], [ 100.465812827425808, 7.105082924447578 ], [ 100.465812827425808, 7.104756617545898 ], [ 100.46564967397488, 7.1047566175459 ], [ 100.46564967397488, 7.104430310644219 ], [ 100.465812827425808, 7.104430310644213 ], [ 100.465812827425808, 7.103614543390028 ], [ 100.465649673974895, 7.103614543390025 ], [ 100.465649673974895, 7.103125083037501 ], [ 100.465812827425822, 7.103125083037517 ], [ 100.465812827425822, 7.102798776135835 ], [ 100.465975980876365, 7.102798776135844 ], [ 100.465975980876379, 7.102635622685003 ], [ 100.466139134327292, 7.102635622684992 ], [ 100.466139134327307, 7.102309315783313 ], [ 100.466302287778248, 7.102309315783322 ], [ 100.46630228777822, 7.102146162332487 ], [ 100.466465441229161, 7.10214616233248 ], [ 100.466465441229161, 7.101819855430799 ], [ 100.466628594679747, 7.101819855430807 ], [ 100.466628594679719, 7.101493548529132 ], [ 100.466465441229175, 7.101493548529134 ], [ 100.466465441229161, 7.101330395078294 ], [ 100.466302287778234, 7.101330395078285 ], [ 100.466302287778234, 7.101167241627453 ], [ 100.466139134327292, 7.101167241627452 ], [ 100.466139134327307, 7.101004088176615 ], [ 100.465975980876379, 7.101004088176603 ], [ 100.465975980876379, 7.100514627824097 ], [ 100.466139134327307, 7.100514627824093 ], [ 100.466139134327307, 7.100188320922431 ], [ 100.466302287778234, 7.100188320922424 ], [ 100.466302287778234, 7.100025167471577 ], [ 100.466139134327307, 7.10002516747158 ], [ 100.466139134327307, 7.099698860569906 ], [ 100.465812827425808, 7.099698860569911 ], [ 100.465812827425808, 7.099862014020751 ], [ 100.46564967397488, 7.099862014020736 ], [ 100.465649673974866, 7.100025167471588 ], [ 100.465486520523953, 7.100025167471592 ], [ 100.465486520523953, 7.100188320922416 ], [ 100.465160213622454, 7.100188320922429 ], [ 100.465160213622454, 7.100351474373257 ], [ 100.4648339067206, 7.10035147437325 ], [ 100.464833906720614, 7.100514627824097 ], [ 100.4645075998191, 7.100514627824098 ], [ 100.4645075998191, 7.100677781274939 ], [ 100.464344446368173, 7.100677781274932 ], [ 100.464344446368173, 7.100840934725776 ], [ 100.464018139466319, 7.100840934725777 ], [ 100.464018139466333, 7.101004088176606 ], [ 100.463854986015761, 7.101004088176612 ], [ 100.463854986015747, 7.101167241627459 ], [ 100.46369183256482, 7.101167241627459 ], [ 100.463691832564834, 7.101493548529122 ], [ 100.463528679113878, 7.101493548529137 ], [ 100.463528679113907, 7.101819855430799 ], [ 100.463365525662979, 7.101819855430799 ], [ 100.463365525662965, 7.102798776135828 ], [ 100.463202372212393, 7.102798776135827 ], [ 100.463202372212393, 7.103125083037511 ], [ 100.462876065310539, 7.103125083037511 ], [ 100.462876065310539, 7.103288236488356 ], [ 100.462549758409025, 7.103288236488345 ], [ 100.46254975840904, 7.103451389939193 ], [ 100.462386604958112, 7.10345138993919 ], [ 100.462386604958112, 7.103777696840874 ], [ 100.462223451507185, 7.103777696840867 ], [ 100.462223451507185, 7.103940850291698 ], [ 100.462060298056258, 7.103940850291711 ], [ 100.462060298056258, 7.104104003742546 ], [ 100.462223451507185, 7.104104003742544 ], [ 100.462223451507185, 7.10540923134924 ], [ 100.463039218761452, 7.105409231349244 ], [ 100.46303921876148, 7.105572384800086 ], [ 100.463365525662965, 7.105572384800086 ], [ 100.463365525662965, 7.105735538250926 ], [ 100.464181292917246, 7.10573553825092 ], [ 100.464181292917246, 7.105898691701764 ], [ 100.464833906720585, 7.105898691701762 ], [ 100.4648339067206, 7.106061845152607 ], [ 100.465975980876394, 7.106061845152599 ], [ 100.465975980876379, 7.105898691701759 ], [ 100.466139134327292, 7.105898691701759 ], [ 100.466139134327307, 7.105246077898414 ], [ 100.465975980876394, 7.105246077898412 ] ] ] ] } },
{ "type": "Feature", "properties": { "TB_IDN": 901404, "TB_TN": "ต.บ้านหาร", "AP_IDN": 9014, "AP_TN": "อ.บางกล่ำ", "PV_IDN": 90, "PV_TN": "จ.สงขลา", "RE_NESDB": "South", "RE_ROYIN": "South", "F_AREA": 2587455.6641299999, "flood_area": 1617.16, "A": 2.588 }, "geometry": { "type": "MultiPolygon", "coordinates": [ [ [ [ 100.443623958111772, 7.061031492721297 ], [ 100.443950265013285, 7.061031492721296 ], [ 100.443950265013285, 7.060868339270544 ], [ 100.443787111562727, 7.060868339270549 ], [ 100.443787111562699, 7.060705185819803 ], [ 100.443623958111772, 7.060705185819792 ], [ 100.443623958111786, 7.060542032368878 ], [ 100.443297651209932, 7.060542032368862 ], [ 100.443297651209917, 7.060378878918113 ], [ 100.443134497759274, 7.060378878918112 ], [ 100.44313449775926, 7.060215725467196 ], [ 100.442645037406578, 7.060215725467183 ], [ 100.442645037406564, 7.060542032368864 ], [ 100.442481883956006, 7.060542032368865 ], [ 100.442481883956006, 7.060868339270536 ], [ 100.442645037406564, 7.060868339270537 ], [ 100.442645037406592, 7.061031492721553 ], [ 100.442808190857505, 7.061031492721566 ], [ 100.442808190857505, 7.061194646172215 ], [ 100.443134497759274, 7.061194646172225 ], [ 100.443134497759274, 7.061357799623149 ], [ 100.443297651209932, 7.061357799623144 ], [ 100.443297651209932, 7.061194646172225 ], [ 100.443623958111786, 7.061194646172228 ], [ 100.443623958111772, 7.061031492721297 ] ] ], [ [ [ 100.434487364864822, 7.072615387730997 ], [ 100.434324211413923, 7.072615387730994 ], [ 100.434324211413923, 7.072452234280162 ], [ 100.43399790451241, 7.072452234280151 ], [ 100.43399790451241, 7.072125927378488 ], [ 100.433834751061482, 7.072125927378477 ], [ 100.433834751061468, 7.071962773927558 ], [ 100.433997904512395, 7.071962773927559 ], [ 100.433997904512424, 7.071636467025871 ], [ 100.434161057962982, 7.071636467025882 ], [ 100.434161057962996, 7.071799620476628 ], [ 100.434324211413909, 7.071799620476633 ], [ 100.434324211413909, 7.071962773927562 ], [ 100.434487364864836, 7.07196277392756 ], [ 100.43448736486485, 7.072125927378493 ], [ 100.434650518315749, 7.07212592737848 ], [ 100.434650518315763, 7.071962773927563 ], [ 100.434976825217262, 7.071962773927547 ], [ 100.434976825217262, 7.071799620476802 ], [ 100.435792592471543, 7.071799620476636 ], [ 100.435792592471543, 7.071636467025872 ], [ 100.43595574592247, 7.071636467025886 ], [ 100.43595574592247, 7.071473313575225 ], [ 100.436118899373042, 7.071473313574954 ], [ 100.436118899373028, 7.071310160124195 ], [ 100.436282052823969, 7.071310160124201 ], [ 100.436282052823969, 7.071147006673445 ], [ 100.437260973529177, 7.071147006673447 ], [ 100.437260973529177, 7.070983853222521 ], [ 100.437424126979735, 7.070983853222533 ], [ 100.437424126979749, 7.070657546320843 ], [ 100.437260973529177, 7.07065754632086 ], [ 100.437260973529177, 7.0704943928701 ], [ 100.436934666627323, 7.070494392870108 ], [ 100.436934666627323, 7.070331239419176 ], [ 100.436771513176396, 7.070331239419171 ], [ 100.436771513176396, 7.070168085968423 ], [ 100.436608359725824, 7.070168085968423 ], [ 100.436608359725824, 7.070004932517577 ], [ 100.436771513176382, 7.07000493251759 ], [ 100.436771513176396, 7.069841779066754 ], [ 100.437097820078236, 7.069841779066743 ], [ 100.43709782007825, 7.069678625615811 ], [ 100.437424126979749, 7.069678625615822 ], [ 100.437424126979749, 7.06918916526322 ], [ 100.437260973529177, 7.069189165263221 ], [ 100.437260973529192, 7.06902601181247 ], [ 100.437424126979764, 7.069026011812467 ], [ 100.437424126979764, 7.068699704910785 ], [ 100.437750433881604, 7.068699704910796 ], [ 100.437750433881618, 7.068862858361538 ], [ 100.43791358733246, 7.068862858361539 ], [ 100.437913587332446, 7.069515472165075 ], [ 100.438076740783117, 7.069515472165076 ], [ 100.438076740783103, 7.069678625615818 ], [ 100.43823989423403, 7.069678625615818 ], [ 100.43823989423403, 7.069841779066754 ], [ 100.438403047684943, 7.069841779066751 ], [ 100.438403047684943, 7.070004932517578 ], [ 100.43856620113587, 7.070004932517591 ], [ 100.438566201135899, 7.070168085968429 ], [ 100.438729354586457, 7.070168085968416 ], [ 100.438729354586471, 7.070331239419161 ], [ 100.438892508037384, 7.070331239419179 ], [ 100.438892508037384, 7.070657546320842 ], [ 100.438729354586457, 7.070657546320842 ], [ 100.438729354586442, 7.070820699771778 ], [ 100.438566201135885, 7.070820699771779 ], [ 100.438566201135885, 7.070983853222516 ], [ 100.438403047684957, 7.070983853222519 ], [ 100.438403047684943, 7.071147006673458 ], [ 100.438566201135899, 7.071147006673451 ], [ 100.43856620113587, 7.071310160124201 ], [ 100.438892508037384, 7.071310160124203 ], [ 100.43889250803737, 7.071473313574953 ], [ 100.439545121840737, 7.071473313575209 ], [ 100.439545121840737, 7.071310160124204 ], [ 100.439708275291665, 7.071310160124198 ], [ 100.439708275291679, 7.070983853222529 ], [ 100.439545121840737, 7.070983853222525 ], [ 100.439545121840737, 7.070657546320851 ], [ 100.43938196838981, 7.070657546320852 ], [ 100.43938196838981, 7.070494392870097 ], [ 100.439545121840737, 7.070494392870089 ], [ 100.439545121840737, 7.07000493251758 ], [ 100.439708275291665, 7.070004932517575 ], [ 100.439708275291665, 7.069841779066752 ], [ 100.439871428742592, 7.069841779066743 ], [ 100.439871428742592, 7.069678625615813 ], [ 100.440034582193164, 7.069678625615825 ], [ 100.440034582193178, 7.06951547216507 ], [ 100.440197735644105, 7.069515472165062 ], [ 100.440197735644091, 7.068536551460033 ], [ 100.440360889095018, 7.068536551460031 ], [ 100.440360889095018, 7.068210244558369 ], [ 100.44052404254586, 7.068210244558362 ], [ 100.440524042545846, 7.068047091107437 ], [ 100.440687195996503, 7.068047091107427 ], [ 100.440687195996503, 7.067883937656682 ], [ 100.441666116701711, 7.067883937656686 ], [ 100.441666116701725, 7.068047091107424 ], [ 100.441829270152638, 7.068047091107442 ], [ 100.441829270152638, 7.068210244558367 ], [ 100.44199242360321, 7.068210244558363 ], [ 100.441992423603239, 7.069026011812471 ], [ 100.442645037406578, 7.069026011812473 ], [ 100.442645037406564, 7.068862858361805 ], [ 100.442971344308432, 7.068862858361811 ], [ 100.442971344308432, 7.06902601181246 ], [ 100.44313449775926, 7.069026011812463 ], [ 100.443134497759289, 7.069841779066748 ], [ 100.442971344308418, 7.069841779066735 ], [ 100.442971344308432, 7.070004932517584 ], [ 100.442645037406592, 7.070004932517582 ], [ 100.442645037406578, 7.069841779066753 ], [ 100.442318730505079, 7.069841779066754 ], [ 100.442318730505079, 7.069515472165072 ], [ 100.441992423603224, 7.069515472165077 ], [ 100.441992423603239, 7.069352318714131 ], [ 100.441829270152667, 7.069352318714144 ], [ 100.441829270152652, 7.069515472165063 ], [ 100.441666116701725, 7.069515472165076 ], [ 100.441666116701725, 7.069352318714144 ], [ 100.441502963250798, 7.069352318714149 ], [ 100.441502963250812, 7.069515472165071 ], [ 100.441176656349299, 7.069515472165071 ], [ 100.441176656349299, 7.069352318714133 ], [ 100.441013502898358, 7.06935231871415 ], [ 100.441013502898372, 7.069515472165076 ], [ 100.44085034944743, 7.069515472165067 ], [ 100.440850349447445, 7.069841779066736 ], [ 100.440687195996517, 7.069841779066738 ], [ 100.440687195996517, 7.070168085968423 ], [ 100.44052404254586, 7.07016808596843 ], [ 100.44052404254586, 7.070820699771771 ], [ 100.440360889095004, 7.070820699771784 ], [ 100.440360889095018, 7.070983853222529 ], [ 100.440524042545874, 7.070983853222534 ], [ 100.440524042545846, 7.071147006673458 ], [ 100.44085034944743, 7.071147006673459 ], [ 100.440850349447445, 7.070983853222525 ], [ 100.441013502898372, 7.070983853222526 ], [ 100.441013502898372, 7.070820699771773 ], [ 100.441176656349299, 7.070820699771774 ], [ 100.441176656349299, 7.070657546320842 ], [ 100.442155577054152, 7.070657546320857 ], [ 100.442155577054152, 7.07082069977178 ], [ 100.442318730505065, 7.070820699771774 ], [ 100.442318730505079, 7.070983853222518 ], [ 100.442481883956006, 7.070983853222528 ], [ 100.442481883955992, 7.071636467025888 ], [ 100.442318730505065, 7.071636467025885 ], [ 100.442318730505079, 7.071962773927555 ], [ 100.442155577054152, 7.071962773927551 ], [ 100.442155577054137, 7.072289080829239 ], [ 100.441992423603239, 7.072289080829226 ], [ 100.441992423603224, 7.072452234280168 ], [ 100.442155577054152, 7.072452234280167 ], [ 100.442155577054152, 7.072778541181832 ], [ 100.442318730505079, 7.072778541181841 ], [ 100.442318730505065, 7.072941694632583 ], [ 100.442808190857505, 7.072941694632579 ], [ 100.442808190857491, 7.072615387731 ], [ 100.442971344308432, 7.072615387730999 ], [ 100.442971344308432, 7.072289080829226 ], [ 100.443134497759289, 7.072289080829228 ], [ 100.443134497759274, 7.072125927378489 ], [ 100.443297651209932, 7.072125927378477 ], [ 100.443297651209932, 7.071962773927556 ], [ 100.443460804660859, 7.07196277392755 ], [ 100.443460804660859, 7.071636467025888 ], [ 100.443623958111786, 7.071636467025878 ], [ 100.443623958111786, 7.070983853222516 ], [ 100.443787111562713, 7.070983853222522 ], [ 100.443787111562713, 7.070820699771777 ], [ 100.444276571915125, 7.070820699771772 ], [ 100.44427657191514, 7.070657546320851 ], [ 100.444439725366067, 7.070657546320848 ], [ 100.444439725366053, 7.070494392870097 ], [ 100.444602878816639, 7.070494392870104 ], [ 100.444602878816625, 7.070168085968418 ], [ 100.444439725366067, 7.070168085968424 ], [ 100.444439725366067, 7.06984177906674 ], [ 100.444113418464212, 7.069841779066742 ], [ 100.444113418464212, 7.069678625615812 ], [ 100.443950265013285, 7.069678625615825 ], [ 100.443950265013271, 7.069515472165061 ], [ 100.443623958111772, 7.069515472165076 ], [ 100.443623958111772, 7.069026011812457 ], [ 100.443787111562699, 7.069026011812471 ], [ 100.443787111562699, 7.068862858361806 ], [ 100.443950265013299, 7.068862858361796 ], [ 100.443950265013285, 7.068699704910797 ], [ 100.444113418464212, 7.068699704910785 ], [ 100.444113418464212, 7.066905016951658 ], [ 100.44427657191514, 7.066905016951659 ], [ 100.444276571915154, 7.066578710049972 ], [ 100.444439725366067, 7.066578710049804 ], [ 100.444439725366081, 7.066252403148396 ], [ 100.44509233916942, 7.066252403148395 ], [ 100.44509233916942, 7.066089249697368 ], [ 100.445418646070905, 7.066089249697383 ], [ 100.445418646070934, 7.065926096246615 ], [ 100.445581799521847, 7.065926096246621 ], [ 100.445581799521847, 7.065599789344941 ], [ 100.44541864607092, 7.065599789344954 ], [ 100.44541864607092, 7.065436635894019 ], [ 100.445255492619992, 7.065436635894025 ], [ 100.445255492619978, 7.065273482443268 ], [ 100.445092339169435, 7.065273482443268 ], [ 100.44509233916942, 7.064784022090763 ], [ 100.445255492619978, 7.064784022090762 ], [ 100.445255492619992, 7.064457715188985 ], [ 100.44541864607092, 7.064457715188983 ], [ 100.44541864607092, 7.063968254836387 ], [ 100.445581799521833, 7.063968254836393 ], [ 100.445581799521847, 7.063641947934983 ], [ 100.446071259874273, 7.063641947934713 ], [ 100.446071259874259, 7.063478794483968 ], [ 100.44590810642336, 7.063478794483962 ], [ 100.445908106423346, 7.063315641033129 ], [ 100.445581799521833, 7.063315641033202 ], [ 100.445581799521847, 7.063152487582277 ], [ 100.445418646070905, 7.063152487582282 ], [ 100.44541864607092, 7.062989334131535 ], [ 100.445255492619978, 7.06298933413153 ], [ 100.445255492619992, 7.062663027229847 ], [ 100.444929185718493, 7.062663027229865 ], [ 100.444929185718493, 7.062499873778932 ], [ 100.444766032267566, 7.062499873778918 ], [ 100.444766032267566, 7.062336720328192 ], [ 100.444602878816653, 7.06233672032818 ], [ 100.444602878816653, 7.062173566877331 ], [ 100.444439725366081, 7.062173566877347 ], [ 100.444439725366081, 7.062010413426504 ], [ 100.444113418464212, 7.062010413426494 ], [ 100.444113418464212, 7.061847259975581 ], [ 100.443787111562727, 7.061847259975581 ], [ 100.443787111562713, 7.062010413426496 ], [ 100.443460804660859, 7.062010413426507 ], [ 100.443460804660859, 7.06217356687733 ], [ 100.443297651209932, 7.062173566877337 ], [ 100.443297651209932, 7.062336720328186 ], [ 100.442971344308418, 7.062336720328187 ], [ 100.442971344308432, 7.062499873778921 ], [ 100.442808190857491, 7.062499873778934 ], [ 100.442808190857505, 7.062663027229847 ], [ 100.441829270152652, 7.062663027229863 ], [ 100.441829270152652, 7.062499873778927 ], [ 100.441666116701725, 7.062499873778933 ], [ 100.441666116701725, 7.062010413426496 ], [ 100.441502963250798, 7.062010413426507 ], [ 100.441502963250812, 7.061684106524828 ], [ 100.441339809799871, 7.061684106524821 ], [ 100.441339809799871, 7.061357799622974 ], [ 100.441176656349299, 7.061357799622974 ], [ 100.441176656349299, 7.060868339270541 ], [ 100.441013502898372, 7.060868339270548 ], [ 100.441013502898358, 7.060705185819797 ], [ 100.44052404254586, 7.060705185819795 ], [ 100.440524042545874, 7.060542032368867 ], [ 100.440197735644091, 7.060542032368862 ], [ 100.440197735644091, 7.060378878918129 ], [ 100.440034582193164, 7.060378878918109 ], [ 100.44003458219315, 7.060215725467193 ], [ 100.439871428742578, 7.06021572546719 ], [ 100.439871428742592, 7.059993116680759 ], [ 100.439523329815572, 7.060018993372047 ], [ 100.439218814939224, 7.060085164668404 ], [ 100.439218814939238, 7.060215725467189 ], [ 100.439055661488311, 7.060215725467192 ], [ 100.439055661488311, 7.06037887891812 ], [ 100.438729354586457, 7.06037887891812 ], [ 100.438729354586457, 7.06021572546719 ], [ 100.438617984855227, 7.060215725467375 ], [ 100.437662621984472, 7.060423326489704 ], [ 100.437587280430677, 7.060441840730861 ], [ 100.437587280430662, 7.060542032368862 ], [ 100.437260973529177, 7.06054203236887 ], [ 100.437260973529192, 7.060705185819799 ], [ 100.436934666627323, 7.060705185819803 ], [ 100.436934666627323, 7.060602212381301 ], [ 100.436521929726041, 7.060703637294122 ], [ 100.435955745922456, 7.060862136906064 ], [ 100.43595574592247, 7.06086833927054 ], [ 100.435933590168631, 7.060868339270642 ], [ 100.435551390228639, 7.060975333751651 ], [ 100.434645902341941, 7.063049834282467 ], [ 100.43409438100943, 7.064118706563106 ], [ 100.43401248075493, 7.064294561738338 ], [ 100.434161057962982, 7.064294561738233 ], [ 100.434161057962982, 7.065110328992352 ], [ 100.434324211413895, 7.065110328992338 ], [ 100.434324211413909, 7.065273482443267 ], [ 100.434161057962982, 7.065273482443273 ], [ 100.434161057962967, 7.065436635894011 ], [ 100.434324211413909, 7.065436635894013 ], [ 100.434324211413895, 7.065599789344954 ], [ 100.434161057962982, 7.065599789344946 ], [ 100.434161057962982, 7.06608924969737 ], [ 100.43399790451241, 7.066089249697371 ], [ 100.433997904512424, 7.066252403148122 ], [ 100.433834751061482, 7.066252403148128 ], [ 100.433834751061468, 7.066089249697365 ], [ 100.43375119788972, 7.066089249697368 ], [ 100.433761266105222, 7.067068170402395 ], [ 100.433834751061482, 7.067068170402407 ], [ 100.433834751061482, 7.066741863500734 ], [ 100.43399790451241, 7.066741863500719 ], [ 100.43399790451241, 7.066578710049978 ], [ 100.434161057962982, 7.066578710049801 ], [ 100.434161057962996, 7.066415556599047 ], [ 100.434324211413909, 7.066415556599051 ], [ 100.434324211413909, 7.066578710049791 ], [ 100.434487364864836, 7.06657871004981 ], [ 100.434487364864836, 7.066741863500734 ], [ 100.434650518315763, 7.066741863500722 ], [ 100.434650518315763, 7.067231323853324 ], [ 100.434487364864836, 7.06723132385334 ], [ 100.434487364864836, 7.067394477304167 ], [ 100.434324211413909, 7.06739447730418 ], [ 100.434324211413909, 7.067557630754999 ], [ 100.434161057962996, 7.067557630755005 ], [ 100.434161057962967, 7.067720784205752 ], [ 100.433834751061468, 7.067720784205768 ], [ 100.433834751061482, 7.067557630755019 ], [ 100.433766300212937, 7.067557630754998 ], [ 100.43378643664397, 7.06951547216506 ], [ 100.433834751061468, 7.069515472165072 ], [ 100.433834751061482, 7.069352318714147 ], [ 100.43399790451241, 7.06935231871415 ], [ 100.43399790451241, 7.069026011812465 ], [ 100.433834751061482, 7.069026011812463 ], [ 100.433834751061482, 7.068699704910783 ], [ 100.433997904512424, 7.068699704910784 ], [ 100.433997904512395, 7.068536551460029 ], [ 100.434324211413909, 7.06853655146003 ], [ 100.434324211413909, 7.070657546320851 ], [ 100.433834751061482, 7.070657546320859 ], [ 100.433834751061482, 7.070494392870103 ], [ 100.433796504859444, 7.070494392870105 ], [ 100.433807869454938, 7.071599359066957 ], [ 100.433813017844571, 7.073268001534266 ], [ 100.433834751061497, 7.073268001534271 ], [ 100.433834751061497, 7.072941694632595 ], [ 100.433997904512395, 7.072941694632581 ], [ 100.43399790451241, 7.072778541181835 ], [ 100.434487364864836, 7.07277854118183 ], [ 100.434487364864822, 7.072615387730997 ] ], [ [ 100.441176656349299, 7.06298933413153 ], [ 100.441502963250812, 7.062989334131528 ], [ 100.441502963250784, 7.063315641033213 ], [ 100.441339809799885, 7.063315641033205 ], [ 100.441339809799885, 7.063478794483962 ], [ 100.441013502898358, 7.063478794483962 ], [ 100.441013502898358, 7.063152487582292 ], [ 100.441176656349299, 7.063152487582281 ], [ 100.441176656349299, 7.06298933413153 ] ], [ [ 100.435303132119031, 7.062989334131536 ], [ 100.436282052823969, 7.062989334131538 ], [ 100.436282052823984, 7.063152487582289 ], [ 100.436445206274897, 7.063152487582285 ], [ 100.436445206274897, 7.063805101385641 ], [ 100.436282052823969, 7.063805101385644 ], [ 100.436282052823969, 7.063968254836562 ], [ 100.435955745922485, 7.063968254836392 ], [ 100.43595574592247, 7.06380510138564 ], [ 100.435629439020616, 7.063805101385635 ], [ 100.435629439020616, 7.063641947934708 ], [ 100.435303132119031, 7.063641947934713 ], [ 100.435303132119031, 7.063478794483958 ], [ 100.435139978668204, 7.063478794483966 ], [ 100.43513997866819, 7.063152487582287 ], [ 100.435303132119031, 7.063152487582281 ], [ 100.435303132119031, 7.062989334131536 ] ], [ [ 100.443623958111786, 7.064457715188998 ], [ 100.443787111562713, 7.064457715188984 ], [ 100.443787111562713, 7.064294561738244 ], [ 100.444602878816639, 7.064294561738243 ], [ 100.444602878816639, 7.064457715188984 ], [ 100.444766032267566, 7.06445771518899 ], [ 100.444766032267566, 7.065273482443263 ], [ 100.444602878816639, 7.065273482443276 ], [ 100.444602878816625, 7.065436635894022 ], [ 100.443623958111786, 7.065436635894012 ], [ 100.4436239581118, 7.065273482443279 ], [ 100.443460804660859, 7.06527348244327 ], [ 100.443460804660845, 7.064620868639909 ], [ 100.443623958111786, 7.064620868639923 ], [ 100.443623958111786, 7.064457715188998 ] ], [ [ 100.440850349447459, 7.067068170402405 ], [ 100.440687195996517, 7.067068170402395 ], [ 100.440687195996503, 7.066741863500726 ], [ 100.44085034944743, 7.066741863500726 ], [ 100.440850349447445, 7.066415556599053 ], [ 100.441013502898372, 7.06641555659905 ], [ 100.441013502898372, 7.065926096246627 ], [ 100.441176656349299, 7.065926096246634 ], [ 100.441176656349299, 7.065599789344957 ], [ 100.441502963250812, 7.065599789344942 ], [ 100.441502963250798, 7.065762942795692 ], [ 100.441666116701725, 7.065762942795706 ], [ 100.441666116701711, 7.066905016951647 ], [ 100.441502963250798, 7.066905016951651 ], [ 100.441502963250812, 7.067231323853325 ], [ 100.441176656349299, 7.067231323853339 ], [ 100.441176656349285, 7.067394477304179 ], [ 100.441013502898372, 7.067394477304175 ], [ 100.441013502898386, 7.06723132385333 ], [ 100.44085034944743, 7.067231323853322 ], [ 100.440850349447459, 7.067068170402405 ] ] ], [ [ [ 100.4462344133252, 7.070004932517576 ], [ 100.446234413325215, 7.069841779066735 ], [ 100.446397566776142, 7.069841779066741 ], [ 100.446397566776128, 7.069515472165066 ], [ 100.446560720226699, 7.069515472165071 ], [ 100.446560720226699, 7.068373398009117 ], [ 100.446397566776142, 7.068373398009108 ], [ 100.446397566776142, 7.068210244558365 ], [ 100.4462344133252, 7.06821024455836 ], [ 100.446234413325215, 7.068047091107426 ], [ 100.446071259874259, 7.068047091107426 ], [ 100.446071259874273, 7.067883937656684 ], [ 100.44590810642336, 7.067883937656695 ], [ 100.445908106423346, 7.067720784205763 ], [ 100.445744952972674, 7.067720784205763 ], [ 100.445744952972689, 7.067883937656679 ], [ 100.445581799521847, 7.06788393765668 ], [ 100.445581799521847, 7.069189165263221 ], [ 100.44541864607092, 7.069189165263392 ], [ 100.44541864607092, 7.070494392870104 ], [ 100.445908106423346, 7.070494392870103 ], [ 100.445908106423332, 7.070168085968429 ], [ 100.446071259874273, 7.070168085968423 ], [ 100.446071259874259, 7.070004932517578 ], [ 100.4462344133252, 7.070004932517576 ] ] ], [ [ [ 100.432529523454775, 7.071799620476632 ], [ 100.432366370003848, 7.071799620476619 ], [ 100.432366370003834, 7.071473313575222 ], [ 100.432203216552921, 7.071473313575222 ], [ 100.432203216552921, 7.070820699771783 ], [ 100.432366370003848, 7.07082069977177 ], [ 100.432366370003848, 7.070657546320846 ], [ 100.432529523454775, 7.070657546320847 ], [ 100.432529523454789, 7.070820699771773 ], [ 100.432855830356274, 7.070820699771781 ], [ 100.432855830356289, 7.071147006673458 ], [ 100.433018983807202, 7.071147006673459 ], [ 100.433018983807202, 7.071310160124209 ], [ 100.433080724471083, 7.071310160124208 ], [ 100.433069241477156, 7.070375875042904 ], [ 100.433074731541268, 7.069591668654906 ], [ 100.433018983807202, 7.068699704910777 ], [ 100.432855830356274, 7.068699704910783 ], [ 100.432855830356274, 7.068862858361538 ], [ 100.432366370003848, 7.068862858361538 ], [ 100.432366370003848, 7.068699704910783 ], [ 100.432203216552907, 7.068699704910792 ], [ 100.432203216552921, 7.068536551460036 ], [ 100.4319047695016, 7.068536551459951 ], [ 100.431470792877064, 7.069320138170039 ], [ 100.431312132603196, 7.069678625615815 ], [ 100.431387449298995, 7.069678625615818 ], [ 100.43138744929901, 7.069841779066751 ], [ 100.431550602749567, 7.069841779066752 ], [ 100.431550602749567, 7.070168085968423 ], [ 100.431713756200494, 7.070168085968421 ], [ 100.431713756200494, 7.070331239419179 ], [ 100.431550602749567, 7.070331239419173 ], [ 100.431550602749581, 7.070657546320838 ], [ 100.431061142397141, 7.070657546320849 ], [ 100.431061142397141, 7.070820699771773 ], [ 100.430802985238927, 7.070820699771694 ], [ 100.430734835495656, 7.070970316824205 ], [ 100.430734835495628, 7.070983853222535 ], [ 100.430728669740802, 7.070983853222527 ], [ 100.430505723246469, 7.071473313574955 ], [ 100.4305716820447, 7.071473313575219 ], [ 100.430571682044715, 7.071799620476628 ], [ 100.430734835495642, 7.071799620476805 ], [ 100.430734835495642, 7.071962773927549 ], [ 100.431061142397141, 7.071962773927553 ], [ 100.431061142397141, 7.071799620476803 ], [ 100.431387449298995, 7.071799620476805 ], [ 100.431387449298981, 7.071962773927559 ], [ 100.431550602749567, 7.071962773927562 ], [ 100.431550602749567, 7.07277854118183 ], [ 100.431713756200494, 7.072778541181839 ], [ 100.431713756200509, 7.072941694632583 ], [ 100.432040063102349, 7.07294169463259 ], [ 100.432040063102335, 7.073104848083521 ], [ 100.432855830356274, 7.073104848083521 ], [ 100.432855830356274, 7.073268001534258 ], [ 100.433018983807202, 7.073268001534272 ], [ 100.433018983807202, 7.073920615337624 ], [ 100.433112811761234, 7.073920615337612 ], [ 100.43308674053776, 7.071799620476622 ], [ 100.433018983807202, 7.07179962047663 ], [ 100.433018983807216, 7.071962773927562 ], [ 100.432529523454761, 7.071962773927567 ], [ 100.432529523454775, 7.071799620476632 ] ], [ [ 100.432040063102349, 7.069352318714141 ], [ 100.432203216552921, 7.069352318714138 ], [ 100.432203216552907, 7.069678625615825 ], [ 100.432040063102349, 7.069678625615818 ], [ 100.432040063102349, 7.069352318714141 ] ] ], [ [ [ 100.435955745922456, 7.073268001534256 ], [ 100.43595574592247, 7.073104848083518 ], [ 100.435792592471543, 7.073104848083511 ], [ 100.435792592471543, 7.072941694632581 ], [ 100.434976825217248, 7.072941694632594 ], [ 100.434976825217248, 7.07310484808351 ], [ 100.434813671766349, 7.073104848083519 ], [ 100.434813671766321, 7.07359430843595 ], [ 100.434976825217277, 7.073594308435948 ], [ 100.434976825217262, 7.073757461886867 ], [ 100.435955745922456, 7.073757461886869 ], [ 100.43595574592247, 7.073594308435943 ], [ 100.436118899373042, 7.073594308435948 ], [ 100.436118899373056, 7.073268001534256 ], [ 100.435955745922456, 7.073268001534256 ] ] ], [ [ [ 100.441176656349299, 7.080120446469466 ], [ 100.441176656349299, 7.079794139567801 ], [ 100.441339809799871, 7.079794139567788 ], [ 100.441339809799885, 7.079467832666118 ], [ 100.441013502898372, 7.079467832666124 ], [ 100.441013502898372, 7.079630986116875 ], [ 100.440850349447445, 7.079630986116869 ], [ 100.44085034944743, 7.079794139567799 ], [ 100.440687195996531, 7.079794139567801 ], [ 100.440687195996517, 7.07995729301855 ], [ 100.44052404254586, 7.079957293018556 ], [ 100.440524042545846, 7.080283599920221 ], [ 100.440360889095018, 7.08028359992023 ], [ 100.440360889095004, 7.080446753371246 ], [ 100.440524042545846, 7.080446753370974 ], [ 100.44052404254586, 7.081099367174502 ], [ 100.440687195996517, 7.081099367174505 ], [ 100.440687195996517, 7.081262520625251 ], [ 100.440850349447445, 7.081262520625261 ], [ 100.440850349447445, 7.081099367174497 ], [ 100.441013502898372, 7.081099367174502 ], [ 100.441013502898386, 7.080120446469475 ], [ 100.441176656349299, 7.080120446469466 ] ] ], [ [ [ 100.441013502898372, 7.086320277601336 ], [ 100.441013502898372, 7.085830817248727 ], [ 100.441176656349285, 7.08583081724873 ], [ 100.441176656349299, 7.085341356896304 ], [ 100.441013502898372, 7.085341356896305 ], [ 100.441013502898372, 7.084362436191268 ], [ 100.440687195996517, 7.084362436191269 ], [ 100.440687195996517, 7.08452558964203 ], [ 100.44052404254586, 7.084525589642021 ], [ 100.440524042545846, 7.084688743092956 ], [ 100.440360889095018, 7.084688743092952 ], [ 100.440360889095018, 7.085015049994628 ], [ 100.440197735644105, 7.085015049994626 ], [ 100.440197735644105, 7.08550451034706 ], [ 100.440360889095018, 7.085504510347046 ], [ 100.440360889095004, 7.086646584503013 ], [ 100.440687195996503, 7.086646584503011 ], [ 100.440687195996503, 7.086483431052085 ], [ 100.440850349447445, 7.086483431052088 ], [ 100.440850349447459, 7.086320277601339 ], [ 100.441013502898372, 7.086320277601336 ] ] ], [ [ [ 100.458634075588918, 7.072941694632578 ], [ 100.458307768687064, 7.07294169463259 ], [ 100.458307768687078, 7.072615387731003 ], [ 100.457981461785579, 7.072615387731006 ], [ 100.457981461785565, 7.072452234280157 ], [ 100.457818308334623, 7.072452234280158 ], [ 100.457818308334637, 7.072289080829226 ], [ 100.457492001432797, 7.072289080829225 ], [ 100.457492001432783, 7.072125927378479 ], [ 100.457002541080357, 7.072125927378494 ], [ 100.457002541080357, 7.071962773927561 ], [ 100.456839387629415, 7.071962773927557 ], [ 100.456839387629429, 7.070983853222518 ], [ 100.456676234178872, 7.070983853222533 ], [ 100.456676234178857, 7.070820699771766 ], [ 100.456349927277003, 7.070820699771774 ], [ 100.456349927277003, 7.070983853222518 ], [ 100.456186773826076, 7.070983853222526 ], [ 100.456186773826076, 7.071310160124201 ], [ 100.456023620375518, 7.071310160124208 ], [ 100.45602362037549, 7.072125927378492 ], [ 100.455860466924591, 7.072125927378488 ], [ 100.455860466924577, 7.072452234280167 ], [ 100.45569731347365, 7.072452234280167 ], [ 100.45569731347365, 7.072615387731007 ], [ 100.455860466924577, 7.072615387731006 ], [ 100.455860466924591, 7.072778541181839 ], [ 100.45602362037549, 7.07277854118183 ], [ 100.45602362037549, 7.072941694632579 ], [ 100.456349927277003, 7.07294169463258 ], [ 100.456349927277003, 7.073104848083514 ], [ 100.456513080727916, 7.073104848083521 ], [ 100.45651308072793, 7.073268001534264 ], [ 100.457002541080342, 7.073268001534268 ], [ 100.457002541080357, 7.073104848083514 ], [ 100.457328847982126, 7.073104848083503 ], [ 100.457328847982112, 7.072941694632591 ], [ 100.457492001432783, 7.072941694632592 ], [ 100.457492001432783, 7.073104848083509 ], [ 100.457818308334637, 7.073104848083517 ], [ 100.457818308334637, 7.073268001534256 ], [ 100.45830776868705, 7.073268001534271 ], [ 100.458307768687064, 7.073431154985186 ], [ 100.458470922138005, 7.073431154985185 ], [ 100.458470922138005, 7.073104848083514 ], [ 100.458634075588918, 7.073104848083513 ], [ 100.458634075588918, 7.072941694632578 ] ] ], [ [ [ 100.455371006572165, 7.072941694632576 ], [ 100.45537100657215, 7.072615387731005 ], [ 100.455207853121209, 7.072615387730999 ], [ 100.455207853121223, 7.072289080829239 ], [ 100.45455523931787, 7.07228908082923 ], [ 100.45455523931787, 7.072615387730993 ], [ 100.454392085866942, 7.072615387730996 ], [ 100.454392085866942, 7.07375746188687 ], [ 100.45455523931787, 7.073757461886862 ], [ 100.45455523931787, 7.073920615337622 ], [ 100.454881546219369, 7.07392061533761 ], [ 100.454881546219369, 7.074083768788637 ], [ 100.455207853121223, 7.074083768788639 ], [ 100.455207853121237, 7.073920615337623 ], [ 100.455534160022737, 7.073920615337625 ], [ 100.455534160022722, 7.072941694632582 ], [ 100.455371006572165, 7.072941694632576 ] ] ], [ [ [ 100.465160213622369, 7.078815218862767 ], [ 100.465160213622383, 7.078652065411844 ], [ 100.46564967397488, 7.078652065411846 ], [ 100.46564967397488, 7.078488911961093 ], [ 100.46582120508036, 7.078488911961187 ], [ 100.465950911559986, 7.078273590057766 ], [ 100.466099038281357, 7.077999451608581 ], [ 100.465649673974866, 7.077999451608664 ], [ 100.465649673974866, 7.078162605059423 ], [ 100.465323367073026, 7.078162605059424 ], [ 100.465323367073026, 7.078325758510337 ], [ 100.465160213622354, 7.078325758510332 ], [ 100.465160213622369, 7.078162605059423 ], [ 100.464670753269672, 7.078162605059413 ], [ 100.464670753269672, 7.07799945160866 ], [ 100.4645075998191, 7.077999451608657 ], [ 100.4645075998191, 7.078162605059422 ], [ 100.46418129291726, 7.078162605059418 ], [ 100.464181292917246, 7.078325758510339 ], [ 100.463854986015733, 7.078325758510339 ], [ 100.463854986015747, 7.07848891196109 ], [ 100.46369183256482, 7.078488911961092 ], [ 100.463691832564805, 7.07881521886276 ], [ 100.463854986015747, 7.078815218862768 ], [ 100.463854986015747, 7.079141525764438 ], [ 100.464181292917246, 7.079141525764451 ], [ 100.46418129291726, 7.078978372313601 ], [ 100.464997060171541, 7.078978372313617 ], [ 100.464997060171527, 7.07881521886276 ], [ 100.465160213622369, 7.078815218862767 ] ] ], [ [ [ 100.451455323752029, 7.080120446469473 ], [ 100.451455323752029, 7.079957293018539 ], [ 100.451292170301102, 7.079957293018542 ], [ 100.451292170301102, 7.079794139567795 ], [ 100.450965863399517, 7.079794139567793 ], [ 100.450965863399503, 7.07995729301855 ], [ 100.450639556497762, 7.079957293018557 ], [ 100.450639556497762, 7.080446753370973 ], [ 100.450802709948661, 7.080446753371247 ], [ 100.450802709948675, 7.080773060272828 ], [ 100.450965863399503, 7.08077306027283 ], [ 100.450965863399517, 7.080936213723581 ], [ 100.451455323752043, 7.08093621372357 ], [ 100.451455323752029, 7.080773060272654 ], [ 100.451618477202601, 7.080773060272652 ], [ 100.451618477202587, 7.080120446469482 ], [ 100.451455323752029, 7.080120446469473 ] ] ], [ [ [ 100.455044699670296, 7.087788658658799 ], [ 100.455207853121223, 7.087788658658797 ], [ 100.455207853121209, 7.087462351757113 ], [ 100.455371006572165, 7.087462351757122 ], [ 100.45537100657215, 7.087136044855429 ], [ 100.455534160022722, 7.087136044855438 ], [ 100.455534160022737, 7.086972891404685 ], [ 100.456186773826076, 7.086972891404689 ], [ 100.456186773826076, 7.086809737953857 ], [ 100.45651308072793, 7.086809737953844 ], [ 100.456513080727916, 7.087299198306356 ], [ 100.456349927276989, 7.087299198306358 ], [ 100.456349927277003, 7.087625505208044 ], [ 100.457002541080357, 7.08762550520804 ], [ 100.457002541080357, 7.087788658658794 ], [ 100.45716569453127, 7.087788658658783 ], [ 100.457165694531284, 7.087951812109724 ], [ 100.457328847982112, 7.087951812109718 ], [ 100.457328847982126, 7.08844127246215 ], [ 100.457492001432769, 7.08844127246214 ], [ 100.457492001432769, 7.088604425912894 ], [ 100.457693007986762, 7.088604425913073 ], [ 100.45807421740804, 7.088479200530919 ], [ 100.459317267826975, 7.087779032120549 ], [ 100.460165275975669, 7.087154902060129 ], [ 100.461248337344529, 7.086323203674755 ], [ 100.461665569389083, 7.085860156934439 ], [ 100.462287388453319, 7.084879816816542 ], [ 100.462830238938508, 7.083949708472081 ], [ 100.463167309634841, 7.083398378143936 ], [ 100.464983666119338, 7.079879285701667 ], [ 100.465034956792124, 7.079794139567714 ], [ 100.464833906720585, 7.0797941395678 ], [ 100.4648339067206, 7.079957293018556 ], [ 100.464344446368173, 7.079957293018554 ], [ 100.464344446368173, 7.079794139567805 ], [ 100.464018139466333, 7.079794139567807 ], [ 100.464018139466319, 7.079630986116878 ], [ 100.463854986015747, 7.079630986116872 ], [ 100.463854986015747, 7.079794139567804 ], [ 100.46369183256482, 7.079794139567804 ], [ 100.463691832564805, 7.080609906821893 ], [ 100.463528679113907, 7.080609906821912 ], [ 100.463528679113892, 7.080773060272654 ], [ 100.463365525662965, 7.080773060272828 ], [ 100.463365525662965, 7.081099367174513 ], [ 100.463202372212393, 7.081099367174498 ], [ 100.463202372212393, 7.081751980977858 ], [ 100.46303921876148, 7.081751980977852 ], [ 100.463039218761466, 7.081915134428618 ], [ 100.462876065310553, 7.081915134428613 ], [ 100.462876065310539, 7.082078287879536 ], [ 100.462549758408954, 7.082078287879527 ], [ 100.462549758408954, 7.081915134428613 ], [ 100.462386604958112, 7.081915134428616 ], [ 100.462386604958112, 7.081751980977864 ], [ 100.462223451507171, 7.081751980977861 ], [ 100.462223451507185, 7.081588827527012 ], [ 100.46140768425289, 7.081588827527026 ], [ 100.461407684252919, 7.08175198097786 ], [ 100.461081377351405, 7.081751980977867 ], [ 100.461081377351405, 7.081915134428606 ], [ 100.460918223900478, 7.081915134428619 ], [ 100.460918223900478, 7.081751980977857 ], [ 100.460755070449551, 7.081751980977852 ], [ 100.460755070449551, 7.081262520625263 ], [ 100.460591916998979, 7.081262520625262 ], [ 100.460591916998965, 7.080936213723588 ], [ 100.460428763548052, 7.080936213723578 ], [ 100.460428763548052, 7.080773060272655 ], [ 100.460265610097125, 7.080773060272661 ], [ 100.460265610097125, 7.080609906821899 ], [ 100.460102456646197, 7.080609906821898 ], [ 100.460102456646183, 7.080283599920233 ], [ 100.45993930319554, 7.080283599920216 ], [ 100.45993930319554, 7.079304679215196 ], [ 100.460102456646197, 7.079304679215203 ], [ 100.460102456646197, 7.07897837231361 ], [ 100.46026561009711, 7.078978372313614 ], [ 100.460265610097125, 7.077999451608666 ], [ 100.460102456646197, 7.077999451608663 ], [ 100.460102456646212, 7.077836298157836 ], [ 100.459939303195554, 7.077836298157832 ], [ 100.459939303195554, 7.077673144706987 ], [ 100.459776149744698, 7.077673144706982 ], [ 100.459776149744712, 7.07750999125606 ], [ 100.45944984284283, 7.077509991256062 ], [ 100.459449842842844, 7.077673144706989 ], [ 100.459286689392272, 7.077673144706996 ], [ 100.459286689392258, 7.077836298157831 ], [ 100.459123535941359, 7.077836298157824 ], [ 100.459123535941345, 7.078162605059422 ], [ 100.458960382490403, 7.078162605059409 ], [ 100.458960382490417, 7.078325758510349 ], [ 100.458797229039476, 7.078325758510334 ], [ 100.45879722903949, 7.078652065411843 ], [ 100.458634075588918, 7.078652065411847 ], [ 100.458634075588932, 7.078815218862773 ], [ 100.45879722903949, 7.07881521886276 ], [ 100.45879722903949, 7.07946783266613 ], [ 100.458634075588918, 7.079467832666119 ], [ 100.458634075588918, 7.079630986116869 ], [ 100.458144615236122, 7.079630986116866 ], [ 100.458144615236122, 7.07946783266613 ], [ 100.457328847982126, 7.079467832666113 ], [ 100.45732884798214, 7.079304679215188 ], [ 100.457165694531298, 7.079304679215193 ], [ 100.45716569453127, 7.077999451608676 ], [ 100.457002541080357, 7.077999451608669 ], [ 100.457002541080357, 7.077509991256065 ], [ 100.456839387629429, 7.077509991256061 ], [ 100.456839387629429, 7.077346837805302 ], [ 100.456676234178857, 7.077346837805305 ], [ 100.456676234178857, 7.077183684354393 ], [ 100.45651308072793, 7.07718368435439 ], [ 100.456513080727916, 7.077020530903448 ], [ 100.456349927277003, 7.077020530903457 ], [ 100.456349927277003, 7.076857377452707 ], [ 100.456186773826076, 7.076857377452713 ], [ 100.456186773826062, 7.076694224002052 ], [ 100.456023620375504, 7.076694224001778 ], [ 100.456023620375504, 7.076531070551029 ], [ 100.455860466924577, 7.076531070551037 ], [ 100.455860466924563, 7.076367917100284 ], [ 100.45569731347365, 7.076367917100278 ], [ 100.45569731347365, 7.076204763649357 ], [ 100.45537100657215, 7.076204763649343 ], [ 100.455371006572136, 7.076367917100285 ], [ 100.455207853121209, 7.076367917100279 ], [ 100.455207853121223, 7.076694224002044 ], [ 100.454881546219383, 7.076694224001784 ], [ 100.454881546219369, 7.076857377452704 ], [ 100.454718392768712, 7.076857377452706 ], [ 100.454718392768712, 7.076694224002051 ], [ 100.45455523931787, 7.076694224001784 ], [ 100.45455523931787, 7.076531070551035 ], [ 100.454392085866942, 7.076531070551041 ], [ 100.454392085866942, 7.076204763649347 ], [ 100.454228932416029, 7.076204763649359 ], [ 100.454228932416029, 7.076041610198597 ], [ 100.453902625514516, 7.076041610198613 ], [ 100.453902625514516, 7.076204763649353 ], [ 100.453739472063589, 7.076204763649354 ], [ 100.453739472063589, 7.076367917100275 ], [ 100.453902625514502, 7.076367917100287 ], [ 100.453902625514516, 7.076694224002051 ], [ 100.454228932416015, 7.076694224002047 ], [ 100.454228932416001, 7.077020530903464 ], [ 100.45455523931787, 7.077020530903456 ], [ 100.45455523931787, 7.077183684354378 ], [ 100.455371006572136, 7.077183684354394 ], [ 100.455371006572165, 7.077346837805314 ], [ 100.455534160022708, 7.077346837805313 ], [ 100.455534160022722, 7.077673144706987 ], [ 100.45537100657215, 7.077673144706988 ], [ 100.455371006572165, 7.07783629815782 ], [ 100.455044699670282, 7.077836298157832 ], [ 100.45504469967031, 7.077999451608656 ], [ 100.454228932416001, 7.077999451608656 ], [ 100.454228932416015, 7.078162605059418 ], [ 100.453576318612676, 7.078162605059422 ], [ 100.453576318612662, 7.07832575851035 ], [ 100.45341316516209, 7.078325758510339 ], [ 100.45341316516209, 7.078488911961086 ], [ 100.453250011711148, 7.078488911961091 ], [ 100.453250011711162, 7.078652065411839 ], [ 100.452923704809308, 7.078652065411843 ], [ 100.452923704809308, 7.078815218862768 ], [ 100.452597397907809, 7.078815218862765 ], [ 100.452597397907809, 7.079141525764438 ], [ 100.452434244456882, 7.079141525764444 ], [ 100.452434244456882, 7.079467832666131 ], [ 100.452271091005954, 7.079467832666132 ], [ 100.452271091005954, 7.080120446469482 ], [ 100.452434244456867, 7.080120446469483 ], [ 100.452434244456882, 7.081425674076183 ], [ 100.452271091005954, 7.081425674076177 ], [ 100.452271091005954, 7.081588827527025 ], [ 100.452107937555382, 7.081588827527019 ], [ 100.452107937555382, 7.081915134428606 ], [ 100.451944784104455, 7.081915134428614 ], [ 100.451944784104455, 7.082241441330288 ], [ 100.451781630653528, 7.082241441330281 ], [ 100.451781630653528, 7.082894055133641 ], [ 100.451944784104455, 7.082894055133647 ], [ 100.451944784104455, 7.083220362035312 ], [ 100.452107937555368, 7.083220362035312 ], [ 100.452107937555382, 7.083709822387921 ], [ 100.451944784104455, 7.083709822387916 ], [ 100.451944784104469, 7.084362436191281 ], [ 100.451618477202601, 7.084362436191279 ], [ 100.451618477202601, 7.084688743092943 ], [ 100.450639556497762, 7.084688743092955 ], [ 100.450639556497748, 7.084851896543706 ], [ 100.450150096145336, 7.084851896543695 ], [ 100.450150096145308, 7.084688743092949 ], [ 100.44998694269438, 7.084688743092944 ], [ 100.449986942694395, 7.084362436191264 ], [ 100.450150096145308, 7.08436243619128 ], [ 100.450150096145308, 7.084036129289593 ], [ 100.450313249596263, 7.084036129289586 ], [ 100.450313249596249, 7.083872975838675 ], [ 100.450476403046821, 7.083872975838678 ], [ 100.450476403046835, 7.083709822387918 ], [ 100.450639556497734, 7.08370982238793 ], [ 100.450639556497748, 7.083546668936987 ], [ 100.450802709948675, 7.083546668936989 ], [ 100.45080270994869, 7.083057208584657 ], [ 100.450639556497748, 7.083057208584388 ], [ 100.450639556497748, 7.082894055133647 ], [ 100.450476403046821, 7.082894055133634 ], [ 100.450476403046807, 7.082730901682891 ], [ 100.450313249596263, 7.082730901682895 ], [ 100.450313249596249, 7.081915134428606 ], [ 100.450476403046835, 7.081915134428615 ], [ 100.450476403046821, 7.081588827527028 ], [ 100.450313249596263, 7.081588827527021 ], [ 100.450313249596249, 7.081425674076183 ], [ 100.449986942694395, 7.081425674076178 ], [ 100.449986942694409, 7.081588827527012 ], [ 100.449497482341954, 7.081588827527022 ], [ 100.449497482341954, 7.081751980977851 ], [ 100.449334328891055, 7.08175198097786 ], [ 100.449334328891041, 7.084362436191275 ], [ 100.449497482341954, 7.084362436191269 ], [ 100.449497482341968, 7.084525589642023 ], [ 100.449660635792895, 7.08452558964203 ], [ 100.449660635792881, 7.085993970699484 ], [ 100.449823789243453, 7.085993970699655 ], [ 100.449823789243467, 7.086157124150414 ], [ 100.450150096145308, 7.0861571241504 ], [ 100.450150096145336, 7.085993970699652 ], [ 100.450313249596249, 7.08599397069948 ], [ 100.450313249596249, 7.085830817248723 ], [ 100.450476403046821, 7.085830817248724 ], [ 100.450476403046821, 7.085504510347054 ], [ 100.451129016850174, 7.085504510347059 ], [ 100.45112901685016, 7.085667663797801 ], [ 100.451455323752043, 7.08566766379806 ], [ 100.451455323752029, 7.085830817248724 ], [ 100.451781630653528, 7.085830817248728 ], [ 100.451781630653528, 7.08599397069947 ], [ 100.451944784104455, 7.085993970699482 ], [ 100.451944784104455, 7.086157124150411 ], [ 100.452271091005954, 7.086157124150409 ], [ 100.452271091005954, 7.086320277601327 ], [ 100.452597397907809, 7.086320277601339 ], [ 100.452597397907809, 7.086483431052086 ], [ 100.452760551358736, 7.086483431052089 ], [ 100.452760551358736, 7.086320277601337 ], [ 100.45341316516209, 7.086320277601332 ], [ 100.453413165162104, 7.086157124150416 ], [ 100.453576318612676, 7.086157124150407 ], [ 100.453576318612647, 7.085504510347052 ], [ 100.45341316516209, 7.085504510347048 ], [ 100.453413165162104, 7.085178203445368 ], [ 100.453250011711162, 7.085178203445379 ], [ 100.453250011711162, 7.085015049994631 ], [ 100.45341316516209, 7.085015049994621 ], [ 100.45341316516209, 7.084688743092953 ], [ 100.454228932416029, 7.084688743092945 ], [ 100.454228932416015, 7.084851896543692 ], [ 100.454392085866942, 7.084851896543692 ], [ 100.454392085866957, 7.085015049994626 ], [ 100.45455523931787, 7.085015049994637 ], [ 100.454555239317884, 7.085667663797804 ], [ 100.454392085866942, 7.085667663798078 ], [ 100.454392085866942, 7.086157124150399 ], [ 100.454228932416001, 7.086157124150416 ], [ 100.454228932416015, 7.086483431052088 ], [ 100.454392085866957, 7.086483431052092 ], [ 100.454392085866928, 7.087299198306373 ], [ 100.454228932416015, 7.087299198306357 ], [ 100.454228932416015, 7.088604425913069 ], [ 100.454392085866942, 7.088604425913073 ], [ 100.454392085866942, 7.088767579363822 ], [ 100.454555239317884, 7.088767579363827 ], [ 100.45455523931787, 7.088930732814739 ], [ 100.45504469967031, 7.088930732814759 ], [ 100.455044699670296, 7.088767579363824 ], [ 100.455207853121209, 7.08876757936383 ], [ 100.455207853121223, 7.088114965560467 ], [ 100.455044699670296, 7.088114965560459 ], [ 100.455044699670296, 7.087788658658799 ] ], [ [ 100.458634075588918, 7.082567748231962 ], [ 100.458634075588918, 7.082241441330281 ], [ 100.45879722903949, 7.082241441330289 ], [ 100.45879722903949, 7.081915134428601 ], [ 100.459286689392272, 7.081915134428617 ], [ 100.459286689392272, 7.082078287879532 ], [ 100.459449842842858, 7.082078287879535 ], [ 100.45944984284283, 7.082241441330277 ], [ 100.459612996293771, 7.082241441330291 ], [ 100.459612996293771, 7.082404594781218 ], [ 100.459776149744698, 7.082404594781218 ], [ 100.459776149744698, 7.08256774823197 ], [ 100.459939303195554, 7.082567748231959 ], [ 100.45993930319554, 7.082894055133643 ], [ 100.459776149744698, 7.082894055133641 ], [ 100.459776149744684, 7.083057208584663 ], [ 100.45944984284283, 7.08305720858439 ], [ 100.459449842842844, 7.083220362035308 ], [ 100.459286689392272, 7.083220362035314 ], [ 100.459286689392258, 7.08338351548624 ], [ 100.459123535941345, 7.083383515486066 ], [ 100.459123535941359, 7.083546668936997 ], [ 100.458960382490417, 7.083546668936982 ], [ 100.458960382490417, 7.083709822387918 ], [ 100.458470922137991, 7.083709822387912 ], [ 100.458470922137991, 7.083546668936983 ], [ 100.458307768687064, 7.083546668936993 ], [ 100.458307768687064, 7.082894055133637 ], [ 100.458470922137991, 7.082894055133636 ], [ 100.458470922137977, 7.082567748231961 ], [ 100.458634075588918, 7.082567748231962 ] ], [ [ 100.456676234178872, 7.086157124150403 ], [ 100.456513080727916, 7.086157124150413 ], [ 100.45651308072793, 7.08632027760133 ], [ 100.456349927277003, 7.086320277601337 ], [ 100.456349927276989, 7.086157124150411 ], [ 100.456186773826076, 7.086157124150401 ], [ 100.456186773826062, 7.085830817248729 ], [ 100.456023620375504, 7.08583081724874 ], [ 100.456023620375504, 7.085667663798074 ], [ 100.455207853121223, 7.085667663798078 ], [ 100.455207853121223, 7.085504510347045 ], [ 100.455044699670296, 7.085504510347045 ], [ 100.45504469967031, 7.085178203445381 ], [ 100.454881546219369, 7.085178203445367 ], [ 100.454881546219369, 7.084362436191279 ], [ 100.454718392768726, 7.084362436191276 ], [ 100.454718392768697, 7.084036129289596 ], [ 100.45455523931787, 7.084036129289595 ], [ 100.45455523931787, 7.083872975838665 ], [ 100.454718392768712, 7.083872975838659 ], [ 100.454718392768726, 7.083383515486067 ], [ 100.454881546219369, 7.083383515486071 ], [ 100.454881546219383, 7.083220362035312 ], [ 100.45537100657215, 7.083220362035325 ], [ 100.45537100657215, 7.083383515486076 ], [ 100.45651308072793, 7.083383515486068 ], [ 100.45651308072793, 7.083057208584661 ], [ 100.456676234178872, 7.083057208584657 ], [ 100.456676234178857, 7.082894055133643 ], [ 100.457002541080342, 7.082894055133638 ], [ 100.457002541080342, 7.083057208584391 ], [ 100.457165694531284, 7.083057208584391 ], [ 100.457165694531298, 7.083872975838662 ], [ 100.457002541080357, 7.083872975838681 ], [ 100.457002541080357, 7.084036129289592 ], [ 100.457165694531284, 7.084036129289601 ], [ 100.457165694531298, 7.084199282740435 ], [ 100.457002541080357, 7.084199282740438 ], [ 100.457002541080357, 7.085830817248739 ], [ 100.456839387629429, 7.085830817248727 ], [ 100.456839387629444, 7.085993970699658 ], [ 100.456676234178857, 7.085993970699486 ], [ 100.456676234178872, 7.086157124150403 ] ], [ [ 100.457002541080342, 7.086157124150417 ], [ 100.45732884798214, 7.086157124150411 ], [ 100.457328847982126, 7.085830817248721 ], [ 100.457818308334637, 7.085830817248731 ], [ 100.457818308334637, 7.08615712415041 ], [ 100.457981461785565, 7.086157124150404 ], [ 100.457981461785565, 7.08632027760133 ], [ 100.458144615236137, 7.086320277601336 ], [ 100.458144615236137, 7.086646584503018 ], [ 100.458307768687064, 7.086646584503012 ], [ 100.458307768687078, 7.087136044855441 ], [ 100.458144615236137, 7.087136044855428 ], [ 100.458144615236137, 7.087299198306373 ], [ 100.45798146178555, 7.087299198306359 ], [ 100.457981461785565, 7.087462351757115 ], [ 100.45765515488371, 7.087462351757112 ], [ 100.457655154883696, 7.08729919830636 ], [ 100.457328847982112, 7.087299198306369 ], [ 100.457328847982126, 7.087136044855443 ], [ 100.457165694531284, 7.087136044855447 ], [ 100.457165694531284, 7.086972891404685 ], [ 100.457002541080357, 7.08697289140468 ], [ 100.457002541080357, 7.086646584503004 ], [ 100.456839387629429, 7.086646584503003 ], [ 100.456839387629429, 7.086483431052089 ], [ 100.457002541080357, 7.086483431052079 ], [ 100.457002541080342, 7.086157124150417 ] ] ], [ [ [ 100.448355408186117, 7.089420193167262 ], [ 100.448355408186103, 7.089093886265505 ], [ 100.448029101284348, 7.089093886265499 ], [ 100.448029101284334, 7.088767579363816 ], [ 100.447865947833407, 7.088767579363829 ], [ 100.447865947833407, 7.088604425912899 ], [ 100.448029101284348, 7.088604425912885 ], [ 100.448029101284334, 7.088278119011489 ], [ 100.448192254735275, 7.088278119011488 ], [ 100.448192254735247, 7.088114965560462 ], [ 100.448355408186103, 7.088114965560477 ], [ 100.448355408186103, 7.087951812109726 ], [ 100.44851856163676, 7.087951812109721 ], [ 100.448518561636746, 7.087299198306359 ], [ 100.448681715087687, 7.087299198306366 ], [ 100.448681715087687, 7.086972891404683 ], [ 100.448844868538615, 7.086972891404684 ], [ 100.448844868538615, 7.086483431052083 ], [ 100.449008021989542, 7.08648343105209 ], [ 100.449008021989542, 7.0861571241504 ], [ 100.449171175440114, 7.086157124150413 ], [ 100.449171175440114, 7.085830817248738 ], [ 100.449334328891027, 7.08583081724874 ], [ 100.449334328891041, 7.085667663798077 ], [ 100.449171175440128, 7.085667663797802 ], [ 100.449171175440114, 7.085341356896298 ], [ 100.448681715087687, 7.085341356896311 ], [ 100.448681715087687, 7.085504510347057 ], [ 100.44851856163676, 7.085504510347062 ], [ 100.44851856163676, 7.085830817248726 ], [ 100.448192254735261, 7.085830817248734 ], [ 100.448192254735247, 7.085993970699655 ], [ 100.447865947833407, 7.085993970699479 ], [ 100.447865947833407, 7.086157124150414 ], [ 100.447702794382835, 7.086157124150413 ], [ 100.44770279438282, 7.086483431052082 ], [ 100.447539640931893, 7.086483431052086 ], [ 100.447539640931907, 7.086809737953848 ], [ 100.44737648748098, 7.086809737953851 ], [ 100.44737648748098, 7.08713604485544 ], [ 100.447213334030053, 7.087136044855438 ], [ 100.447213334030053, 7.087462351757116 ], [ 100.447050180579481, 7.087462351757121 ], [ 100.447050180579495, 7.087788658658802 ], [ 100.446887027128554, 7.087788658658792 ], [ 100.446887027128554, 7.088767579363831 ], [ 100.447050180579481, 7.088767579363811 ], [ 100.447050180579481, 7.089093886265504 ], [ 100.447213334030067, 7.089093886265492 ], [ 100.447213334030053, 7.089257039716428 ], [ 100.447539640931922, 7.089257039716421 ], [ 100.447539640931893, 7.089420193167261 ], [ 100.447702794382849, 7.089420193167262 ], [ 100.447702794382835, 7.089583346618102 ], [ 100.448029101284334, 7.089583346618104 ], [ 100.448029101284348, 7.089746500068859 ], [ 100.448355408186117, 7.089746500068859 ], [ 100.448355408186103, 7.089583346618103 ], [ 100.44851856163676, 7.089583346618112 ], [ 100.44851856163676, 7.089420193167273 ], [ 100.448355408186117, 7.089420193167262 ] ] ], [ [ [ 100.45276055135875, 7.088767579363819 ], [ 100.452760551358736, 7.088604425912898 ], [ 100.452597397907809, 7.088604425913067 ], [ 100.452597397907809, 7.088930732814758 ], [ 100.452434244456882, 7.088930732814749 ], [ 100.452434244456882, 7.089093886265491 ], [ 100.452271091005954, 7.089093886265506 ], [ 100.452271091005954, 7.089257039716418 ], [ 100.451781630653528, 7.089257039716418 ], [ 100.451781630653528, 7.089093886265494 ], [ 100.451618477202601, 7.089093886265498 ], [ 100.451618477202601, 7.088930732814741 ], [ 100.451455323752029, 7.088930732814745 ], [ 100.451455323752029, 7.086972891404684 ], [ 100.451292170301102, 7.086972891404685 ], [ 100.451292170301102, 7.086320277601327 ], [ 100.451129016850174, 7.086320277601336 ], [ 100.451129016850174, 7.086157124150414 ], [ 100.450965863399531, 7.086157124150406 ], [ 100.450965863399531, 7.086320277601332 ], [ 100.450802709948675, 7.086320277601339 ], [ 100.45080270994869, 7.086646584503019 ], [ 100.450639556497748, 7.086646584503019 ], [ 100.450639556497762, 7.086809737953852 ], [ 100.45080270994869, 7.086809737953851 ], [ 100.450802709948661, 7.087136044855442 ], [ 100.450965863399503, 7.087136044855444 ], [ 100.450965863399517, 7.08729919830636 ], [ 100.450802709948675, 7.087299198306361 ], [ 100.450802709948675, 7.087462351757114 ], [ 100.450965863399517, 7.08746235175711 ], [ 100.450965863399517, 7.087625505208036 ], [ 100.450802709948675, 7.087625505208041 ], [ 100.450802709948675, 7.088278119011482 ], [ 100.450639556497734, 7.08827811901149 ], [ 100.450639556497748, 7.088441272462153 ], [ 100.450150096145322, 7.088441272462137 ], [ 100.450150096145322, 7.088604425913069 ], [ 100.44998694269438, 7.088604425913069 ], [ 100.449986942694395, 7.088767579363831 ], [ 100.449823789243467, 7.088767579363815 ], [ 100.449823789243453, 7.089093886265491 ], [ 100.449986942694409, 7.089093886265501 ], [ 100.449986942694409, 7.089583346618104 ], [ 100.450150096145322, 7.089583346618094 ], [ 100.450150096145336, 7.089746500068849 ], [ 100.450639556497734, 7.089746500068848 ], [ 100.450639556497734, 7.090072806970532 ], [ 100.450802709948675, 7.090072806970536 ], [ 100.450802709948661, 7.09023596042146 ], [ 100.450965863399531, 7.090235960421461 ], [ 100.450965863399517, 7.090562267323129 ], [ 100.451129016850174, 7.090562267323125 ], [ 100.45112901685016, 7.090757306979291 ], [ 100.451600853366358, 7.09057670160046 ], [ 100.45276055135875, 7.090220680303839 ], [ 100.452760551358736, 7.090072806970529 ], [ 100.452923704809322, 7.090072806970534 ], [ 100.452923704809322, 7.088767579363823 ], [ 100.45276055135875, 7.088767579363819 ] ] ] ] } },
{ "type": "Feature", "properties": { "TB_IDN": 901602, "TB_TN": "ต.ทุ่งลาน", "AP_IDN": 9016, "AP_TN": "อ.คลองหอยโข่ง", "PV_IDN": 90, "PV_TN": "จ.สงขลา", "RE_NESDB": "South", "RE_ROYIN": "South", "F_AREA": 197780.825113, "flood_area": 123.613, "A": 0.198 }, "geometry": { "type": "MultiPolygon", "coordinates": [ [ [ [ 100.4648339067206, 6.847463625574908 ], [ 100.464670753269672, 6.847463625574904 ], [ 100.464670753269672, 6.847359340845066 ], [ 100.464448754236116, 6.847328687165565 ], [ 100.464279157328221, 6.847286663080212 ], [ 100.464240240888458, 6.847270228420426 ], [ 100.464215057003528, 6.847266434526798 ], [ 100.464189977795826, 6.847249001997064 ], [ 100.464171318496753, 6.847241122056532 ], [ 100.464111020543285, 6.847194703722995 ], [ 100.464110660732345, 6.847193868793458 ], [ 100.464066760354967, 6.847163353689424 ], [ 100.464044180231241, 6.847037704716493 ], [ 100.464110478708363, 6.846941365727885 ], [ 100.464181292917246, 6.846918608334321 ], [ 100.46418129291726, 6.846811011771542 ], [ 100.463691832564805, 6.846811011771558 ], [ 100.46369183256482, 6.847953085927418 ], [ 100.463854986015747, 6.847953085927423 ], [ 100.463854986015747, 6.848090596002114 ], [ 100.463969690593331, 6.848045716863576 ], [ 100.464040521505822, 6.84801826773412 ], [ 100.464107035031716, 6.848014664924616 ], [ 100.464168882779617, 6.84801590082994 ], [ 100.464228655994603, 6.848033809540728 ], [ 100.464339132411439, 6.848093557376373 ], [ 100.464357821106731, 6.848116239378261 ], [ 100.464670753269658, 6.848116239378262 ], [ 100.464670753269672, 6.847953085927426 ], [ 100.464833906720614, 6.847953085927421 ], [ 100.4648339067206, 6.847463625574908 ] ] ], [ [ [ 100.450476403046835, 6.869815648339666 ], [ 100.450639556497734, 6.869815648339675 ], [ 100.450639556497748, 6.869652494888839 ], [ 100.450802709948675, 6.869652494888831 ], [ 100.450802709948661, 6.869326187987164 ], [ 100.450965863399588, 6.869326187987166 ], [ 100.450965863399603, 6.86883672763464 ], [ 100.450476403046835, 6.868836727634644 ], [ 100.450476403046807, 6.868673574183809 ], [ 100.449986942694409, 6.868673574183814 ], [ 100.449986942694395, 6.868510420732968 ], [ 100.449660635792895, 6.868510420732968 ], [ 100.449660635792895, 6.868347267282119 ], [ 100.449334328891041, 6.868347267282119 ], [ 100.449334328891041, 6.868673574183814 ], [ 100.449171175440128, 6.868673574183795 ], [ 100.449171175440114, 6.869489341438001 ], [ 100.449334328891041, 6.869489341438006 ], [ 100.449334328891041, 6.86965249488883 ], [ 100.449660635792895, 6.869652494888845 ], [ 100.449660635792895, 6.869815648339669 ], [ 100.44998694269438, 6.869815648339682 ], [ 100.449986942694395, 6.869978801790523 ], [ 100.450150096145322, 6.869978801790512 ], [ 100.450150096145336, 6.870141955241341 ], [ 100.450313249596249, 6.870141955241352 ], [ 100.450313249596249, 6.869978801790522 ], [ 100.450476403046807, 6.869978801790512 ], [ 100.450476403046835, 6.869815648339666 ] ] ], [ [ [ 100.452923704809308, 6.883520538210011 ], [ 100.453086858260235, 6.883520538210019 ], [ 100.453086858260235, 6.882378464054138 ], [ 100.452760551358722, 6.882378464054133 ], [ 100.452760551358736, 6.882704770955828 ], [ 100.452597397907795, 6.88270477095582 ], [ 100.452597397907809, 6.882867924406664 ], [ 100.452434244456882, 6.88286792440665 ], [ 100.452434244456882, 6.883031077857493 ], [ 100.452271091005954, 6.883031077857491 ], [ 100.452271091005954, 6.883520538210014 ], [ 100.452107937555397, 6.883520538210004 ], [ 100.452107937555382, 6.883846845111693 ], [ 100.45227109100594, 6.883846845111696 ], [ 100.452271091005954, 6.884173152013359 ], [ 100.452760551358736, 6.884173152013373 ], [ 100.452760551358736, 6.884009998562526 ], [ 100.452923704809308, 6.884009998562528 ], [ 100.452923704809308, 6.883520538210011 ] ] ], [ [ [ 100.426166538872153, 6.890536136596058 ], [ 100.426166538872153, 6.890699290046892 ], [ 100.42632969232308, 6.890699290046892 ], [ 100.426329692323094, 6.890209829694378 ], [ 100.426166538872153, 6.890209829694374 ], [ 100.426166538872153, 6.88955721589103 ], [ 100.426003385421225, 6.889557215891028 ], [ 100.426003385421225, 6.889394062440202 ], [ 100.42486131126546, 6.889394062440191 ], [ 100.424861311265445, 6.889557215891022 ], [ 100.424698157814532, 6.889557215891042 ], [ 100.424698157814532, 6.889394062440195 ], [ 100.424535004363605, 6.889394062440187 ], [ 100.424535004363605, 6.889230908989346 ], [ 100.424371850913033, 6.889230908989354 ], [ 100.424371850913033, 6.888741448636846 ], [ 100.424208697462106, 6.888741448636829 ], [ 100.424208697462106, 6.888578295185993 ], [ 100.423556083658767, 6.888578295185995 ], [ 100.423556083658752, 6.888741448636845 ], [ 100.423392930207825, 6.88874144863684 ], [ 100.423392930207825, 6.889394062440201 ], [ 100.423556083658752, 6.889394062440185 ], [ 100.423556083658752, 6.889557215891023 ], [ 100.42371923710968, 6.88955721589103 ], [ 100.42371923710968, 6.889720369341864 ], [ 100.423882390560252, 6.889720369341872 ], [ 100.423882390560252, 6.890372983145232 ], [ 100.424045544011165, 6.890372983145231 ], [ 100.424045544011179, 6.890536136596055 ], [ 100.424208697462092, 6.890536136596065 ], [ 100.424208697462106, 6.890699290046902 ], [ 100.425187618166945, 6.890699290046893 ], [ 100.425187618166959, 6.890862443497742 ], [ 100.425350771617872, 6.890862443497733 ], [ 100.425350771617872, 6.890699290046904 ], [ 100.425840231970326, 6.890699290046906 ], [ 100.425840231970312, 6.890536136596062 ], [ 100.426166538872153, 6.890536136596058 ] ] ], [ [ [ 100.435792592471543, 6.920393218099301 ], [ 100.435792592471543, 6.920066911197627 ], [ 100.435955745922485, 6.920066911197635 ], [ 100.435955745922485, 6.919740604295955 ], [ 100.436118899373042, 6.919740604295951 ], [ 100.436118899373042, 6.919577450845109 ], [ 100.436282052823969, 6.919577450845115 ], [ 100.436282052823984, 6.918924837041762 ], [ 100.436445206274897, 6.918924837041773 ], [ 100.436445206274897, 6.918272223238411 ], [ 100.436282052823984, 6.918272223238404 ], [ 100.436282052823984, 6.91810906978757 ], [ 100.436118899373028, 6.918109069787579 ], [ 100.436118899373042, 6.918598530140083 ], [ 100.43595574592247, 6.918598530140096 ], [ 100.435955745922456, 6.91908799049261 ], [ 100.435792592471529, 6.919087990492602 ], [ 100.435792592471529, 6.919251143943431 ], [ 100.435466285569674, 6.919251143943448 ], [ 100.435466285569689, 6.919414297394274 ], [ 100.435139978668204, 6.919414297394288 ], [ 100.435139978668204, 6.919740604295952 ], [ 100.434813671766321, 6.919740604295962 ], [ 100.434813671766335, 6.920393218099313 ], [ 100.434976825217277, 6.920393218099304 ], [ 100.434976825217262, 6.920719525000994 ], [ 100.43513997866819, 6.92071952500098 ], [ 100.435139978668204, 6.920882678451818 ], [ 100.435466285569689, 6.920882678451822 ], [ 100.435466285569689, 6.920719525000995 ], [ 100.435629439020616, 6.920719525000981 ], [ 100.43562943902063, 6.920393218099317 ], [ 100.435792592471543, 6.920393218099301 ] ] ], [ [ [ 100.428450687183727, 6.922688226882055 ], [ 100.428439986272281, 6.922631407695904 ], [ 100.428450687183727, 6.922557970328506 ], [ 100.428450687183727, 6.922514212960211 ], [ 100.428457063280192, 6.922514212960215 ], [ 100.428457798526352, 6.922509167170459 ], [ 100.428459107506924, 6.922506146414902 ], [ 100.428461897377218, 6.922484481397746 ], [ 100.428475033396083, 6.922469393983326 ], [ 100.428516026936904, 6.92237479252733 ], [ 100.428520732696924, 6.922204855136487 ], [ 100.428503683759743, 6.922120068721181 ], [ 100.428493523019498, 6.922084958895832 ], [ 100.42849016008654, 6.922066055204228 ], [ 100.428450687183727, 6.921994548166162 ], [ 100.428450687183712, 6.922187906058523 ], [ 100.428287533733155, 6.922187906058539 ], [ 100.42828753373314, 6.922351059509373 ], [ 100.428124380282227, 6.92235105950938 ], [ 100.428124380282227, 6.922514212960213 ], [ 100.427471766478874, 6.922514212960216 ], [ 100.427471766478874, 6.92267736641105 ], [ 100.427145459577034, 6.922677366411037 ], [ 100.427145459577019, 6.923166826763572 ], [ 100.427471766478874, 6.923166826763572 ], [ 100.427471766478874, 6.923329980214395 ], [ 100.428287533733155, 6.923329980214406 ], [ 100.428287533733155, 6.923166826763567 ], [ 100.428450687183741, 6.92316682676357 ], [ 100.428450687183727, 6.922688226882055 ] ] ], [ [ [ 100.439871428742606, 6.925124668173614 ], [ 100.440034582193178, 6.925124668173628 ], [ 100.440034582193164, 6.924961514722787 ], [ 100.440197735644077, 6.924961514722794 ], [ 100.440197735644091, 6.924798361271945 ], [ 100.440360889095018, 6.924798361271955 ], [ 100.440360889095018, 6.924635207821118 ], [ 100.440524042545945, 6.924635207821107 ], [ 100.440524042545945, 6.924472054370267 ], [ 100.440360889095004, 6.924472054370277 ], [ 100.440360889095018, 6.924308900919437 ], [ 100.440197735644091, 6.924308900919425 ], [ 100.440197735644105, 6.924145747468586 ], [ 100.439871428742606, 6.924145747468588 ], [ 100.439871428742592, 6.923982594017763 ], [ 100.439218814939252, 6.923982594017762 ], [ 100.439218814939252, 6.924145747468601 ], [ 100.43889250803737, 6.924145747468593 ], [ 100.438892508037384, 6.924472054370266 ], [ 100.438729354586457, 6.924472054370276 ], [ 100.438729354586442, 6.924635207821102 ], [ 100.43861854646795, 6.924635207821101 ], [ 100.438611962049251, 6.924661805967285 ], [ 100.43856620113587, 6.92475852882926 ], [ 100.438566201135885, 6.924961514722793 ], [ 100.438475816437489, 6.924961514722789 ], [ 100.438414722987289, 6.925131521779314 ], [ 100.438388498559235, 6.925211372151851 ], [ 100.438354469956721, 6.925266489452426 ], [ 100.438283060115126, 6.925314675184819 ], [ 100.438211441317208, 6.925347959239879 ], [ 100.43812271510248, 6.925450975075304 ], [ 100.438729354586457, 6.925450975075302 ], [ 100.438729354586457, 6.925287821624465 ], [ 100.43938196838981, 6.925287821624469 ], [ 100.43938196838981, 6.925450975075305 ], [ 100.439708275291665, 6.925450975075308 ], [ 100.439708275291665, 6.92528782162447 ], [ 100.439871428742592, 6.925287821624464 ], [ 100.439871428742606, 6.925124668173614 ] ] ], [ [ [ 100.437587280430677, 6.928061430288713 ], [ 100.437750433881618, 6.928061430288708 ], [ 100.437750433881604, 6.92757196993619 ], [ 100.437587280430677, 6.927571969936191 ], [ 100.437587280430677, 6.927408816485366 ], [ 100.437424126979749, 6.927408816485361 ], [ 100.437424126979749, 6.927245663034521 ], [ 100.43709782007825, 6.92724566303453 ], [ 100.437097820078264, 6.927408816485351 ], [ 100.436934666627309, 6.927408816485366 ], [ 100.436934666627323, 6.927571969936193 ], [ 100.43677151317641, 6.927571969936204 ], [ 100.43677151317641, 6.927898276837883 ], [ 100.436608359725824, 6.927898276837871 ], [ 100.436608359725824, 6.928061430288721 ], [ 100.436771513176396, 6.928061430288708 ], [ 100.436771513176382, 6.928224583739552 ], [ 100.437260973529163, 6.928224583739558 ], [ 100.437260973529177, 6.928387737190392 ], [ 100.437424126979749, 6.928387737190386 ], [ 100.437424126979749, 6.928224583739561 ], [ 100.437587280430677, 6.928224583739546 ], [ 100.437587280430677, 6.928061430288713 ] ] ], [ [ [ 100.435303132119131, 6.927571969936204 ], [ 100.435303132119131, 6.927408816485364 ], [ 100.43513997866819, 6.927408816485356 ], [ 100.43513997866819, 6.927245663034518 ], [ 100.434976825217262, 6.927245663034525 ], [ 100.434976825217248, 6.92708250958369 ], [ 100.43495162812448, 6.927082509583693 ], [ 100.434934801202758, 6.927151110228498 ], [ 100.434839749393149, 6.927279233666478 ], [ 100.434833395935925, 6.927285272739454 ], [ 100.434832814314419, 6.927286154630562 ], [ 100.434831263955203, 6.92728729922466 ], [ 100.434789110589492, 6.927327366741264 ], [ 100.434718947384411, 6.927432806818552 ], [ 100.434607200426484, 6.92747901032535 ], [ 100.434487364864822, 6.92757778804299 ], [ 100.434487364864836, 6.927898276837866 ], [ 100.434324211413909, 6.927898276837879 ], [ 100.434324211413895, 6.927952873597971 ], [ 100.434346607435302, 6.927960836968735 ], [ 100.434351467532053, 6.927960380693711 ], [ 100.434610396705907, 6.927939687703538 ], [ 100.434626096409133, 6.92793361946972 ], [ 100.434700259209492, 6.927922824902525 ], [ 100.43498721021146, 6.92791225732255 ], [ 100.435074463579795, 6.927936892853054 ], [ 100.435150792181389, 6.927943520993933 ], [ 100.435218025818727, 6.928003494161003 ], [ 100.435292309015992, 6.928041207317322 ], [ 100.435380149785672, 6.928135384762017 ], [ 100.435401000587021, 6.928166709729531 ], [ 100.435427171474899, 6.928190054458335 ], [ 100.435578494456422, 6.928405959122092 ], [ 100.435791630477311, 6.928579770111329 ], [ 100.435922045262075, 6.928727930974462 ], [ 100.435950874185323, 6.928793002268251 ], [ 100.435950818541031, 6.928818313361642 ], [ 100.43595492437592, 6.928827673400702 ], [ 100.435954863700459, 6.928877197542909 ], [ 100.436282052823969, 6.928877197542903 ], [ 100.436282052823955, 6.929040350993745 ], [ 100.436445206274897, 6.929040350993748 ], [ 100.436445206274897, 6.928387737190398 ], [ 100.436282052823969, 6.928387737190382 ], [ 100.436282052823984, 6.927735123387031 ], [ 100.436118899373042, 6.927735123387047 ], [ 100.436118899373028, 6.927571969936198 ], [ 100.435303132119131, 6.927571969936204 ] ] ], [ [ [ 100.433345290708871, 6.936663416772889 ], [ 100.433345290709056, 6.936545409732315 ], [ 100.433182137258115, 6.936545409732305 ], [ 100.433182137258115, 6.936382256281473 ], [ 100.433018983807202, 6.936382256281479 ], [ 100.433018983807202, 6.936219102830642 ], [ 100.432855830356289, 6.936219102830631 ], [ 100.432855830356274, 6.936055949379796 ], [ 100.432529523454775, 6.936055949379798 ], [ 100.432529523454775, 6.935892795928951 ], [ 100.432366370003834, 6.93589279592895 ], [ 100.432366370003848, 6.936055949379788 ], [ 100.431387449298995, 6.936055949379788 ], [ 100.431387449298995, 6.936219102830643 ], [ 100.431224295848068, 6.93621910283063 ], [ 100.431224295848068, 6.936382256281465 ], [ 100.431061142397155, 6.936382256281471 ], [ 100.431061142397141, 6.936675909083277 ], [ 100.431509767255207, 6.936562396558297 ], [ 100.43184157392561, 6.936531244740031 ], [ 100.432226232603753, 6.93651877298351 ], [ 100.43275425123133, 6.936517179482794 ], [ 100.433195660439381, 6.936561080205055 ], [ 100.433345290708871, 6.936663416772889 ] ] ] ] } },
{ "type": "Feature", "properties": { "TB_IDN": 901603, "TB_TN": "ต.โคกม่วง", "AP_IDN": 9016, "AP_TN": "อ.คลองหอยโข่ง", "PV_IDN": 90, "PV_TN": "จ.สงขลา", "RE_NESDB": "South", "RE_ROYIN": "South", "F_AREA": 22117.992659799998, "flood_area": 13.8237, "A": 0.022 }, "geometry": { "type": "MultiPolygon", "coordinates": [ [ [ [ 100.422903469855399, 6.891678210751938 ], [ 100.423066623306326, 6.89167821075192 ], [ 100.42306662330634, 6.891188750399423 ], [ 100.422903469855413, 6.891188750399418 ], [ 100.422903469855385, 6.891025596948572 ], [ 100.422577162953544, 6.89102559694857 ], [ 100.422577162953544, 6.891188750399412 ], [ 100.422250856052045, 6.891188750399404 ], [ 100.422250856052045, 6.892004517653601 ], [ 100.422414009502972, 6.892004517653606 ], [ 100.422414009502972, 6.892330824555279 ], [ 100.42257716295353, 6.892330824555282 ], [ 100.422577162953544, 6.892493978006113 ], [ 100.422903469855413, 6.892493978006113 ], [ 100.422903469855399, 6.891678210751938 ] ] ], [ [ [ 100.418824633584364, 6.915988074926762 ], [ 100.418987787035277, 6.915988074926771 ], [ 100.418987787035277, 6.915335461123399 ], [ 100.41882463358435, 6.915335461123405 ], [ 100.418824633584364, 6.915172307672578 ], [ 100.418493921224083, 6.915172307672569 ], [ 100.418480771172369, 6.915179586387091 ], [ 100.418468926494612, 6.915172307672576 ], [ 100.418172019780997, 6.915172307672573 ], [ 100.418172019780997, 6.915335461123413 ], [ 100.418008866330069, 6.915335461123402 ], [ 100.418008866330055, 6.915661768025092 ], [ 100.417845712879497, 6.915661768025082 ], [ 100.417845712879497, 6.915988074926758 ], [ 100.418008866330069, 6.915988074926751 ], [ 100.418008866330069, 6.916151228377597 ], [ 100.41882463358435, 6.916151228377595 ], [ 100.418824633584364, 6.915988074926762 ] ] ] ] } },
{ "type": "Feature", "properties": { "TB_IDN": 901604, "TB_TN": "ต.คลองหลา", "AP_IDN": 9016, "AP_TN": "อ.คลองหอยโข่ง", "PV_IDN": 90, "PV_TN": "จ.สงขลา", "RE_NESDB": "South", "RE_ROYIN": "South", "F_AREA": 27322.101679300002, "flood_area": 17.0763, "A": 0.027 }, "geometry": { "type": "MultiPolygon", "coordinates": [ [ [ [ 100.376567889817295, 6.913540773164185 ], [ 100.376567889817295, 6.913377619713348 ], [ 100.376731043268222, 6.913377619713348 ], [ 100.376731043268222, 6.912561852459156 ], [ 100.376567889817295, 6.912561852459156 ], [ 100.376567889817295, 6.911582931754125 ], [ 100.376404736366723, 6.911582931754125 ], [ 100.376404736366723, 6.911419778303286 ], [ 100.376241582915796, 6.911419778303287 ], [ 100.376241582915796, 6.911256624852449 ], [ 100.37575212256337, 6.911256624852449 ], [ 100.37575212256337, 6.911419778303286 ], [ 100.375588969112442, 6.911419778303286 ], [ 100.375588969112442, 6.91207239210664 ], [ 100.375425815661515, 6.912072392106641 ], [ 100.375425815661515, 6.912888159360832 ], [ 100.375588969112442, 6.912888159360832 ], [ 100.375588969112442, 6.913214466262509 ], [ 100.375915276013941, 6.913214466262509 ], [ 100.375915276013941, 6.913377619713348 ], [ 100.376241582915796, 6.913377619713348 ], [ 100.376241582915796, 6.913540773164185 ], [ 100.376567889817295, 6.913540773164185 ] ] ] ] } }
]
}
