{
"type": "FeatureCollection",
"name": "flood_20251130",
"crs": { "type": "name", "properties": { "name": "urn:ogc:def:crs:OGC:1.3:CRS84" } },
"features": [
{ "type": "Feature", "properties": { "TB_IDN": 901102, "TB_TN": "ต.ควนลัง", "AP_IDN": 9011, "AP_TN": "อ.หาดใหญ่", "PV_IDN": 90, "PV_TN": "จ.สงขลา", "RE_NESDB": "South", "RE_ROYIN": "South", "F_AREA": 225498.773625, "flood_area": 140.937, "A": 0.226 }, "geometry": { "type": "MultiPolygon", "coordinates": [ [ [ [ 100.432748442557354, 6.949342543131054 ], [ 100.432928105614067, 6.949342543131057 ], [ 100.432928105614067, 6.949252711602612 ], [ 100.43301793714258, 6.949252711602626 ], [ 100.43301793714258, 6.949073048545823 ], [ 100.433107768670766, 6.949073048545833 ], [ 100.433107768670766, 6.948983217017397 ], [ 100.43301793714258, 6.948983217017396 ], [ 100.43301793714258, 6.948893385488953 ], [ 100.432928105614053, 6.948893385488957 ], [ 100.432928105614053, 6.948803553960526 ], [ 100.432568779500286, 6.948803553960515 ], [ 100.432568779500301, 6.948713722432169 ], [ 100.432389116443602, 6.948713722432165 ], [ 100.432389116443616, 6.948623890903725 ], [ 100.432209453386903, 6.948623890903733 ], [ 100.432209453386903, 6.948713722432172 ], [ 100.431939958801678, 6.948713722432175 ], [ 100.431939958801664, 6.948623890903733 ], [ 100.431041643517474, 6.948623890903722 ], [ 100.431041643517474, 6.94871372243217 ], [ 100.430682317403722, 6.948713722432168 ], [ 100.430682317403722, 6.948893385488949 ], [ 100.430592485875195, 6.948893385488947 ], [ 100.430592485875195, 6.949073048545827 ], [ 100.430682317403722, 6.949073048545825 ], [ 100.430682317403722, 6.949162880074184 ], [ 100.430772148932263, 6.949162880074191 ], [ 100.430772148932249, 6.949252711602609 ], [ 100.431041643517474, 6.94925271160261 ], [ 100.431041643517474, 6.949342543131056 ], [ 100.431490801159384, 6.94934254313105 ], [ 100.431490801159399, 6.949432374659408 ], [ 100.431939958801664, 6.949432374659413 ], [ 100.431939958801678, 6.949522206187839 ], [ 100.432658611028828, 6.949522206187853 ], [ 100.432658611028828, 6.949432374659413 ], [ 100.43274844255734, 6.949432374659403 ], [ 100.432748442557354, 6.949342543131054 ] ] ], [ [ [ 100.44595367723376, 6.954462940250527 ], [ 100.445863845705247, 6.95446294025051 ], [ 100.445863845705247, 6.954373108722089 ], [ 100.445774014177061, 6.954373108722071 ], [ 100.445774014177047, 6.954283277193734 ], [ 100.445504519591836, 6.954283277193742 ], [ 100.445504519591836, 6.954193445665286 ], [ 100.445324856534796, 6.954193445665299 ], [ 100.445324856534782, 6.954103614136848 ], [ 100.444785867364317, 6.95410361413686 ], [ 100.444785867364317, 6.954013782608417 ], [ 100.444696035836159, 6.954013782608422 ], [ 100.444696035836159, 6.953923951080066 ], [ 100.444606204307632, 6.95392395108006 ], [ 100.444606204307618, 6.953654456494831 ], [ 100.444516372779105, 6.953654456494835 ], [ 100.444516372779105, 6.953474793437956 ], [ 100.444426541250934, 6.953474793437969 ], [ 100.444426541250934, 6.953384961909538 ], [ 100.444246878193866, 6.953384961909525 ], [ 100.44424687819388, 6.953474793437971 ], [ 100.444067215137181, 6.953474793437972 ], [ 100.444067215137181, 6.953654456494843 ], [ 100.443977383608654, 6.953654456494832 ], [ 100.44397738360864, 6.954013782608412 ], [ 100.444067215137181, 6.954013782608413 ], [ 100.444067215137196, 6.954193445665298 ], [ 100.444157046665708, 6.954193445665291 ], [ 100.444157046665708, 6.95428327719374 ], [ 100.44424687819388, 6.954283277193722 ], [ 100.444246878193866, 6.954373108722077 ], [ 100.444426541250934, 6.954373108722073 ], [ 100.444426541250934, 6.954462940250519 ], [ 100.444875698892858, 6.954462940250522 ], [ 100.444875698892858, 6.954552771778959 ], [ 100.445055361949557, 6.954552771778962 ], [ 100.445055361949557, 6.954642603307305 ], [ 100.445324856534768, 6.954642603307303 ], [ 100.445324856534782, 6.954732434835753 ], [ 100.445594351119993, 6.954732434835751 ], [ 100.445594351120008, 6.954822266364182 ], [ 100.445774014177061, 6.954822266364184 ], [ 100.445774014177061, 6.954912097892538 ], [ 100.445863845705233, 6.954912097892531 ], [ 100.445863845705233, 6.954822266364176 ], [ 100.44595367723376, 6.954822266364192 ], [ 100.44595367723376, 6.954462940250527 ] ] ], [ [ [ 100.449277443784993, 6.956618896932409 ], [ 100.44936727531352, 6.95661889693241 ], [ 100.44936727531352, 6.956439233875536 ], [ 100.449457106841692, 6.956439233875535 ], [ 100.449457106841692, 6.956079907761961 ], [ 100.449367275313506, 6.956079907761966 ], [ 100.44936727531352, 6.955990076233524 ], [ 100.448738454614528, 6.955990076233527 ], [ 100.448738454614542, 6.955900244705091 ], [ 100.448468960029317, 6.955900244705089 ], [ 100.448468960029317, 6.955810413176735 ], [ 100.448199465444091, 6.955810413176746 ], [ 100.448199465444091, 6.955720581648292 ], [ 100.44766047627364, 6.955720581648301 ], [ 100.44766047627364, 6.955810413176725 ], [ 100.447390981688429, 6.95581041317674 ], [ 100.447390981688415, 6.955900244705082 ], [ 100.447301150159888, 6.955900244705089 ], [ 100.447301150159888, 6.956079907761953 ], [ 100.4473909816884, 6.956079907761956 ], [ 100.447390981688415, 6.956259570818742 ], [ 100.447480813216941, 6.956259570818756 ], [ 100.447480813216956, 6.956349402347189 ], [ 100.44766047627364, 6.956349402347183 ], [ 100.44766047627364, 6.956439233875529 ], [ 100.447840139330324, 6.956439233875543 ], [ 100.447840139330339, 6.956529065403964 ], [ 100.448019802387407, 6.956529065403977 ], [ 100.448019802387378, 6.956618896932407 ], [ 100.448289296972604, 6.956618896932415 ], [ 100.448289296972618, 6.95670872846085 ], [ 100.448558791557844, 6.956708728460852 ], [ 100.448558791557844, 6.956798559989189 ], [ 100.449187612256466, 6.956798559989204 ], [ 100.44918761225648, 6.956708728460844 ], [ 100.449277443784993, 6.95670872846086 ], [ 100.449277443784993, 6.956618896932409 ] ] ], [ [ [ 100.452331715750987, 6.967847837983882 ], [ 100.452691041864767, 6.967847837983887 ], [ 100.452691041864739, 6.967758006455444 ], [ 100.452780873393266, 6.967758006455459 ], [ 100.45278087339328, 6.967847837983885 ], [ 100.452960536449979, 6.96784783798389 ], [ 100.452960536449979, 6.967937669512325 ], [ 100.45323003103519, 6.967937669512327 ], [ 100.453230031035204, 6.967847837983887 ], [ 100.453319862563731, 6.967847837983886 ], [ 100.453319862563731, 6.967758006455446 ], [ 100.453409694091903, 6.967758006455455 ], [ 100.453409694091917, 6.967668174927097 ], [ 100.453589357148942, 6.967668174927101 ], [ 100.453589357148942, 6.967488511870224 ], [ 100.453679188677128, 6.967488511870222 ], [ 100.453679188677143, 6.967308848813435 ], [ 100.453589357148971, 6.967308848813439 ], [ 100.453589357148942, 6.967219017284991 ], [ 100.45349952562043, 6.96721901728501 ], [ 100.45349952562043, 6.967129185756563 ], [ 100.453409694091889, 6.967129185756555 ], [ 100.453409694091903, 6.967039354228215 ], [ 100.453230031035204, 6.967039354228217 ], [ 100.453230031035204, 6.966949522699784 ], [ 100.453050367978506, 6.966949522699777 ], [ 100.453050367978491, 6.966859691171329 ], [ 100.452870704921452, 6.966859691171341 ], [ 100.452870704921452, 6.966769859642983 ], [ 100.452691041864767, 6.966769859642988 ], [ 100.452691041864753, 6.96659019658611 ], [ 100.452511378807714, 6.966590196586104 ], [ 100.452511378807699, 6.966680028114546 ], [ 100.452421547279513, 6.966680028114548 ], [ 100.452421547279513, 6.966949522699779 ], [ 100.452331715751001, 6.966949522699784 ], [ 100.452331715750987, 6.967039354228207 ], [ 100.451882558109077, 6.967039354228215 ], [ 100.451882558109062, 6.966949522699774 ], [ 100.451702895052009, 6.966949522699767 ], [ 100.451702895052023, 6.967129185756569 ], [ 100.451792726580564, 6.967129185756566 ], [ 100.45179272658055, 6.967308848813431 ], [ 100.451702895052009, 6.967308848813444 ], [ 100.451702895052023, 6.967398680341883 ], [ 100.451613063523851, 6.967398680341878 ], [ 100.451613063523851, 6.967488511870235 ], [ 100.451523231995324, 6.967488511870216 ], [ 100.451523231995338, 6.967578343398673 ], [ 100.451343568938626, 6.967578343398656 ], [ 100.451343568938611, 6.967488511870233 ], [ 100.451163905881558, 6.967488511870236 ], [ 100.451163905881572, 6.967398680341871 ], [ 100.4510740743534, 6.967398680341876 ], [ 100.451074074353414, 6.967219017285006 ], [ 100.450984242824859, 6.967219017284998 ], [ 100.450984242824873, 6.967129185756553 ], [ 100.451074074353414, 6.967129185756555 ], [ 100.4510740743534, 6.966590196586105 ], [ 100.450984242824873, 6.966590196586107 ], [ 100.450984242824873, 6.966320702000877 ], [ 100.450894411296346, 6.966320702000894 ], [ 100.450894411296346, 6.966141038944095 ], [ 100.450714748239648, 6.966141038944103 ], [ 100.450714748239662, 6.966230870472457 ], [ 100.450624916711121, 6.966230870472445 ], [ 100.450624916711121, 6.966410533529323 ], [ 100.450535085182949, 6.966410533529325 ], [ 100.450535085182963, 6.966769859642996 ], [ 100.450624916711121, 6.966769859642986 ], [ 100.450624916711106, 6.966949522699773 ], [ 100.450714748239648, 6.96694952269977 ], [ 100.450714748239648, 6.967039354228206 ], [ 100.450804579768175, 6.967039354228221 ], [ 100.45080457976816, 6.967129185756566 ], [ 100.45089441129636, 6.967129185756566 ], [ 100.45089441129636, 6.967398680341881 ], [ 100.450804579768175, 6.967398680341879 ], [ 100.450804579768175, 6.967578343398673 ], [ 100.450894411296346, 6.967578343398669 ], [ 100.450894411296346, 6.967668174927097 ], [ 100.451074074353414, 6.967668174927097 ], [ 100.4510740743534, 6.967758006455464 ], [ 100.451343568938611, 6.967758006455443 ], [ 100.451343568938611, 6.967668174927098 ], [ 100.451523231995324, 6.967668174927107 ], [ 100.45152323199531, 6.967758006455445 ], [ 100.451702895052023, 6.967758006455449 ], [ 100.451702895052023, 6.967937669512319 ], [ 100.451882558109077, 6.967937669512324 ], [ 100.451882558109077, 6.968027501040672 ], [ 100.452241884222474, 6.96802750104067 ], [ 100.45224188422246, 6.967937669512323 ], [ 100.452331715751015, 6.967937669512334 ], [ 100.452331715750987, 6.967847837983882 ] ] ], [ [ [ 100.453140199506677, 6.969464805495336 ], [ 100.453230031035218, 6.969464805495323 ], [ 100.453230031035204, 6.969285142438459 ], [ 100.453589357148942, 6.969285142438459 ], [ 100.453589357148957, 6.969105479381673 ], [ 100.453679188677143, 6.969105479381668 ], [ 100.453679188677128, 6.969015647853229 ], [ 100.453589357148957, 6.969015647853234 ], [ 100.453589357148957, 6.968925816324877 ], [ 100.45349952562043, 6.968925816324872 ], [ 100.453499525620416, 6.968835984796437 ], [ 100.453409694091903, 6.968835984796441 ], [ 100.453409694091889, 6.968746153268013 ], [ 100.453319862563717, 6.968746153268006 ], [ 100.453319862563745, 6.968656321739559 ], [ 100.453230031035218, 6.968656321739563 ], [ 100.453230031035204, 6.968566490211222 ], [ 100.452960536449993, 6.968566490211211 ], [ 100.452960536449964, 6.968476658682778 ], [ 100.452691041864753, 6.968476658682772 ], [ 100.452691041864739, 6.968656321739561 ], [ 100.452601210336226, 6.968656321739563 ], [ 100.45260121033624, 6.969464805495326 ], [ 100.452691041864753, 6.969464805495334 ], [ 100.452691041864753, 6.969554637023685 ], [ 100.452780873393266, 6.969554637023681 ], [ 100.45278087339328, 6.969644468552116 ], [ 100.45305036797852, 6.969644468552118 ], [ 100.453050367978506, 6.969554637023675 ], [ 100.453140199506677, 6.969554637023677 ], [ 100.453140199506677, 6.969464805495336 ] ] ], [ [ [ 100.453319862563717, 6.971890256762453 ], [ 100.453409694091889, 6.971890256762443 ], [ 100.453409694091889, 6.97180042523401 ], [ 100.453499525620444, 6.971800425234017 ], [ 100.45349952562043, 6.971351267592003 ], [ 100.453589357148957, 6.971351267592004 ], [ 100.453589357148957, 6.971171604535125 ], [ 100.453858851734182, 6.971171604535115 ], [ 100.453858851734182, 6.971081773006676 ], [ 100.45394868326234, 6.971081773006684 ], [ 100.453948683262354, 6.970991941478328 ], [ 100.454128346319408, 6.970991941478328 ], [ 100.454128346319408, 6.970902109949894 ], [ 100.45430800937612, 6.970902109949889 ], [ 100.454308009376106, 6.970812278421455 ], [ 100.454397840904633, 6.970812278421458 ], [ 100.454397840904633, 6.97072244689311 ], [ 100.454487672432805, 6.970722446893117 ], [ 100.454487672432819, 6.97063261536467 ], [ 100.454757167018045, 6.970632615364673 ], [ 100.45475716701803, 6.970542783836232 ], [ 100.454846998546557, 6.970542783836236 ], [ 100.454846998546557, 6.970452952307802 ], [ 100.454936830075098, 6.970452952307791 ], [ 100.454936830075098, 6.969913963137342 ], [ 100.45475716701803, 6.969913963137348 ], [ 100.45475716701803, 6.969824131608989 ], [ 100.454487672432819, 6.969824131608992 ], [ 100.454487672432805, 6.969913963137335 ], [ 100.454397840904619, 6.969913963137341 ], [ 100.454397840904633, 6.970003794665788 ], [ 100.454308009376106, 6.970003794665781 ], [ 100.454308009376106, 6.970093626194211 ], [ 100.454128346319408, 6.970093626194211 ], [ 100.454128346319408, 6.970273289250998 ], [ 100.454038514790881, 6.970273289251006 ], [ 100.454038514790895, 6.970452952307806 ], [ 100.453858851734168, 6.970452952307792 ], [ 100.453858851734182, 6.970542783836233 ], [ 100.453769020205655, 6.970542783836233 ], [ 100.453769020205655, 6.970452952307793 ], [ 100.453140199506691, 6.970452952307787 ], [ 100.453140199506677, 6.970542783836238 ], [ 100.452870704921452, 6.97054278383624 ], [ 100.452870704921452, 6.970452952307799 ], [ 100.452511378807714, 6.970452952307803 ], [ 100.452511378807714, 6.970812278421454 ], [ 100.452601210336226, 6.970812278421453 ], [ 100.45260121033624, 6.970991941478338 ], [ 100.452691041864753, 6.970991941478324 ], [ 100.452691041864739, 6.97117160453513 ], [ 100.45278087339328, 6.971171604535125 ], [ 100.45278087339328, 6.971351267592005 ], [ 100.452870704921452, 6.971351267591991 ], [ 100.452870704921452, 6.971441099120358 ], [ 100.452960536449979, 6.971441099120347 ], [ 100.452960536449979, 6.971620762177234 ], [ 100.45305036797852, 6.97162076217723 ], [ 100.453050367978506, 6.9719800882908 ], [ 100.453140199506677, 6.971980088290789 ], [ 100.453140199506663, 6.972069919819239 ], [ 100.453230031035204, 6.97206991981923 ], [ 100.45323003103519, 6.971980088290796 ], [ 100.453319862563731, 6.971980088290806 ], [ 100.453319862563717, 6.971890256762453 ] ] ], [ [ [ 100.455475819245549, 6.972608908989698 ], [ 100.455565650773721, 6.972608908989696 ], [ 100.455565650773707, 6.972519077461345 ], [ 100.456284303001212, 6.972519077461343 ], [ 100.456284303001212, 6.971620762177222 ], [ 100.456374134529739, 6.971620762177227 ], [ 100.456374134529725, 6.971351267592002 ], [ 100.456463966057925, 6.971351267592004 ], [ 100.456463966057896, 6.970902109949896 ], [ 100.456374134529725, 6.970902109949889 ], [ 100.456374134529739, 6.970812278421462 ], [ 100.456284303001212, 6.970812278421453 ], [ 100.456284303001226, 6.970632615364662 ], [ 100.456104639944513, 6.970632615364669 ], [ 100.456104639944513, 6.970542783836237 ], [ 100.455924976887445, 6.970542783836229 ], [ 100.455924976887459, 6.970452952307791 ], [ 100.455835145359288, 6.970452952307797 ], [ 100.455835145359288, 6.97054278383624 ], [ 100.455565650773721, 6.970542783836238 ], [ 100.455565650773707, 6.970722446893114 ], [ 100.455475819245535, 6.970722446893107 ], [ 100.455475819245535, 6.97108177300668 ], [ 100.455385987716994, 6.971081773006689 ], [ 100.455385987717008, 6.971261436063567 ], [ 100.455296156188481, 6.971261436063565 ], [ 100.455296156188481, 6.971441099120359 ], [ 100.455206324660324, 6.971441099120343 ], [ 100.45520632466031, 6.972069919819227 ], [ 100.455116493131783, 6.972069919819232 ], [ 100.455116493131783, 6.972519077461341 ], [ 100.455026661603256, 6.972519077461336 ], [ 100.455026661603242, 6.972878403575 ], [ 100.455116493131783, 6.972878403575013 ], [ 100.455116493131769, 6.973058066631784 ], [ 100.45520632466031, 6.973058066631792 ], [ 100.455206324660296, 6.973237729688587 ], [ 100.455296156188481, 6.973237729688567 ], [ 100.455296156188481, 6.973327561217006 ], [ 100.455385987717023, 6.973327561217022 ], [ 100.455385987717008, 6.972788572046562 ], [ 100.455475819245535, 6.972788572046572 ], [ 100.455475819245549, 6.972608908989698 ] ] ], [ [ [ 100.442809573739211, 6.976471664711466 ], [ 100.442809573739225, 6.976381833183031 ], [ 100.442899405267767, 6.976381833183031 ], [ 100.442899405267752, 6.976292001654592 ], [ 100.442989236796279, 6.976292001654576 ], [ 100.442989236796279, 6.976202170126231 ], [ 100.443079068324451, 6.97620217012624 ], [ 100.443079068324451, 6.976022507069366 ], [ 100.442989236796294, 6.97602250706935 ], [ 100.442989236796279, 6.97593267554101 ], [ 100.442540079154, 6.975932675541001 ], [ 100.442540079153986, 6.975842844012581 ], [ 100.442360416097301, 6.975842844012568 ], [ 100.442360416097301, 6.975663180955706 ], [ 100.442180753040603, 6.975663180955693 ], [ 100.442180753040617, 6.975573349427351 ], [ 100.441551932341625, 6.975573349427354 ], [ 100.441551932341625, 6.975483517898901 ], [ 100.441360740908451, 6.975483517898904 ], [ 100.441391084585192, 6.975522560745119 ], [ 100.441579576857976, 6.975758829631515 ], [ 100.441769530615971, 6.97599071451739 ], [ 100.442301515739288, 6.976631249718793 ], [ 100.442318288136079, 6.976651327768241 ], [ 100.442450247625828, 6.976651327768246 ], [ 100.442450247625814, 6.976561496239817 ], [ 100.442629910682527, 6.97656149623982 ], [ 100.442629910682527, 6.976471664711459 ], [ 100.442809573739211, 6.976471664711466 ] ] ], [ [ [ 100.456194471472685, 6.981232735717265 ], [ 100.456194471472685, 6.980963241132028 ], [ 100.456104639944513, 6.980963241132039 ], [ 100.456104639944513, 6.980783578075257 ], [ 100.456014808416001, 6.980783578075238 ], [ 100.456014808416001, 6.980514083490025 ], [ 100.455924976887445, 6.980514083490013 ], [ 100.455924976887459, 6.980334420433152 ], [ 100.455835145359273, 6.980334420433152 ], [ 100.455835145359302, 6.980064925847925 ], [ 100.455745313830761, 6.980064925847915 ], [ 100.455745313830761, 6.979795431262696 ], [ 100.45565548230222, 6.979795431262695 ], [ 100.455655482302234, 6.979615768205825 ], [ 100.455565650773693, 6.979615768205821 ], [ 100.455565650773721, 6.979525936677477 ], [ 100.455475819245535, 6.979525936677468 ], [ 100.455475819245535, 6.979436105149023 ], [ 100.455385987717008, 6.979436105149035 ], [ 100.455385987717008, 6.979256442092245 ], [ 100.455296156188496, 6.979256442092233 ], [ 100.455296156188481, 6.978986947507023 ], [ 100.455385987717023, 6.97898694750702 ], [ 100.455385987717008, 6.97880728445015 ], [ 100.455475819245535, 6.978807284450138 ], [ 100.455475819245535, 6.978717452921707 ], [ 100.455565650773707, 6.978717452921701 ], [ 100.455565650773721, 6.97835812680814 ], [ 100.455475819245535, 6.97835812680813 ], [ 100.455475819245535, 6.977908969166019 ], [ 100.455385987717008, 6.977908969166022 ], [ 100.455385987717023, 6.97781913763759 ], [ 100.455296156188481, 6.977819137637597 ], [ 100.455296156188481, 6.977639474580798 ], [ 100.45520632466031, 6.977639474580804 ], [ 100.45520632466031, 6.977459811524006 ], [ 100.455116493131783, 6.977459811524016 ], [ 100.455116493131797, 6.977280148467143 ], [ 100.454936830075084, 6.977280148467135 ], [ 100.454936830075084, 6.977190316938708 ], [ 100.454577503961332, 6.977190316938702 ], [ 100.454577503961332, 6.977280148467134 ], [ 100.454487672432819, 6.977280148467133 ], [ 100.454487672432805, 6.97736997999557 ], [ 100.454397840904633, 6.977369979995578 ], [ 100.454397840904633, 6.977549643052356 ], [ 100.454308009376106, 6.977549643052371 ], [ 100.45430800937612, 6.977639474580795 ], [ 100.454218177847579, 6.977639474580799 ], [ 100.454218177847565, 6.977819137637593 ], [ 100.454128346319408, 6.977819137637582 ], [ 100.454128346319422, 6.978178463751253 ], [ 100.454038514790867, 6.978178463751249 ], [ 100.454038514790867, 6.97862762139336 ], [ 100.454128346319393, 6.978627621393347 ], [ 100.454128346319422, 6.97952593667747 ], [ 100.454038514790881, 6.979525936677461 ], [ 100.454038514790881, 6.979795431262694 ], [ 100.454128346319408, 6.979795431262684 ], [ 100.454128346319408, 6.979975094319476 ], [ 100.454218177847565, 6.97997509431949 ], [ 100.454218177847579, 6.980154757376352 ], [ 100.454308009376106, 6.980154757376366 ], [ 100.454308009376106, 6.980334420433154 ], [ 100.454397840904633, 6.980334420433148 ], [ 100.454397840904633, 6.980424251961574 ], [ 100.454487672432805, 6.98042425196159 ], [ 100.454487672432805, 6.980873409603594 ], [ 100.454577503961346, 6.980873409603604 ], [ 100.454577503961332, 6.980963241132042 ], [ 100.454667335489873, 6.980963241132029 ], [ 100.454667335489859, 6.981053072660468 ], [ 100.454846998546557, 6.98105307266048 ], [ 100.454846998546557, 6.981142904188818 ], [ 100.45520632466031, 6.981142904188813 ], [ 100.455206324660296, 6.981232735717267 ], [ 100.455385987717008, 6.981232735717252 ], [ 100.455385987717023, 6.981322567245701 ], [ 100.455745313830761, 6.981322567245692 ], [ 100.455745313830761, 6.981412398774133 ], [ 100.455835145359302, 6.981412398774125 ], [ 100.455835145359288, 6.981322567245691 ], [ 100.456014808415986, 6.981322567245702 ], [ 100.456014808416001, 6.981232735717255 ], [ 100.456194471472685, 6.981232735717265 ] ] ] ] } },
{ "type": "Feature", "properties": { "TB_IDN": 901103, "TB_TN": "ต.คูเต่า", "AP_IDN": 9011, "AP_TN": "อ.หาดใหญ่", "PV_IDN": 90, "PV_TN": "จ.สงขลา", "RE_NESDB": "South", "RE_ROYIN": "South", "F_AREA": 10234920.778899999, "flood_area": 6396.83, "A": 10.218 }, "geometry": { "type": "MultiPolygon", "coordinates": [ [ [ [ 100.453846646011812, 7.151060373334386 ], [ 100.453465017943259, 7.150565166773797 ], [ 100.453409694091903, 7.150565166773794 ], [ 100.453409694091903, 7.150654998302238 ], [ 100.453286298230822, 7.150654998302246 ], [ 100.453469424005348, 7.150749128327799 ], [ 100.453230031035204, 7.150730319074531 ], [ 100.453230031035204, 7.15074482983059 ], [ 100.453140199506677, 7.150744829830596 ], [ 100.453140199506677, 7.150723260956004 ], [ 100.452924127152357, 7.150706284017921 ], [ 100.452691041864767, 7.150548005449721 ], [ 100.452691041864753, 7.150654998302237 ], [ 100.45278087339328, 7.150654998302241 ], [ 100.45278087339328, 7.150744829830582 ], [ 100.452870704921438, 7.150744829830588 ], [ 100.452870704921452, 7.150834661359031 ], [ 100.452960536449979, 7.150834661359037 ], [ 100.452960536449979, 7.150924492887465 ], [ 100.453050367978506, 7.15092449288747 ], [ 100.453050367978506, 7.151104155944263 ], [ 100.453140199506691, 7.151104155944258 ], [ 100.453140199506677, 7.151283819001127 ], [ 100.453230031035218, 7.151283819001127 ], [ 100.45323003103519, 7.151463482057924 ], [ 100.453319862563731, 7.151463482057911 ], [ 100.453319862563745, 7.15155331358635 ], [ 100.453409694091917, 7.151553313586358 ], [ 100.453409694091917, 7.151732976643151 ], [ 100.45349952562043, 7.15173297664314 ], [ 100.45349952562043, 7.152541460398823 ], [ 100.453575580731808, 7.152541460398819 ], [ 100.453575506771045, 7.152518072672142 ], [ 100.45362754153544, 7.152342820144447 ], [ 100.45385398681006, 7.151886877067643 ], [ 100.454010090402718, 7.151672849028502 ], [ 100.453846646011812, 7.151060373334386 ] ] ], [ [ [ 100.456546827380805, 7.14670606872751 ], [ 100.456436432344461, 7.1464329164669 ], [ 100.456284303001198, 7.146432916466887 ], [ 100.456284303001212, 7.146343084938453 ], [ 100.456104639944513, 7.146343084938469 ], [ 100.456104639944513, 7.14616342188158 ], [ 100.455924976887459, 7.146163421881591 ], [ 100.455924976887459, 7.146073590353243 ], [ 100.455835145359273, 7.146073590353235 ], [ 100.455835145359302, 7.145983758824799 ], [ 100.455745313830761, 7.145983758824795 ], [ 100.455745313830761, 7.145893927296358 ], [ 100.455655482302248, 7.14589392729636 ], [ 100.455655482302234, 7.145804095767997 ], [ 100.455475819245535, 7.145804095767998 ], [ 100.455475819245535, 7.145714264239573 ], [ 100.455385987716994, 7.145714264239571 ], [ 100.455385987717023, 7.145624432711124 ], [ 100.455296156188481, 7.14562443271113 ], [ 100.455296156188496, 7.145534601182699 ], [ 100.45520632466031, 7.145534601182691 ], [ 100.45520632466031, 7.145444769654339 ], [ 100.455116493131783, 7.145444769654339 ], [ 100.455116493131783, 7.145265106597463 ], [ 100.455026661603256, 7.145265106597475 ], [ 100.455026661603256, 7.144995612012251 ], [ 100.454936830075084, 7.144995612012236 ], [ 100.454936830075084, 7.144815948955459 ], [ 100.454846998546543, 7.14481594895546 ], [ 100.454846998546572, 7.144726117427018 ], [ 100.454757167018016, 7.144726117427007 ], [ 100.45475716701803, 7.144636285898581 ], [ 100.454667335489845, 7.144636285898581 ], [ 100.454667335489845, 7.144546454370236 ], [ 100.454577503961332, 7.144546454370226 ], [ 100.454577503961346, 7.144456622841799 ], [ 100.454487672432805, 7.144456622841782 ], [ 100.454487672432805, 7.144366791313354 ], [ 100.454397840904633, 7.144366791313347 ], [ 100.454397840904619, 7.144187128256564 ], [ 100.454218177847579, 7.144187128256556 ], [ 100.454218177847594, 7.144007465199692 ], [ 100.453858851734182, 7.144007465199696 ], [ 100.453858851734196, 7.143917633671335 ], [ 100.453769020205655, 7.143917633671335 ], [ 100.453769020205641, 7.143827802142898 ], [ 100.453679188677143, 7.143827802142911 ], [ 100.453679188677114, 7.14364813908611 ], [ 100.453589357148957, 7.143648139086103 ], [ 100.453589357148957, 7.143468476029235 ], [ 100.453679188677128, 7.143468476029229 ], [ 100.453679188677128, 7.14337864450089 ], [ 100.453858851734182, 7.143378644500891 ], [ 100.453858851734182, 7.143468476029241 ], [ 100.454038514790895, 7.143468476029234 ], [ 100.454038514790867, 7.143558307557673 ], [ 100.454308009376092, 7.143558307557683 ], [ 100.454308009376092, 7.143468476029229 ], [ 100.454522190711884, 7.143468476029244 ], [ 100.454547352427099, 7.143364244260164 ], [ 100.454653957559628, 7.143228840813926 ], [ 100.454948632580724, 7.143038061224561 ], [ 100.455149895669763, 7.142948939906322 ], [ 100.455647694065334, 7.142890976559491 ], [ 100.456084782311464, 7.142820064798485 ], [ 100.456165182108862, 7.142772316825983 ], [ 100.456237444838266, 7.142556484069605 ], [ 100.456261049949475, 7.142159473517879 ], [ 100.456178223246098, 7.141918041153372 ], [ 100.456176822118366, 7.141749917016448 ], [ 100.456297282308086, 7.141661475435997 ], [ 100.456464817202772, 7.141565913010818 ], [ 100.456862245952308, 7.141582762259565 ], [ 100.457245186104075, 7.141478678934849 ], [ 100.457592537028177, 7.141146216928843 ], [ 100.457733088972034, 7.141044156039587 ], [ 100.457853999709471, 7.141009518888488 ], [ 100.458062899140216, 7.141027948599038 ], [ 100.458190939148295, 7.141040321745909 ], [ 100.458305180661981, 7.141012469765633 ], [ 100.458412120191923, 7.140917414802256 ], [ 100.4585193957695, 7.140862708851735 ], [ 100.458781923806768, 7.140853785292685 ], [ 100.458937127829998, 7.140892839770479 ], [ 100.459261498106059, 7.141031366206316 ], [ 100.459409630279609, 7.141030128969949 ], [ 100.459564037847514, 7.140975029534093 ], [ 100.459804792594909, 7.140777970404288 ], [ 100.459902969625162, 7.140440869614062 ], [ 100.459914405727986, 7.140198651631858 ], [ 100.459893247425939, 7.140084486829174 ], [ 100.459751169894687, 7.140004968689907 ], [ 100.459656569658776, 7.13996540621786 ], [ 100.459495032983796, 7.139973486236826 ], [ 100.458815955244077, 7.14009350085516 ], [ 100.458755303264923, 7.140087290135488 ], [ 100.458707211374687, 7.13997335505854 ], [ 100.458713265839009, 7.139892590523146 ], [ 100.458919170060327, 7.139554588574401 ], [ 100.459145502241412, 7.13924331654918 ], [ 100.459332782472927, 7.139093785321161 ], [ 100.459655240450374, 7.139003655286959 ], [ 100.459911040620042, 7.138994788752971 ], [ 100.460349477766911, 7.139085278831142 ], [ 100.460754811934223, 7.139243298170624 ], [ 100.460972079058664, 7.13945670435891 ], [ 100.46110169398618, 7.13965738406686 ], [ 100.461237602389303, 7.139804210565024 ], [ 100.461412937595838, 7.13983637299207 ], [ 100.462146956989457, 7.139843678438182 ], [ 100.462369087723872, 7.139835088965311 ], [ 100.462523445856917, 7.139773269867819 ], [ 100.462651542968118, 7.139792369658721 ], [ 100.462726454389184, 7.139892627433072 ], [ 100.462741386826707, 7.140067372905565 ], [ 100.462661439987869, 7.140168926419787 ], [ 100.462493734545788, 7.140244316273708 ], [ 100.462401104166261, 7.140440129349861 ], [ 100.462328623381964, 7.140629060107827 ], [ 100.462215967468197, 7.140845220176423 ], [ 100.462028736346937, 7.141001480384316 ], [ 100.46200305102532, 7.14114965959588 ], [ 100.462058609994571, 7.141350962375747 ], [ 100.462174590860101, 7.141531582107553 ], [ 100.462317514840663, 7.141711980736121 ], [ 100.46236445809707, 7.141749939961916 ], [ 100.462370381051272, 7.141750483777223 ], [ 100.462394619599152, 7.141754890086416 ], [ 100.462418830669279, 7.141761474769339 ], [ 100.462443014826178, 7.141770237979403 ], [ 100.462467172195971, 7.141781179699825 ], [ 100.462491303859039, 7.141794300357891 ], [ 100.462515410458778, 7.141809600302765 ], [ 100.462539492688308, 7.141827079973804 ], [ 100.462587586821442, 7.141868580554023 ], [ 100.462635592654721, 7.1419188076025 ], [ 100.462683504274978, 7.141977751389333 ], [ 100.46273134244538, 7.142045433911766 ], [ 100.462779115710191, 7.142121867227259 ], [ 100.462826834169775, 7.142207067466125 ], [ 100.462874506212088, 7.142301048867282 ], [ 100.462922147296055, 7.142403841179005 ], [ 100.462931836103692, 7.142426552233106 ], [ 100.462931836103664, 7.142210834631458 ], [ 100.462842004575151, 7.142210834631464 ], [ 100.462842004575165, 7.141492182404215 ], [ 100.462752173046979, 7.141492182404227 ], [ 100.462752173046994, 7.141132856290562 ], [ 100.462842004575165, 7.141132856290551 ], [ 100.462842004575151, 7.140863361705334 ], [ 100.462931836103678, 7.140863361705327 ], [ 100.462931836103692, 7.140683698648449 ], [ 100.463021667632219, 7.140683698648449 ], [ 100.463021667632191, 7.140504035591664 ], [ 100.463111499160377, 7.140504035591672 ], [ 100.463111499160391, 7.140054877949575 ], [ 100.462931836103692, 7.140054877949571 ], [ 100.462931836103678, 7.139875214892787 ], [ 100.462842004575137, 7.139875214892781 ], [ 100.462842004575151, 7.139785383364344 ], [ 100.462752173046979, 7.139785383364337 ], [ 100.462752173046979, 7.139695551836001 ], [ 100.462662341518453, 7.139695551836 ], [ 100.462662341518453, 7.139605720307563 ], [ 100.462482678461754, 7.139605720307546 ], [ 100.462482678461754, 7.139515888779115 ], [ 100.462392846933213, 7.139515888779119 ], [ 100.462392846933227, 7.139426057250687 ], [ 100.4623030154047, 7.139426057250677 ], [ 100.4623030154047, 7.139336225722325 ], [ 100.462213183876528, 7.13933622572232 ], [ 100.462213183876528, 7.13924639419389 ], [ 100.462123352348002, 7.139246394193889 ], [ 100.462123352348016, 7.139156562665459 ], [ 100.462033520819475, 7.139156562665446 ], [ 100.462033520819475, 7.138976899608664 ], [ 100.461943689291303, 7.138976899608661 ], [ 100.461943689291303, 7.138797236551874 ], [ 100.461853857762776, 7.138797236551884 ], [ 100.46185385776279, 7.13861757349501 ], [ 100.461764026234249, 7.138617573494996 ], [ 100.461764026234249, 7.138437910438215 ], [ 100.461674194705722, 7.138437910438215 ], [ 100.461674194705736, 7.138078584324546 ], [ 100.461584363177565, 7.138078584324554 ], [ 100.46158436317755, 7.1379887527961 ], [ 100.461494531649024, 7.1379887527961 ], [ 100.461494531649024, 7.137898921267772 ], [ 100.460955542478573, 7.137898921267754 ], [ 100.460955542478558, 7.137809089739327 ], [ 100.460865710950046, 7.137809089739322 ], [ 100.460865710950046, 7.137719258210882 ], [ 100.460775879421874, 7.137719258210889 ], [ 100.460775879421874, 7.137180269040446 ], [ 100.460686047893361, 7.137180269040432 ], [ 100.460686047893347, 7.137090437511994 ], [ 100.46059621636482, 7.137090437511995 ], [ 100.46059621636482, 7.137000605983562 ], [ 100.460506384836648, 7.137000605983557 ], [ 100.460506384836634, 7.13691077445521 ], [ 100.460416553308121, 7.136910774455199 ], [ 100.460416553308121, 7.136820942926777 ], [ 100.460326721779595, 7.136820942926781 ], [ 100.460326721779609, 7.136641279869982 ], [ 100.460236890251423, 7.136641279869993 ], [ 100.460236890251409, 7.136371785284765 ], [ 100.460147058722896, 7.136371785284755 ], [ 100.460147058722896, 7.136012459171101 ], [ 100.460057227194369, 7.136012459171098 ], [ 100.460057227194355, 7.13592262764265 ], [ 100.459967395666197, 7.135922627642667 ], [ 100.459967395666197, 7.135832796114223 ], [ 100.459877564137685, 7.135832796114217 ], [ 100.45987756413767, 7.135742964585861 ], [ 100.459697901080972, 7.135742964585878 ], [ 100.459697901080972, 7.135832796114214 ], [ 100.459608069552459, 7.135832796114213 ], [ 100.459608069552459, 7.135922627642651 ], [ 100.459518238023918, 7.135922627642646 ], [ 100.459518238023904, 7.136012459171088 ], [ 100.459338574967219, 7.136012459171098 ], [ 100.459338574967219, 7.136102290699449 ], [ 100.459069080381994, 7.136102290699452 ], [ 100.459069080382008, 7.136192122227881 ], [ 100.458709754268256, 7.136192122227892 ], [ 100.458709754268241, 7.136281953756322 ], [ 100.458619922739715, 7.136281953756319 ], [ 100.458619922739729, 7.136371785284749 ], [ 100.458530091211543, 7.136371785284758 ], [ 100.458530091211557, 7.136461616813111 ], [ 100.458350428154475, 7.136461616813099 ], [ 100.458350428154475, 7.136551448341537 ], [ 100.458260596626317, 7.136551448341556 ], [ 100.458260596626317, 7.136461616813111 ], [ 100.457721607455866, 7.136461616813115 ], [ 100.457721607455866, 7.136551448341543 ], [ 100.457631775927339, 7.136551448341548 ], [ 100.457631775927339, 7.136641279869973 ], [ 100.457452112870641, 7.136641279869985 ], [ 100.457452112870655, 7.136820942926777 ], [ 100.4573622813421, 7.136820942926768 ], [ 100.457362281342114, 7.137539595154101 ], [ 100.457452112870641, 7.137539595154107 ], [ 100.457452112870641, 7.137719258210881 ], [ 100.457541944398812, 7.137719258210887 ], [ 100.457541944398812, 7.138617573495009 ], [ 100.457452112870655, 7.138617573494995 ], [ 100.457452112870641, 7.13888706808022 ], [ 100.457541944398812, 7.138887068080226 ], [ 100.457541944398812, 7.139246394193886 ], [ 100.457452112870641, 7.139246394193893 ], [ 100.457452112870655, 7.139426057250676 ], [ 100.457272449813587, 7.139426057250683 ], [ 100.457272449813601, 7.139515888779123 ], [ 100.457182618285415, 7.139515888779116 ], [ 100.457182618285401, 7.139605720307554 ], [ 100.456463966057925, 7.139605720307549 ], [ 100.456463966057896, 7.139695551835994 ], [ 100.456284303001212, 7.139695551835988 ], [ 100.456284303001212, 7.139785383364348 ], [ 100.456194471472685, 7.139785383364333 ], [ 100.456194471472685, 7.139695551835993 ], [ 100.455385987716994, 7.139695551835991 ], [ 100.455385987717023, 7.139605720307555 ], [ 100.455206324660296, 7.139605720307546 ], [ 100.455206324660296, 7.139515888779111 ], [ 100.455116493131783, 7.139515888779108 ], [ 100.455116493131797, 7.13942605725067 ], [ 100.455026661603256, 7.139426057250668 ], [ 100.455026661603256, 7.139336225722331 ], [ 100.454936830075084, 7.139336225722331 ], [ 100.454936830075084, 7.13915656266544 ], [ 100.455026661603256, 7.139156562665455 ], [ 100.455026661603256, 7.139066731137098 ], [ 100.455475819245535, 7.139066731137111 ], [ 100.455475819245521, 7.139156562665459 ], [ 100.455655482302248, 7.139156562665447 ], [ 100.45565548230222, 7.139066731137095 ], [ 100.456104639944513, 7.1390667311371 ], [ 100.456104639944513, 7.139156562665455 ], [ 100.456284303001198, 7.139156562665444 ], [ 100.456284303001212, 7.139066731137109 ], [ 100.45646396605791, 7.1390667311371 ], [ 100.45646396605791, 7.138976899608661 ], [ 100.456913123700176, 7.138976899608666 ], [ 100.456913123700204, 7.139066731137098 ], [ 100.457002955228347, 7.139066731137098 ], [ 100.457002955228361, 7.138976899608664 ], [ 100.457092786756888, 7.138976899608665 ], [ 100.457092786756888, 7.138797236551868 ], [ 100.457182618285415, 7.138797236551872 ], [ 100.457182618285415, 7.138707405023428 ], [ 100.457092786756903, 7.138707405023442 ], [ 100.457092786756888, 7.138437910438219 ], [ 100.457002955228376, 7.138437910438209 ], [ 100.457002955228376, 7.13834807890978 ], [ 100.45691312370019, 7.138348078909768 ], [ 100.45691312370019, 7.138258247381336 ], [ 100.456823292171677, 7.138258247381344 ], [ 100.456823292171649, 7.138168415852986 ], [ 100.456733460643136, 7.138168415852998 ], [ 100.456733460643136, 7.13798875279612 ], [ 100.456823292171663, 7.137988752796112 ], [ 100.456823292171677, 7.13762942668244 ], [ 100.45691312370019, 7.137629426682442 ], [ 100.456913123700176, 7.137539595154108 ], [ 100.456823292171663, 7.137539595154106 ], [ 100.456823292171663, 7.137449763625668 ], [ 100.456913123700204, 7.13744976362565 ], [ 100.456913123700204, 7.137000605983567 ], [ 100.456823292171649, 7.137000605983554 ], [ 100.456823292171663, 7.136910774455206 ], [ 100.456733460643136, 7.136910774455217 ], [ 100.456733460643136, 7.136820942926781 ], [ 100.456643629114964, 7.136820942926777 ], [ 100.456643629114964, 7.136731111398335 ], [ 100.456194471472685, 7.13673111139834 ], [ 100.456194471472685, 7.136910774455203 ], [ 100.456104639944513, 7.136910774455214 ], [ 100.456104639944513, 7.137090437511997 ], [ 100.456014808415986, 7.137090437511992 ], [ 100.456014808415986, 7.137180269040435 ], [ 100.455835145359302, 7.137180269040438 ], [ 100.455835145359288, 7.137270100568875 ], [ 100.455655482302234, 7.137270100568878 ], [ 100.455655482302234, 7.137359932097228 ], [ 100.455745313830747, 7.137359932097216 ], [ 100.455745313830761, 7.137449763625663 ], [ 100.456194471472699, 7.137449763625654 ], [ 100.456194471472685, 7.137539595154099 ], [ 100.456284303001226, 7.137539595154093 ], [ 100.456284303001212, 7.137629426682452 ], [ 100.456374134529739, 7.13762942668245 ], [ 100.456374134529753, 7.137719258210885 ], [ 100.456463966057896, 7.137719258210887 ], [ 100.45646396605791, 7.137898921267761 ], [ 100.456553797586423, 7.137898921267763 ], [ 100.456553797586437, 7.138078584324555 ], [ 100.456643629114964, 7.13807858432454 ], [ 100.456643629114964, 7.138437910438222 ], [ 100.456553797586437, 7.13843791043822 ], [ 100.456553797586423, 7.138527741966568 ], [ 100.455655482302234, 7.138527741966569 ], [ 100.455655482302234, 7.138437910438222 ], [ 100.455565650773721, 7.138437910438222 ], [ 100.455565650773707, 7.138348078909771 ], [ 100.455475819245535, 7.138348078909774 ], [ 100.455475819245521, 7.138078584324542 ], [ 100.455385987717023, 7.138078584324552 ], [ 100.455385987717008, 7.137988752796107 ], [ 100.455116493131797, 7.13798875279612 ], [ 100.455116493131769, 7.138078584324557 ], [ 100.455026661603256, 7.13807858432456 ], [ 100.45502666160327, 7.138437910438212 ], [ 100.45493683007507, 7.138437910438223 ], [ 100.454936830075084, 7.138527741966569 ], [ 100.454667335489859, 7.138527741966565 ], [ 100.454667335489859, 7.138707405023445 ], [ 100.454577503961332, 7.138707405023433 ], [ 100.454577503961332, 7.139156562665455 ], [ 100.454667335489873, 7.139156562665444 ], [ 100.454667335489859, 7.139336225722333 ], [ 100.45475716701803, 7.139336225722333 ], [ 100.45475716701803, 7.139515888779109 ], [ 100.454667335489873, 7.139515888779122 ], [ 100.454667335489859, 7.139605720307558 ], [ 100.454308009376106, 7.139605720307549 ], [ 100.454308009376092, 7.139515888779109 ], [ 100.454128346319422, 7.139515888779108 ], [ 100.454128346319408, 7.139336225722334 ], [ 100.454038514790867, 7.139336225722333 ], [ 100.454038514790895, 7.138887068080221 ], [ 100.453948683262354, 7.138887068080227 ], [ 100.45394868326234, 7.138797236551888 ], [ 100.453858851734182, 7.138797236551879 ], [ 100.453858851734182, 7.138707405023439 ], [ 100.453769020205641, 7.138707405023438 ], [ 100.453769020205641, 7.138617573494999 ], [ 100.453679188677143, 7.138617573495005 ], [ 100.453679188677128, 7.138544220993589 ], [ 100.453639115830214, 7.138691751311508 ], [ 100.453557276107688, 7.139000817293822 ], [ 100.453537032117623, 7.139111785277887 ], [ 100.453522545810273, 7.139186769930056 ], [ 100.45352180684246, 7.1391867098605 ], [ 100.45351148597463, 7.139342801354101 ], [ 100.453500752336311, 7.139537627428491 ], [ 100.453501740829978, 7.139690411515016 ], [ 100.453505644764206, 7.139831199826612 ], [ 100.45356221415318, 7.140241294871282 ], [ 100.453578631017592, 7.140328402069978 ], [ 100.453580748508585, 7.140328063518222 ], [ 100.4536153011219, 7.14057352464956 ], [ 100.453628750612907, 7.140801227465366 ], [ 100.453588872109378, 7.141119235101756 ], [ 100.453563136432066, 7.141308261186057 ], [ 100.453501467001615, 7.141500561949989 ], [ 100.453448818404766, 7.141698807239856 ], [ 100.453414083666047, 7.141887949401612 ], [ 100.453397498623175, 7.142103954694555 ], [ 100.453395034213258, 7.142103957938013 ], [ 100.45339777151564, 7.142145927244792 ], [ 100.453395919295318, 7.142322852608753 ], [ 100.453405887190002, 7.142472695617158 ], [ 100.453415761234709, 7.142610592119278 ], [ 100.453410935155432, 7.142793615548933 ], [ 100.45339696023953, 7.142949677861693 ], [ 100.453397734831029, 7.143069648019419 ], [ 100.453404441020581, 7.143180601629895 ], [ 100.453423097000822, 7.143285459628446 ], [ 100.453446140214382, 7.143413176433489 ], [ 100.453447020814238, 7.143413072375925 ], [ 100.453561487373051, 7.143642102630067 ], [ 100.453818266858718, 7.144059848912784 ], [ 100.453929946924717, 7.144294564118904 ], [ 100.454020173557637, 7.144427084303869 ], [ 100.454093179247863, 7.144522406592867 ], [ 100.454375711742472, 7.144722634847365 ], [ 100.454431513892672, 7.144833232845071 ], [ 100.454468015054843, 7.144870455115753 ], [ 100.45454051530875, 7.144960505142483 ], [ 100.45458434206715, 7.145036731949217 ], [ 100.454593889364304, 7.14510490733517 ], [ 100.454600970991265, 7.145198744767841 ], [ 100.454604825546255, 7.145267001412797 ], [ 100.454606258733591, 7.145363764008943 ], [ 100.454610533733657, 7.145460472423737 ], [ 100.454623468997482, 7.145565585267757 ], [ 100.454664823756815, 7.145667447893129 ], [ 100.454737560069503, 7.145774536048804 ], [ 100.454860684913086, 7.145823991089393 ], [ 100.455016245325353, 7.145881008627025 ], [ 100.455178612097299, 7.145942795635329 ], [ 100.455303592182176, 7.146017160125278 ], [ 100.455649772237294, 7.146348330947955 ], [ 100.455714158168519, 7.146421359799457 ], [ 100.455913341276414, 7.146597979511634 ], [ 100.455958384679903, 7.146633933624569 ], [ 100.456304473594571, 7.14693603062007 ], [ 100.45641558263911, 7.147026544824039 ], [ 100.456575553017643, 7.146797496327272 ], [ 100.456546827380805, 7.14670606872751 ] ], [ [ 100.458619922739729, 7.138348078909778 ], [ 100.458619922739715, 7.138258247381336 ], [ 100.458799585796754, 7.138258247381348 ], [ 100.458799585796754, 7.13816841585299 ], [ 100.458979248853467, 7.138168415852983 ], [ 100.458979248853467, 7.138078584324554 ], [ 100.459158911910507, 7.138078584324548 ], [ 100.459158911910521, 7.137988752796109 ], [ 100.459338574967219, 7.137988752796111 ], [ 100.459338574967219, 7.138078584324555 ], [ 100.459428406495746, 7.138078584324543 ], [ 100.459428406495746, 7.138258247381343 ], [ 100.459338574967219, 7.138258247381334 ], [ 100.459338574967205, 7.138348078909784 ], [ 100.459248743438692, 7.138348078909781 ], [ 100.459248743438692, 7.138437910438215 ], [ 100.459069080381994, 7.138437910438211 ], [ 100.459069080381994, 7.138527741966572 ], [ 100.458979248853467, 7.138527741966571 ], [ 100.458979248853467, 7.138617573494994 ], [ 100.458889417325281, 7.138617573494997 ], [ 100.458889417325295, 7.138707405023444 ], [ 100.458799585796768, 7.138707405023438 ], [ 100.458799585796754, 7.138797236551884 ], [ 100.458709754268241, 7.138797236551883 ], [ 100.458709754268256, 7.138887068080233 ], [ 100.458350428154489, 7.13888706808022 ], [ 100.458350428154489, 7.138797236551872 ], [ 100.458260596626303, 7.138797236551875 ], [ 100.458260596626332, 7.138707405023434 ], [ 100.458350428154489, 7.138707405023435 ], [ 100.458350428154489, 7.13852774196657 ], [ 100.458440259683002, 7.138527741966562 ], [ 100.458440259683002, 7.138437910438219 ], [ 100.458530091211543, 7.138437910438217 ], [ 100.458530091211529, 7.138348078909771 ], [ 100.458619922739729, 7.138348078909778 ] ] ], [ [ [ 100.455504783024764, 7.144127709515571 ], [ 100.456667749917528, 7.144081009921687 ], [ 100.457272449813573, 7.144093829036973 ], [ 100.457272449813587, 7.144007465199686 ], [ 100.45673346064315, 7.14400746519968 ], [ 100.45673346064315, 7.143917633671345 ], [ 100.456553797586437, 7.143917633671348 ], [ 100.456553797586452, 7.143827802142905 ], [ 100.45646396605791, 7.143827802142901 ], [ 100.45646396605791, 7.143737970614471 ], [ 100.456194471472699, 7.14373797061447 ], [ 100.456194471472671, 7.143827802142898 ], [ 100.455924976887459, 7.143827802142898 ], [ 100.455924976887474, 7.143917633671339 ], [ 100.455565650773707, 7.143917633671339 ], [ 100.455565650773707, 7.144097296728135 ], [ 100.455475819245535, 7.144097296728122 ], [ 100.455475819245521, 7.144187128256561 ], [ 100.455504971019579, 7.144187128256559 ], [ 100.455504783024764, 7.144127709515571 ] ] ], [ [ [ 100.457452112870641, 7.14409763773854 ], [ 100.457452112870641, 7.14409729672813 ], [ 100.457436026818314, 7.14409729672813 ], [ 100.457452112870641, 7.14409763773854 ] ] ], [ [ [ 100.457811438984052, 7.144105255141657 ], [ 100.457811438984052, 7.14409729672812 ], [ 100.457541944398812, 7.144097296728125 ], [ 100.457541944398812, 7.144099542089315 ], [ 100.457811438984052, 7.144105255141657 ] ] ], [ [ [ 100.458434078615937, 7.144118454563841 ], [ 100.458463962144819, 7.144093637804487 ], [ 100.458489134399912, 7.144057595711962 ], [ 100.458568158024036, 7.144007108396563 ], [ 100.459422275686094, 7.14329780687571 ], [ 100.459729614114295, 7.143265067005717 ], [ 100.459833052384823, 7.143198981444005 ], [ 100.459608069552459, 7.143198981444005 ], [ 100.459608069552445, 7.143109149915567 ], [ 100.459248743438692, 7.143109149915572 ], [ 100.459248743438692, 7.14319898144402 ], [ 100.459158911910521, 7.14319898144402 ], [ 100.459158911910521, 7.143378644500897 ], [ 100.459069080381994, 7.14337864450088 ], [ 100.459069080381994, 7.143558307557669 ], [ 100.458889417325295, 7.14355830755767 ], [ 100.458889417325295, 7.143648139086121 ], [ 100.458799585796768, 7.143648139086114 ], [ 100.458799585796768, 7.143737970614464 ], [ 100.458709754268241, 7.143737970614471 ], [ 100.458709754268241, 7.143827802142902 ], [ 100.4586199227397, 7.143827802142904 ], [ 100.458619922739715, 7.143917633671338 ], [ 100.458440259683016, 7.143917633671337 ], [ 100.45844025968303, 7.144007465199693 ], [ 100.458350428154489, 7.144007465199692 ], [ 100.458350428154489, 7.144097296728129 ], [ 100.45817076509779, 7.144097296728119 ], [ 100.45817076509779, 7.144112872544781 ], [ 100.458434078615937, 7.144118454563841 ] ] ], [ [ [ 100.487872565415785, 7.135806272673262 ], [ 100.488471882384246, 7.134642614340474 ], [ 100.488514776035032, 7.13458716079427 ], [ 100.48841101365015, 7.134542215171562 ], [ 100.488102780867294, 7.134484037671075 ], [ 100.487947335756914, 7.134594381949841 ], [ 100.487905001002176, 7.1345679168671 ], [ 100.48790500100219, 7.134575154716437 ], [ 100.487725337945491, 7.13457515471644 ], [ 100.487725337945491, 7.134664986244874 ], [ 100.487635506416979, 7.134664986244886 ], [ 100.487635506416964, 7.13475481777331 ], [ 100.487545674888437, 7.134754817773326 ], [ 100.487545674888437, 7.134844649301761 ], [ 100.487455843360266, 7.134844649301762 ], [ 100.487455843360266, 7.13502431235855 ], [ 100.487366011831739, 7.135024312358551 ], [ 100.487366011831725, 7.135293806943758 ], [ 100.487455843360266, 7.135293806943773 ], [ 100.487455843360252, 7.135563301529 ], [ 100.487545674888437, 7.135563301529001 ], [ 100.487545674888437, 7.135742964585877 ], [ 100.487635506416964, 7.135742964585874 ], [ 100.487635506416964, 7.136322653094626 ], [ 100.487639255366744, 7.13631908260265 ], [ 100.487872565415785, 7.135806272673262 ] ] ], [ [ [ 100.460416553308121, 7.124693686591172 ], [ 100.460416553308121, 7.124603855062736 ], [ 100.46059621636482, 7.124603855062746 ], [ 100.46059621636482, 7.124514023534307 ], [ 100.460686047893333, 7.124514023534296 ], [ 100.460686047893361, 7.124424192005963 ], [ 100.460775879421874, 7.124424192005957 ], [ 100.460775879421888, 7.124334360477511 ], [ 100.46086571095006, 7.124334360477514 ], [ 100.460865710950046, 7.123525876721832 ], [ 100.460775879421874, 7.123525876721847 ], [ 100.46077587942186, 7.123436045193398 ], [ 100.460686047893333, 7.1234360451934 ], [ 100.460686047893347, 7.123346213664956 ], [ 100.46059621636482, 7.123346213664965 ], [ 100.46059621636482, 7.123256382136606 ], [ 100.460506384836634, 7.123256382136621 ], [ 100.460506384836648, 7.122627561437719 ], [ 100.460416553308107, 7.122627561437717 ], [ 100.460416553308121, 7.122358066852403 ], [ 100.460506384836648, 7.122358066852416 ], [ 100.460506384836648, 7.122268235324063 ], [ 100.46077587942186, 7.122268235324054 ], [ 100.460775879421888, 7.122178403795628 ], [ 100.460955542478573, 7.122178403795623 ], [ 100.460955542478573, 7.122268235324066 ], [ 100.461045374007099, 7.12226823532407 ], [ 100.461045374007099, 7.122358066852416 ], [ 100.461135205535271, 7.122358066852411 ], [ 100.461135205535271, 7.122537729909288 ], [ 100.461314868592325, 7.122537729909286 ], [ 100.461314868592311, 7.122627561437724 ], [ 100.461404700120497, 7.122627561437723 ], [ 100.461404700120497, 7.122717392966082 ], [ 100.461494531649038, 7.122717392966083 ], [ 100.461494531649024, 7.122807224494508 ], [ 100.46158436317755, 7.122807224494514 ], [ 100.46158436317755, 7.123166550608176 ], [ 100.461494531649024, 7.123166550608181 ], [ 100.461494531649009, 7.123346213664962 ], [ 100.461404700120482, 7.123346213664971 ], [ 100.461404700120497, 7.123525876721844 ], [ 100.461494531649024, 7.12352587672183 ], [ 100.461494531649024, 7.123705539778636 ], [ 100.461674194705708, 7.123705539778629 ], [ 100.461674194705722, 7.123795371307058 ], [ 100.46185385776279, 7.123795371307068 ], [ 100.461853857762776, 7.123705539778626 ], [ 100.462033520819489, 7.123705539778631 ], [ 100.462033520819475, 7.123615708250191 ], [ 100.462213183876528, 7.123615708250193 ], [ 100.462213183876528, 7.123525876721839 ], [ 100.462303015404714, 7.123525876721839 ], [ 100.462303015404714, 7.123436045193394 ], [ 100.462392846933227, 7.123436045193407 ], [ 100.462392846933213, 7.123346213664954 ], [ 100.4623030154047, 7.123346213664966 ], [ 100.4623030154047, 7.122717392966072 ], [ 100.462213183876528, 7.122717392966075 ], [ 100.462213183876528, 7.122627561437719 ], [ 100.462123352348002, 7.122627561437729 ], [ 100.462123352348016, 7.122537729909292 ], [ 100.46203352081946, 7.122537729909287 ], [ 100.462033520819475, 7.122447898380854 ], [ 100.461853857762776, 7.122447898380852 ], [ 100.461853857762776, 7.122358066852406 ], [ 100.461764026234263, 7.122358066852411 ], [ 100.461764026234249, 7.122268235324068 ], [ 100.461674194705736, 7.122268235324061 ], [ 100.461674194705722, 7.121819077681949 ], [ 100.461764026234249, 7.121819077681965 ], [ 100.461764026234249, 7.121369920039943 ], [ 100.461584363177565, 7.121369920039956 ], [ 100.46158436317755, 7.121190256983059 ], [ 100.461404700120497, 7.12119025698307 ], [ 100.461404700120497, 7.121100425454721 ], [ 100.460955542478558, 7.121100425454725 ], [ 100.460955542478587, 7.12101059392629 ], [ 100.460775879421874, 7.121010593926274 ], [ 100.460775879421874, 7.120920762397851 ], [ 100.460686047893347, 7.120920762397836 ], [ 100.460686047893347, 7.120830930869398 ], [ 100.460326721779595, 7.120830930869416 ], [ 100.460326721779609, 7.120920762397836 ], [ 100.460236890251423, 7.120920762397841 ], [ 100.460236890251423, 7.121190256983073 ], [ 100.460147058722896, 7.121190256983071 ], [ 100.460147058722896, 7.121369920039938 ], [ 100.460057227194355, 7.12136992003994 ], [ 100.460057227194369, 7.121549583096731 ], [ 100.459967395666183, 7.121549583096732 ], [ 100.459967395666197, 7.12163941462518 ], [ 100.460057227194369, 7.12163941462517 ], [ 100.460057227194383, 7.121819077681955 ], [ 100.46014705872291, 7.121819077681965 ], [ 100.460147058722882, 7.121998740738837 ], [ 100.460236890251409, 7.121998740738828 ], [ 100.460236890251423, 7.122088572267185 ], [ 100.460326721779595, 7.12208857226719 ], [ 100.460326721779595, 7.122897056022941 ], [ 100.460236890251423, 7.12289705602295 ], [ 100.460236890251437, 7.122986887551308 ], [ 100.460147058722882, 7.122986887551305 ], [ 100.460147058722882, 7.123166550608167 ], [ 100.460057227194369, 7.123166550608183 ], [ 100.460057227194383, 7.123256382136606 ], [ 100.459967395666212, 7.123256382136609 ], [ 100.459967395666183, 7.123346213664961 ], [ 100.459787732609144, 7.123346213664959 ], [ 100.459787732609144, 7.123436045193404 ], [ 100.459518238023904, 7.1234360451934 ], [ 100.459518238023918, 7.123525876721846 ], [ 100.459428406495746, 7.123525876721841 ], [ 100.459428406495746, 7.123615708250191 ], [ 100.459338574967219, 7.123615708250192 ], [ 100.459338574967219, 7.123795371307056 ], [ 100.459248743438692, 7.12379537130707 ], [ 100.459248743438678, 7.123885202835423 ], [ 100.459338574967205, 7.123885202835422 ], [ 100.459338574967219, 7.123975034363841 ], [ 100.459428406495761, 7.123975034363847 ], [ 100.459428406495746, 7.123885202835416 ], [ 100.45987756413767, 7.123885202835417 ], [ 100.45987756413767, 7.123975034363847 ], [ 100.459967395666183, 7.123975034363852 ], [ 100.459967395666183, 7.124064865892287 ], [ 100.460057227194369, 7.124064865892299 ], [ 100.460057227194369, 7.124334360477514 ], [ 100.459967395666197, 7.124334360477509 ], [ 100.459967395666212, 7.124514023534304 ], [ 100.459787732609144, 7.124514023534301 ], [ 100.459787732609144, 7.124603855062752 ], [ 100.459608069552445, 7.124603855062746 ], [ 100.459608069552445, 7.124693686591188 ], [ 100.459428406495732, 7.124693686591177 ], [ 100.459428406495746, 7.124873349647962 ], [ 100.459518238023918, 7.124873349647966 ], [ 100.459518238023918, 7.124963181176402 ], [ 100.459697901080986, 7.124963181176409 ], [ 100.459697901080958, 7.124873349647968 ], [ 100.459877564137685, 7.124873349647971 ], [ 100.459877564137685, 7.124783518119624 ], [ 100.460147058722896, 7.124783518119608 ], [ 100.460147058722896, 7.124693686591185 ], [ 100.460416553308121, 7.124693686591172 ] ] ], [ [ [ 100.476676059950535, 7.123166550608183 ], [ 100.476586228422363, 7.123166550608183 ], [ 100.476586228422363, 7.123076719079743 ], [ 100.475957407723385, 7.123076719079742 ], [ 100.475957407723385, 7.123166550608182 ], [ 100.475867576194858, 7.123166550608183 ], [ 100.475867576194858, 7.123256382136606 ], [ 100.475687913138174, 7.123256382136615 ], [ 100.475687913138174, 7.123346213664967 ], [ 100.475508250081475, 7.12334621366496 ], [ 100.475508250081461, 7.123525876721844 ], [ 100.475598081609647, 7.123525876721846 ], [ 100.475598081609647, 7.123615708250194 ], [ 100.475777744666686, 7.123615708250192 ], [ 100.475777744666701, 7.123705539778623 ], [ 100.475867576194858, 7.123705539778622 ], [ 100.475867576194858, 7.12379537130706 ], [ 100.476047239251912, 7.123795371307067 ], [ 100.476047239251912, 7.123885202835408 ], [ 100.476226902308611, 7.123885202835404 ], [ 100.476226902308611, 7.123975034363847 ], [ 100.476586228422349, 7.123975034363855 ], [ 100.476586228422363, 7.124064865892296 ], [ 100.476765891479047, 7.124064865892286 ], [ 100.476765891479062, 7.12397503436384 ], [ 100.476855723007588, 7.123975034363848 ], [ 100.476855723007574, 7.123436045193404 ], [ 100.476765891479062, 7.123436045193401 ], [ 100.476765891479076, 7.123256382136617 ], [ 100.476676059950549, 7.123256382136611 ], [ 100.476676059950535, 7.123166550608183 ] ] ], [ [ [ 100.477215049120986, 7.126759811744636 ], [ 100.477304880649513, 7.126759811744627 ], [ 100.477304880649513, 7.126400485630963 ], [ 100.477215049120986, 7.126400485630967 ], [ 100.477215049120986, 7.126130991045748 ], [ 100.47739471217804, 7.126130991045754 ], [ 100.477394712178025, 7.126220822574176 ], [ 100.477664206763265, 7.126220822574179 ], [ 100.477664206763251, 7.126310654102525 ], [ 100.477754038291792, 7.126310654102542 ], [ 100.477754038291792, 7.126759811744627 ], [ 100.477843869819978, 7.126759811744636 ], [ 100.477843869819949, 7.126849643273074 ], [ 100.477933701348491, 7.126849643273077 ], [ 100.477933701348491, 7.126759811744631 ], [ 100.478113364405203, 7.12675981174463 ], [ 100.478113364405175, 7.126580148687838 ], [ 100.478293027462243, 7.126580148687843 ], [ 100.478293027462243, 7.126490317159416 ], [ 100.47865235357564, 7.126490317159416 ], [ 100.47865235357564, 7.126580148687849 ], [ 100.478742185104181, 7.126580148687852 ], [ 100.478742185104167, 7.126669980216187 ], [ 100.478832016632694, 7.126669980216185 ], [ 100.478832016632694, 7.126759811744643 ], [ 100.479191342746091, 7.126759811744632 ], [ 100.479191342746105, 7.126849643273065 ], [ 100.479281174274618, 7.12684964327308 ], [ 100.479281174274618, 7.126939474801413 ], [ 100.479371005803145, 7.12693947480142 ], [ 100.479371005803159, 7.127029306329854 ], [ 100.479460837331317, 7.127029306329856 ], [ 100.479460837331317, 7.12711913785829 ], [ 100.479640500388371, 7.1271191378583 ], [ 100.479640500388371, 7.127208969386741 ], [ 100.479730331916542, 7.127208969386734 ], [ 100.479730331916542, 7.127119137858291 ], [ 100.479909994973596, 7.127119137858291 ], [ 100.479909994973596, 7.127029306329859 ], [ 100.479999826501768, 7.127029306329868 ], [ 100.479999826501768, 7.1264903171594 ], [ 100.479909994973582, 7.126490317159406 ], [ 100.479909994973596, 7.126220822574179 ], [ 100.479820163445069, 7.126220822574187 ], [ 100.479820163445083, 7.125053012704836 ], [ 100.479730331916542, 7.125053012704836 ], [ 100.479730331916528, 7.124963181176404 ], [ 100.479640500388385, 7.124963181176399 ], [ 100.479640500388371, 7.124873349647967 ], [ 100.479550668859829, 7.124873349647961 ], [ 100.479550668859829, 7.124783518119611 ], [ 100.479371005803145, 7.124783518119624 ], [ 100.479371005803159, 7.124693686591177 ], [ 100.479281174274604, 7.124693686591179 ], [ 100.479281174274618, 7.124603855062733 ], [ 100.479011679689407, 7.124603855062734 ], [ 100.479011679689393, 7.124514023534298 ], [ 100.478832016632694, 7.124514023534307 ], [ 100.47883201663268, 7.124424192005959 ], [ 100.478293027462243, 7.124424192005945 ], [ 100.478293027462243, 7.124514023534296 ], [ 100.478113364405189, 7.124514023534293 ], [ 100.478113364405189, 7.124424192005956 ], [ 100.477843869819949, 7.124424192005952 ], [ 100.477843869819964, 7.124334360477513 ], [ 100.477754038291778, 7.124334360477522 ], [ 100.477754038291792, 7.123795371307058 ], [ 100.477484543706566, 7.123795371307065 ], [ 100.477484543706566, 7.123885202835413 ], [ 100.47739471217804, 7.123885202835404 ], [ 100.47739471217804, 7.124064865892293 ], [ 100.477304880649513, 7.124064865892282 ], [ 100.477304880649513, 7.124334360477507 ], [ 100.477215049120986, 7.124334360477506 ], [ 100.477215049120971, 7.124424192005945 ], [ 100.477125217592814, 7.124424192005946 ], [ 100.477125217592814, 7.124514023534313 ], [ 100.477035386064273, 7.124514023534299 ], [ 100.477035386064287, 7.124603855062731 ], [ 100.47694555453576, 7.124603855062746 ], [ 100.47694555453576, 7.124783518119617 ], [ 100.476855723007588, 7.124783518119624 ], [ 100.476855723007588, 7.124963181176401 ], [ 100.476765891479062, 7.124963181176399 ], [ 100.476765891479062, 7.125053012704843 ], [ 100.47667605995052, 7.125053012704845 ], [ 100.476676059950535, 7.125232675761638 ], [ 100.476586228422349, 7.12523267576163 ], [ 100.476586228422377, 7.125412338818407 ], [ 100.47649639689385, 7.125412338818411 ], [ 100.47649639689385, 7.125592001875291 ], [ 100.476406565365309, 7.125592001875286 ], [ 100.476406565365309, 7.125771664932087 ], [ 100.476496396893836, 7.125771664932075 ], [ 100.476496396893836, 7.125951327988965 ], [ 100.476586228422377, 7.125951327988968 ], [ 100.476586228422377, 7.126041159517308 ], [ 100.476676059950535, 7.126041159517311 ], [ 100.476676059950535, 7.126759811744642 ], [ 100.476586228422363, 7.12675981174463 ], [ 100.476586228422377, 7.126939474801418 ], [ 100.476496396893822, 7.126939474801415 ], [ 100.47649639689385, 7.127029306329862 ], [ 100.476586228422363, 7.127029306329857 ], [ 100.476586228422377, 7.127208969386741 ], [ 100.476676059950535, 7.127208969386726 ], [ 100.476676059950535, 7.127298800915084 ], [ 100.476855723007603, 7.127298800915076 ], [ 100.476855723007588, 7.127388632443531 ], [ 100.476945554535774, 7.12738863244352 ], [ 100.476945554535774, 7.127298800915076 ], [ 100.477035386064287, 7.127298800915082 ], [ 100.477035386064287, 7.127208969386744 ], [ 100.477125217592828, 7.127208969386728 ], [ 100.477125217592814, 7.12702930632986 ], [ 100.477215049120986, 7.127029306329853 ], [ 100.477215049120986, 7.126759811744636 ] ] ], [ [ [ 100.478652353575654, 7.130622567466309 ], [ 100.47865235357564, 7.130532735937972 ], [ 100.479101511217934, 7.13053273593796 ], [ 100.479101511217905, 7.130442904409529 ], [ 100.479281174274618, 7.130442904409532 ], [ 100.479281174274618, 7.130353072881087 ], [ 100.479460837331317, 7.130353072881101 ], [ 100.479460837331317, 7.130263241352744 ], [ 100.479550668859844, 7.130263241352737 ], [ 100.479550668859844, 7.130173409824313 ], [ 100.479640500388385, 7.130173409824301 ], [ 100.479640500388385, 7.129993746767432 ], [ 100.479550668859829, 7.129993746767431 ], [ 100.479550668859844, 7.129903915239074 ], [ 100.478562522047469, 7.129903915239088 ], [ 100.478562522047469, 7.129993746767425 ], [ 100.4783828589904, 7.129993746767432 ], [ 100.478382858990415, 7.130083578295875 ], [ 100.478293027462243, 7.130083578295862 ], [ 100.478293027462243, 7.130263241352743 ], [ 100.47820319593373, 7.130263241352737 ], [ 100.478203195933716, 7.130712398994765 ], [ 100.478113364405175, 7.130712398994763 ], [ 100.478113364405203, 7.130981893579982 ], [ 100.478293027462229, 7.130981893579987 ], [ 100.478293027462243, 7.13089206205155 ], [ 100.478382858990415, 7.130892062051545 ], [ 100.478382858990415, 7.130712398994747 ], [ 100.478472690518942, 7.130712398994767 ], [ 100.478472690518927, 7.130622567466324 ], [ 100.478652353575654, 7.130622567466309 ] ] ], [ [ [ 100.457631775927339, 7.135473470000548 ], [ 100.457631775927354, 7.1353836384722 ], [ 100.457092786756888, 7.135383638472215 ], [ 100.457092786756888, 7.135293806943762 ], [ 100.456643629114964, 7.135293806943771 ], [ 100.456643629114964, 7.135203975415326 ], [ 100.456553797586452, 7.135203975415331 ], [ 100.456553797586437, 7.135114143886982 ], [ 100.45646396605791, 7.135114143886978 ], [ 100.45646396605791, 7.134934480830101 ], [ 100.456553797586452, 7.134934480830108 ], [ 100.456553797586437, 7.134844649301764 ], [ 100.456463966057896, 7.134844649301757 ], [ 100.45646396605791, 7.134664986244871 ], [ 100.456374134529739, 7.13466498624487 ], [ 100.456374134529739, 7.13457515471645 ], [ 100.456194471472685, 7.134575154716443 ], [ 100.456194471472685, 7.134395491659649 ], [ 100.456104639944499, 7.134395491659661 ], [ 100.456104639944513, 7.134305660131208 ], [ 100.456014808415986, 7.134305660131211 ], [ 100.456014808415986, 7.133766670960763 ], [ 100.455924976887459, 7.133766670960764 ], [ 100.455924976887459, 7.133676839432315 ], [ 100.456014808415972, 7.133676839432334 ], [ 100.456014808415986, 7.133497176375546 ], [ 100.456104639944513, 7.133497176375537 ], [ 100.456104639944513, 7.133407344847095 ], [ 100.456194471472699, 7.133407344847099 ], [ 100.456194471472699, 7.13322768179032 ], [ 100.456284303001212, 7.13322768179032 ], [ 100.456284303001212, 7.13277852414821 ], [ 100.456374134529753, 7.132778524148206 ], [ 100.456374134529739, 7.132688692619864 ], [ 100.45646396605791, 7.132688692619858 ], [ 100.456463966057896, 7.132598861091414 ], [ 100.45673346064315, 7.132598861091428 ], [ 100.456733460643136, 7.132509029562982 ], [ 100.457092786756874, 7.132509029562989 ], [ 100.457092786756888, 7.132598861091427 ], [ 100.457272449813587, 7.132598861091424 ], [ 100.457272449813573, 7.132509029562989 ], [ 100.457452112870655, 7.132509029562993 ], [ 100.457452112870641, 7.132419198034539 ], [ 100.457541944398798, 7.13241919803455 ], [ 100.457541944398812, 7.132329366506197 ], [ 100.457901270512565, 7.13232936650619 ], [ 100.457901270512551, 7.132239534977765 ], [ 100.457991102041106, 7.132239534977763 ], [ 100.457991102041092, 7.131970040392537 ], [ 100.458080933569278, 7.131970040392527 ], [ 100.458080933569263, 7.131790377335755 ], [ 100.45817076509779, 7.13179037733575 ], [ 100.45817076509779, 7.131700545807313 ], [ 100.458260596626317, 7.131700545807311 ], [ 100.458260596626317, 7.131161556636854 ], [ 100.45817076509779, 7.131161556636868 ], [ 100.45817076509779, 7.131071725108416 ], [ 100.457811438984038, 7.131071725108421 ], [ 100.457811438984052, 7.130802230523188 ], [ 100.457901270512565, 7.130802230523196 ], [ 100.457901270512565, 7.130622567466326 ], [ 100.45817076509779, 7.130622567466316 ], [ 100.45817076509779, 7.130532735937959 ], [ 100.458260596626332, 7.130532735937961 ], [ 100.458260596626317, 7.130442904409524 ], [ 100.458440259683016, 7.130442904409523 ], [ 100.458440259683002, 7.130263241352736 ], [ 100.458530091211543, 7.130263241352736 ], [ 100.458530091211543, 7.130173409824302 ], [ 100.458979248853467, 7.130173409824301 ], [ 100.458979248853467, 7.130083578295872 ], [ 100.459248743438692, 7.130083578295868 ], [ 100.459248743438692, 7.130173409824313 ], [ 100.459338574967219, 7.130173409824314 ], [ 100.459338574967219, 7.13026324135275 ], [ 100.459428406495732, 7.130263241352743 ], [ 100.459428406495746, 7.130622567466323 ], [ 100.459338574967205, 7.13062256746632 ], [ 100.459338574967219, 7.130892062051542 ], [ 100.459428406495746, 7.130892062051541 ], [ 100.459428406495732, 7.130981893579992 ], [ 100.459608069552445, 7.130981893579974 ], [ 100.459608069552445, 7.13089206205154 ], [ 100.459697901080972, 7.130892062051539 ], [ 100.459697901080972, 7.130802230523189 ], [ 100.459787732609144, 7.130802230523197 ], [ 100.459787732609144, 7.130622567466323 ], [ 100.459967395666197, 7.130622567466313 ], [ 100.459967395666197, 7.130532735937974 ], [ 100.460326721779595, 7.130532735937962 ], [ 100.460326721779609, 7.130442904409537 ], [ 100.460506384836648, 7.130442904409533 ], [ 100.460506384836648, 7.130532735937976 ], [ 100.46059621636482, 7.130532735937977 ], [ 100.460596216364834, 7.130892062051538 ], [ 100.460506384836648, 7.130892062051542 ], [ 100.460506384836663, 7.130981893579982 ], [ 100.460416553308121, 7.130981893579976 ], [ 100.460416553308121, 7.131071725108422 ], [ 100.460326721779595, 7.131071725108424 ], [ 100.460326721779595, 7.131431051222084 ], [ 100.460416553308136, 7.13143105122208 ], [ 100.460416553308121, 7.131341219693653 ], [ 100.46086571095006, 7.131341219693646 ], [ 100.460865710950046, 7.13143105122208 ], [ 100.460955542478587, 7.131431051222085 ], [ 100.460955542478573, 7.131790377335751 ], [ 100.460865710950046, 7.13179037733575 ], [ 100.460865710950031, 7.131880208864101 ], [ 100.46077587942186, 7.131880208864089 ], [ 100.460775879421874, 7.13205987192098 ], [ 100.46059621636482, 7.13205987192097 ], [ 100.46059621636482, 7.132239534977766 ], [ 100.46077587942186, 7.132239534977752 ], [ 100.460775879421874, 7.132329366506192 ], [ 100.460865710950046, 7.132329366506189 ], [ 100.460865710950031, 7.132419198034553 ], [ 100.460955542478558, 7.132419198034555 ], [ 100.460955542478587, 7.132509029562983 ], [ 100.461045374007114, 7.132509029562989 ], [ 100.461045374007099, 7.132598861091421 ], [ 100.461135205535271, 7.132598861091432 ], [ 100.461135205535271, 7.132688692619867 ], [ 100.461225037063798, 7.132688692619862 ], [ 100.461225037063812, 7.132778524148221 ], [ 100.461314868592311, 7.132778524148216 ], [ 100.461314868592325, 7.133407344847094 ], [ 100.461404700120482, 7.133407344847102 ], [ 100.461404700120482, 7.134036165545989 ], [ 100.461494531649024, 7.134036165545997 ], [ 100.461494531649024, 7.134215828602859 ], [ 100.461584363177536, 7.134215828602875 ], [ 100.461584363177565, 7.13439549165965 ], [ 100.461494531649024, 7.13439549165966 ], [ 100.461494531649024, 7.134485323188095 ], [ 100.461404700120497, 7.134485323188087 ], [ 100.461404700120497, 7.134575154716448 ], [ 100.461314868592325, 7.134575154716443 ], [ 100.461314868592311, 7.134754817773318 ], [ 100.461404700120497, 7.134754817773318 ], [ 100.461404700120497, 7.134844649301747 ], [ 100.461494531649024, 7.134844649301765 ], [ 100.461494531649024, 7.134934480830115 ], [ 100.46158436317755, 7.134934480830108 ], [ 100.46158436317755, 7.135024312358541 ], [ 100.461494531649038, 7.13502431235854 ], [ 100.461494531649038, 7.135114143886982 ], [ 100.461584363177536, 7.13511414388699 ], [ 100.46158436317755, 7.135203975415333 ], [ 100.461494531649024, 7.135203975415338 ], [ 100.461494531649009, 7.135293806943772 ], [ 100.46158436317755, 7.135293806943774 ], [ 100.46158436317755, 7.135563301528983 ], [ 100.461674194705722, 7.135563301528999 ], [ 100.461674194705708, 7.135832796114226 ], [ 100.461764026234263, 7.135832796114228 ], [ 100.461764026234249, 7.135922627642648 ], [ 100.461853857762776, 7.135922627642665 ], [ 100.461853857762776, 7.136012459171088 ], [ 100.462033520819489, 7.136012459171095 ], [ 100.462033520819475, 7.135922627642661 ], [ 100.46257250998994, 7.135922627642652 ], [ 100.462572509989911, 7.1360124591711 ], [ 100.462662341518453, 7.136012459171091 ], [ 100.462662341518453, 7.135922627642658 ], [ 100.462842004575151, 7.135922627642652 ], [ 100.462842004575165, 7.135832796114226 ], [ 100.462931836103692, 7.135832796114209 ], [ 100.462931836103678, 7.135742964585876 ], [ 100.463021667632205, 7.135742964585864 ], [ 100.463021667632205, 7.135653133057441 ], [ 100.46329116221743, 7.135653133057424 ], [ 100.463291162217416, 7.135742964585877 ], [ 100.463470825274129, 7.135742964585865 ], [ 100.463470825274129, 7.135832796114218 ], [ 100.463560656802656, 7.135832796114216 ], [ 100.46356065680267, 7.135922627642648 ], [ 100.46374031985934, 7.135922627642655 ], [ 100.463740319859355, 7.136012459171103 ], [ 100.464189477501264, 7.136012459171086 ], [ 100.464189477501293, 7.13610229069944 ], [ 100.464458972086518, 7.13610229069945 ], [ 100.464458972086504, 7.136192122227881 ], [ 100.464818298200257, 7.136192122227881 ], [ 100.464818298200271, 7.136102290699451 ], [ 100.464997961257311, 7.136102290699442 ], [ 100.464997961257311, 7.136012459171091 ], [ 100.465177624314009, 7.136012459171096 ], [ 100.465177624314009, 7.135922627642662 ], [ 100.465267455842536, 7.135922627642665 ], [ 100.465267455842536, 7.136012459171098 ], [ 100.465626781955919, 7.136012459171102 ], [ 100.465626781955919, 7.135922627642659 ], [ 100.465536950427762, 7.135922627642666 ], [ 100.465536950427762, 7.135832796114213 ], [ 100.465447118899235, 7.135832796114223 ], [ 100.46544711889922, 7.135742964585865 ], [ 100.464997961257296, 7.135742964585867 ], [ 100.464997961257311, 7.135653133057435 ], [ 100.464908129728784, 7.13565313305743 ], [ 100.464908129728798, 7.135563301528995 ], [ 100.464818298200257, 7.135563301528998 ], [ 100.464818298200257, 7.135473470000555 ], [ 100.464638635143558, 7.135473470000564 ], [ 100.464638635143558, 7.135383638472199 ], [ 100.464458972086504, 7.135383638472203 ], [ 100.464458972086504, 7.135293806943769 ], [ 100.464279309029806, 7.135293806943771 ], [ 100.464279309029806, 7.135203975415335 ], [ 100.464189477501264, 7.135203975415339 ], [ 100.464189477501264, 7.135114143886981 ], [ 100.464099645973107, 7.135114143886973 ], [ 100.464099645973107, 7.134934480830103 ], [ 100.464009814444594, 7.13493448083011 ], [ 100.464009814444594, 7.134844649301759 ], [ 100.463919982916039, 7.134844649301757 ], [ 100.463919982916053, 7.134485323188093 ], [ 100.46400981444458, 7.134485323188089 ], [ 100.46400981444458, 7.134305660131218 ], [ 100.464099645973107, 7.134305660131223 ], [ 100.464099645973121, 7.134215828602858 ], [ 100.464189477501279, 7.134215828602875 ], [ 100.464189477501279, 7.134125997074425 ], [ 100.46427930902982, 7.134125997074431 ], [ 100.464279309029806, 7.134036165545997 ], [ 100.464369140558347, 7.134036165545994 ], [ 100.464369140558318, 7.133856502489211 ], [ 100.464458972086518, 7.1338565024892 ], [ 100.464458972086504, 7.13376667096077 ], [ 100.464638635143572, 7.133766670960766 ], [ 100.464638635143572, 7.133856502489196 ], [ 100.46472846667173, 7.133856502489205 ], [ 100.464728466671744, 7.134036165545989 ], [ 100.464997961257311, 7.134036165545997 ], [ 100.464997961257325, 7.13394633401756 ], [ 100.465087792785482, 7.133946334017555 ], [ 100.465087792785482, 7.133676839432321 ], [ 100.464997961257296, 7.13367683943232 ], [ 100.464997961257325, 7.1334073448471 ], [ 100.464908129728784, 7.133407344847091 ], [ 100.464908129728784, 7.133317513318742 ], [ 100.464997961257311, 7.133317513318753 ], [ 100.464997961257296, 7.132868355676639 ], [ 100.464908129728784, 7.132868355676646 ], [ 100.464908129728784, 7.13259886109142 ], [ 100.464818298200257, 7.132598861091417 ], [ 100.464818298200257, 7.132419198034551 ], [ 100.46472846667173, 7.132419198034542 ], [ 100.464728466671744, 7.132329366506202 ], [ 100.46445897208649, 7.132329366506191 ], [ 100.46445897208649, 7.13241919803455 ], [ 100.464369140558347, 7.132419198034545 ], [ 100.464369140558333, 7.132509029562983 ], [ 100.464189477501293, 7.132509029562978 ], [ 100.464189477501279, 7.132598861091428 ], [ 100.464099645973107, 7.132598861091428 ], [ 100.464099645973107, 7.132688692619855 ], [ 100.463830151387882, 7.132688692619866 ], [ 100.463830151387882, 7.132598861091423 ], [ 100.463740319859355, 7.132598861091426 ], [ 100.463740319859355, 7.132419198034555 ], [ 100.463650488330828, 7.132419198034556 ], [ 100.463650488330842, 7.132239534977771 ], [ 100.463560656802656, 7.132239534977751 ], [ 100.463560656802642, 7.13205987192097 ], [ 100.463470825274129, 7.132059871920976 ], [ 100.463470825274129, 7.131790377335748 ], [ 100.463380993745602, 7.131790377335756 ], [ 100.463380993745602, 7.131700545807303 ], [ 100.463291162217445, 7.131700545807309 ], [ 100.46329116221743, 7.131610714278872 ], [ 100.463201330688889, 7.131610714278861 ], [ 100.463201330688904, 7.131520882750443 ], [ 100.463021667632205, 7.13152088275044 ], [ 100.463021667632191, 7.131431051222085 ], [ 100.462842004575151, 7.131431051222084 ], [ 100.462842004575137, 7.131341219693652 ], [ 100.46257250998994, 7.131341219693639 ], [ 100.462572509989926, 7.131251388165214 ], [ 100.462482678461754, 7.131251388165205 ], [ 100.46248267846174, 7.131071725108411 ], [ 100.462392846933241, 7.131071725108411 ], [ 100.462392846933241, 7.130981893579984 ], [ 100.462482678461754, 7.130981893579977 ], [ 100.462482678461754, 7.130802230523196 ], [ 100.462572509989911, 7.130802230523203 ], [ 100.462572509989926, 7.130712398994751 ], [ 100.462662341518467, 7.130712398994751 ], [ 100.462662341518453, 7.13062256746631 ], [ 100.462752173046979, 7.130622567466325 ], [ 100.462752173046979, 7.130532735937978 ], [ 100.462931836103678, 7.130532735937963 ], [ 100.462931836103678, 7.130442904409541 ], [ 100.463111499160377, 7.130442904409541 ], [ 100.463111499160377, 7.13035307288109 ], [ 100.46329116221743, 7.130353072881086 ], [ 100.46329116221743, 7.130263241352743 ], [ 100.463560656802642, 7.130263241352748 ], [ 100.46356065680267, 7.130173409824311 ], [ 100.463650488330842, 7.1301734098243 ], [ 100.463650488330828, 7.130083578295859 ], [ 100.463740319859355, 7.130083578295866 ], [ 100.463740319859369, 7.129903915239084 ], [ 100.463830151387867, 7.129903915239071 ], [ 100.463830151387882, 7.129724252182208 ], [ 100.463919982916053, 7.129724252182195 ], [ 100.463919982916053, 7.129454757596974 ], [ 100.463830151387882, 7.129454757596974 ], [ 100.463830151387882, 7.129275094540187 ], [ 100.463740319859355, 7.129275094540193 ], [ 100.463740319859369, 7.129095431483314 ], [ 100.463650488330828, 7.129095431483308 ], [ 100.463650488330828, 7.128825936898092 ], [ 100.463470825274143, 7.12882593689808 ], [ 100.463470825274129, 7.12864627384131 ], [ 100.463380993745602, 7.128646273841307 ], [ 100.463380993745616, 7.128466610784425 ], [ 100.46329116221743, 7.128466610784431 ], [ 100.46329116221743, 7.127927621613977 ], [ 100.463201330688904, 7.127927621613967 ], [ 100.463201330688904, 7.127837790085528 ], [ 100.463111499160377, 7.127837790085529 ], [ 100.463111499160377, 7.12774795855719 ], [ 100.463021667632191, 7.12774795855718 ], [ 100.463021667632219, 7.127837790085535 ], [ 100.462572509989926, 7.127837790085533 ], [ 100.46257250998994, 7.127747958557179 ], [ 100.462482678461754, 7.127747958557191 ], [ 100.462482678461754, 7.127658127028757 ], [ 100.462392846933213, 7.127658127028741 ], [ 100.462392846933227, 7.127298800915093 ], [ 100.4623030154047, 7.127298800915087 ], [ 100.4623030154047, 7.127208969386738 ], [ 100.462213183876543, 7.127208969386744 ], [ 100.462213183876528, 7.127119137858299 ], [ 100.462123352348002, 7.127119137858298 ], [ 100.462123352348002, 7.127029306329852 ], [ 100.462033520819475, 7.127029306329867 ], [ 100.462033520819475, 7.126939474801422 ], [ 100.461943689291303, 7.126939474801413 ], [ 100.461943689291303, 7.126849643273069 ], [ 100.461764026234263, 7.126849643273069 ], [ 100.461764026234249, 7.126759811744636 ], [ 100.46158436317755, 7.126759811744642 ], [ 100.46158436317755, 7.126669980216196 ], [ 100.461135205535271, 7.126669980216194 ], [ 100.461135205535257, 7.126759811744643 ], [ 100.460955542478573, 7.126759811744625 ], [ 100.460955542478587, 7.126849643273075 ], [ 100.460775879421874, 7.126849643273078 ], [ 100.46077587942186, 7.126939474801423 ], [ 100.460416553308121, 7.126939474801429 ], [ 100.460416553308136, 7.127029306329853 ], [ 100.460236890251409, 7.127029306329852 ], [ 100.460236890251423, 7.127119137858291 ], [ 100.46014705872291, 7.127119137858306 ], [ 100.460147058722896, 7.127208969386733 ], [ 100.460057227194355, 7.127208969386745 ], [ 100.460057227194369, 7.127298800915076 ], [ 100.459967395666197, 7.127298800915085 ], [ 100.459967395666183, 7.12738863244352 ], [ 100.459787732609144, 7.12738863244352 ], [ 100.459787732609144, 7.127478463971952 ], [ 100.459338574967219, 7.127478463971965 ], [ 100.459338574967234, 7.127568295500313 ], [ 100.459158911910521, 7.127568295500319 ], [ 100.459158911910521, 7.127747958557191 ], [ 100.459069080382008, 7.127747958557179 ], [ 100.459069080381994, 7.127837790085535 ], [ 100.458979248853467, 7.127837790085538 ], [ 100.458979248853467, 7.127927621613977 ], [ 100.458889417325281, 7.127927621613973 ], [ 100.458889417325295, 7.128107284670855 ], [ 100.458799585796768, 7.128107284670851 ], [ 100.458799585796783, 7.128286947727645 ], [ 100.458709754268256, 7.12828694772764 ], [ 100.458709754268256, 7.128466610784431 ], [ 100.458530091211543, 7.128466610784424 ], [ 100.458530091211543, 7.128556442312865 ], [ 100.458440259683016, 7.128556442312855 ], [ 100.458440259683016, 7.128646273841298 ], [ 100.458350428154489, 7.1286462738413 ], [ 100.458350428154489, 7.128736105369741 ], [ 100.458260596626332, 7.128736105369734 ], [ 100.458260596626317, 7.12900559995497 ], [ 100.45817076509779, 7.129005599954963 ], [ 100.458170765097805, 7.129095431483319 ], [ 100.458080933569263, 7.129095431483319 ], [ 100.458080933569263, 7.129185263011753 ], [ 100.457721607455852, 7.129185263011756 ], [ 100.457721607455866, 7.129364926068548 ], [ 100.457631775927339, 7.129364926068541 ], [ 100.457631775927339, 7.130083578295873 ], [ 100.457452112870641, 7.130083578295864 ], [ 100.457452112870627, 7.130173409824297 ], [ 100.457362281342114, 7.130173409824309 ], [ 100.4573622813421, 7.130263241352741 ], [ 100.457272449813587, 7.130263241352736 ], [ 100.457272449813587, 7.130442904409532 ], [ 100.457182618285415, 7.130442904409532 ], [ 100.457182618285415, 7.131071725108417 ], [ 100.457092786756874, 7.131071725108418 ], [ 100.457092786756874, 7.131161556636852 ], [ 100.456913123700204, 7.131161556636854 ], [ 100.456913123700204, 7.131071725108415 ], [ 100.456553797586437, 7.131071725108428 ], [ 100.456553797586437, 7.13116155663685 ], [ 100.455835145359288, 7.131161556636864 ], [ 100.455835145359273, 7.131071725108421 ], [ 100.455745313830761, 7.131071725108415 ], [ 100.455745313830775, 7.131161556636857 ], [ 100.455385987717008, 7.131161556636854 ], [ 100.455385987717008, 7.131251388165208 ], [ 100.455296156188481, 7.131251388165214 ], [ 100.455296156188481, 7.131341219693639 ], [ 100.455206324660324, 7.131341219693643 ], [ 100.455206324660324, 7.131520882750436 ], [ 100.455116493131783, 7.131520882750433 ], [ 100.455116493131769, 7.131970040392527 ], [ 100.45520632466031, 7.131970040392542 ], [ 100.455206324660296, 7.132329366506199 ], [ 100.455116493131797, 7.132329366506196 ], [ 100.455116493131783, 7.132688692619869 ], [ 100.455026661603242, 7.13268869261987 ], [ 100.45502666160327, 7.132778524148213 ], [ 100.455116493131797, 7.132778524148214 ], [ 100.455116493131797, 7.133407344847104 ], [ 100.45502666160327, 7.133407344847106 ], [ 100.45502666160327, 7.13349717637553 ], [ 100.454936830075084, 7.133497176375542 ], [ 100.45493683007507, 7.133676839432334 ], [ 100.454846998546557, 7.133676839432333 ], [ 100.454846998546557, 7.134395491659659 ], [ 100.454936830075084, 7.134395491659643 ], [ 100.454936830075084, 7.134575154716438 ], [ 100.455026661603256, 7.13457515471644 ], [ 100.45502666160327, 7.134664986244885 ], [ 100.455116493131783, 7.134664986244881 ], [ 100.455116493131797, 7.135114143886975 ], [ 100.455026661603242, 7.135114143886985 ], [ 100.45502666160327, 7.135293806943768 ], [ 100.455116493131783, 7.135293806943761 ], [ 100.455116493131783, 7.135383638472209 ], [ 100.45520632466031, 7.135383638472215 ], [ 100.45520632466031, 7.13547347000056 ], [ 100.455296156188481, 7.135473470000558 ], [ 100.455296156188481, 7.135563301528999 ], [ 100.455385987717008, 7.135563301528987 ], [ 100.455385987717008, 7.135653133057427 ], [ 100.455475819245549, 7.135653133057427 ], [ 100.455475819245535, 7.135742964585861 ], [ 100.455565650773707, 7.135742964585873 ], [ 100.455565650773707, 7.135832796114225 ], [ 100.455655482302234, 7.135832796114223 ], [ 100.45565548230222, 7.136012459171098 ], [ 100.455745313830747, 7.136012459171087 ], [ 100.455745313830761, 7.136102290699447 ], [ 100.455924976887459, 7.136102290699452 ], [ 100.455924976887474, 7.13619212222789 ], [ 100.456284303001226, 7.136192122227889 ], [ 100.456284303001198, 7.136281953756323 ], [ 100.457362281342114, 7.136281953756317 ], [ 100.457362281342114, 7.136192122227881 ], [ 100.457452112870641, 7.13619212222789 ], [ 100.457452112870627, 7.136102290699453 ], [ 100.457631775927339, 7.13610229069944 ], [ 100.457631775927339, 7.135922627642664 ], [ 100.457721607455881, 7.135922627642665 ], [ 100.457721607455866, 7.135473470000547 ], [ 100.457631775927339, 7.135473470000548 ] ], [ [ 100.462842004575165, 7.1292750945402 ], [ 100.463021667632205, 7.129275094540183 ], [ 100.463021667632205, 7.129185263011755 ], [ 100.463201330688889, 7.129185263011746 ], [ 100.463201330688904, 7.129095431483308 ], [ 100.463470825274129, 7.129095431483304 ], [ 100.463470825274129, 7.129275094540191 ], [ 100.463560656802656, 7.129275094540195 ], [ 100.463560656802656, 7.129364926068534 ], [ 100.463650488330828, 7.129364926068545 ], [ 100.463650488330828, 7.129724252182207 ], [ 100.46356065680267, 7.129724252182208 ], [ 100.463560656802656, 7.129814083710645 ], [ 100.463470825274129, 7.129814083710648 ], [ 100.463470825274129, 7.129993746767425 ], [ 100.463380993745588, 7.129993746767425 ], [ 100.463380993745602, 7.130083578295864 ], [ 100.46329116221743, 7.130083578295862 ], [ 100.463291162217416, 7.130173409824314 ], [ 100.463201330688889, 7.130173409824311 ], [ 100.463201330688904, 7.130083578295863 ], [ 100.463021667632205, 7.130083578295865 ], [ 100.463021667632205, 7.129993746767438 ], [ 100.462842004575137, 7.129993746767437 ], [ 100.462842004575151, 7.129814083710645 ], [ 100.462752173046979, 7.129814083710645 ], [ 100.462752173046994, 7.129454757596982 ], [ 100.462842004575151, 7.129454757596988 ], [ 100.462842004575165, 7.1292750945402 ] ], [ [ 100.463560656802656, 7.13493448083011 ], [ 100.463470825274129, 7.134934480830097 ], [ 100.463470825274129, 7.135203975415329 ], [ 100.463380993745588, 7.135203975415337 ], [ 100.463380993745588, 7.135293806943775 ], [ 100.463291162217445, 7.135293806943769 ], [ 100.46329116221743, 7.1353836384722 ], [ 100.463111499160377, 7.13538363847221 ], [ 100.463111499160377, 7.135293806943765 ], [ 100.462482678461754, 7.135293806943767 ], [ 100.462482678461768, 7.135203975415328 ], [ 100.462303015404714, 7.135203975415339 ], [ 100.4623030154047, 7.135114143886986 ], [ 100.462213183876543, 7.135114143886979 ], [ 100.462213183876528, 7.135024312358546 ], [ 100.462123352348002, 7.135024312358538 ], [ 100.462123352348016, 7.134844649301747 ], [ 100.46203352081946, 7.134844649301759 ], [ 100.46203352081946, 7.134754817773325 ], [ 100.462123352348002, 7.134754817773326 ], [ 100.462123352348002, 7.134575154716449 ], [ 100.462662341518453, 7.134575154716442 ], [ 100.462662341518453, 7.134664986244884 ], [ 100.462931836103678, 7.134664986244868 ], [ 100.462931836103692, 7.134575154716435 ], [ 100.463470825274129, 7.134575154716432 ], [ 100.463470825274129, 7.134754817773314 ], [ 100.463560656802656, 7.134754817773323 ], [ 100.463560656802656, 7.13493448083011 ] ] ], [ [ [ 100.478832016632694, 7.134125997074436 ], [ 100.478742185104167, 7.134125997074436 ], [ 100.478742185104167, 7.134036165545989 ], [ 100.47865235357564, 7.134036165545986 ], [ 100.47865235357564, 7.133946334017558 ], [ 100.478562522047469, 7.133946334017554 ], [ 100.478562522047469, 7.133856502489211 ], [ 100.478293027462257, 7.133856502489206 ], [ 100.478293027462229, 7.133766670960759 ], [ 100.478203195933716, 7.133766670960755 ], [ 100.47820319593373, 7.133497176375529 ], [ 100.478113364405189, 7.13349717637554 ], [ 100.478113364405175, 7.133407344847109 ], [ 100.478023532877003, 7.133407344847099 ], [ 100.478023532877017, 7.133317513318755 ], [ 100.477754038291792, 7.13331751331875 ], [ 100.477754038291792, 7.13349717637553 ], [ 100.477574375234738, 7.133497176375533 ], [ 100.477574375234724, 7.133587007903969 ], [ 100.477304880649513, 7.133587007903982 ], [ 100.477304880649513, 7.133676839432327 ], [ 100.477215049121, 7.133676839432327 ], [ 100.477215049120986, 7.133766670960759 ], [ 100.477125217592814, 7.13376667096076 ], [ 100.4771252175928, 7.133946334017551 ], [ 100.477035386064287, 7.133946334017547 ], [ 100.477035386064301, 7.134125997074421 ], [ 100.4771252175928, 7.134125997074426 ], [ 100.477125217592814, 7.134305660131224 ], [ 100.477215049120971, 7.134305660131222 ], [ 100.477215049120986, 7.134395491659643 ], [ 100.477304880649513, 7.13439549165966 ], [ 100.477304880649513, 7.134305660131208 ], [ 100.477754038291792, 7.134305660131206 ], [ 100.477754038291792, 7.134215828602865 ], [ 100.477843869819949, 7.134215828602869 ], [ 100.477843869819964, 7.134305660131218 ], [ 100.477933701348491, 7.134305660131222 ], [ 100.477933701348491, 7.134395491659654 ], [ 100.478023532877017, 7.134395491659657 ], [ 100.478023532877003, 7.134485323188093 ], [ 100.478203195933716, 7.134485323188087 ], [ 100.478203195933716, 7.134575154716432 ], [ 100.478742185104167, 7.134575154716436 ], [ 100.478742185104167, 7.134485323188089 ], [ 100.478832016632694, 7.134485323188092 ], [ 100.478832016632694, 7.134395491659655 ], [ 100.478921848160851, 7.134395491659645 ], [ 100.478921848160851, 7.134215828602866 ], [ 100.478832016632694, 7.134215828602867 ], [ 100.478832016632694, 7.134125997074436 ] ] ], [ [ [ 100.46257250998994, 7.137539595154104 ], [ 100.462572509989911, 7.137449763625656 ], [ 100.462662341518453, 7.137449763625661 ], [ 100.462662341518453, 7.137270100568881 ], [ 100.462752173046965, 7.137270100568881 ], [ 100.462752173046979, 7.137000605983555 ], [ 100.462662341518453, 7.13700060598355 ], [ 100.462662341518467, 7.136910774455211 ], [ 100.462572509989926, 7.136910774455214 ], [ 100.462572509989926, 7.136820942926774 ], [ 100.462482678461754, 7.136820942926765 ], [ 100.46248267846174, 7.136731111398327 ], [ 100.462392846933227, 7.136731111398332 ], [ 100.462392846933227, 7.136641279869991 ], [ 100.462213183876543, 7.136641279869987 ], [ 100.462213183876514, 7.136551448341553 ], [ 100.462123352348002, 7.136551448341546 ], [ 100.462123352348002, 7.136461616813115 ], [ 100.46203352081946, 7.1364616168131 ], [ 100.46203352081946, 7.136371785284749 ], [ 100.461764026234249, 7.136371785284761 ], [ 100.461764026234249, 7.136551448341541 ], [ 100.461674194705708, 7.136551448341543 ], [ 100.461674194705722, 7.136641279869978 ], [ 100.461764026234249, 7.136641279869981 ], [ 100.461764026234249, 7.136820942926772 ], [ 100.461853857762776, 7.136820942926775 ], [ 100.461853857762776, 7.137180269040427 ], [ 100.461943689291303, 7.137180269040441 ], [ 100.461943689291303, 7.137539595154101 ], [ 100.46185385776279, 7.137539595154104 ], [ 100.461853857762776, 7.137719258210891 ], [ 100.461943689291303, 7.137719258210884 ], [ 100.461943689291303, 7.137809089739317 ], [ 100.462123352348002, 7.137809089739325 ], [ 100.462123352348002, 7.137719258210878 ], [ 100.462392846933241, 7.137719258210894 ], [ 100.462392846933227, 7.137629426682445 ], [ 100.462482678461754, 7.137629426682452 ], [ 100.46248267846174, 7.137539595154095 ], [ 100.46257250998994, 7.137539595154104 ] ] ], [ [ [ 100.464369140558333, 7.143558307557675 ], [ 100.464458972086518, 7.143558307557671 ], [ 100.464458972086504, 7.143378644500893 ], [ 100.464369140558333, 7.143378644500897 ], [ 100.464369140558347, 7.143288812972449 ], [ 100.464279309029806, 7.143288812972446 ], [ 100.464279309029806, 7.143109149915578 ], [ 100.464099645973107, 7.143109149915582 ], [ 100.464099645973107, 7.143019318387223 ], [ 100.46400981444458, 7.143019318387233 ], [ 100.464009814444594, 7.142929486858791 ], [ 100.463830151387867, 7.142929486858784 ], [ 100.463830151387882, 7.142390497688328 ], [ 100.463919982916067, 7.142390497688326 ], [ 100.463919982916053, 7.14230066615989 ], [ 100.463830151387882, 7.142300666159895 ], [ 100.463830151387882, 7.142121003103114 ], [ 100.463740319859355, 7.142121003103116 ], [ 100.463740319859355, 7.142031171574669 ], [ 100.463470825274143, 7.142031171574678 ], [ 100.463470825274129, 7.142121003103117 ], [ 100.463380993745602, 7.14212100310311 ], [ 100.463380993745602, 7.142210834631461 ], [ 100.463470825274143, 7.142210834631452 ], [ 100.463470825274129, 7.142659992273565 ], [ 100.463560656802656, 7.14265999227356 ], [ 100.463560656802656, 7.143109149915564 ], [ 100.463470825274129, 7.143109149915576 ], [ 100.463470825274129, 7.143558307557682 ], [ 100.463560656802642, 7.143558307557686 ], [ 100.46356065680267, 7.143737970614475 ], [ 100.463650488330828, 7.143737970614472 ], [ 100.463650488330828, 7.143827802142903 ], [ 100.463740319859355, 7.143827802142911 ], [ 100.463740319859369, 7.143917633671339 ], [ 100.46400981444458, 7.143917633671342 ], [ 100.46400981444458, 7.143827802142909 ], [ 100.464099645973121, 7.143827802142892 ], [ 100.464099645973093, 7.143737970614454 ], [ 100.464189477501279, 7.143737970614467 ], [ 100.464189477501279, 7.14364813908612 ], [ 100.464369140558318, 7.143648139086106 ], [ 100.464369140558333, 7.143558307557675 ] ] ], [ [ [ 100.468591222393769, 7.142300666159906 ], [ 100.468591222393783, 7.142390497688338 ], [ 100.468231896280017, 7.142390497688329 ], [ 100.468231896280003, 7.142570160745114 ], [ 100.46814206475149, 7.14257016074512 ], [ 100.468142064751504, 7.14283965533034 ], [ 100.468052233223318, 7.142839655330339 ], [ 100.468052233223332, 7.143558307557672 ], [ 100.467962401694791, 7.143558307557668 ], [ 100.467962401694791, 7.144007465199699 ], [ 100.468052233223304, 7.144007465199682 ], [ 100.468052233223318, 7.144097296728138 ], [ 100.468231896280017, 7.144097296728134 ], [ 100.468231896280017, 7.144187128256569 ], [ 100.468411559336715, 7.14418712825656 ], [ 100.468411559336715, 7.144097296728122 ], [ 100.468770885450468, 7.144097296728131 ], [ 100.468770885450468, 7.144187128256572 ], [ 100.468860716978995, 7.144187128256568 ], [ 100.468860716979009, 7.144276959785011 ], [ 100.468950548507166, 7.144276959785008 ], [ 100.468950548507181, 7.144366791313355 ], [ 100.46896996392897, 7.144366791313349 ], [ 100.469032024089358, 7.144213673359122 ], [ 100.469289979115146, 7.143660007295104 ], [ 100.469355721289602, 7.143471133584125 ], [ 100.46935357427806, 7.143215576003158 ], [ 100.469263437301862, 7.142906954027903 ], [ 100.468983597003728, 7.142458688198468 ], [ 100.468789519453168, 7.142300666159892 ], [ 100.468591222393769, 7.142300666159906 ] ], [ [ 100.468950548507166, 7.14337864450089 ], [ 100.469130211564234, 7.143378644500889 ], [ 100.469130211564234, 7.143737970614469 ], [ 100.469040380035693, 7.143737970614455 ], [ 100.469040380035693, 7.143827802142902 ], [ 100.468860716978995, 7.143827802142903 ], [ 100.46886071697898, 7.143737970614455 ], [ 100.468681053921941, 7.14373797061447 ], [ 100.468681053921955, 7.143558307557679 ], [ 100.468591222393769, 7.143558307557671 ], [ 100.468591222393769, 7.143378644500882 ], [ 100.468681053921927, 7.14337864450089 ], [ 100.468681053921941, 7.143288812972458 ], [ 100.46886071697898, 7.14328881297246 ], [ 100.468860716979009, 7.143198981444004 ], [ 100.468950548507166, 7.14319898144402 ], [ 100.468950548507166, 7.14337864450089 ] ] ], [ [ [ 100.471106505189326, 7.144995612012239 ], [ 100.471286168246024, 7.144995612012234 ], [ 100.471286168246039, 7.144905780483898 ], [ 100.471465831302723, 7.144905780483887 ], [ 100.471465831302709, 7.144815948955456 ], [ 100.471555662831264, 7.144815948955444 ], [ 100.471555662831264, 7.144546454370237 ], [ 100.471645494359777, 7.144546454370222 ], [ 100.471645494359777, 7.144276959785 ], [ 100.471735325887948, 7.144276959785002 ], [ 100.471735325887948, 7.143019318387227 ], [ 100.471645494359777, 7.14301931838723 ], [ 100.471645494359791, 7.142839655330352 ], [ 100.471555662831264, 7.142839655330353 ], [ 100.471555662831236, 7.142749823801991 ], [ 100.471286168246039, 7.142749823802007 ], [ 100.471286168246024, 7.14265999227357 ], [ 100.471106505189326, 7.142659992273563 ], [ 100.471106505189326, 7.142570160745131 ], [ 100.470837010603745, 7.14257016074512 ], [ 100.470837010603745, 7.142659992273558 ], [ 100.470747179075573, 7.142659992273565 ], [ 100.470747179075573, 7.14274982380199 ], [ 100.470567516018534, 7.142749823802009 ], [ 100.470567516018519, 7.142839655330339 ], [ 100.470477684490348, 7.142839655330349 ], [ 100.470477684490348, 7.142749823802005 ], [ 100.470298021433294, 7.142749823802005 ], [ 100.47029802143328, 7.142659992273567 ], [ 100.470208189905122, 7.142659992273562 ], [ 100.470208189905122, 7.142480329216686 ], [ 100.470118358376595, 7.142480329216685 ], [ 100.470118358376581, 7.142390497688327 ], [ 100.470028526848068, 7.142390497688345 ], [ 100.470028526848068, 7.142300666159889 ], [ 100.469938695319897, 7.142300666159906 ], [ 100.469938695319897, 7.142210834631452 ], [ 100.469848863791356, 7.142210834631468 ], [ 100.46984886379137, 7.142121003103118 ], [ 100.469579369206144, 7.142121003103103 ], [ 100.46957936920613, 7.14221083463145 ], [ 100.469483025211233, 7.142210834631465 ], [ 100.469446709187338, 7.142279933944404 ], [ 100.469408854575804, 7.142582904845568 ], [ 100.469493324774476, 7.143019358699775 ], [ 100.469664995736636, 7.143414732582469 ], [ 100.469943874597348, 7.143748679131905 ], [ 100.470174099799806, 7.143901432147848 ], [ 100.470396520094255, 7.14392646844771 ], [ 100.470584480795836, 7.143857630605892 ], [ 100.470643890673401, 7.143715900088261 ], [ 100.470625018241151, 7.14355830755768 ], [ 100.470567516018519, 7.143558307557676 ], [ 100.470567516018519, 7.143468476029243 ], [ 100.470387852961821, 7.143468476029247 ], [ 100.470387852961821, 7.143288812972452 ], [ 100.47029802143328, 7.143288812972449 ], [ 100.470298021433294, 7.14319898144402 ], [ 100.470387852961821, 7.143198981444015 ], [ 100.470387852961821, 7.14301931838723 ], [ 100.470657347547061, 7.143019318387219 ], [ 100.470657347547046, 7.143109149915582 ], [ 100.470747179075573, 7.143109149915572 ], [ 100.470747179075573, 7.143256813021763 ], [ 100.470754452532788, 7.143250900000941 ], [ 100.470949592254073, 7.143235808863533 ], [ 100.471084994111251, 7.143322108409523 ], [ 100.471194473848087, 7.143529684879314 ], [ 100.471215413323392, 7.143616937284787 ], [ 100.471155772791505, 7.143731774693174 ], [ 100.470760501060141, 7.143970495631661 ], [ 100.470687349249857, 7.144078720452679 ], [ 100.470614525568891, 7.144227294095844 ], [ 100.470514208827325, 7.144308838249326 ], [ 100.470178625759857, 7.144439449295644 ], [ 100.470011719482613, 7.144608986104412 ], [ 100.469886336525263, 7.144912688169867 ], [ 100.469579369206144, 7.145290757899974 ], [ 100.469579369206144, 7.145354938125902 ], [ 100.469669200734657, 7.145354938125913 ], [ 100.469669200734671, 7.145624432711124 ], [ 100.46957936920613, 7.14562443271113 ], [ 100.469579369206144, 7.145983758824796 ], [ 100.469669200734671, 7.145983758824785 ], [ 100.469669200734671, 7.146073590353235 ], [ 100.470028526848068, 7.146073590353234 ], [ 100.470028526848083, 7.145983758824793 ], [ 100.470837010603745, 7.145983758824795 ], [ 100.470837010603745, 7.145893927296356 ], [ 100.471016673660785, 7.145893927296356 ], [ 100.471016673660813, 7.14508544354067 ], [ 100.471106505189326, 7.145085443540682 ], [ 100.471106505189326, 7.144995612012239 ] ] ], [ [ [ 100.454426102354802, 7.145309386678584 ], [ 100.45441044736512, 7.145212852509203 ], [ 100.45439612327192, 7.14514429837706 ], [ 100.454304901301057, 7.145008557471256 ], [ 100.454155089311769, 7.144869131581132 ], [ 100.454154846156769, 7.144869255333611 ], [ 100.454013903721162, 7.144771645824255 ], [ 100.453868755140903, 7.144582993067096 ], [ 100.453740816496136, 7.144452536056838 ], [ 100.4532157780787, 7.144110978365014 ], [ 100.453144137914407, 7.14426620567646 ], [ 100.453091135065634, 7.144394399606524 ], [ 100.453062244222139, 7.144443649960794 ], [ 100.45305826253896, 7.14445227732753 ], [ 100.453056508709295, 7.144456622841796 ], [ 100.453140199506663, 7.144456622841783 ], [ 100.453140199506677, 7.144366791313345 ], [ 100.45349952562043, 7.144366791313359 ], [ 100.45349952562043, 7.144456622841787 ], [ 100.453589357148942, 7.1444566228418 ], [ 100.453589357148957, 7.144546454370229 ], [ 100.453679188677143, 7.144546454370218 ], [ 100.453679188677128, 7.144636285898587 ], [ 100.453769020205655, 7.14463628589857 ], [ 100.453769020205655, 7.144995612012239 ], [ 100.453679188677128, 7.144995612012233 ], [ 100.453679188677128, 7.145085443540677 ], [ 100.453409694091903, 7.145085443540673 ], [ 100.453409694091903, 7.145265106597463 ], [ 100.453319862563717, 7.145265106597459 ], [ 100.453319862563717, 7.145444769654354 ], [ 100.453409694091889, 7.145444769654351 ], [ 100.453409694091903, 7.145624432711138 ], [ 100.45349952562043, 7.145624432711133 ], [ 100.453499525620444, 7.145714264239566 ], [ 100.453679188677143, 7.145714264239566 ], [ 100.453679188677128, 7.145804095768006 ], [ 100.4537635131488, 7.145804095767999 ], [ 100.453912468660818, 7.145719089481998 ], [ 100.453909765905905, 7.14589392729635 ], [ 100.454038514790881, 7.14589392729636 ], [ 100.454038514790881, 7.145983758824793 ], [ 100.454128346319408, 7.145983758824805 ], [ 100.454128346319408, 7.146073590353237 ], [ 100.454218177847579, 7.146073590353237 ], [ 100.454218177847579, 7.146163421881588 ], [ 100.454397840904633, 7.146163421881589 ], [ 100.454397840904633, 7.146343084938458 ], [ 100.454577503961346, 7.146343084938448 ], [ 100.454577503961332, 7.146432916466903 ], [ 100.454667335489859, 7.146432916466898 ], [ 100.454667335489873, 7.146522747995252 ], [ 100.454846998546572, 7.146522747995255 ], [ 100.454846998546572, 7.146612579523692 ], [ 100.455026661603256, 7.146612579523694 ], [ 100.455026661603256, 7.14670241105213 ], [ 100.455116493131769, 7.146702411052128 ], [ 100.455116493131783, 7.146792242580461 ], [ 100.455296156188481, 7.146792242580469 ], [ 100.455296156188481, 7.146878345411026 ], [ 100.455308353318543, 7.146882074108907 ], [ 100.455385987717008, 7.146882074108913 ], [ 100.455385987717008, 7.146905807168605 ], [ 100.455531669590698, 7.146950342537958 ], [ 100.455740369745442, 7.147061737165694 ], [ 100.455745313830747, 7.147061737165694 ], [ 100.455745313830761, 7.147064376092994 ], [ 100.455808728440147, 7.147098223920385 ], [ 100.455979070957838, 7.147140188732457 ], [ 100.456018389603258, 7.147112527642581 ], [ 100.455871884138759, 7.146885515316588 ], [ 100.455858856899312, 7.146872925782806 ], [ 100.455742646111375, 7.146788287273454 ], [ 100.455504880853141, 7.146552299785947 ], [ 100.455480831618374, 7.146507601873379 ], [ 100.455129955477332, 7.146168514912814 ], [ 100.45509918965314, 7.146150569214289 ], [ 100.455034650444404, 7.146133044893369 ], [ 100.454950502584694, 7.146130413068915 ], [ 100.454784017712143, 7.146081099419587 ], [ 100.454738533904305, 7.146033483812829 ], [ 100.454684001499587, 7.146002962820429 ], [ 100.454635249811318, 7.14594752480634 ], [ 100.454549613794015, 7.145890891120072 ], [ 100.454500471411478, 7.145769295424522 ], [ 100.454469248226118, 7.145724307350984 ], [ 100.454442578330131, 7.145653529126374 ], [ 100.454435449712975, 7.145608408665569 ], [ 100.454420950505622, 7.14557253248061 ], [ 100.454430100365158, 7.145408325798134 ], [ 100.454430258014611, 7.145397571486212 ], [ 100.454426102354802, 7.145309386678584 ] ] ], [ [ [ 100.471465831302723, 7.147780389393029 ], [ 100.47155566283125, 7.147780389393021 ], [ 100.47155566283125, 7.147690557864582 ], [ 100.471645494359777, 7.147690557864588 ], [ 100.471645494359777, 7.147600726336243 ], [ 100.471825157416475, 7.147600726336228 ], [ 100.471825157416475, 7.147510894807789 ], [ 100.471914988945002, 7.147510894807807 ], [ 100.471914988945002, 7.147421063279363 ], [ 100.472004820473188, 7.147421063279358 ], [ 100.47200482047316, 7.147331231751004 ], [ 100.472094652001687, 7.147331231751018 ], [ 100.472094652001701, 7.146432916466899 ], [ 100.471825157416475, 7.1464329164669 ], [ 100.471825157416461, 7.146612579523687 ], [ 100.471735325887948, 7.146612579523681 ], [ 100.471735325887934, 7.147061737165708 ], [ 100.471645494359777, 7.147061737165703 ], [ 100.471645494359777, 7.14715156869414 ], [ 100.47155566283125, 7.147151568694134 ], [ 100.47155566283125, 7.147241400222581 ], [ 100.471106505189312, 7.14724140022258 ], [ 100.471106505189326, 7.147151568694134 ], [ 100.470926842132272, 7.147151568694131 ], [ 100.470926842132272, 7.146971905637342 ], [ 100.470837010603745, 7.146971905637352 ], [ 100.470837010603745, 7.146882074108905 ], [ 100.470926842132272, 7.146882074108911 ], [ 100.470926842132272, 7.146792242580476 ], [ 100.471286168246024, 7.146792242580471 ], [ 100.47128616824601, 7.146702411052112 ], [ 100.471375999774551, 7.146702411052114 ], [ 100.471375999774537, 7.146612579523687 ], [ 100.471465831302709, 7.146612579523688 ], [ 100.471465831302723, 7.146432916466888 ], [ 100.470926842132272, 7.146432916466903 ], [ 100.470926842132286, 7.146522747995237 ], [ 100.470837010603745, 7.146522747995252 ], [ 100.470837010603745, 7.146612579523677 ], [ 100.470747179075573, 7.146612579523688 ], [ 100.470747179075573, 7.146702411052123 ], [ 100.470567516018519, 7.146702411052121 ], [ 100.470567516018519, 7.14679224258048 ], [ 100.47029802143328, 7.146792242580475 ], [ 100.47029802143328, 7.146702411052114 ], [ 100.469938695319897, 7.146702411052123 ], [ 100.469938695319897, 7.146792242580475 ], [ 100.469489537677617, 7.146792242580476 ], [ 100.469489537677617, 7.147241400222581 ], [ 100.469579369206144, 7.147241400222565 ], [ 100.469579369206144, 7.147421063279361 ], [ 100.469759032262843, 7.147421063279362 ], [ 100.469759032262857, 7.147510894807797 ], [ 100.470028526848068, 7.147510894807799 ], [ 100.470028526848083, 7.147600726336235 ], [ 100.470208189905122, 7.147600726336242 ], [ 100.470208189905136, 7.147690557864585 ], [ 100.470387852961821, 7.147690557864582 ], [ 100.470387852961821, 7.147780389393016 ], [ 100.470657347547046, 7.147780389393022 ], [ 100.470657347547046, 7.14787022092147 ], [ 100.470926842132272, 7.147870220921465 ], [ 100.470926842132272, 7.148049883978252 ], [ 100.471106505189326, 7.148049883978255 ], [ 100.471106505189326, 7.148139715506692 ], [ 100.471196336717497, 7.148139715506685 ], [ 100.471196336717497, 7.148049883978246 ], [ 100.471286168246039, 7.148049883978252 ], [ 100.471286168246024, 7.147960052449902 ], [ 100.471375999774565, 7.147960052449902 ], [ 100.471375999774551, 7.147870220921463 ], [ 100.471465831302723, 7.14787022092146 ], [ 100.471465831302723, 7.147780389393029 ] ] ], [ [ [ 100.452960536449979, 7.149577019961261 ], [ 100.453050367978506, 7.149577019961246 ], [ 100.453050367978506, 7.149487188432905 ], [ 100.453294171522884, 7.149487188432912 ], [ 100.453354560625669, 7.149463051112771 ], [ 100.45337277273633, 7.149384632884678 ], [ 100.453738624305814, 7.148665617932826 ], [ 100.453807690545815, 7.148332732815394 ], [ 100.453806796485537, 7.148049883978241 ], [ 100.453769020205655, 7.148049883978239 ], [ 100.453769020205641, 7.14796005244991 ], [ 100.453679188677128, 7.147960052449896 ], [ 100.453679188677143, 7.14804988397824 ], [ 100.453230031035204, 7.148049883978246 ], [ 100.453230031035204, 7.147960052449899 ], [ 100.453087962150548, 7.147960052449905 ], [ 100.453086717795529, 7.148070702560758 ], [ 100.453045480016115, 7.148465808872683 ], [ 100.452971045564638, 7.148697806609875 ], [ 100.452929735850148, 7.14878091757874 ], [ 100.452926972776183, 7.148790169860186 ], [ 100.452871961081613, 7.148916062760116 ], [ 100.452808162502038, 7.149025020369345 ], [ 100.452749716842433, 7.149111154477639 ], [ 100.452680105180576, 7.149211657952524 ], [ 100.452652216940677, 7.149249016879675 ], [ 100.452650451051468, 7.14924746161228 ], [ 100.452458417659614, 7.149432414187936 ], [ 100.452443980584874, 7.149450249146865 ], [ 100.452243752496898, 7.149781467938116 ], [ 100.452147720442511, 7.149999129410609 ], [ 100.452141669130867, 7.150103425690135 ], [ 100.45213193018219, 7.150211569023269 ], [ 100.452152052694302, 7.150289874069358 ], [ 100.452152052694302, 7.150205840660144 ], [ 100.452241884222474, 7.150205840660139 ], [ 100.452241884222488, 7.150026177603353 ], [ 100.452519709442726, 7.150026177603364 ], [ 100.452673383609451, 7.14973914063139 ], [ 100.452960536449979, 7.149621641077378 ], [ 100.452960536449979, 7.149577019961261 ] ] ], [ [ [ 100.497337311485424, 7.087952591470644 ], [ 100.497157648428754, 7.087952591470655 ], [ 100.497157648428754, 7.087862759942293 ], [ 100.497067816900227, 7.087862759942291 ], [ 100.497067816900213, 7.087772928413868 ], [ 100.4969779853717, 7.087772928413869 ], [ 100.496977985371686, 7.087503433828632 ], [ 100.497067816900213, 7.08750343382863 ], [ 100.497067816900199, 7.087413602300201 ], [ 100.497337311485438, 7.087413602300205 ], [ 100.497337311485438, 7.087503433828635 ], [ 100.497516974542137, 7.087503433828629 ], [ 100.497516974542151, 7.087683096885425 ], [ 100.49760680607065, 7.087683096885434 ], [ 100.497606806070664, 7.087772928413858 ], [ 100.497786469127348, 7.087772928413861 ], [ 100.497786469127362, 7.087683096885417 ], [ 100.498055963712588, 7.087683096885425 ], [ 100.498055963712574, 7.087593265356984 ], [ 100.49841528982634, 7.087593265356978 ], [ 100.498415289826326, 7.087683096885433 ], [ 100.498684784411566, 7.087683096885434 ], [ 100.498684784411566, 7.087772928413857 ], [ 100.49886444746862, 7.087772928413871 ], [ 100.49886444746862, 7.087862759942308 ], [ 100.498954278996791, 7.087862759942295 ], [ 100.498954278996791, 7.087952591470644 ], [ 100.499044110525304, 7.087952591470647 ], [ 100.499044110525332, 7.088048439288431 ], [ 100.49906177880213, 7.088044909417801 ], [ 100.499191683157107, 7.088034247572629 ], [ 100.499403436639057, 7.087973820395403 ], [ 100.499403436639071, 7.087952591470652 ], [ 100.499475606861211, 7.087952591470653 ], [ 100.499493268167242, 7.087945660370959 ], [ 100.499493268167242, 7.087772928413854 ], [ 100.499583099695769, 7.087772928413855 ], [ 100.499583099695784, 7.087683096885414 ], [ 100.499942425809522, 7.087683096885432 ], [ 100.499942425809536, 7.087762479455637 ], [ 100.500091738862807, 7.087658503965544 ], [ 100.50041430124034, 7.087475843039429 ], [ 100.500603534625924, 7.08733666072903 ], [ 100.500742571698993, 7.087188606279724 ], [ 100.50074248366397, 7.087161399966154 ], [ 100.500694053034067, 7.087082490634204 ], [ 100.500524652793729, 7.086842404114644 ], [ 100.500520459823335, 7.086836565084325 ], [ 100.500406538936474, 7.086677964227969 ], [ 100.500178413778954, 7.086391522809639 ], [ 100.499996004678252, 7.086180651521744 ], [ 100.499932844463672, 7.086106027096434 ], [ 100.49970583503206, 7.085837827124076 ], [ 100.499429505848695, 7.085519019179945 ], [ 100.499422196557319, 7.085511903379728 ], [ 100.499060133485784, 7.085159262688592 ], [ 100.498987568031254, 7.085066682050583 ], [ 100.49896283327196, 7.085028280259149 ], [ 100.498936383730367, 7.085000198228146 ], [ 100.498822049942135, 7.084811267738587 ], [ 100.498655681266868, 7.084593359997488 ], [ 100.498640679347517, 7.08457153287978 ], [ 100.498594467115879, 7.084524326748579 ], [ 100.498511854590703, 7.084479820949714 ], [ 100.498430346080553, 7.084396717303886 ], [ 100.498269075069331, 7.084119289569242 ], [ 100.498254916906134, 7.084103075259079 ], [ 100.498244119517125, 7.084076359582824 ], [ 100.498190331597215, 7.083983830487413 ], [ 100.498082755869362, 7.083643546161372 ], [ 100.498080135517057, 7.08364067810686 ], [ 100.497613890634, 7.083640678106861 ], [ 100.497488457527609, 7.083718576728635 ], [ 100.497324794253402, 7.083881410804099 ], [ 100.497180253102059, 7.083986632558971 ], [ 100.497130264601267, 7.083969188791029 ], [ 100.497116590227634, 7.083928226353845 ], [ 100.49709334896734, 7.08390695760799 ], [ 100.496874739704737, 7.083890324589292 ], [ 100.496350740408872, 7.08377388986183 ], [ 100.496208040400603, 7.083786086471497 ], [ 100.496172959105238, 7.083742708524214 ], [ 100.496207435490362, 7.083719906959493 ], [ 100.496363983014817, 7.083698584270018 ], [ 100.496535929524114, 7.083728804673701 ], [ 100.49687684290447, 7.083835187271904 ], [ 100.497206103963791, 7.083876257296982 ], [ 100.497269714992058, 7.083852659188525 ], [ 100.497400126751316, 7.083715404194856 ], [ 100.497565516640108, 7.083576475340118 ], [ 100.497606806070664, 7.083553007727991 ], [ 100.497606806070664, 7.083550846578516 ], [ 100.497516974542137, 7.083550846578523 ], [ 100.497516974542137, 7.083371183521644 ], [ 100.497606806070664, 7.083371183521638 ], [ 100.497606806070678, 7.083281351993288 ], [ 100.497696637599191, 7.083281351993296 ], [ 100.497696637599191, 7.083191520464845 ], [ 100.497786469127362, 7.083191520464846 ], [ 100.497786469127362, 7.083101688936415 ], [ 100.497828547598914, 7.083101688936408 ], [ 100.497828451322874, 7.083090554986378 ], [ 100.497828376900799, 7.083090352577359 ], [ 100.497816445998566, 7.083044214537305 ], [ 100.497625756577946, 7.082521608931136 ], [ 100.497524077609413, 7.08242278516357 ], [ 100.49750402480592, 7.082382249627213 ], [ 100.497509667938473, 7.082163525621379 ], [ 100.497536643090882, 7.081909975337849 ], [ 100.497581777981907, 7.081707981136493 ], [ 100.497606806070678, 7.081626739526596 ], [ 100.49760680607065, 7.081215226839749 ], [ 100.497516974542137, 7.081215226839737 ], [ 100.497516974542137, 7.081125395311399 ], [ 100.497427143013979, 7.081125395311404 ], [ 100.497427143013965, 7.08094573225452 ], [ 100.497067816900213, 7.080945732254517 ], [ 100.497067816900213, 7.081035563782958 ], [ 100.49670849078646, 7.081035563782959 ], [ 100.49670849078646, 7.080945732254521 ], [ 100.496618659258289, 7.080945732254527 ], [ 100.496618659258289, 7.080766069197728 ], [ 100.496708490786446, 7.08076606919774 ], [ 100.49670849078646, 7.080586406140855 ], [ 100.496798322314987, 7.080586406140862 ], [ 100.496798322314987, 7.080496574612515 ], [ 100.496888153843514, 7.0804965746125 ], [ 100.496888153843514, 7.080406743084072 ], [ 100.497157648428754, 7.08040674308406 ], [ 100.49715764842874, 7.080316911555628 ], [ 100.497247479956911, 7.080316911555631 ], [ 100.497247479956911, 7.08004741697041 ], [ 100.497067816900199, 7.08004741697041 ], [ 100.497067816900213, 7.079957585441974 ], [ 100.496708490786474, 7.079957585441958 ], [ 100.496708490786446, 7.08004741697041 ], [ 100.496528827729747, 7.080047416970409 ], [ 100.496528827729762, 7.080137248498835 ], [ 100.496438996201249, 7.080137248498835 ], [ 100.496438996201235, 7.080047416970411 ], [ 100.496349164673063, 7.080047416970408 ], [ 100.496349164673049, 7.080137248498851 ], [ 100.496079670087838, 7.080137248498843 ], [ 100.496079670087852, 7.080227080027278 ], [ 100.495989838559296, 7.080227080027274 ], [ 100.495989838559311, 7.080316911555622 ], [ 100.495900007030784, 7.080316911555634 ], [ 100.495900007030784, 7.08040674308406 ], [ 100.495720343974071, 7.080406743084072 ], [ 100.495720343974085, 7.080496574612509 ], [ 100.495091523275107, 7.080496574612514 ], [ 100.495091523275093, 7.080586406140863 ], [ 100.495001691746594, 7.08058640614085 ], [ 100.49500169174658, 7.080676237669289 ], [ 100.494911860218409, 7.08067623766929 ], [ 100.494911860218409, 7.080766069197742 ], [ 100.494822028689882, 7.080766069197738 ], [ 100.494822028689882, 7.080855900726163 ], [ 100.494732197161355, 7.080855900726169 ], [ 100.494732197161355, 7.080945732254529 ], [ 100.494552534104656, 7.080945732254523 ], [ 100.49455253410467, 7.081035563782967 ], [ 100.494462702576129, 7.081035563782955 ], [ 100.494462702576129, 7.081125395311392 ], [ 100.494283039519431, 7.081125395311387 ], [ 100.494283039519431, 7.081215226839748 ], [ 100.494103376462732, 7.081215226839738 ], [ 100.494103376462732, 7.081305058368183 ], [ 100.493923713405678, 7.081305058368189 ], [ 100.493923713405678, 7.081394889896617 ], [ 100.493744050348965, 7.081394889896612 ], [ 100.49374405034898, 7.081484721424962 ], [ 100.493654218820453, 7.081484721424968 ], [ 100.493654218820453, 7.081574552953409 ], [ 100.493384724235213, 7.081574552953417 ], [ 100.493384724235227, 7.081664384481848 ], [ 100.493294892707056, 7.081664384481841 ], [ 100.493294892707056, 7.081844047538642 ], [ 100.493205061178529, 7.081844047538633 ], [ 100.493205061178529, 7.082383036709169 ], [ 100.493115229650016, 7.082383036709176 ], [ 100.493115229650002, 7.082472868237527 ], [ 100.492944461894339, 7.082472868237524 ], [ 100.493022482786387, 7.082832194351179 ], [ 100.49302539812183, 7.082832194351189 ], [ 100.49302539812183, 7.082742362822754 ], [ 100.493205061178529, 7.082742362822747 ], [ 100.493205061178529, 7.082832194351183 ], [ 100.493294892707056, 7.082832194351179 ], [ 100.493294892707056, 7.082922025879625 ], [ 100.493384724235227, 7.082922025879625 ], [ 100.493384724235241, 7.083011857407977 ], [ 100.49347455576374, 7.083011857407977 ], [ 100.493474555763754, 7.083550846578522 ], [ 100.493564387292295, 7.08355084657851 ], [ 100.493564387292267, 7.084179667277409 ], [ 100.493654218820453, 7.084179667277394 ], [ 100.493654218820453, 7.084359330334194 ], [ 100.493744050348965, 7.084359330334184 ], [ 100.49374405034898, 7.08444916186263 ], [ 100.493833881877507, 7.084449161862619 ], [ 100.493833881877507, 7.084538993390971 ], [ 100.494013544934205, 7.084538993390975 ], [ 100.494013544934205, 7.084628824919425 ], [ 100.494103376462732, 7.084628824919418 ], [ 100.494103376462732, 7.084538993390981 ], [ 100.494283039519416, 7.084538993390981 ], [ 100.494283039519431, 7.08444916186263 ], [ 100.494462702576129, 7.084449161862632 ], [ 100.494462702576129, 7.084359330334185 ], [ 100.494822028689882, 7.084359330334199 ], [ 100.494822028689896, 7.084449161862632 ], [ 100.494911860218409, 7.084449161862637 ], [ 100.494911860218409, 7.084538993390974 ], [ 100.495001691746594, 7.084538993390973 ], [ 100.49500169174658, 7.084628824919416 ], [ 100.495091523275107, 7.08462882491941 ], [ 100.495091523275107, 7.084988151033087 ], [ 100.495181354803634, 7.084988151033091 ], [ 100.495181354803648, 7.085077982561516 ], [ 100.495271186331806, 7.085077982561514 ], [ 100.495271186331806, 7.084988151033082 ], [ 100.495361017860347, 7.084988151033082 ], [ 100.495361017860333, 7.084898319504647 ], [ 100.495630512445558, 7.084898319504644 ], [ 100.495630512445558, 7.085077982561523 ], [ 100.495720343974085, 7.085077982561519 ], [ 100.495720343974071, 7.08516781408987 ], [ 100.495810175502612, 7.08516781408986 ], [ 100.495810175502598, 7.085257645618313 ], [ 100.495720343974085, 7.085257645618301 ], [ 100.495720343974085, 7.08534747714675 ], [ 100.495810175502612, 7.085347477146746 ], [ 100.495810175502598, 7.085437308675178 ], [ 100.495720343974071, 7.085437308675178 ], [ 100.495720343974085, 7.085616971731969 ], [ 100.495630512445544, 7.085616971731966 ], [ 100.495630512445558, 7.085706803260407 ], [ 100.495540680917031, 7.085706803260408 ], [ 100.495540680917031, 7.085796634788762 ], [ 100.494732197161355, 7.08579663478876 ], [ 100.494732197161355, 7.085706803260415 ], [ 100.494372871047943, 7.085706803260399 ], [ 100.494372871047958, 7.085616971731979 ], [ 100.494283039519416, 7.085616971731959 ], [ 100.494283039519431, 7.085706803260414 ], [ 100.494103376462732, 7.085706803260398 ], [ 100.494103376462746, 7.085796634788754 ], [ 100.494013544934219, 7.085796634788759 ], [ 100.494013544934205, 7.085976297845634 ], [ 100.494103376462732, 7.085976297845625 ], [ 100.494103376462732, 7.08651528701608 ], [ 100.494193207990918, 7.086515287016083 ], [ 100.49419320799089, 7.086874613129741 ], [ 100.494283039519431, 7.086874613129738 ], [ 100.494283039519431, 7.087054276186542 ], [ 100.494372871047943, 7.087054276186539 ], [ 100.494372871047958, 7.087233939243411 ], [ 100.494462702576129, 7.087233939243405 ], [ 100.494462702576143, 7.087323770771766 ], [ 100.494552534104656, 7.08732377077177 ], [ 100.494552534104656, 7.087413602300195 ], [ 100.494642365633169, 7.087413602300207 ], [ 100.494642365633197, 7.08759326535699 ], [ 100.494732197161355, 7.087593265356976 ], [ 100.494732197161355, 7.087683096885432 ], [ 100.494822028689867, 7.087683096885427 ], [ 100.494822028689882, 7.087593265356986 ], [ 100.494911860218409, 7.087593265356996 ], [ 100.494911860218409, 7.08777292841387 ], [ 100.49500169174658, 7.087772928413855 ], [ 100.495001691746566, 7.088222086055869 ], [ 100.494911860218409, 7.088222086055875 ], [ 100.494911860218409, 7.088311917584312 ], [ 100.494642365633183, 7.088311917584315 ], [ 100.494642365633197, 7.08858141216954 ], [ 100.494732197161369, 7.088581412169538 ], [ 100.494732197161355, 7.088671243697975 ], [ 100.49500169174658, 7.088671243697985 ], [ 100.49500169174658, 7.088581412169529 ], [ 100.495361017860333, 7.088581412169532 ], [ 100.495361017860333, 7.08867124369797 ], [ 100.495540680917046, 7.088671243697967 ], [ 100.495540680917046, 7.088761075226413 ], [ 100.495630512445558, 7.088761075226416 ], [ 100.495630512445558, 7.088850906754763 ], [ 100.495720343974085, 7.088850906754768 ], [ 100.495720343974071, 7.088940738283197 ], [ 100.495810175502626, 7.088940738283206 ], [ 100.495810175502612, 7.089120401339989 ], [ 100.49590000703077, 7.089120401339984 ], [ 100.495900007030784, 7.089210232868438 ], [ 100.496169501616023, 7.089210232868423 ], [ 100.496169501616023, 7.089300064396863 ], [ 100.496528827729762, 7.089300064396864 ], [ 100.496528827729762, 7.08936364607697 ], [ 100.496831739663165, 7.089247672896037 ], [ 100.497068398356518, 7.089023600541331 ], [ 100.497137627870714, 7.088979808067418 ], [ 100.497629991412666, 7.088783591324459 ], [ 100.497671853294449, 7.088761075226409 ], [ 100.49760680607065, 7.088761075226418 ], [ 100.497606806070664, 7.088401749112752 ], [ 100.497516974542137, 7.088401749112748 ], [ 100.497516974542137, 7.088132254527517 ], [ 100.497427143013951, 7.088132254527531 ], [ 100.497427143013965, 7.088042422999091 ], [ 100.497337311485438, 7.088042422999085 ], [ 100.497337311485424, 7.087952591470644 ] ] ], [ [ [ 100.479909994973596, 7.109242663704261 ], [ 100.479909994973596, 7.109332495232695 ], [ 100.480359152615506, 7.109332495232694 ], [ 100.48035915261552, 7.10924266370427 ], [ 100.480628647200746, 7.109242663704261 ], [ 100.480628647200746, 7.109152832175909 ], [ 100.480987973314498, 7.109152832175925 ], [ 100.480987973314498, 7.10906300064747 ], [ 100.481167636371197, 7.109063000647486 ], [ 100.481167636371211, 7.108973169119047 ], [ 100.481347299428251, 7.108973169119047 ], [ 100.481347299428236, 7.10888333759069 ], [ 100.481524236660036, 7.108883337590691 ], [ 100.481526962484949, 7.108837412902096 ], [ 100.481526962484949, 7.10879350606226 ], [ 100.481529568541831, 7.108793506062256 ], [ 100.481540833170527, 7.108603719633985 ], [ 100.481634287463351, 7.108358668487599 ], [ 100.481728254320061, 7.108273646087624 ], [ 100.481784797518984, 7.108273465348819 ], [ 100.481813219722952, 7.108320442329088 ], [ 100.48181343082662, 7.108386336457202 ], [ 100.481663825419801, 7.108753943463456 ], [ 100.481663952161071, 7.108793506062249 ], [ 100.481886288598702, 7.108793506062242 ], [ 100.481886288598702, 7.108883337590694 ], [ 100.482155783183927, 7.108883337590681 ], [ 100.482155783183941, 7.108973169119041 ], [ 100.483682919166768, 7.108973169119041 ], [ 100.483682919166753, 7.108883337590681 ], [ 100.483952413751979, 7.10888333759068 ], [ 100.483952413751979, 7.108973169119039 ], [ 100.484132076809033, 7.10897316911904 ], [ 100.484132076809047, 7.109063000647482 ], [ 100.484311739865745, 7.109063000647473 ], [ 100.484311739865731, 7.109152832175914 ], [ 100.48449140292243, 7.109152832175914 ], [ 100.48449140292243, 7.109063000647467 ], [ 100.484581234450957, 7.109063000647482 ], [ 100.484581234450957, 7.108973169119041 ], [ 100.484671065979498, 7.108973169119035 ], [ 100.484671065979484, 7.108703674533807 ], [ 100.484760897507655, 7.10870367453382 ], [ 100.484760897507641, 7.108524011477033 ], [ 100.484850729036182, 7.108524011477034 ], [ 100.484850729036182, 7.108344348420153 ], [ 100.484940560564709, 7.108344348420148 ], [ 100.484940560564723, 7.108164685363354 ], [ 100.485030392092881, 7.108164685363361 ], [ 100.485030392092881, 7.1078053592497 ], [ 100.485106499081681, 7.107805359249707 ], [ 100.485120223621408, 7.107739262865864 ], [ 100.485120223621408, 7.107535864664468 ], [ 100.485162458105407, 7.107535864664476 ], [ 100.485210055149935, 7.107306640763285 ], [ 100.485210055149935, 7.107086707022465 ], [ 100.485255723145187, 7.10708670702247 ], [ 100.485336593632738, 7.106697240639321 ], [ 100.485405206148926, 7.106639198619248 ], [ 100.485472217324215, 7.106609594266572 ], [ 100.485517313849471, 7.106610689872761 ], [ 100.485928707377084, 7.106643569567905 ], [ 100.485928707377099, 7.106637549380364 ], [ 100.48646769654755, 7.10663754938036 ], [ 100.486467696547535, 7.106686647055614 ], [ 100.486491575215823, 7.106688555504039 ], [ 100.486737369125478, 7.106727380908797 ], [ 100.487186348775055, 7.106727380908794 ], [ 100.48718634877504, 7.106637549380348 ], [ 100.487455843360252, 7.106637549380355 ], [ 100.48745584336028, 7.106547717851914 ], [ 100.487545674888437, 7.106547717851911 ], [ 100.487545674888437, 7.106457886323565 ], [ 100.487725337945491, 7.106457886323581 ], [ 100.487725337945506, 7.106368054795142 ], [ 100.488084664058903, 7.106368054795132 ], [ 100.488084664058874, 7.106457886323563 ], [ 100.488264327115957, 7.106457886323567 ], [ 100.488264327115942, 7.10654771785192 ], [ 100.488533821701154, 7.106547717851921 ], [ 100.488533821701168, 7.106637549380357 ], [ 100.488803316286393, 7.106637549380354 ], [ 100.488803316286393, 7.106547717851913 ], [ 100.489162642399791, 7.106547717851919 ], [ 100.489162642399791, 7.106457886323572 ], [ 100.489521968513543, 7.10645788632357 ], [ 100.489521968513543, 7.106547717851914 ], [ 100.489611800042084, 7.10654771785192 ], [ 100.489611800042084, 7.106457886323575 ], [ 100.489701631570597, 7.106457886323578 ], [ 100.489701631570597, 7.106368054795131 ], [ 100.489791463098769, 7.106368054795134 ], [ 100.489791463098769, 7.106278223266686 ], [ 100.490150789212535, 7.106278223266693 ], [ 100.490150789212521, 7.106188391738249 ], [ 100.490510115326259, 7.106188391738266 ], [ 100.490510115326288, 7.106098560209912 ], [ 100.490959272968198, 7.106098560209904 ], [ 100.490959272968212, 7.106188391738262 ], [ 100.49104910449671, 7.106188391738253 ], [ 100.491049104496724, 7.106278223266686 ], [ 100.491138936024896, 7.106278223266692 ], [ 100.491138936024896, 7.106457886323578 ], [ 100.491049104496724, 7.106457886323581 ], [ 100.491049104496739, 7.106547717851924 ], [ 100.490779609911499, 7.106547717851929 ], [ 100.490779609911485, 7.106637549380364 ], [ 100.490599946854431, 7.106637549380357 ], [ 100.490599946854445, 7.106727380908796 ], [ 100.490510115326273, 7.106727380908791 ], [ 100.490510115326288, 7.10681721243715 ], [ 100.489252473928317, 7.106817212437142 ], [ 100.489252473928332, 7.106727380908803 ], [ 100.489162642399791, 7.106727380908806 ], [ 100.489162642399791, 7.106817212437145 ], [ 100.489072810871633, 7.10681721243714 ], [ 100.489072810871619, 7.106907043965577 ], [ 100.488982979343092, 7.10690704396559 ], [ 100.488982979343092, 7.107176538550803 ], [ 100.489072810871619, 7.10717653855081 ], [ 100.489072810871633, 7.107266370079256 ], [ 100.489252473928317, 7.107266370079241 ], [ 100.489252473928303, 7.107356201607685 ], [ 100.489701631570597, 7.107356201607686 ], [ 100.489701631570597, 7.107266370079246 ], [ 100.490420283797761, 7.107266370079252 ], [ 100.490420283797746, 7.107356201607677 ], [ 100.490510115326273, 7.107356201607685 ], [ 100.490510115326273, 7.107446033136027 ], [ 100.490599946854459, 7.107446033136027 ], [ 100.490599946854445, 7.107535864664484 ], [ 100.490779609911513, 7.107535864664479 ], [ 100.490779609911513, 7.107625696192905 ], [ 100.490869441439671, 7.107625696192903 ], [ 100.490869441439671, 7.107535864664482 ], [ 100.491408430610122, 7.107535864664466 ], [ 100.491408430610122, 7.107625696192921 ], [ 100.491498262138649, 7.107625696192918 ], [ 100.491498262138663, 7.107715527721265 ], [ 100.491588093667175, 7.107715527721271 ], [ 100.491588093667175, 7.107805359249709 ], [ 100.491677925195333, 7.107805359249702 ], [ 100.491677925195333, 7.108344348420153 ], [ 100.491767756723874, 7.108344348420144 ], [ 100.49176775672386, 7.108613843005467 ], [ 100.491857588252401, 7.108613843005473 ], [ 100.491857588252401, 7.10870367453381 ], [ 100.4920372513091, 7.108703674533804 ], [ 100.492037251309085, 7.108793506062246 ], [ 100.492216914365798, 7.108793506062254 ], [ 100.492216914365798, 7.108703674533805 ], [ 100.492666072008092, 7.10870367453381 ], [ 100.492666072008063, 7.10879350606226 ], [ 100.492755903536604, 7.108793506062248 ], [ 100.492755903536619, 7.10903001474068 ], [ 100.495605616084674, 7.109261470168907 ], [ 100.496438996201249, 7.109339065532573 ], [ 100.496438996201235, 7.109152832175907 ], [ 100.496528827729762, 7.109152832175918 ], [ 100.496528827729747, 7.108703674533809 ], [ 100.496438996201235, 7.108703674533809 ], [ 100.496438996201249, 7.108613843005467 ], [ 100.495810175502612, 7.108613843005464 ], [ 100.495810175502612, 7.108703674533819 ], [ 100.495361017860318, 7.10870367453382 ], [ 100.495361017860333, 7.108613843005467 ], [ 100.49527118633182, 7.108613843005464 ], [ 100.495271186331806, 7.108164685363371 ], [ 100.495181354803634, 7.108164685363367 ], [ 100.495181354803634, 7.108074853834931 ], [ 100.495091523275107, 7.108074853834927 ], [ 100.495091523275093, 7.107985022306575 ], [ 100.494911860218394, 7.107985022306575 ], [ 100.494911860218409, 7.107895190778133 ], [ 100.494822028689896, 7.10789519077814 ], [ 100.494822028689896, 7.106817212437145 ], [ 100.494911860218394, 7.106817212437138 ], [ 100.494911860218409, 7.106727380908806 ], [ 100.494822028689882, 7.106727380908799 ], [ 100.494822028689882, 7.106637549380348 ], [ 100.494911860218409, 7.106637549380348 ], [ 100.494911860218409, 7.106547717851912 ], [ 100.494822028689882, 7.106547717851918 ], [ 100.494822028689882, 7.106368054795128 ], [ 100.494732197161355, 7.106368054795126 ], [ 100.494732197161369, 7.106008728681464 ], [ 100.494822028689882, 7.106008728681459 ], [ 100.494822028689882, 7.105829065624682 ], [ 100.494732197161355, 7.105829065624679 ], [ 100.494732197161355, 7.105739234096253 ], [ 100.494642365633183, 7.105739234096235 ], [ 100.494642365633183, 7.105649402567813 ], [ 100.494372871047958, 7.105649402567813 ], [ 100.494372871047958, 7.105739234096254 ], [ 100.494283039519431, 7.10573923409625 ], [ 100.494283039519431, 7.105829065624678 ], [ 100.494372871047958, 7.10582906562469 ], [ 100.494372871047958, 7.106278223266696 ], [ 100.494283039519431, 7.106278223266687 ], [ 100.494283039519416, 7.106547717851924 ], [ 100.49419320799089, 7.106547717851927 ], [ 100.494193207990904, 7.106817212437138 ], [ 100.494103376462732, 7.106817212437153 ], [ 100.494103376462732, 7.106907043965577 ], [ 100.493923713405678, 7.106907043965577 ], [ 100.493923713405664, 7.10681721243715 ], [ 100.49374405034898, 7.106817212437151 ], [ 100.49374405034898, 7.106727380908799 ], [ 100.493654218820453, 7.106727380908804 ], [ 100.493654218820453, 7.106368054795133 ], [ 100.493564387292281, 7.106368054795131 ], [ 100.493564387292295, 7.10618839173826 ], [ 100.493474555763754, 7.106188391738255 ], [ 100.493474555763754, 7.105829065624684 ], [ 100.493564387292281, 7.10582906562469 ], [ 100.493564387292267, 7.10564940256781 ], [ 100.493654218820453, 7.105649402567816 ], [ 100.493654218820438, 7.105469739511008 ], [ 100.493744050348965, 7.105469739511014 ], [ 100.493744050348965, 7.105379907982586 ], [ 100.493833881877507, 7.105379907982581 ], [ 100.493833881877507, 7.105290076454144 ], [ 100.493923713405678, 7.105290076454151 ], [ 100.493923713405678, 7.1052002449258 ], [ 100.494013544934205, 7.105200244925797 ], [ 100.494013544934205, 7.105110413397356 ], [ 100.494103376462732, 7.105110413397365 ], [ 100.494103376462732, 7.10493075034056 ], [ 100.494193207990904, 7.104930750340572 ], [ 100.494193207990904, 7.104840918812129 ], [ 100.494283039519416, 7.104840918812132 ], [ 100.494283039519431, 7.104661255755262 ], [ 100.494372871047972, 7.104661255755251 ], [ 100.494372871047958, 7.104571424226903 ], [ 100.494462702576115, 7.104571424226908 ], [ 100.494462702576143, 7.104391761170032 ], [ 100.494552534104656, 7.104391761170022 ], [ 100.494552534104656, 7.104212098113242 ], [ 100.494822028689867, 7.104212098113242 ], [ 100.494822028689882, 7.104122266584808 ], [ 100.494911860218394, 7.104122266584804 ], [ 100.494911860218409, 7.104032435056461 ], [ 100.495001691746594, 7.104032435056457 ], [ 100.495001691746566, 7.103493445885917 ], [ 100.494911860218409, 7.103493445885919 ], [ 100.494911860218409, 7.103403614357561 ], [ 100.494822028689882, 7.103403614357555 ], [ 100.494822028689882, 7.103313782829121 ], [ 100.494732197161355, 7.103313782829128 ], [ 100.494732197161355, 7.103134119772246 ], [ 100.494642365633183, 7.103134119772248 ], [ 100.494642365633183, 7.1030442882439 ], [ 100.494552534104656, 7.103044288243897 ], [ 100.494552534104642, 7.10286462518703 ], [ 100.494462702576129, 7.102864625187025 ], [ 100.494462702576129, 7.102684962130244 ], [ 100.494372871047972, 7.102684962130239 ], [ 100.494372871047958, 7.102505299073444 ], [ 100.494462702576115, 7.102505299073455 ], [ 100.494462702576129, 7.102325636016577 ], [ 100.494552534104656, 7.102325636016578 ], [ 100.494552534104656, 7.102145972959796 ], [ 100.494822028689882, 7.102145972959778 ], [ 100.494822028689882, 7.102235804488142 ], [ 100.494911860218409, 7.102235804488143 ], [ 100.494911860218409, 7.10232563601657 ], [ 100.495001691746566, 7.102325636016565 ], [ 100.49500169174658, 7.102505299073447 ], [ 100.495091523275107, 7.10250529907346 ], [ 100.495091523275107, 7.102864625187015 ], [ 100.495181354803634, 7.102864625187018 ], [ 100.495181354803634, 7.102954456715469 ], [ 100.495271186331806, 7.102954456715462 ], [ 100.495271186331806, 7.103044288243897 ], [ 100.495720343974085, 7.103044288243891 ], [ 100.495720343974085, 7.102774793658671 ], [ 100.495630512445558, 7.10277479365868 ], [ 100.495630512445572, 7.102235804488129 ], [ 100.495540680917031, 7.102235804488133 ], [ 100.495540680917031, 7.102056141431354 ], [ 100.495361017860347, 7.10205614143134 ], [ 100.495361017860333, 7.101876478374553 ], [ 100.495091523275107, 7.10187647837455 ], [ 100.495091523275107, 7.10178664684612 ], [ 100.494911860218394, 7.101786646846117 ], [ 100.494911860218409, 7.101696815317678 ], [ 100.494822028689882, 7.101696815317695 ], [ 100.494822028689867, 7.101427320732461 ], [ 100.494732197161369, 7.101427320732467 ], [ 100.494732197161355, 7.101337489204011 ], [ 100.494642365633183, 7.101337489204011 ], [ 100.494642365633169, 7.101247657675679 ], [ 100.49455253410467, 7.101247657675677 ], [ 100.49455253410467, 7.101157826147231 ], [ 100.494462702576129, 7.101157826147225 ], [ 100.494462702576129, 7.101067994618805 ], [ 100.494372871047958, 7.101067994618793 ], [ 100.494372871047972, 7.100798500033561 ], [ 100.494462702576129, 7.10079850003357 ], [ 100.494462702576129, 7.100618836976791 ], [ 100.494552534104656, 7.100618836976772 ], [ 100.494552534104656, 7.100529005448352 ], [ 100.494462702576129, 7.100529005448337 ], [ 100.494462702576129, 7.100439173919901 ], [ 100.494552534104656, 7.100439173919909 ], [ 100.494552534104656, 7.100349342391566 ], [ 100.494372871047958, 7.100349342391554 ], [ 100.494372871047943, 7.100169679334688 ], [ 100.494283039519431, 7.100169679334685 ], [ 100.494283039519431, 7.099990016277885 ], [ 100.494193207990904, 7.099990016277888 ], [ 100.494193207990904, 7.099810353221017 ], [ 100.494283039519431, 7.099810353221017 ], [ 100.494283039519416, 7.099720521692658 ], [ 100.494822028689896, 7.099720521692665 ], [ 100.494822028689882, 7.099630690164223 ], [ 100.494911860218409, 7.099630690164219 ], [ 100.494911860218394, 7.099720521692668 ], [ 100.495001691746594, 7.099720521692665 ], [ 100.49500169174658, 7.09963069016423 ], [ 100.495091523275093, 7.099630690164233 ], [ 100.495091523275107, 7.09954085863579 ], [ 100.495181354803648, 7.09954085863578 ], [ 100.495181354803634, 7.099630690164228 ], [ 100.495361017860347, 7.099630690164221 ], [ 100.495361017860333, 7.099810353221012 ], [ 100.495450849388874, 7.099810353221018 ], [ 100.49545084938886, 7.099900184749455 ], [ 100.495630512445544, 7.099900184749455 ], [ 100.495630512445558, 7.099990016277901 ], [ 100.495810175502612, 7.099990016277897 ], [ 100.495810175502612, 7.100079847806249 ], [ 100.495989838559311, 7.100079847806245 ], [ 100.495989838559325, 7.100169679334683 ], [ 100.496079670087838, 7.100169679334671 ], [ 100.496079670087852, 7.100259510863109 ], [ 100.496169501616009, 7.100259510863114 ], [ 100.496169501615995, 7.100349342391556 ], [ 100.49625933314455, 7.100349342391554 ], [ 100.496259333144536, 7.101157826147231 ], [ 100.496169501616009, 7.101157826147223 ], [ 100.496169501616009, 7.101247657675663 ], [ 100.496259333144536, 7.101247657675675 ], [ 100.496259333144522, 7.101606983789243 ], [ 100.496349164673063, 7.101606983789255 ], [ 100.496349164673049, 7.102505299073454 ], [ 100.496259333144536, 7.102505299073451 ], [ 100.49625933314455, 7.102684962130231 ], [ 100.496169501616009, 7.10268496213023 ], [ 100.496169501616009, 7.102774793658675 ], [ 100.496079670087838, 7.102774793658673 ], [ 100.496079670087838, 7.102954456715467 ], [ 100.496349164673063, 7.102954456715461 ], [ 100.496349164673063, 7.103044288243907 ], [ 100.496528827729762, 7.1030442882439 ], [ 100.496528827729762, 7.103134119772248 ], [ 100.49670849078646, 7.103134119772247 ], [ 100.49670849078646, 7.103044288243897 ], [ 100.496916566873949, 7.103044288243909 ], [ 100.496860983002563, 7.102872690170283 ], [ 100.496569033891447, 7.101473956131737 ], [ 100.495670255120132, 7.097588863511418 ], [ 100.495540680917031, 7.097002560615937 ], [ 100.495540680917046, 7.097025575840332 ], [ 100.495361017860333, 7.097025575840332 ], [ 100.495361017860333, 7.097115407368666 ], [ 100.49500169174658, 7.097115407368677 ], [ 100.49500169174658, 7.097025575840326 ], [ 100.494911860218409, 7.097025575840333 ], [ 100.494911860218409, 7.096756081255002 ], [ 100.495001691746594, 7.096756081255017 ], [ 100.495001691746594, 7.096666249726658 ], [ 100.495091523275107, 7.096666249726668 ], [ 100.495091523275107, 7.096576418198221 ], [ 100.49527118633182, 7.096576418198229 ], [ 100.495271186331806, 7.096486586669788 ], [ 100.495426649563257, 7.096486586669778 ], [ 100.495287678834003, 7.095857765970885 ], [ 100.495271186331806, 7.095857765970893 ], [ 100.495271186331792, 7.095947597499326 ], [ 100.495181354803634, 7.095947597499339 ], [ 100.495181354803648, 7.095857765970892 ], [ 100.495091523275107, 7.095857765970893 ], [ 100.495091523275107, 7.095678102914103 ], [ 100.49500169174658, 7.095678102914096 ], [ 100.49500169174658, 7.095408608328884 ], [ 100.495091523275093, 7.095408608328872 ], [ 100.495091523275107, 7.095318776800438 ], [ 100.495168561066095, 7.09531877680045 ], [ 100.494642365633183, 7.092937825202262 ], [ 100.494642365633183, 7.092983157061768 ], [ 100.494552534104642, 7.092983157061761 ], [ 100.494552534104656, 7.093342483175424 ], [ 100.494462702576129, 7.093342483175417 ], [ 100.494462702576143, 7.093522146232217 ], [ 100.494372871047958, 7.093522146232223 ], [ 100.494372871047958, 7.09361197776066 ], [ 100.494103376462732, 7.093611977760647 ], [ 100.494103376462732, 7.09352214623221 ], [ 100.493923713405678, 7.093522146232218 ], [ 100.493923713405678, 7.093432314703777 ], [ 100.493833881877507, 7.09343231470378 ], [ 100.493833881877507, 7.093342483175426 ], [ 100.49374405034898, 7.093342483175426 ], [ 100.49374405034898, 7.093162820118551 ], [ 100.493654218820453, 7.093162820118557 ], [ 100.493654218820453, 7.092444167891315 ], [ 100.493564387292281, 7.092444167891301 ], [ 100.493564387292281, 7.092084841777644 ], [ 100.493654218820453, 7.09208484177764 ], [ 100.493654218820453, 7.091905178720772 ], [ 100.493744050348994, 7.091905178720781 ], [ 100.493744050348994, 7.091815347192425 ], [ 100.493923713405692, 7.091815347192421 ], [ 100.493923713405678, 7.091905178720773 ], [ 100.494013544934205, 7.091905178720778 ], [ 100.494013544934219, 7.091995010249216 ], [ 100.494103376462746, 7.09199501024922 ], [ 100.494103376462732, 7.092174673305989 ], [ 100.494193207990904, 7.092174673306 ], [ 100.494193207990904, 7.09226450483443 ], [ 100.494283039519445, 7.09226450483444 ], [ 100.494283039519445, 7.09244416789131 ], [ 100.494372871047958, 7.092444167891303 ], [ 100.494372871047958, 7.092533999419663 ], [ 100.494462702576129, 7.092533999419657 ], [ 100.494462702576129, 7.092623830948104 ], [ 100.494572972226521, 7.092623830948107 ], [ 100.49423547188411, 7.091096694965101 ], [ 100.494103376462732, 7.091096694965092 ], [ 100.494103376462732, 7.091006863436648 ], [ 100.494013544934205, 7.091006863436651 ], [ 100.494013544934205, 7.090827200379874 ], [ 100.493923713405664, 7.09082720037987 ], [ 100.493923713405692, 7.090737368851436 ], [ 100.494013544934205, 7.090737368851434 ], [ 100.494013544934205, 7.090557705794645 ], [ 100.493923713405678, 7.090557705794646 ], [ 100.493923713405678, 7.090378042737767 ], [ 100.493833881877507, 7.090378042737758 ], [ 100.493833881877507, 7.089839053567315 ], [ 100.49374405034898, 7.089839053567315 ], [ 100.493744050348994, 7.089659390510523 ], [ 100.493654218820453, 7.089659390510537 ], [ 100.493654218820453, 7.089479727453658 ], [ 100.49374405034898, 7.089479727453647 ], [ 100.493744050348994, 7.089210232868418 ], [ 100.493818559696379, 7.089210232868439 ], [ 100.493178864553045, 7.086315712926838 ], [ 100.493088414989202, 7.0858864663172 ], [ 100.493025398121816, 7.085886466317197 ], [ 100.493025398121844, 7.085796634788749 ], [ 100.49275590353659, 7.08579663478875 ], [ 100.492755903536604, 7.085886466317185 ], [ 100.492666072008078, 7.085886466317194 ], [ 100.492666072008092, 7.085976297845638 ], [ 100.492576240479551, 7.085976297845643 ], [ 100.492576240479536, 7.086155960902421 ], [ 100.492486408951024, 7.086155960902428 ], [ 100.492486408951024, 7.086245792430863 ], [ 100.492576240479565, 7.086245792430868 ], [ 100.492576240479551, 7.08651528701608 ], [ 100.492666072008078, 7.086515287016084 ], [ 100.492666072008092, 7.086784781601315 ], [ 100.492755903536619, 7.086784781601316 ], [ 100.492755903536604, 7.086874613129756 ], [ 100.492845735064776, 7.086874613129754 ], [ 100.492845735064776, 7.086964444658101 ], [ 100.492935566593303, 7.086964444658092 ], [ 100.492935566593303, 7.087323770771751 ], [ 100.492845735064762, 7.087323770771758 ], [ 100.492845735064776, 7.087413602300198 ], [ 100.492755903536604, 7.087413602300195 ], [ 100.492755903536604, 7.087503433828643 ], [ 100.492486408951024, 7.087503433828638 ], [ 100.492486408951009, 7.087413602300205 ], [ 100.492127082837612, 7.08741360230019 ], [ 100.492127082837627, 7.087503433828635 ], [ 100.491857588252387, 7.087503433828637 ], [ 100.491857588252401, 7.087593265356984 ], [ 100.491677925195347, 7.087593265356984 ], [ 100.491677925195361, 7.087503433828646 ], [ 100.491498262138663, 7.087503433828641 ], [ 100.491498262138634, 7.087413602300209 ], [ 100.491408430610122, 7.087413602300205 ], [ 100.491408430610122, 7.087323770771764 ], [ 100.491318599081964, 7.087323770771757 ], [ 100.49131859908195, 7.08723393924341 ], [ 100.491228767553423, 7.08723393924342 ], [ 100.491228767553423, 7.087144107714966 ], [ 100.490959272968212, 7.087144107714979 ], [ 100.490959272968183, 7.087233939243409 ], [ 100.490869441439671, 7.08723393924341 ], [ 100.490869441439656, 7.087323770771762 ], [ 100.490779609911499, 7.087323770771752 ], [ 100.490779609911499, 7.087413602300207 ], [ 100.490689778382972, 7.087413602300204 ], [ 100.490689778382958, 7.08750343382864 ], [ 100.490599946854431, 7.087503433828644 ], [ 100.490599946854431, 7.087593265356984 ], [ 100.490060957683994, 7.087593265356991 ], [ 100.490060957683994, 7.087683096885428 ], [ 100.489971126155808, 7.087683096885432 ], [ 100.489971126155837, 7.087862759942306 ], [ 100.489881294627295, 7.087862759942296 ], [ 100.48988129462731, 7.087952591470653 ], [ 100.489342305456844, 7.08795259147064 ], [ 100.489342305456844, 7.087862759942296 ], [ 100.489162642399791, 7.087862759942301 ], [ 100.489162642399776, 7.087683096885423 ], [ 100.489072810871605, 7.087683096885426 ], [ 100.489072810871619, 7.087593265356995 ], [ 100.488982979343092, 7.087593265356982 ], [ 100.488982979343092, 7.087323770771755 ], [ 100.489072810871619, 7.08732377077177 ], [ 100.489072810871633, 7.087233939243411 ], [ 100.488982979343092, 7.087233939243418 ], [ 100.488982979343078, 7.087144107714977 ], [ 100.489072810871619, 7.08714410771497 ], [ 100.489072810871605, 7.087054276186529 ], [ 100.488982979343092, 7.087054276186535 ], [ 100.488982979343092, 7.086694950072871 ], [ 100.488893147814565, 7.08669495007288 ], [ 100.488893147814551, 7.086515287016079 ], [ 100.488443990172627, 7.086515287016083 ], [ 100.488443990172641, 7.08660511854453 ], [ 100.488354158644114, 7.086605118544528 ], [ 100.488354158644114, 7.086694950072873 ], [ 100.48817449558743, 7.08669495007288 ], [ 100.488174495587401, 7.086335623959305 ], [ 100.488264327115942, 7.086335623959291 ], [ 100.488264327115942, 7.08615596090241 ], [ 100.488354158644114, 7.08615596090242 ], [ 100.488354158644114, 7.085976297845628 ], [ 100.488443990172641, 7.085976297845639 ], [ 100.488443990172655, 7.0858864663172 ], [ 100.488803316286393, 7.085886466317186 ], [ 100.488803316286393, 7.085796634788762 ], [ 100.488982979343092, 7.085796634788752 ], [ 100.488982979343092, 7.085886466317198 ], [ 100.489072810871619, 7.085886466317192 ], [ 100.489072810871619, 7.085976297845635 ], [ 100.489162642399791, 7.085976297845638 ], [ 100.489162642399791, 7.086066129373979 ], [ 100.489252473928317, 7.086066129373985 ], [ 100.489252473928317, 7.086155960902424 ], [ 100.489521968513557, 7.086155960902416 ], [ 100.489521968513543, 7.086066129373981 ], [ 100.48961180004207, 7.08606612937399 ], [ 100.48961180004207, 7.085976297845634 ], [ 100.489701631570597, 7.08597629784563 ], [ 100.489701631570583, 7.085796634788755 ], [ 100.48961180004207, 7.085796634788755 ], [ 100.48961180004207, 7.085616971731971 ], [ 100.489432136985016, 7.085616971731964 ], [ 100.489432136985016, 7.085527140203537 ], [ 100.489162642399791, 7.085527140203526 ], [ 100.489162642399791, 7.085437308675174 ], [ 100.488713484757866, 7.085437308675173 ], [ 100.488713484757866, 7.085527140203524 ], [ 100.488443990172641, 7.085527140203524 ], [ 100.488443990172641, 7.085616971731971 ], [ 100.488264327115942, 7.085616971731965 ], [ 100.488264327115957, 7.085706803260407 ], [ 100.488084664058889, 7.085706803260405 ], [ 100.488084664058874, 7.085616971731967 ], [ 100.487905001002176, 7.085616971731977 ], [ 100.487905001002176, 7.085257645618308 ], [ 100.488174495587415, 7.085257645618297 ], [ 100.48817449558743, 7.085167814089869 ], [ 100.4883541586441, 7.085167814089865 ], [ 100.488354158644114, 7.085077982561512 ], [ 100.488443990172641, 7.08507798256151 ], [ 100.488443990172641, 7.084988151033073 ], [ 100.488713484757866, 7.084988151033075 ], [ 100.488713484757866, 7.085077982561514 ], [ 100.488893147814565, 7.085077982561526 ], [ 100.488893147814579, 7.084988151033087 ], [ 100.488982979343092, 7.084988151033073 ], [ 100.488982979343092, 7.084898319504632 ], [ 100.489072810871619, 7.084898319504648 ], [ 100.489072810871619, 7.084718656447861 ], [ 100.489342305456859, 7.084718656447847 ], [ 100.489342305456859, 7.084808487976289 ], [ 100.489521968513543, 7.084808487976282 ], [ 100.489521968513529, 7.084988151033079 ], [ 100.48961180004207, 7.084988151033085 ], [ 100.48961180004207, 7.085167814089871 ], [ 100.489791463098769, 7.085167814089864 ], [ 100.489791463098754, 7.085257645618312 ], [ 100.49033045226922, 7.085257645618305 ], [ 100.49033045226922, 7.085167814089873 ], [ 100.490420283797746, 7.08516781408987 ], [ 100.490420283797746, 7.085257645618297 ], [ 100.490510115326273, 7.085257645618297 ], [ 100.490510115326273, 7.085167814089873 ], [ 100.490599946854445, 7.085167814089866 ], [ 100.490599946854459, 7.085077982561524 ], [ 100.490689778382972, 7.085077982561526 ], [ 100.490689778382972, 7.084808487976302 ], [ 100.490779609911513, 7.084808487976286 ], [ 100.490779609911499, 7.084449161862635 ], [ 100.490689778382986, 7.084449161862632 ], [ 100.490689778382986, 7.084179667277395 ], [ 100.490869441439671, 7.084179667277395 ], [ 100.490869441439671, 7.084269498805762 ], [ 100.490959272968212, 7.08426949880575 ], [ 100.490959272968198, 7.084359330334189 ], [ 100.491138936024882, 7.084359330334191 ], [ 100.491138936024882, 7.08444916186262 ], [ 100.491228767553409, 7.084449161862629 ], [ 100.491228767553423, 7.084538993390969 ], [ 100.49131859908195, 7.084538993390983 ], [ 100.491318599081936, 7.084628824919418 ], [ 100.491408430610122, 7.084628824919416 ], [ 100.491408430610107, 7.084898319504632 ], [ 100.491318599081936, 7.08489831950465 ], [ 100.491318599081964, 7.084988151033078 ], [ 100.49113893602491, 7.084988151033072 ], [ 100.49113893602491, 7.08507798256151 ], [ 100.490959272968198, 7.085077982561508 ], [ 100.490959272968198, 7.085167814089873 ], [ 100.490869441439671, 7.08516781408987 ], [ 100.490869441439671, 7.085347477146746 ], [ 100.490959272968198, 7.08534747714674 ], [ 100.490959272968212, 7.08543730867518 ], [ 100.49131859908195, 7.085437308675173 ], [ 100.49131859908195, 7.085347477146754 ], [ 100.491408430610136, 7.085347477146747 ], [ 100.491408430610122, 7.085257645618311 ], [ 100.491498262138649, 7.085257645618296 ], [ 100.491498262138663, 7.084718656447844 ], [ 100.49158809366719, 7.084718656447855 ], [ 100.491588093667175, 7.084628824919421 ], [ 100.491677925195347, 7.084628824919426 ], [ 100.491677925195333, 7.084538993390977 ], [ 100.491767756723888, 7.084538993390978 ], [ 100.491767756723874, 7.084449161862634 ], [ 100.491857588252415, 7.084449161862631 ], [ 100.491857588252401, 7.084269498805751 ], [ 100.4920372513091, 7.084269498805745 ], [ 100.4920372513091, 7.084179667277398 ], [ 100.492396577422852, 7.084179667277396 ], [ 100.492396577422852, 7.084089835748958 ], [ 100.492666072008063, 7.084089835748966 ], [ 100.492666072008092, 7.084000004220532 ], [ 100.492690905329169, 7.084000004220537 ], [ 100.492615189203462, 7.083640678106858 ], [ 100.492486408951009, 7.083640678106868 ], [ 100.492486408951038, 7.083550846578509 ], [ 100.492396577422852, 7.08355084657852 ], [ 100.492396577422838, 7.083461015050072 ], [ 100.492306745894339, 7.083461015050067 ], [ 100.492306745894325, 7.08337118352163 ], [ 100.492216914365798, 7.083371183521629 ], [ 100.492216914365798, 7.083191520464854 ], [ 100.492127082837612, 7.083191520464849 ], [ 100.492127082837627, 7.082742362822747 ], [ 100.4920372513091, 7.08274236282276 ], [ 100.492037251309085, 7.082203373652307 ], [ 100.491947419780573, 7.082203373652288 ], [ 100.491947419780573, 7.081305058368192 ], [ 100.491857588252415, 7.081305058368177 ], [ 100.491857588252401, 7.081125395311399 ], [ 100.491767756723874, 7.081125395311388 ], [ 100.491767756723888, 7.08103556378295 ], [ 100.491498262138634, 7.081035563782959 ], [ 100.491498262138649, 7.081125395311398 ], [ 100.49131859908195, 7.081125395311391 ], [ 100.491318599081936, 7.081035563782963 ], [ 100.491228767553409, 7.081035563782951 ], [ 100.491228767553423, 7.080945732254514 ], [ 100.49113893602491, 7.080945732254516 ], [ 100.491138936024882, 7.080855900726172 ], [ 100.491228767553423, 7.080855900726178 ], [ 100.491228767553409, 7.080676237669299 ], [ 100.49131859908195, 7.080676237669294 ], [ 100.49131859908195, 7.080406743084063 ], [ 100.491228767553423, 7.080406743084071 ], [ 100.491228767553423, 7.080316911555625 ], [ 100.490959272968198, 7.080316911555631 ], [ 100.490959272968198, 7.08022708002729 ], [ 100.490779609911499, 7.080227080027282 ], [ 100.490779609911499, 7.080137248498848 ], [ 100.490689778382972, 7.080137248498841 ], [ 100.490689778382972, 7.079902380729695 ], [ 100.490427497825422, 7.07980466088681 ], [ 100.489791463098769, 7.079598147183518 ], [ 100.489791463098769, 7.079688090856751 ], [ 100.489611800042084, 7.079688090856735 ], [ 100.48961180004207, 7.079598259328394 ], [ 100.489521968513557, 7.079598259328398 ], [ 100.489521968513529, 7.079510645161279 ], [ 100.488897653037782, 7.079307936573934 ], [ 100.488713484757866, 7.07938329672965 ], [ 100.488713484757852, 7.079688090856747 ], [ 100.488623653229354, 7.079688090856744 ], [ 100.48862365322934, 7.080047416970396 ], [ 100.488713484757866, 7.080047416970403 ], [ 100.488713484757866, 7.080137248498843 ], [ 100.488893147814565, 7.080137248498838 ], [ 100.488893147814565, 7.080227080027278 ], [ 100.489072810871619, 7.080227080027272 ], [ 100.489072810871619, 7.080316911555631 ], [ 100.489162642399791, 7.080316911555637 ], [ 100.489162642399776, 7.080766069197725 ], [ 100.489072810871619, 7.08076606919774 ], [ 100.489072810871619, 7.081035563782963 ], [ 100.488982979343106, 7.081035563782958 ], [ 100.488982979343078, 7.081125395311403 ], [ 100.488893147814565, 7.081125395311399 ], [ 100.488893147814565, 7.081215226839742 ], [ 100.488803316286393, 7.081215226839752 ], [ 100.488803316286393, 7.081305058368174 ], [ 100.488533821701168, 7.081305058368189 ], [ 100.488533821701168, 7.08139488989663 ], [ 100.488443990172641, 7.081394889896628 ], [ 100.488443990172641, 7.081574552953399 ], [ 100.488354158644114, 7.081574552953414 ], [ 100.4883541586441, 7.081754216010277 ], [ 100.488264327115957, 7.081754216010284 ], [ 100.488264327115942, 7.081844047538631 ], [ 100.488174495587401, 7.081844047538635 ], [ 100.488174495587415, 7.081933879067078 ], [ 100.487994832530731, 7.081933879067064 ], [ 100.487994832530731, 7.082023710595506 ], [ 100.487905001002204, 7.082023710595511 ], [ 100.487905001002204, 7.082113542123865 ], [ 100.487725337945491, 7.082113542123856 ], [ 100.487725337945506, 7.082023710595506 ], [ 100.487545674888437, 7.082023710595505 ], [ 100.487545674888437, 7.08193387906708 ], [ 100.487455843360266, 7.081933879067064 ], [ 100.487455843360252, 7.081754216010276 ], [ 100.487366011831739, 7.081754216010284 ], [ 100.487366011831753, 7.081574552953418 ], [ 100.487276180303212, 7.081574552953412 ], [ 100.487276180303212, 7.081215226839755 ], [ 100.48718634877504, 7.081215226839739 ], [ 100.48718634877504, 7.080766069197725 ], [ 100.487276180303212, 7.08076606919774 ], [ 100.487276180303226, 7.080676237669303 ], [ 100.487366011831739, 7.080676237669292 ], [ 100.487366011831739, 7.080586406140851 ], [ 100.48745584336028, 7.080586406140855 ], [ 100.48745584336028, 7.080496574612508 ], [ 100.487545674888423, 7.080496574612508 ], [ 100.487545674888437, 7.080316911555625 ], [ 100.487455843360266, 7.080316911555633 ], [ 100.48745584336028, 7.080227080027283 ], [ 100.487366011831739, 7.080227080027274 ], [ 100.487366011831739, 7.080047416970396 ], [ 100.487186348775055, 7.080047416970413 ], [ 100.487186348775026, 7.080137248498835 ], [ 100.487096517246513, 7.080137248498849 ], [ 100.487096517246513, 7.080227080027286 ], [ 100.487006685717986, 7.080227080027276 ], [ 100.487006685717986, 7.080316911555625 ], [ 100.486827022661288, 7.080316911555637 ], [ 100.486827022661288, 7.080406743084077 ], [ 100.486737191132761, 7.080406743084077 ], [ 100.486737191132761, 7.080316911555622 ], [ 100.486467696547535, 7.080316911555637 ], [ 100.486467696547535, 7.080406743084073 ], [ 100.486377865019023, 7.080406743084072 ], [ 100.486377865019008, 7.080766069197724 ], [ 100.486467696547535, 7.080766069197728 ], [ 100.486467696547535, 7.081215226839743 ], [ 100.486377865019008, 7.081215226839747 ], [ 100.486377865019023, 7.081305058368184 ], [ 100.486288033490851, 7.081305058368178 ], [ 100.486288033490837, 7.081484721424975 ], [ 100.48619820196231, 7.081484721424976 ], [ 100.48619820196231, 7.081664384481853 ], [ 100.486288033490837, 7.081664384481845 ], [ 100.486288033490851, 7.081754216010289 ], [ 100.486377865019008, 7.081754216010284 ], [ 100.486377865019008, 7.081844047538631 ], [ 100.486557528076062, 7.081844047538642 ], [ 100.486557528076062, 7.08193387906708 ], [ 100.487006685717986, 7.081933879067074 ], [ 100.487006685717986, 7.082023710595516 ], [ 100.487096517246513, 7.082023710595515 ], [ 100.487096517246499, 7.082113542123859 ], [ 100.487186348775026, 7.082113542123857 ], [ 100.487186348775026, 7.082293205180732 ], [ 100.487096517246528, 7.082293205180745 ], [ 100.487096517246528, 7.082383036709166 ], [ 100.487006685717986, 7.082383036709168 ], [ 100.487006685717972, 7.082472868237524 ], [ 100.486916854189829, 7.082472868237515 ], [ 100.486916854189815, 7.082562699765964 ], [ 100.486827022661274, 7.082562699765965 ], [ 100.486827022661302, 7.082652531294409 ], [ 100.486737191132761, 7.0826525312944 ], [ 100.486737191132761, 7.082832194351188 ], [ 100.486647359604589, 7.082832194351183 ], [ 100.486647359604603, 7.083011857407974 ], [ 100.486737191132761, 7.08301185740797 ], [ 100.486737191132775, 7.083281351993291 ], [ 100.486647359604589, 7.083281351993298 ], [ 100.486647359604575, 7.083371183521638 ], [ 100.486467696547535, 7.08337118352164 ], [ 100.48646769654755, 7.083281351993294 ], [ 100.486377865018994, 7.083281351993279 ], [ 100.486377865019008, 7.08274236282274 ], [ 100.486288033490837, 7.082742362822756 ], [ 100.486288033490837, 7.08265253129439 ], [ 100.485659212791845, 7.082652531294407 ], [ 100.485659212791845, 7.082742362822741 ], [ 100.48547954973516, 7.082742362822752 ], [ 100.485479549735146, 7.08283219435119 ], [ 100.485030392092881, 7.082832194351185 ], [ 100.485030392092881, 7.082922025879619 ], [ 100.484940560564709, 7.082922025879625 ], [ 100.484940560564709, 7.083011857407967 ], [ 100.484850729036182, 7.083011857407977 ], [ 100.484850729036168, 7.083730509635292 ], [ 100.484940560564709, 7.083730509635299 ], [ 100.484940560564695, 7.08435933033419 ], [ 100.485030392092881, 7.084359330334197 ], [ 100.485030392092881, 7.084449161862621 ], [ 100.485120223621408, 7.084449161862625 ], [ 100.485120223621408, 7.084538993390977 ], [ 100.485030392092881, 7.084538993390984 ], [ 100.485030392092881, 7.084628824919426 ], [ 100.485120223621408, 7.084628824919408 ], [ 100.485120223621408, 7.084718656447856 ], [ 100.484940560564709, 7.084718656447861 ], [ 100.484940560564723, 7.084808487976288 ], [ 100.484760897507655, 7.084808487976291 ], [ 100.484760897507655, 7.084718656447864 ], [ 100.484132076809033, 7.084718656447851 ], [ 100.484132076809033, 7.085347477146742 ], [ 100.484042245280492, 7.08534747714675 ], [ 100.484042245280492, 7.085437308675179 ], [ 100.48377275069528, 7.085437308675173 ], [ 100.48377275069528, 7.085347477146742 ], [ 100.483593087638596, 7.085347477146747 ], [ 100.483593087638582, 7.085257645618297 ], [ 100.483323593053001, 7.085257645618307 ], [ 100.483323593053015, 7.085437308675183 ], [ 100.483233761524829, 7.085437308675187 ], [ 100.483233761524829, 7.085527140203539 ], [ 100.483323593052987, 7.085527140203529 ], [ 100.483323593053001, 7.085616971731974 ], [ 100.483413424581528, 7.085616971731962 ], [ 100.483413424581528, 7.085706803260418 ], [ 100.483503256110069, 7.085706803260407 ], [ 100.483503256110055, 7.085796634788754 ], [ 100.483593087638582, 7.085796634788764 ], [ 100.483593087638582, 7.086245792430857 ], [ 100.483503256110041, 7.086245792430863 ], [ 100.483503256110055, 7.086335623959299 ], [ 100.483143929996317, 7.0863356239593 ], [ 100.483143929996288, 7.086425455487641 ], [ 100.482874435411077, 7.08642545548765 ], [ 100.482874435411077, 7.086515287016086 ], [ 100.482694772354364, 7.086515287016082 ], [ 100.482694772354378, 7.08669495007287 ], [ 100.482604940825851, 7.086694950072873 ], [ 100.482604940825865, 7.086964444658103 ], [ 100.48251510929731, 7.086964444658087 ], [ 100.482515109297339, 7.087144107714974 ], [ 100.482425277769167, 7.087144107714969 ], [ 100.482425277769167, 7.087233939243413 ], [ 100.48233544624064, 7.087233939243419 ], [ 100.482335446240626, 7.087323770771765 ], [ 100.482245614712099, 7.087323770771757 ], [ 100.482245614712099, 7.087413602300207 ], [ 100.482155783183927, 7.087413602300204 ], [ 100.482155783183913, 7.087503433828634 ], [ 100.4820659516554, 7.08750343382864 ], [ 100.4820659516554, 7.087593265356993 ], [ 100.481976120126873, 7.087593265356984 ], [ 100.481976120126873, 7.087683096885419 ], [ 100.4820659516554, 7.087683096885423 ], [ 100.482065951655386, 7.087862759942298 ], [ 100.482155783183927, 7.087862759942299 ], [ 100.482155783183941, 7.087952591470659 ], [ 100.482245614712099, 7.087952591470659 ], [ 100.482245614712113, 7.088042422999094 ], [ 100.482335446240626, 7.08804242299909 ], [ 100.482335446240626, 7.088132254527519 ], [ 100.482425277769153, 7.088132254527532 ], [ 100.482425277769153, 7.088222086055876 ], [ 100.482515109297339, 7.088222086055868 ], [ 100.482515109297324, 7.088311917584305 ], [ 100.482604940825851, 7.088311917584313 ], [ 100.482604940825837, 7.088401749112744 ], [ 100.48278460388255, 7.088401749112752 ], [ 100.482784603882536, 7.08849158064111 ], [ 100.483054098467775, 7.088491580641108 ], [ 100.483054098467775, 7.088401749112745 ], [ 100.483143929996288, 7.088401749112752 ], [ 100.483143929996317, 7.088311917584312 ], [ 100.483233761524829, 7.088311917584305 ], [ 100.483233761524829, 7.088222086055869 ], [ 100.483323593053001, 7.088222086055869 ], [ 100.483323593053001, 7.088132254527519 ], [ 100.483413424581542, 7.088132254527526 ], [ 100.483413424581514, 7.088042422999082 ], [ 100.483862582223821, 7.088042422999089 ], [ 100.483862582223821, 7.088132254527518 ], [ 100.483952413751979, 7.088132254527532 ], [ 100.483952413751979, 7.088222086055873 ], [ 100.484042245280506, 7.088222086055879 ], [ 100.484042245280506, 7.08840174911276 ], [ 100.484132076809018, 7.08840174911275 ], [ 100.484132076809033, 7.088761075226413 ], [ 100.483952413751993, 7.088761075226416 ], [ 100.483952413751993, 7.088850906754763 ], [ 100.483862582223807, 7.088850906754771 ], [ 100.483862582223821, 7.088940738283203 ], [ 100.483143929996302, 7.088940738283203 ], [ 100.483143929996302, 7.089030569811649 ], [ 100.482964266939589, 7.089030569811638 ], [ 100.482964266939604, 7.089120401339993 ], [ 100.48278460388255, 7.089120401339988 ], [ 100.48278460388255, 7.089210232868432 ], [ 100.482604940825851, 7.089210232868432 ], [ 100.482604940825851, 7.089300064396862 ], [ 100.481886288598702, 7.089300064396858 ], [ 100.481886288598702, 7.089479727453655 ], [ 100.481976120126873, 7.089479727453658 ], [ 100.481976120126859, 7.089569558982091 ], [ 100.4820659516554, 7.089569558982087 ], [ 100.4820659516554, 7.089749222038879 ], [ 100.482155783183927, 7.089749222038887 ], [ 100.482155783183941, 7.090108548152533 ], [ 100.481976120126888, 7.090108548152541 ], [ 100.481976120126873, 7.090198379680979 ], [ 100.481886288598702, 7.090198379680979 ], [ 100.481886288598702, 7.090288211209419 ], [ 100.481526962484949, 7.090288211209418 ], [ 100.481526962484949, 7.090198379680988 ], [ 100.481437130956436, 7.090198379680972 ], [ 100.481437130956422, 7.091096694965087 ], [ 100.481347299428236, 7.091096694965102 ], [ 100.481347299428251, 7.091276358021883 ], [ 100.481257467899724, 7.091276358021877 ], [ 100.481257467899738, 7.09208484177764 ], [ 100.481167636371197, 7.092084841777639 ], [ 100.481167636371197, 7.09217467330599 ], [ 100.481257467899724, 7.09217467330599 ], [ 100.481257467899724, 7.092354336362863 ], [ 100.481347299428251, 7.092354336362873 ], [ 100.481347299428251, 7.092893325533333 ], [ 100.481257467899724, 7.092893325533332 ], [ 100.481257467899709, 7.09298315706176 ], [ 100.481167636371197, 7.092983157061771 ], [ 100.481167636371197, 7.09307298859012 ], [ 100.480987973314498, 7.09307298859011 ], [ 100.480987973314498, 7.093252651646985 ], [ 100.481077804843025, 7.093252651646994 ], [ 100.481077804843025, 7.093611977760657 ], [ 100.481167636371211, 7.09361197776065 ], [ 100.481167636371183, 7.093791640817435 ], [ 100.481257467899709, 7.093791640817436 ], [ 100.481257467899724, 7.09397130387431 ], [ 100.481347299428251, 7.093971303874315 ], [ 100.481347299428251, 7.094061135402656 ], [ 100.481437130956422, 7.094061135402668 ], [ 100.481437130956422, 7.094150966931107 ], [ 100.481706625541662, 7.094150966931095 ], [ 100.481706625541648, 7.094240798459546 ], [ 100.481796457070189, 7.094240798459538 ], [ 100.48179645707016, 7.094330629987884 ], [ 100.481886288598702, 7.094330629987881 ], [ 100.481886288598702, 7.094420461516322 ], [ 100.481976120126888, 7.094420461516324 ], [ 100.481976120126873, 7.094869619158422 ], [ 100.481886288598716, 7.094869619158433 ], [ 100.481886288598702, 7.09522894527201 ], [ 100.481796457070175, 7.095228945272 ], [ 100.481796457070175, 7.09540860832888 ], [ 100.481706625541648, 7.095408608328877 ], [ 100.481706625541648, 7.095678102914107 ], [ 100.481616794013476, 7.095678102914115 ], [ 100.481616794013476, 7.096037429027778 ], [ 100.481526962484935, 7.096037429027778 ], [ 100.481526962484949, 7.096127260556123 ], [ 100.481437130956422, 7.096127260556127 ], [ 100.481437130956422, 7.096217092084554 ], [ 100.481347299428251, 7.09621709208456 ], [ 100.481347299428265, 7.096306923613005 ], [ 100.481077804843039, 7.096306923613 ], [ 100.481077804843025, 7.09621709208455 ], [ 100.480898141785971, 7.096217092084562 ], [ 100.480898141785971, 7.096037429027775 ], [ 100.480808310257814, 7.096037429027771 ], [ 100.4808083102578, 7.095947597499334 ], [ 100.480898141785985, 7.095947597499337 ], [ 100.480898141785971, 7.095767934442536 ], [ 100.480987973314498, 7.095767934442542 ], [ 100.480987973314498, 7.095588271385673 ], [ 100.481077804843025, 7.095588271385664 ], [ 100.481077804843039, 7.095228945272001 ], [ 100.480898141785957, 7.095228945271998 ], [ 100.480898141785971, 7.095318776800434 ], [ 100.480448984144047, 7.095318776800433 ], [ 100.480448984144047, 7.095228945271998 ], [ 100.480359152615506, 7.095228945271995 ], [ 100.48035915261552, 7.096037429027775 ], [ 100.480448984144047, 7.096037429027765 ], [ 100.480448984144033, 7.09621709208455 ], [ 100.480538815672574, 7.096217092084564 ], [ 100.480538815672574, 7.096396755141442 ], [ 100.480718478729287, 7.096396755141436 ], [ 100.480718478729258, 7.096486586669782 ], [ 100.480898141785971, 7.096486586669784 ], [ 100.480898141785971, 7.096576418198228 ], [ 100.481077804843025, 7.096576418198232 ], [ 100.481077804843011, 7.096666249726652 ], [ 100.481257467899724, 7.09666624972666 ], [ 100.481257467899709, 7.096756081255014 ], [ 100.481437130956422, 7.096756081255004 ], [ 100.481437130956436, 7.096845912783453 ], [ 100.481706625541662, 7.096845912783444 ], [ 100.481706625541648, 7.096756081255 ], [ 100.481796457070189, 7.096756081255006 ], [ 100.481796457070189, 7.096666249726663 ], [ 100.481886288598716, 7.096666249726652 ], [ 100.481886288598716, 7.096576418198228 ], [ 100.481976120126873, 7.096576418198222 ], [ 100.481976120126859, 7.096217092084554 ], [ 100.481886288598687, 7.096217092084549 ], [ 100.481886288598687, 7.096037429027775 ], [ 100.48179645707016, 7.096037429027768 ], [ 100.481796457070175, 7.0958577659709 ], [ 100.481886288598702, 7.095857765970893 ], [ 100.481886288598702, 7.095767934442547 ], [ 100.482245614712099, 7.095767934442541 ], [ 100.482245614712099, 7.095678102914106 ], [ 100.482335446240626, 7.0956781029141 ], [ 100.482335446240626, 7.095588271385666 ], [ 100.482425277769138, 7.095588271385667 ], [ 100.482425277769153, 7.095228945272008 ], [ 100.482515109297324, 7.095228945272009 ], [ 100.482515109297324, 7.09486961915843 ], [ 100.482604940825851, 7.094869619158433 ], [ 100.482604940825851, 7.094689956101547 ], [ 100.482694772354378, 7.094689956101544 ], [ 100.482694772354378, 7.094600124573124 ], [ 100.482874435411091, 7.094600124573124 ], [ 100.482874435411077, 7.094689956101554 ], [ 100.482964266939618, 7.094689956101548 ], [ 100.482964266939604, 7.094779787629991 ], [ 100.483054098467775, 7.094779787629986 ], [ 100.48305409846779, 7.095498439857313 ], [ 100.482964266939589, 7.095498439857321 ], [ 100.482964266939604, 7.095678102914107 ], [ 100.482874435411077, 7.09567810291411 ], [ 100.482874435411077, 7.095857765970896 ], [ 100.48278460388255, 7.095857765970893 ], [ 100.482784603882564, 7.095947597499339 ], [ 100.482694772354378, 7.095947597499342 ], [ 100.482694772354378, 7.096127260556115 ], [ 100.482604940825865, 7.096127260556111 ], [ 100.482604940825851, 7.096306923613003 ], [ 100.482515109297324, 7.096306923612991 ], [ 100.482515109297324, 7.096756081255001 ], [ 100.482425277769153, 7.096756081255009 ], [ 100.482425277769153, 7.096935744311887 ], [ 100.482335446240626, 7.096935744311883 ], [ 100.482335446240626, 7.097205238897113 ], [ 100.482245614712113, 7.097205238897101 ], [ 100.482245614712099, 7.097834059595999 ], [ 100.482155783183913, 7.09783405959599 ], [ 100.482155783183927, 7.097923891124432 ], [ 100.482245614712099, 7.097923891124439 ], [ 100.482245614712099, 7.098013722652794 ], [ 100.482335446240626, 7.098013722652793 ], [ 100.482335446240612, 7.098103554181225 ], [ 100.482425277769153, 7.098103554181217 ], [ 100.482425277769153, 7.098193385709662 ], [ 100.482515109297324, 7.098193385709669 ], [ 100.482515109297324, 7.098283217238007 ], [ 100.482604940825851, 7.098283217238005 ], [ 100.482604940825851, 7.098552711823333 ], [ 100.482515109297324, 7.098552711823325 ], [ 100.482515109297339, 7.098642543351675 ], [ 100.481616794013476, 7.098642543351671 ], [ 100.481616794013476, 7.098732374880109 ], [ 100.480448984144061, 7.098732374880115 ], [ 100.480448984144033, 7.098822206408557 ], [ 100.480179489558822, 7.098822206408549 ], [ 100.480179489558807, 7.098912037936904 ], [ 100.48008965803028, 7.098912037936912 ], [ 100.480089658030295, 7.099001869465344 ], [ 100.479820163445069, 7.099001869465331 ], [ 100.479820163445069, 7.098912037936906 ], [ 100.479640500388385, 7.098912037936898 ], [ 100.479640500388371, 7.098822206408556 ], [ 100.479281174274618, 7.098822206408544 ], [ 100.479281174274618, 7.098912037936892 ], [ 100.479191342746105, 7.098912037936895 ], [ 100.479191342746091, 7.099001869465338 ], [ 100.47910151121792, 7.099001869465332 ], [ 100.47910151121792, 7.099181532522125 ], [ 100.479011679689378, 7.099181532522125 ], [ 100.479011679689407, 7.099271364050574 ], [ 100.478921848160866, 7.099271364050566 ], [ 100.478921848160866, 7.099361195579007 ], [ 100.478832016632694, 7.099361195579007 ], [ 100.478832016632694, 7.099451027107441 ], [ 100.478562522047469, 7.099451027107436 ], [ 100.478562522047469, 7.099540858635792 ], [ 100.478472690518956, 7.09954085863578 ], [ 100.478472690518942, 7.099720521692674 ], [ 100.478382858990429, 7.099720521692666 ], [ 100.4783828589904, 7.100708668505136 ], [ 100.478472690518942, 7.100708668505127 ], [ 100.478472690518942, 7.101517152260906 ], [ 100.478562522047469, 7.101517152260897 ], [ 100.478562522047469, 7.102145972959776 ], [ 100.478472690518956, 7.102145972959784 ], [ 100.478472690518942, 7.102235804488137 ], [ 100.478382858990415, 7.102235804488127 ], [ 100.478382858990415, 7.102325636016572 ], [ 100.478293027462229, 7.102325636016563 ], [ 100.478293027462243, 7.102415467545018 ], [ 100.477843869819964, 7.102415467545017 ], [ 100.477843869819949, 7.102325636016575 ], [ 100.477574375234738, 7.102325636016566 ], [ 100.477574375234724, 7.102415467545005 ], [ 100.476496396893836, 7.10241546754501 ], [ 100.476496396893836, 7.102595130601803 ], [ 100.476406565365323, 7.1025951306018 ], [ 100.476406565365309, 7.102684962130231 ], [ 100.476496396893836, 7.102684962130244 ], [ 100.47649639689385, 7.102954456715453 ], [ 100.476586228422349, 7.102954456715464 ], [ 100.476586228422349, 7.103134119772245 ], [ 100.476676059950535, 7.103134119772243 ], [ 100.47667605995052, 7.103223951300688 ], [ 100.476765891479062, 7.103223951300682 ], [ 100.476765891479076, 7.103313782829134 ], [ 100.476855723007588, 7.103313782829122 ], [ 100.476855723007588, 7.103403614357561 ], [ 100.47694555453576, 7.103403614357565 ], [ 100.47694555453576, 7.103493445885912 ], [ 100.477035386064287, 7.103493445885908 ], [ 100.477035386064273, 7.103583277414361 ], [ 100.477215049121, 7.103583277414346 ], [ 100.477215049120986, 7.103673108942794 ], [ 100.477664206763279, 7.103673108942795 ], [ 100.477664206763265, 7.103762940471141 ], [ 100.478203195933716, 7.10376294047114 ], [ 100.478203195933716, 7.103852771999585 ], [ 100.478832016632708, 7.103852771999568 ], [ 100.478832016632694, 7.10394260352801 ], [ 100.47892184816088, 7.103942603528009 ], [ 100.478921848160866, 7.104032435056452 ], [ 100.479011679689393, 7.104032435056458 ], [ 100.479011679689393, 7.104122266584803 ], [ 100.47910151121792, 7.104122266584795 ], [ 100.47910151121792, 7.104391761170028 ], [ 100.479011679689393, 7.104391761170024 ], [ 100.479011679689407, 7.104481592698459 ], [ 100.478921848160866, 7.10448159269847 ], [ 100.478921848160851, 7.104571424226897 ], [ 100.478562522047469, 7.104571424226906 ], [ 100.478562522047469, 7.104481592698459 ], [ 100.478023532877017, 7.10448159269847 ], [ 100.478023532877017, 7.104391761170038 ], [ 100.477843869819964, 7.104391761170028 ], [ 100.477843869819978, 7.104301929641686 ], [ 100.47739471217804, 7.10430192964167 ], [ 100.47739471217804, 7.104212098113245 ], [ 100.477125217592814, 7.104212098113245 ], [ 100.477125217592814, 7.104301929641685 ], [ 100.47694555453576, 7.104301929641682 ], [ 100.47694555453576, 7.104391761170021 ], [ 100.476855723007588, 7.104391761170033 ], [ 100.476855723007603, 7.104751087283701 ], [ 100.476676059950535, 7.104751087283695 ], [ 100.47667605995052, 7.104840918812132 ], [ 100.476496396893836, 7.104840918812133 ], [ 100.476496396893822, 7.104930750340563 ], [ 100.476226902308611, 7.104930750340573 ], [ 100.476226902308625, 7.105020581868909 ], [ 100.476047239251898, 7.105020581868919 ], [ 100.476047239251898, 7.105110413397351 ], [ 100.475957407723371, 7.105110413397356 ], [ 100.475957407723385, 7.105200244925792 ], [ 100.475867576194858, 7.105200244925787 ], [ 100.475867576194858, 7.105290076454148 ], [ 100.475777744666686, 7.105290076454151 ], [ 100.475777744666686, 7.105379907982575 ], [ 100.47568791313816, 7.105379907982587 ], [ 100.475687913138145, 7.105559571039468 ], [ 100.476316733837137, 7.105559571039459 ], [ 100.476316733837137, 7.105649402567807 ], [ 100.476676059950549, 7.105649402567797 ], [ 100.476676059950535, 7.105739234096244 ], [ 100.47694555453576, 7.105739234096236 ], [ 100.476945554535774, 7.105829065624686 ], [ 100.477215049120986, 7.10582906562468 ], [ 100.477215049120986, 7.105918897153037 ], [ 100.47739471217804, 7.105918897153023 ], [ 100.477394712178054, 7.106008728681474 ], [ 100.477843869819964, 7.106008728681472 ], [ 100.477843869819964, 7.106098560209898 ], [ 100.47820319593373, 7.10609856020991 ], [ 100.47820319593373, 7.106188391738262 ], [ 100.478562522047454, 7.10618839173825 ], [ 100.478562522047454, 7.106278223266703 ], [ 100.478652353575626, 7.106278223266693 ], [ 100.478652353575654, 7.106368054795127 ], [ 100.478742185104167, 7.106368054795139 ], [ 100.478742185104181, 7.106457886323578 ], [ 100.478832016632708, 7.106457886323572 ], [ 100.478832016632694, 7.106727380908804 ], [ 100.47865235357564, 7.106727380908803 ], [ 100.47865235357564, 7.106817212437145 ], [ 100.478382858990415, 7.106817212437153 ], [ 100.478382858990415, 7.106727380908787 ], [ 100.478113364405175, 7.106727380908804 ], [ 100.478113364405203, 7.106637549380356 ], [ 100.477933701348491, 7.106637549380356 ], [ 100.477933701348476, 7.10654771785192 ], [ 100.477304880649498, 7.10654771785192 ], [ 100.477304880649527, 7.106457886323575 ], [ 100.477125217592814, 7.106457886323579 ], [ 100.477125217592828, 7.106368054795127 ], [ 100.476496396893836, 7.106368054795137 ], [ 100.476496396893836, 7.106278223266693 ], [ 100.476316733837137, 7.106278223266695 ], [ 100.476316733837137, 7.106188391738249 ], [ 100.476226902308611, 7.106188391738259 ], [ 100.476226902308611, 7.1060985602099 ], [ 100.475957407723385, 7.106098560209916 ], [ 100.475957407723399, 7.106008728681469 ], [ 100.475777744666672, 7.106008728681459 ], [ 100.475777744666701, 7.105918897153035 ], [ 100.475687913138145, 7.105918897153032 ], [ 100.47568791313816, 7.105739234096235 ], [ 100.475508250081475, 7.105739234096236 ], [ 100.475508250081461, 7.105649402567797 ], [ 100.475328587024421, 7.105649402567801 ], [ 100.475328587024393, 7.105739234096254 ], [ 100.47523875549625, 7.105739234096251 ], [ 100.475238755496235, 7.105829065624685 ], [ 100.475148923967708, 7.10582906562469 ], [ 100.475148923967708, 7.106188391738264 ], [ 100.47523875549625, 7.106188391738255 ], [ 100.475238755496221, 7.106278223266693 ], [ 100.475598081609618, 7.106278223266695 ], [ 100.475598081609633, 7.106368054795124 ], [ 100.475777744666686, 7.106368054795135 ], [ 100.475777744666686, 7.106457886323567 ], [ 100.475867576194858, 7.106457886323563 ], [ 100.475867576194858, 7.106547717851923 ], [ 100.475957407723385, 7.106547717851926 ], [ 100.475957407723385, 7.106907043965589 ], [ 100.475867576194872, 7.106907043965576 ], [ 100.475867576194858, 7.106996875494023 ], [ 100.47568791313816, 7.106996875494021 ], [ 100.47568791313816, 7.107086707022461 ], [ 100.475598081609618, 7.107086707022453 ], [ 100.475598081609633, 7.107176538550815 ], [ 100.475418418552934, 7.107176538550801 ], [ 100.47541841855292, 7.107266370079255 ], [ 100.475328587024407, 7.107266370079249 ], [ 100.475328587024393, 7.10744603313604 ], [ 100.475508250081461, 7.10744603313604 ], [ 100.475508250081447, 7.107356201607679 ], [ 100.475867576194858, 7.107356201607696 ], [ 100.475867576194858, 7.107446033136046 ], [ 100.475957407723371, 7.107446033136029 ], [ 100.475957407723371, 7.107985022306583 ], [ 100.476047239251912, 7.107985022306572 ], [ 100.476047239251898, 7.108164685363358 ], [ 100.476137070780084, 7.108164685363364 ], [ 100.476137070780084, 7.108254516891804 ], [ 100.476226902308625, 7.108254516891794 ], [ 100.476226902308596, 7.108164685363363 ], [ 100.476406565365309, 7.108164685363365 ], [ 100.476406565365309, 7.108074853834929 ], [ 100.476586228422363, 7.108074853834923 ], [ 100.476586228422363, 7.107985022306583 ], [ 100.47667605995052, 7.107985022306571 ], [ 100.476676059950535, 7.107895190778138 ], [ 100.476765891479062, 7.107895190778129 ], [ 100.476765891479062, 7.107805359249704 ], [ 100.47694555453576, 7.107805359249708 ], [ 100.47694555453576, 7.107625696192909 ], [ 100.477215049120986, 7.10762569619291 ], [ 100.477215049120986, 7.107535864664468 ], [ 100.477484543706552, 7.107535864664475 ], [ 100.477484543706566, 7.107625696192921 ], [ 100.477574375234752, 7.107625696192916 ], [ 100.477574375234738, 7.107715527721268 ], [ 100.477664206763265, 7.107715527721263 ], [ 100.477664206763251, 7.107805359249702 ], [ 100.477754038291792, 7.107805359249699 ], [ 100.477754038291792, 7.107895190778141 ], [ 100.477843869819964, 7.107895190778143 ], [ 100.477843869819964, 7.108074853834932 ], [ 100.477933701348491, 7.108074853834921 ], [ 100.477933701348476, 7.108164685363369 ], [ 100.478203195933716, 7.108164685363358 ], [ 100.478203195933716, 7.108254516891804 ], [ 100.478293027462243, 7.108254516891799 ], [ 100.478293027462243, 7.108344348420148 ], [ 100.4783828589904, 7.108344348420144 ], [ 100.478382858990415, 7.108434179948596 ], [ 100.478472690518942, 7.10843417994859 ], [ 100.478472690518927, 7.108524011477025 ], [ 100.478562522047469, 7.108524011477018 ], [ 100.478562522047469, 7.10915283217592 ], [ 100.478472690518942, 7.109152832175907 ], [ 100.478472690518942, 7.109332495232706 ], [ 100.478382858990415, 7.109332495232712 ], [ 100.478382858990415, 7.109512158289588 ], [ 100.478472690518942, 7.109512158289573 ], [ 100.478472690518942, 7.109601989817932 ], [ 100.478562522047469, 7.109601989817934 ], [ 100.478562522047469, 7.109691821346376 ], [ 100.478742185104167, 7.109691821346362 ], [ 100.478742185104167, 7.109781652874812 ], [ 100.478832016632694, 7.109781652874814 ], [ 100.478832016632708, 7.109871484403145 ], [ 100.479011679689407, 7.109871484403149 ], [ 100.479011679689407, 7.109961315931588 ], [ 100.479191342746091, 7.109961315931598 ], [ 100.479191342746077, 7.110051147460022 ], [ 100.479281174274604, 7.110051147460023 ], [ 100.479281174274618, 7.109961315931595 ], [ 100.479371005803145, 7.109961315931583 ], [ 100.479371005803159, 7.109512158289577 ], [ 100.479460837331331, 7.109512158289574 ], [ 100.479460837331303, 7.109332495232704 ], [ 100.479550668859844, 7.109332495232706 ], [ 100.479550668859844, 7.109242663704261 ], [ 100.479909994973596, 7.109242663704261 ] ], [ [ 100.486916854189815, 7.083730509635306 ], [ 100.486916854189801, 7.083640678106859 ], [ 100.486827022661302, 7.083640678106861 ], [ 100.486827022661288, 7.083550846578516 ], [ 100.486916854189815, 7.083550846578509 ], [ 100.486916854189815, 7.083371183521646 ], [ 100.48718634877504, 7.083371183521647 ], [ 100.487186348775026, 7.083461015050072 ], [ 100.487276180303198, 7.083461015050069 ], [ 100.487276180303226, 7.083820341163733 ], [ 100.487006685717986, 7.083820341163731 ], [ 100.487006685717972, 7.083730509635299 ], [ 100.486916854189815, 7.083730509635306 ] ], [ [ 100.487276180303198, 7.084089835748956 ], [ 100.487635506416964, 7.084089835748961 ], [ 100.487635506416964, 7.084179667277413 ], [ 100.487725337945491, 7.084179667277413 ], [ 100.487725337945506, 7.084359330334199 ], [ 100.487815169473663, 7.084359330334197 ], [ 100.487815169473663, 7.084538993390981 ], [ 100.487725337945491, 7.084538993390977 ], [ 100.487725337945477, 7.084628824919424 ], [ 100.487455843360266, 7.084628824919423 ], [ 100.48745584336028, 7.084538993390985 ], [ 100.487276180303212, 7.084538993390987 ], [ 100.487276180303212, 7.084359330334183 ], [ 100.487186348775026, 7.084359330334187 ], [ 100.487186348775026, 7.084269498805756 ], [ 100.487276180303212, 7.08426949880575 ], [ 100.487276180303198, 7.084089835748956 ] ], [ [ 100.485928707377084, 7.084359330334182 ], [ 100.486018538905611, 7.084359330334197 ], [ 100.486018538905626, 7.084269498805762 ], [ 100.486288033490837, 7.08426949880575 ], [ 100.486288033490837, 7.084449161862622 ], [ 100.486377865019008, 7.084449161862626 ], [ 100.486377865019008, 7.084718656447861 ], [ 100.486288033490837, 7.084718656447858 ], [ 100.486288033490823, 7.084808487976286 ], [ 100.486018538905611, 7.084808487976297 ], [ 100.486018538905597, 7.084718656447849 ], [ 100.485928707377084, 7.084718656447864 ], [ 100.485928707377084, 7.084359330334182 ] ], [ [ 100.484491402922444, 7.088671243697988 ], [ 100.48449140292243, 7.088401749112742 ], [ 100.484401571394244, 7.088401749112748 ], [ 100.484401571394258, 7.087862759942292 ], [ 100.48449140292243, 7.087862759942302 ], [ 100.484491402922416, 7.087772928413864 ], [ 100.484940560564709, 7.087772928413859 ], [ 100.484940560564695, 7.087952591470652 ], [ 100.485030392092867, 7.087952591470641 ], [ 100.485030392092881, 7.088042422999097 ], [ 100.485120223621408, 7.088042422999094 ], [ 100.485120223621408, 7.088132254527535 ], [ 100.485210055149921, 7.088132254527524 ], [ 100.485210055149935, 7.088222086055873 ], [ 100.485299886678121, 7.088222086055874 ], [ 100.485299886678106, 7.08831191758431 ], [ 100.485389718206619, 7.088311917584319 ], [ 100.485389718206633, 7.088671243697981 ], [ 100.485299886678106, 7.088671243697974 ], [ 100.485299886678121, 7.088761075226423 ], [ 100.485030392092881, 7.088761075226421 ], [ 100.485030392092867, 7.088850906754757 ], [ 100.484671065979484, 7.088850906754755 ], [ 100.484671065979484, 7.088761075226418 ], [ 100.484581234450943, 7.088761075226422 ], [ 100.484581234450971, 7.088671243697974 ], [ 100.484491402922444, 7.088671243697988 ] ], [ [ 100.487725337945491, 7.088581412169542 ], [ 100.487635506416964, 7.088581412169547 ], [ 100.487635506416964, 7.08822208605588 ], [ 100.487545674888423, 7.088222086055879 ], [ 100.487545674888437, 7.088042422999091 ], [ 100.487635506416964, 7.088042422999085 ], [ 100.487635506416964, 7.087952591470646 ], [ 100.487815169473677, 7.087952591470652 ], [ 100.487815169473663, 7.088132254527522 ], [ 100.48790500100219, 7.088132254527522 ], [ 100.48790500100219, 7.088222086055868 ], [ 100.487994832530717, 7.088222086055871 ], [ 100.487994832530717, 7.088311917584318 ], [ 100.488084664058889, 7.088311917584305 ], [ 100.488084664058903, 7.08858141216954 ], [ 100.487994832530717, 7.088581412169545 ], [ 100.487994832530717, 7.088671243697984 ], [ 100.48790500100219, 7.088671243697989 ], [ 100.48790500100219, 7.088761075226423 ], [ 100.487815169473649, 7.088761075226423 ], [ 100.487815169473663, 7.088671243697971 ], [ 100.487725337945491, 7.088671243697972 ], [ 100.487725337945491, 7.088581412169542 ] ], [ [ 100.484581234450971, 7.089210232868435 ], [ 100.485030392092881, 7.089210232868428 ], [ 100.485030392092881, 7.089300064396875 ], [ 100.485210055149935, 7.089300064396874 ], [ 100.485210055149949, 7.0893898959253 ], [ 100.486018538905597, 7.089389895925301 ], [ 100.486018538905611, 7.089479727453658 ], [ 100.486108370433783, 7.089479727453645 ], [ 100.486108370433783, 7.089569558982087 ], [ 100.48619820196231, 7.089569558982097 ], [ 100.48619820196231, 7.089659390510524 ], [ 100.486288033490823, 7.08965939051054 ], [ 100.486288033490837, 7.089928885095747 ], [ 100.48619820196231, 7.089928885095753 ], [ 100.486198201962296, 7.09001871662411 ], [ 100.485928707377084, 7.090018716624103 ], [ 100.485928707377084, 7.089928885095746 ], [ 100.485210055149921, 7.089928885095747 ], [ 100.485210055149935, 7.089839053567315 ], [ 100.484940560564723, 7.08983905356731 ], [ 100.484940560564709, 7.089749222038883 ], [ 100.484671065979498, 7.089749222038883 ], [ 100.484671065979484, 7.089659390510525 ], [ 100.484581234450971, 7.089659390510524 ], [ 100.484581234450971, 7.089569558982094 ], [ 100.484491402922416, 7.089569558982101 ], [ 100.48449140292243, 7.089389895925297 ], [ 100.484581234450957, 7.089389895925309 ], [ 100.484581234450971, 7.089210232868435 ] ], [ [ 100.485210055149935, 7.091545852607111 ], [ 100.485210055149921, 7.091635684135547 ], [ 100.485120223621408, 7.091635684135557 ], [ 100.485120223621408, 7.09172551566398 ], [ 100.485030392092881, 7.091725515663994 ], [ 100.485030392092881, 7.091635684135538 ], [ 100.484760897507655, 7.091635684135541 ], [ 100.484760897507641, 7.091545852607112 ], [ 100.48449140292243, 7.0915458526071 ], [ 100.48449140292243, 7.091635684135557 ], [ 100.484311739865731, 7.09163568413555 ], [ 100.484311739865731, 7.091725515663982 ], [ 100.484132076809033, 7.091725515663984 ], [ 100.484132076809033, 7.091635684135556 ], [ 100.483862582223793, 7.09163568413554 ], [ 100.483862582223807, 7.091545852607107 ], [ 100.483233761524829, 7.091545852607108 ], [ 100.483233761524829, 7.091456021078764 ], [ 100.483054098467775, 7.091456021078755 ], [ 100.48305409846779, 7.091366189550318 ], [ 100.482964266939604, 7.091366189550315 ], [ 100.482964266939604, 7.09127635802189 ], [ 100.482874435411063, 7.091276358021878 ], [ 100.482874435411077, 7.091006863436656 ], [ 100.482964266939589, 7.091006863436665 ], [ 100.482964266939604, 7.090827200379877 ], [ 100.484221908337204, 7.090827200379861 ], [ 100.484221908337204, 7.090917031908298 ], [ 100.484581234450943, 7.090917031908313 ], [ 100.484581234450957, 7.091006863436653 ], [ 100.48476089750767, 7.091006863436649 ], [ 100.484760897507655, 7.090917031908306 ], [ 100.484850729036197, 7.090917031908305 ], [ 100.484850729036182, 7.091006863436657 ], [ 100.485030392092867, 7.091006863436657 ], [ 100.485030392092895, 7.091096694965086 ], [ 100.485210055149921, 7.091096694965102 ], [ 100.485210055149921, 7.091276358021892 ], [ 100.485299886678106, 7.091276358021879 ], [ 100.485299886678121, 7.091545852607105 ], [ 100.485210055149935, 7.091545852607111 ] ], [ [ 100.484401571394244, 7.09217467330599 ], [ 100.484581234450957, 7.092174673305992 ], [ 100.484581234450957, 7.092084841777639 ], [ 100.484940560564709, 7.092084841777639 ], [ 100.484940560564709, 7.092174673305992 ], [ 100.485120223621422, 7.092174673305993 ], [ 100.485120223621408, 7.092354336362876 ], [ 100.485210055149935, 7.092354336362882 ], [ 100.485210055149935, 7.092533999419655 ], [ 100.485120223621408, 7.09253399941967 ], [ 100.485120223621422, 7.092623830948095 ], [ 100.48449140292243, 7.09262383094809 ], [ 100.48449140292243, 7.092533999419659 ], [ 100.484401571394272, 7.092533999419658 ], [ 100.484401571394258, 7.092444167891315 ], [ 100.484311739865731, 7.092444167891316 ], [ 100.484311739865731, 7.092264504834445 ], [ 100.484401571394258, 7.09226450483444 ], [ 100.484401571394244, 7.09217467330599 ] ], [ [ 100.484042245280506, 7.093611977760653 ], [ 100.483952413751979, 7.09361197776066 ], [ 100.483952413751965, 7.093522146232219 ], [ 100.484042245280506, 7.093522146232219 ], [ 100.484042245280506, 7.093162820118549 ], [ 100.484132076809033, 7.09316282011855 ], [ 100.484132076809033, 7.093072988590116 ], [ 100.484221908337219, 7.093072988590114 ], [ 100.484221908337204, 7.092983157061765 ], [ 100.484760897507641, 7.092983157061764 ], [ 100.484760897507655, 7.093072988590118 ], [ 100.485030392092881, 7.093072988590115 ], [ 100.485030392092881, 7.093252651646979 ], [ 100.485120223621408, 7.093252651646988 ], [ 100.485120223621408, 7.093432314703783 ], [ 100.485030392092881, 7.093432314703773 ], [ 100.485030392092881, 7.093522146232206 ], [ 100.484491402922416, 7.093522146232207 ], [ 100.48449140292243, 7.093611977760656 ], [ 100.484311739865731, 7.093611977760657 ], [ 100.484311739865731, 7.093701809289004 ], [ 100.48404224528052, 7.093701809289002 ], [ 100.484042245280506, 7.093611977760653 ] ], [ [ 100.487994832530717, 7.094330629987881 ], [ 100.487994832530717, 7.094420461516338 ], [ 100.48790500100219, 7.094420461516331 ], [ 100.48790500100219, 7.094510293044764 ], [ 100.487725337945477, 7.094510293044761 ], [ 100.487725337945506, 7.094420461516336 ], [ 100.487545674888437, 7.094420461516324 ], [ 100.487545674888437, 7.094330629987883 ], [ 100.487276180303226, 7.094330629987882 ], [ 100.487276180303212, 7.094240798459531 ], [ 100.487096517246513, 7.094240798459537 ], [ 100.487096517246513, 7.094150966931094 ], [ 100.486916854189829, 7.094150966931095 ], [ 100.486916854189829, 7.09397130387432 ], [ 100.486827022661288, 7.093971303874312 ], [ 100.486827022661288, 7.093881472345877 ], [ 100.486916854189829, 7.09388147234588 ], [ 100.486916854189829, 7.093791640817438 ], [ 100.487006685718001, 7.093791640817444 ], [ 100.487006685717972, 7.093701809288994 ], [ 100.487276180303198, 7.093701809289002 ], [ 100.487276180303212, 7.093611977760657 ], [ 100.487545674888423, 7.093611977760661 ], [ 100.487545674888437, 7.093701809289 ], [ 100.488084664058889, 7.093701809288999 ], [ 100.488084664058889, 7.093881472345884 ], [ 100.488174495587415, 7.093881472345868 ], [ 100.488174495587415, 7.094240798459544 ], [ 100.488084664058889, 7.094240798459551 ], [ 100.488084664058889, 7.094330629987891 ], [ 100.487994832530717, 7.094330629987881 ] ], [ [ 100.483413424581514, 7.097295070425548 ], [ 100.483503256110069, 7.097295070425546 ], [ 100.483503256110069, 7.097564565010767 ], [ 100.483413424581514, 7.097564565010768 ], [ 100.483413424581542, 7.09765439653913 ], [ 100.483323593053001, 7.097654396539116 ], [ 100.483323593053001, 7.097564565010767 ], [ 100.483143929996302, 7.097564565010782 ], [ 100.483143929996288, 7.09747473348234 ], [ 100.483054098467775, 7.097474733482328 ], [ 100.483054098467775, 7.097384901953899 ], [ 100.482964266939618, 7.097384901953901 ], [ 100.482964266939604, 7.097295070425543 ], [ 100.483054098467775, 7.097295070425546 ], [ 100.483054098467775, 7.097115407368674 ], [ 100.483323593052987, 7.097115407368672 ], [ 100.483323593052987, 7.097205238897112 ], [ 100.483413424581528, 7.097205238897117 ], [ 100.483413424581514, 7.097295070425548 ] ], [ [ 100.483143929996302, 7.099361195578997 ], [ 100.483054098467775, 7.099361195579002 ], [ 100.483054098467775, 7.099181532522118 ], [ 100.482964266939604, 7.099181532522127 ], [ 100.482964266939604, 7.099001869465343 ], [ 100.482874435411077, 7.099001869465337 ], [ 100.482874435411091, 7.098732374880107 ], [ 100.482964266939618, 7.098732374880109 ], [ 100.482964266939604, 7.098462880294894 ], [ 100.483054098467775, 7.098462880294888 ], [ 100.48305409846779, 7.098283217238015 ], [ 100.483143929996302, 7.098283217238016 ], [ 100.483143929996302, 7.098193385709674 ], [ 100.483233761524829, 7.098193385709656 ], [ 100.483233761524843, 7.098103554181217 ], [ 100.483323593053001, 7.098103554181223 ], [ 100.483323593053001, 7.098013722652786 ], [ 100.483503256110069, 7.098013722652783 ], [ 100.483503256110069, 7.097923891124437 ], [ 100.483593087638582, 7.097923891124428 ], [ 100.483593087638582, 7.097834059596005 ], [ 100.483682919166753, 7.097834059596003 ], [ 100.483682919166768, 7.097474733482338 ], [ 100.483772750695294, 7.09747473348234 ], [ 100.48377275069528, 7.097295070425558 ], [ 100.483862582223807, 7.097295070425553 ], [ 100.483862582223807, 7.097115407368676 ], [ 100.483952413751965, 7.097115407368666 ], [ 100.483952413751979, 7.097025575840334 ], [ 100.484221908337219, 7.097025575840324 ], [ 100.484221908337204, 7.097205238897103 ], [ 100.484401571394258, 7.097205238897101 ], [ 100.484401571394258, 7.097295070425551 ], [ 100.484581234450971, 7.097295070425549 ], [ 100.484581234450943, 7.097474733482345 ], [ 100.484760897507655, 7.097474733482344 ], [ 100.484760897507655, 7.097744228067555 ], [ 100.484671065979484, 7.097744228067554 ], [ 100.484671065979484, 7.097923891124427 ], [ 100.48449140292243, 7.097923891124438 ], [ 100.48449140292243, 7.098013722652779 ], [ 100.484401571394272, 7.098013722652779 ], [ 100.484401571394244, 7.098103554181227 ], [ 100.484311739865731, 7.098103554181233 ], [ 100.484311739865731, 7.098193385709668 ], [ 100.484221908337204, 7.098193385709661 ], [ 100.48422190833719, 7.098283217238021 ], [ 100.484132076809047, 7.098283217238018 ], [ 100.484132076809018, 7.098373048766444 ], [ 100.484042245280506, 7.098373048766446 ], [ 100.484042245280506, 7.098462880294898 ], [ 100.483682919166753, 7.098462880294881 ], [ 100.483682919166753, 7.09873237488011 ], [ 100.483593087638582, 7.098732374880122 ], [ 100.483593087638567, 7.09882220640856 ], [ 100.483682919166753, 7.098822206408562 ], [ 100.483682919166739, 7.098912037936891 ], [ 100.483593087638596, 7.098912037936896 ], [ 100.483593087638582, 7.099181532522131 ], [ 100.483503256110041, 7.099181532522132 ], [ 100.483503256110055, 7.099361195578997 ], [ 100.483413424581528, 7.099361195579006 ], [ 100.483413424581528, 7.099451027107441 ], [ 100.483143929996302, 7.099451027107449 ], [ 100.483143929996302, 7.099361195578997 ] ], [ [ 100.484132076809033, 7.099361195578998 ], [ 100.484132076809033, 7.099451027107436 ], [ 100.484221908337219, 7.099451027107436 ], [ 100.48422190833719, 7.099720521692672 ], [ 100.484132076809047, 7.099720521692676 ], [ 100.484132076809047, 7.099810353221025 ], [ 100.483862582223807, 7.099810353221008 ], [ 100.483862582223807, 7.099720521692675 ], [ 100.48377275069528, 7.099720521692676 ], [ 100.48377275069528, 7.099540858635791 ], [ 100.483862582223807, 7.099540858635788 ], [ 100.483862582223807, 7.099361195579007 ], [ 100.484132076809033, 7.099361195578998 ] ], [ [ 100.490779609911499, 7.081933879067073 ], [ 100.490599946854445, 7.081933879067065 ], [ 100.490599946854445, 7.081844047538631 ], [ 100.490779609911499, 7.081844047538626 ], [ 100.490779609911499, 7.081933879067073 ] ], [ [ 100.487545674888437, 7.083011857407968 ], [ 100.487635506416964, 7.083011857407976 ], [ 100.487635506416964, 7.08283219435119 ], [ 100.487725337945491, 7.082832194351184 ], [ 100.487725337945477, 7.082742362822747 ], [ 100.487815169473649, 7.082742362822753 ], [ 100.487815169473663, 7.082652531294391 ], [ 100.488084664058889, 7.082652531294407 ], [ 100.488084664058874, 7.082742362822755 ], [ 100.488264327115942, 7.082742362822754 ], [ 100.488264327115942, 7.0826525312944 ], [ 100.488713484757866, 7.082652531294402 ], [ 100.488713484757866, 7.082562699765961 ], [ 100.488893147814565, 7.082562699765952 ], [ 100.488893147814551, 7.082652531294394 ], [ 100.489072810871605, 7.082652531294401 ], [ 100.489072810871619, 7.082832194351197 ], [ 100.489252473928317, 7.082832194351179 ], [ 100.489252473928317, 7.082922025879635 ], [ 100.489162642399791, 7.082922025879628 ], [ 100.489162642399776, 7.083101688936415 ], [ 100.489072810871619, 7.083101688936422 ], [ 100.489072810871619, 7.083191520464854 ], [ 100.488893147814565, 7.083191520464847 ], [ 100.488893147814565, 7.083281351993298 ], [ 100.488713484757881, 7.083281351993282 ], [ 100.488713484757881, 7.083371183521631 ], [ 100.488084664058889, 7.083371183521642 ], [ 100.488084664058874, 7.083461015050079 ], [ 100.48790500100219, 7.083461015050081 ], [ 100.48790500100219, 7.083371183521647 ], [ 100.487635506416964, 7.083371183521629 ], [ 100.487635506416979, 7.083281351993284 ], [ 100.487545674888437, 7.083281351993287 ], [ 100.487545674888437, 7.083011857407968 ] ], [ [ 100.491498262138634, 7.083550846578522 ], [ 100.491498262138649, 7.08364067810686 ], [ 100.491588093667161, 7.083640678106865 ], [ 100.491588093667175, 7.083730509635295 ], [ 100.491498262138649, 7.083730509635296 ], [ 100.491498262138634, 7.083820341163732 ], [ 100.491408430610107, 7.083820341163731 ], [ 100.491408430610122, 7.083910172692171 ], [ 100.491228767553409, 7.083910172692173 ], [ 100.491228767553409, 7.083640678106855 ], [ 100.491318599081936, 7.083640678106865 ], [ 100.491318599081936, 7.083550846578516 ], [ 100.491498262138634, 7.083550846578522 ] ], [ [ 100.488982979343092, 7.083910172692176 ], [ 100.489162642399791, 7.083910172692184 ], [ 100.489162642399791, 7.083820341163745 ], [ 100.489252473928317, 7.083820341163745 ], [ 100.489252473928317, 7.08400000422052 ], [ 100.48934230545683, 7.084000004220531 ], [ 100.489342305456844, 7.084089835748966 ], [ 100.489432136985002, 7.084089835748967 ], [ 100.489432136985016, 7.084359330334199 ], [ 100.489072810871619, 7.084359330334189 ], [ 100.489072810871605, 7.084269498805758 ], [ 100.488982979343078, 7.08426949880576 ], [ 100.488982979343092, 7.084089835748972 ], [ 100.488893147814551, 7.084089835748965 ], [ 100.488893147814565, 7.084000004220528 ], [ 100.488982979343092, 7.084000004220534 ], [ 100.488982979343092, 7.083910172692176 ] ], [ [ 100.493205061178529, 7.086874613129739 ], [ 100.493025398121816, 7.086874613129738 ], [ 100.49302539812183, 7.086784781601306 ], [ 100.493205061178529, 7.086784781601308 ], [ 100.493205061178529, 7.086874613129739 ] ], [ [ 100.487994832530717, 7.086964444658104 ], [ 100.487994832530717, 7.086874613129753 ], [ 100.488174495587415, 7.086874613129738 ], [ 100.488174495587415, 7.087054276186529 ], [ 100.488084664058903, 7.087054276186531 ], [ 100.488084664058889, 7.087144107714982 ], [ 100.487994832530717, 7.087144107714964 ], [ 100.487994832530717, 7.087054276186534 ], [ 100.48790500100219, 7.087054276186544 ], [ 100.48790500100219, 7.086964444658096 ], [ 100.487994832530717, 7.086964444658104 ] ], [ [ 100.48790500100219, 7.091635684135543 ], [ 100.487725337945491, 7.091635684135555 ], [ 100.487725337945491, 7.091545852607105 ], [ 100.48763550641695, 7.091545852607102 ], [ 100.487635506416964, 7.091366189550325 ], [ 100.487545674888437, 7.091366189550324 ], [ 100.487545674888437, 7.091186526493526 ], [ 100.487635506416964, 7.09118652649354 ], [ 100.487635506416964, 7.091096694965104 ], [ 100.487905001002176, 7.091096694965102 ], [ 100.48790500100219, 7.091186526493527 ], [ 100.487994832530717, 7.091186526493535 ], [ 100.487994832530731, 7.091276358021882 ], [ 100.488084664058889, 7.091276358021888 ], [ 100.488084664058889, 7.091366189550315 ], [ 100.488174495587415, 7.091366189550317 ], [ 100.488174495587415, 7.091545852607108 ], [ 100.488264327115942, 7.091545852607106 ], [ 100.488264327115957, 7.091635684135551 ], [ 100.488443990172641, 7.09163568413555 ], [ 100.488443990172641, 7.091725515663977 ], [ 100.488623653229325, 7.09172551566399 ], [ 100.48862365322934, 7.091815347192416 ], [ 100.488803316286393, 7.091815347192419 ], [ 100.488803316286393, 7.091905178720765 ], [ 100.488982979343092, 7.091905178720778 ], [ 100.488982979343078, 7.091995010249204 ], [ 100.489072810871633, 7.091995010249218 ], [ 100.489072810871633, 7.092084841777641 ], [ 100.489162642399791, 7.092084841777647 ], [ 100.489162642399791, 7.092264504834429 ], [ 100.489072810871633, 7.092264504834444 ], [ 100.489072810871605, 7.092354336362882 ], [ 100.488982979343106, 7.092354336362868 ], [ 100.488982979343092, 7.092444167891303 ], [ 100.488623653229325, 7.092444167891311 ], [ 100.488623653229354, 7.092354336362877 ], [ 100.488443990172641, 7.092354336362867 ], [ 100.488443990172655, 7.092264504834434 ], [ 100.48817449558743, 7.092264504834435 ], [ 100.488174495587415, 7.092174673306006 ], [ 100.488084664058889, 7.092174673306006 ], [ 100.488084664058889, 7.092084841777656 ], [ 100.487994832530717, 7.092084841777647 ], [ 100.487994832530717, 7.091815347192416 ], [ 100.487905001002176, 7.091815347192428 ], [ 100.48790500100219, 7.091635684135543 ] ], [ [ 100.493744050348965, 7.094330629987883 ], [ 100.493654218820453, 7.094330629987895 ], [ 100.493654218820453, 7.094150966931095 ], [ 100.49374405034898, 7.094150966931108 ], [ 100.49374405034898, 7.093971303874325 ], [ 100.493833881877507, 7.093971303874306 ], [ 100.493833881877507, 7.093881472345881 ], [ 100.49419320799089, 7.093881472345883 ], [ 100.494193207990904, 7.093971303874318 ], [ 100.494283039519445, 7.093971303874313 ], [ 100.494283039519431, 7.094061135402653 ], [ 100.494372871047943, 7.094061135402662 ], [ 100.494372871047943, 7.094240798459537 ], [ 100.494462702576143, 7.094240798459547 ], [ 100.494462702576129, 7.094600124573121 ], [ 100.494283039519431, 7.094600124573106 ], [ 100.494283039519431, 7.094689956101555 ], [ 100.494013544934219, 7.09468995610156 ], [ 100.494013544934205, 7.094600124573116 ], [ 100.493833881877507, 7.094600124573115 ], [ 100.493833881877521, 7.094510293044765 ], [ 100.493744050348965, 7.094510293044771 ], [ 100.493744050348965, 7.094330629987883 ] ], [ [ 100.494462702576129, 7.096127260556127 ], [ 100.494283039519445, 7.096127260556122 ], [ 100.494283039519431, 7.095947597499323 ], [ 100.494193207990904, 7.095947597499339 ], [ 100.494193207990904, 7.095767934442547 ], [ 100.494103376462746, 7.09576793444254 ], [ 100.494103376462732, 7.095498439857322 ], [ 100.494193207990904, 7.095498439857326 ], [ 100.494193207990904, 7.095318776800434 ], [ 100.494283039519416, 7.095318776800445 ], [ 100.494283039519431, 7.095139113743651 ], [ 100.494462702576129, 7.095139113743653 ], [ 100.494462702576129, 7.095228945272007 ], [ 100.494552534104656, 7.095228945272 ], [ 100.494552534104656, 7.095408608328873 ], [ 100.494642365633197, 7.095408608328885 ], [ 100.494642365633183, 7.095588271385664 ], [ 100.494732197161355, 7.095588271385672 ], [ 100.494732197161369, 7.09576793444254 ], [ 100.494822028689882, 7.095767934442543 ], [ 100.494822028689882, 7.095857765970888 ], [ 100.494911860218409, 7.095857765970901 ], [ 100.494911860218394, 7.096037429027779 ], [ 100.49500169174658, 7.096037429027767 ], [ 100.495001691746566, 7.09612726055612 ], [ 100.494911860218394, 7.096127260556127 ], [ 100.494911860218409, 7.096217092084551 ], [ 100.494822028689882, 7.096217092084555 ], [ 100.494822028689882, 7.096306923612992 ], [ 100.494552534104656, 7.096306923612988 ], [ 100.494552534104656, 7.09621709208455 ], [ 100.494462702576143, 7.096217092084559 ], [ 100.494462702576129, 7.096127260556127 ] ], [ [ 100.494103376462732, 7.098283217238012 ], [ 100.494193207990918, 7.098283217238022 ], [ 100.494193207990904, 7.098373048766446 ], [ 100.494103376462746, 7.098373048766446 ], [ 100.494103376462746, 7.098462880294897 ], [ 100.494013544934205, 7.098462880294887 ], [ 100.494013544934205, 7.098193385709671 ], [ 100.494103376462746, 7.098193385709656 ], [ 100.494103376462732, 7.098283217238012 ] ], [ [ 100.491677925195361, 7.106098560209914 ], [ 100.491767756723874, 7.106098560209912 ], [ 100.491767756723874, 7.106188391738265 ], [ 100.491677925195361, 7.10618839173825 ], [ 100.491677925195361, 7.106098560209914 ] ], [ [ 100.494462702576129, 7.108254516891797 ], [ 100.494372871047958, 7.1082545168918 ], [ 100.494372871047958, 7.108344348420151 ], [ 100.494283039519431, 7.108344348420159 ], [ 100.494283039519445, 7.108434179948598 ], [ 100.49419320799089, 7.10843417994859 ], [ 100.494193207990904, 7.10852401147702 ], [ 100.493923713405678, 7.108524011477025 ], [ 100.493923713405664, 7.108434179948582 ], [ 100.493833881877521, 7.108434179948582 ], [ 100.493833881877507, 7.108344348420148 ], [ 100.493744050348994, 7.108344348420149 ], [ 100.493744050348994, 7.107356201607687 ], [ 100.493833881877507, 7.107356201607683 ], [ 100.493833881877521, 7.107176538550809 ], [ 100.494103376462732, 7.107176538550814 ], [ 100.494103376462732, 7.107266370079248 ], [ 100.494193207990904, 7.107266370079256 ], [ 100.494193207990904, 7.107356201607677 ], [ 100.494283039519431, 7.107356201607686 ], [ 100.494283039519431, 7.107535864664476 ], [ 100.494372871047958, 7.107535864664476 ], [ 100.494372871047972, 7.107715527721251 ], [ 100.494462702576129, 7.107715527721263 ], [ 100.494462702576129, 7.107805359249696 ], [ 100.494552534104656, 7.107805359249706 ], [ 100.494552534104656, 7.10816468536336 ], [ 100.494462702576143, 7.108164685363358 ], [ 100.494462702576129, 7.108254516891797 ] ] ], [ [ [ 100.489252473928317, 7.113464745539696 ], [ 100.489252473928317, 7.113015587897607 ], [ 100.489342305456844, 7.113015587897602 ], [ 100.489342305456844, 7.11283592484081 ], [ 100.489432136985016, 7.112835924840809 ], [ 100.489432136985016, 7.11256643025558 ], [ 100.489521968513543, 7.11256643025558 ], [ 100.489521968513557, 7.112386767198701 ], [ 100.48961180004207, 7.112386767198704 ], [ 100.48961180004207, 7.112296935670271 ], [ 100.489791463098783, 7.112296935670269 ], [ 100.489791463098769, 7.112207104141914 ], [ 100.490240620741062, 7.112207104141919 ], [ 100.490240620741062, 7.112296935670263 ], [ 100.49033045226922, 7.112296935670273 ], [ 100.49033045226922, 7.112386767198713 ], [ 100.490420283797746, 7.112386767198702 ], [ 100.490420283797746, 7.112925756369152 ], [ 100.49033045226922, 7.112925756369159 ], [ 100.49033045226922, 7.113105419426038 ], [ 100.490240620741062, 7.113105419426029 ], [ 100.490240620741062, 7.113195250954387 ], [ 100.490150789212521, 7.113195250954384 ], [ 100.490150789212521, 7.113374914011254 ], [ 100.490060957683994, 7.113374914011255 ], [ 100.49006095768398, 7.113464745539708 ], [ 100.490150789212507, 7.113464745539705 ], [ 100.490150789212521, 7.113554577068053 ], [ 100.490420283797746, 7.113554577068045 ], [ 100.490420283797761, 7.113464745539702 ], [ 100.490510115326273, 7.113464745539702 ], [ 100.490510115326259, 7.113374914011259 ], [ 100.490779609911499, 7.113374914011269 ], [ 100.490779609911499, 7.113285082482832 ], [ 100.490869441439671, 7.11328508248282 ], [ 100.490869441439671, 7.113195250954386 ], [ 100.49131859908195, 7.113195250954394 ], [ 100.49131859908195, 7.113285082482828 ], [ 100.491408430610136, 7.11328508248282 ], [ 100.491408430610136, 7.113195250954392 ], [ 100.491677925195347, 7.113195250954385 ], [ 100.491677925195333, 7.113105419426029 ], [ 100.492127082837627, 7.113105419426027 ], [ 100.492127082837627, 7.113195250954393 ], [ 100.492216914365784, 7.113195250954399 ], [ 100.492216914365798, 7.113285082482833 ], [ 100.492306745894311, 7.113285082482831 ], [ 100.492306745894339, 7.113374914011256 ], [ 100.492486408951024, 7.11337491401126 ], [ 100.492486408951024, 7.113464745539709 ], [ 100.492666072008078, 7.113464745539696 ], [ 100.492666072008078, 7.113374914011264 ], [ 100.493025398121844, 7.113374914011257 ], [ 100.49302539812183, 7.113285082482816 ], [ 100.493115229649987, 7.113285082482818 ], [ 100.493115229650002, 7.113195250954384 ], [ 100.493205061178543, 7.113195250954397 ], [ 100.493205061178529, 7.113105419426046 ], [ 100.493294892707056, 7.113105419426029 ], [ 100.493294892707056, 7.112925756369161 ], [ 100.493384724235227, 7.112925756369164 ], [ 100.493384724235213, 7.112746093312364 ], [ 100.493552160689632, 7.112746093312381 ], [ 100.493582675535734, 7.112484957365648 ], [ 100.493431580249762, 7.112081456040663 ], [ 100.492981099285231, 7.111738769652334 ], [ 100.49275590353659, 7.111602941551468 ], [ 100.492755903536604, 7.111668114971468 ], [ 100.492576240479536, 7.111668114971479 ], [ 100.492576240479536, 7.111578283443043 ], [ 100.492127082837612, 7.111578283443044 ], [ 100.492127082837612, 7.111488451914591 ], [ 100.491947419780587, 7.1114884519146 ], [ 100.491947419780573, 7.11139862038615 ], [ 100.49176775672386, 7.111398620386165 ], [ 100.491767756723874, 7.111308788857801 ], [ 100.491588093667175, 7.111308788857806 ], [ 100.491588093667161, 7.111218957329367 ], [ 100.491498262138649, 7.111218957329372 ], [ 100.491498262138649, 7.111129125800927 ], [ 100.491408430610122, 7.111129125800932 ], [ 100.491408430610122, 7.110949462744142 ], [ 100.49131859908195, 7.110949462744143 ], [ 100.491318599081964, 7.110769799687271 ], [ 100.491228767553423, 7.11076979968727 ], [ 100.491228767553423, 7.110679968158915 ], [ 100.491138936024896, 7.110679968158917 ], [ 100.491138936024882, 7.110590136630475 ], [ 100.491049104496724, 7.110590136630479 ], [ 100.491049104496724, 7.11050030510205 ], [ 100.490869441439671, 7.110500305102052 ], [ 100.490869441439671, 7.110410473573692 ], [ 100.490689778382972, 7.110410473573694 ], [ 100.490689778382986, 7.110320642045265 ], [ 100.490599946854445, 7.110320642045254 ], [ 100.490599946854445, 7.11023081051682 ], [ 100.490420283797746, 7.110230810516816 ], [ 100.490420283797761, 7.110140978988474 ], [ 100.490240620741062, 7.110140978988476 ], [ 100.490240620741048, 7.110051147460026 ], [ 100.490150789212535, 7.110051147460029 ], [ 100.490150789212507, 7.109871484403153 ], [ 100.490060957683994, 7.10987148440316 ], [ 100.49006095768398, 7.109691821346373 ], [ 100.489971126155822, 7.109691821346367 ], [ 100.489971126155822, 7.109512158289581 ], [ 100.489881294627295, 7.10951215828958 ], [ 100.489881294627281, 7.109422326761146 ], [ 100.489791463098769, 7.109422326761131 ], [ 100.489791463098769, 7.10933249523271 ], [ 100.48961180004207, 7.109332495232712 ], [ 100.489611800042084, 7.109242663704267 ], [ 100.489432136985016, 7.109242663704268 ], [ 100.489432136985002, 7.109152832175919 ], [ 100.489342305456844, 7.109152832175913 ], [ 100.489342305456844, 7.108973169119047 ], [ 100.489252473928317, 7.108973169119035 ], [ 100.489252473928303, 7.108613843005471 ], [ 100.489162642399791, 7.108613843005468 ], [ 100.489162642399791, 7.10843417994859 ], [ 100.489072810871619, 7.10843417994858 ], [ 100.489072810871605, 7.10834434842015 ], [ 100.488982979343092, 7.108344348420153 ], [ 100.488982979343092, 7.108164685363361 ], [ 100.488803316286393, 7.10816468536337 ], [ 100.488803316286393, 7.107985022306571 ], [ 100.488533821701168, 7.107985022306572 ], [ 100.488533821701168, 7.107895190778133 ], [ 100.488354158644114, 7.107895190778144 ], [ 100.488354158644114, 7.107805359249706 ], [ 100.487994832530717, 7.107805359249703 ], [ 100.487994832530731, 7.107715527721254 ], [ 100.487815169473677, 7.107715527721262 ], [ 100.487815169473677, 7.107625696192917 ], [ 100.487366011831753, 7.107625696192904 ], [ 100.487366011831739, 7.10771552772127 ], [ 100.487186348775055, 7.107715527721255 ], [ 100.48718634877504, 7.107805359249707 ], [ 100.487096517246513, 7.107805359249708 ], [ 100.487096517246528, 7.107895190778133 ], [ 100.487006685717986, 7.107895190778142 ], [ 100.487006685718001, 7.107985022306579 ], [ 100.486916854189829, 7.107985022306575 ], [ 100.486916854189815, 7.108074853834924 ], [ 100.486467696547535, 7.108074853834917 ], [ 100.48646769654755, 7.107985022306577 ], [ 100.486288033490851, 7.107985022306584 ], [ 100.486288033490851, 7.107895190778137 ], [ 100.486108370433783, 7.107895190778134 ], [ 100.486108370433797, 7.107805359249698 ], [ 100.485928707377099, 7.107805359249705 ], [ 100.485928707377084, 7.107895190778146 ], [ 100.485838875848557, 7.107895190778133 ], [ 100.485838875848543, 7.107985022306582 ], [ 100.485749044320372, 7.107985022306573 ], [ 100.485749044320372, 7.10807485383493 ], [ 100.485659212791859, 7.108074853834927 ], [ 100.485659212791859, 7.108254516891799 ], [ 100.485569381263332, 7.10825451689179 ], [ 100.485569381263346, 7.108434179948594 ], [ 100.485479549735174, 7.10843417994858 ], [ 100.485479549735146, 7.108703674533807 ], [ 100.485389718206633, 7.108703674533819 ], [ 100.485389718206619, 7.108973169119033 ], [ 100.485299886678106, 7.108973169119031 ], [ 100.485299886678106, 7.109152832175912 ], [ 100.485389718206619, 7.109152832175915 ], [ 100.485389718206633, 7.109242663704261 ], [ 100.485299886678106, 7.10924266370427 ], [ 100.485299886678121, 7.109332495232704 ], [ 100.485389718206633, 7.109332495232707 ], [ 100.485389718206648, 7.109422326761146 ], [ 100.485299886678092, 7.109422326761137 ], [ 100.485299886678106, 7.109691821346375 ], [ 100.485210055149935, 7.109691821346365 ], [ 100.485210055149935, 7.109961315931588 ], [ 100.485299886678106, 7.109961315931588 ], [ 100.485299886678106, 7.11005114746002 ], [ 100.485569381263332, 7.110051147460037 ], [ 100.485569381263332, 7.110140978988475 ], [ 100.486018538905611, 7.110140978988478 ], [ 100.486018538905597, 7.110230810516813 ], [ 100.486916854189815, 7.110230810516816 ], [ 100.486916854189815, 7.110320642045258 ], [ 100.487096517246499, 7.110320642045264 ], [ 100.487096517246513, 7.110410473573693 ], [ 100.487276180303212, 7.110410473573701 ], [ 100.487276180303212, 7.110590136630473 ], [ 100.487366011831739, 7.110590136630487 ], [ 100.487366011831753, 7.110769799687276 ], [ 100.487455843360266, 7.110769799687266 ], [ 100.487455843360266, 7.110859631215701 ], [ 100.487366011831739, 7.110859631215707 ], [ 100.487366011831739, 7.110949462744155 ], [ 100.487455843360266, 7.110949462744154 ], [ 100.487455843360252, 7.111039294272584 ], [ 100.487366011831739, 7.111039294272579 ], [ 100.487366011831739, 7.111129125800941 ], [ 100.487276180303226, 7.111129125800938 ], [ 100.487276180303226, 7.111218957329372 ], [ 100.48718634877504, 7.11121895732937 ], [ 100.48718634877504, 7.111308788857817 ], [ 100.486916854189815, 7.111308788857807 ], [ 100.486916854189815, 7.111398620386156 ], [ 100.486647359604575, 7.111398620386159 ], [ 100.486647359604589, 7.111308788857809 ], [ 100.486467696547535, 7.1113087888578 ], [ 100.48646769654755, 7.11121895732936 ], [ 100.486108370433783, 7.111218957329374 ], [ 100.486108370433783, 7.111129125800942 ], [ 100.485928707377084, 7.111129125800929 ], [ 100.485928707377099, 7.111039294272588 ], [ 100.485120223621408, 7.111039294272582 ], [ 100.485120223621408, 7.111218957329376 ], [ 100.485030392092881, 7.111218957329373 ], [ 100.485030392092881, 7.111308788857817 ], [ 100.485120223621408, 7.111308788857809 ], [ 100.485120223621408, 7.111398620386159 ], [ 100.485569381263332, 7.111398620386158 ], [ 100.485569381263346, 7.111488451914591 ], [ 100.485659212791873, 7.111488451914595 ], [ 100.485659212791859, 7.111578283443035 ], [ 100.4857490443204, 7.111578283443034 ], [ 100.485749044320386, 7.11166811497148 ], [ 100.485928707377099, 7.11166811497147 ], [ 100.485928707377084, 7.111757946499829 ], [ 100.486018538905611, 7.111757946499819 ], [ 100.486018538905611, 7.111847778028263 ], [ 100.486108370433783, 7.111847778028265 ], [ 100.486108370433783, 7.111937609556697 ], [ 100.48619820196231, 7.11193760955669 ], [ 100.48619820196231, 7.112027441085043 ], [ 100.486288033490837, 7.112027441085048 ], [ 100.486288033490823, 7.112207104141924 ], [ 100.486377865018994, 7.112207104141928 ], [ 100.486377865018994, 7.112386767198706 ], [ 100.486467696547521, 7.112386767198706 ], [ 100.486467696547535, 7.112566430255587 ], [ 100.486557528076077, 7.112566430255583 ], [ 100.486557528076062, 7.112835924840804 ], [ 100.486647359604589, 7.112835924840803 ], [ 100.486647359604589, 7.113015587897602 ], [ 100.486737191132761, 7.113015587897596 ], [ 100.486737191132775, 7.113105419426036 ], [ 100.486827022661302, 7.113105419426038 ], [ 100.486827022661274, 7.113195250954383 ], [ 100.487006685717972, 7.11319525095438 ], [ 100.487006685718001, 7.113285082482833 ], [ 100.487276180303212, 7.113285082482824 ], [ 100.487276180303212, 7.11337491401127 ], [ 100.487455843360266, 7.113374914011256 ], [ 100.487455843360252, 7.113464745539711 ], [ 100.487905001002176, 7.113464745539699 ], [ 100.48790500100219, 7.113554577068048 ], [ 100.487994832530717, 7.113554577068041 ], [ 100.487994832530717, 7.113644408596492 ], [ 100.488174495587401, 7.113644408596486 ], [ 100.488174495587415, 7.113734240124919 ], [ 100.488264327115942, 7.113734240124919 ], [ 100.488264327115942, 7.113644408596484 ], [ 100.48862365322934, 7.113644408596492 ], [ 100.48862365322934, 7.113554577068045 ], [ 100.489162642399791, 7.113554577068056 ], [ 100.489162642399791, 7.113464745539702 ], [ 100.489252473928317, 7.113464745539696 ] ] ], [ [ [ 100.481167636371183, 7.112117272613479 ], [ 100.481616794013476, 7.112117272613488 ], [ 100.481616794013462, 7.112207104141917 ], [ 100.482245614712099, 7.112207104141932 ], [ 100.482245614712099, 7.11229693567028 ], [ 100.482425277769138, 7.112296935670268 ], [ 100.482425277769153, 7.112207104141927 ], [ 100.482515109297324, 7.112207104141919 ], [ 100.482515109297324, 7.111847778028254 ], [ 100.482425277769153, 7.111847778028267 ], [ 100.482425277769153, 7.11166811497147 ], [ 100.482335446240626, 7.111668114971481 ], [ 100.482335446240626, 7.111488451914607 ], [ 100.482245614712099, 7.111488451914595 ], [ 100.482245614712113, 7.111398620386161 ], [ 100.482155783183927, 7.111398620386151 ], [ 100.482155783183941, 7.11130878885781 ], [ 100.4820659516554, 7.111308788857806 ], [ 100.4820659516554, 7.111218957329377 ], [ 100.481796457070175, 7.111218957329369 ], [ 100.481796457070175, 7.111129125800931 ], [ 100.481616794013462, 7.111129125800925 ], [ 100.481616794013462, 7.11103929427258 ], [ 100.481437130956436, 7.111039294272578 ], [ 100.481437130956422, 7.110859631215716 ], [ 100.481257467899724, 7.110859631215714 ], [ 100.481257467899724, 7.110769799687277 ], [ 100.481077804843025, 7.11076979968726 ], [ 100.481077804843025, 7.110859631215698 ], [ 100.480987973314484, 7.110859631215702 ], [ 100.480987973314498, 7.110949462744138 ], [ 100.480898141785971, 7.110949462744148 ], [ 100.480898141785971, 7.11103929427258 ], [ 100.4808083102578, 7.111039294272576 ], [ 100.4808083102578, 7.110949462744143 ], [ 100.480628647200746, 7.110949462744137 ], [ 100.48062864720076, 7.110859631215702 ], [ 100.480538815672588, 7.110859631215699 ], [ 100.480538815672574, 7.110769799687263 ], [ 100.480448984144047, 7.110769799687268 ], [ 100.480448984144047, 7.11067996815891 ], [ 100.48035915261552, 7.110679968158924 ], [ 100.48035915261552, 7.110590136630485 ], [ 100.480179489558836, 7.110590136630477 ], [ 100.480179489558836, 7.110500305102037 ], [ 100.480089658030295, 7.110500305102037 ], [ 100.48008965803028, 7.110410473573696 ], [ 100.479640500388371, 7.110410473573703 ], [ 100.479640500388371, 7.110590136630475 ], [ 100.479730331916542, 7.11059013663048 ], [ 100.479730331916542, 7.110769799687266 ], [ 100.479820163445069, 7.110769799687264 ], [ 100.479820163445083, 7.110859631215705 ], [ 100.479730331916542, 7.110859631215705 ], [ 100.479730331916528, 7.110949462744141 ], [ 100.479820163445069, 7.110949462744144 ], [ 100.479820163445069, 7.111039294272578 ], [ 100.479909994973596, 7.111039294272592 ], [ 100.479909994973582, 7.111218957329379 ], [ 100.48008965803028, 7.111218957329373 ], [ 100.48008965803028, 7.112027441085045 ], [ 100.480179489558822, 7.112027441085039 ], [ 100.480179489558822, 7.112117272613487 ], [ 100.480269321086993, 7.112117272613488 ], [ 100.480269321086979, 7.112207104141914 ], [ 100.48035915261552, 7.11220710414192 ], [ 100.48035915261552, 7.112386767198706 ], [ 100.480448984144033, 7.112386767198719 ], [ 100.480448984144047, 7.112476598727139 ], [ 100.480538815672588, 7.112476598727154 ], [ 100.48053881567256, 7.112566430255593 ], [ 100.480898141785971, 7.11256643025559 ], [ 100.480898141785957, 7.11247659872715 ], [ 100.480987973314498, 7.11247659872714 ], [ 100.480987973314498, 7.112386767198716 ], [ 100.481077804843039, 7.11238676719871 ], [ 100.481077804843025, 7.112207104141932 ], [ 100.481167636371197, 7.112207104141932 ], [ 100.481167636371183, 7.112117272613479 ] ] ], [ [ [ 100.494732197161355, 7.11238676719871 ], [ 100.494732197161355, 7.112296935670265 ], [ 100.494982236814337, 7.112296935670278 ], [ 100.494990070986404, 7.112285904930654 ], [ 100.495063949805555, 7.111971453290643 ], [ 100.495206831117315, 7.111578283443031 ], [ 100.49500169174658, 7.111578283443027 ], [ 100.49500169174658, 7.1114884519146 ], [ 100.493384724235227, 7.111488451914603 ], [ 100.493384724235227, 7.111578283443042 ], [ 100.493368485529928, 7.111578283443043 ], [ 100.493535224700651, 7.111707058817046 ], [ 100.493850653414199, 7.111975367319841 ], [ 100.493986963748597, 7.112438766356935 ], [ 100.494044276596384, 7.112925756369155 ], [ 100.494096603634034, 7.112925756369155 ], [ 100.494103376462732, 7.112912115799245 ], [ 100.494103376462732, 7.112835924840808 ], [ 100.494142471795229, 7.112835924840815 ], [ 100.49434679661006, 7.112542343031986 ], [ 100.49461593458669, 7.112391849719786 ], [ 100.494642365633183, 7.11239176444319 ], [ 100.494642365633183, 7.112386767198708 ], [ 100.494732197161355, 7.11238676719871 ] ] ], [ [ [ 100.482425277769167, 7.119393626414841 ], [ 100.482425277769153, 7.119213963358053 ], [ 100.482515109297324, 7.119213963358056 ], [ 100.48251510929731, 7.119124131829619 ], [ 100.482604940825837, 7.119124131829611 ], [ 100.482604940825851, 7.118944468772836 ], [ 100.482694772354378, 7.118944468772821 ], [ 100.482694772354378, 7.118764805715943 ], [ 100.48278460388255, 7.118764805715943 ], [ 100.48278460388255, 7.11858514265916 ], [ 100.482874435411063, 7.118585142659158 ], [ 100.482874435411077, 7.118405479602289 ], [ 100.482964266939589, 7.118405479602283 ], [ 100.482964266939604, 7.118225816545508 ], [ 100.483054098467775, 7.118225816545504 ], [ 100.483054098467775, 7.118135985017056 ], [ 100.483143929996302, 7.118135985017062 ], [ 100.483143929996302, 7.117596995846605 ], [ 100.483054098467775, 7.117596995846608 ], [ 100.483054098467775, 7.117507164318178 ], [ 100.482964266939604, 7.117507164318168 ], [ 100.482964266939589, 7.11741733278983 ], [ 100.482874435411063, 7.117417332789827 ], [ 100.482874435411077, 7.117327501261381 ], [ 100.482694772354378, 7.117327501261377 ], [ 100.482694772354378, 7.11723766973294 ], [ 100.482604940825865, 7.117237669732941 ], [ 100.482604940825851, 7.117058006676151 ], [ 100.482515109297324, 7.117058006676157 ], [ 100.48251510929731, 7.116878343619287 ], [ 100.482425277769153, 7.116878343619277 ], [ 100.482425277769138, 7.116788512090933 ], [ 100.482335446240626, 7.116788512090935 ], [ 100.482335446240612, 7.11660884903405 ], [ 100.482245614712099, 7.116608849034058 ], [ 100.482245614712099, 7.116159691392047 ], [ 100.482155783183941, 7.116159691392051 ], [ 100.482155783183927, 7.115890196806827 ], [ 100.482065951655386, 7.115890196806819 ], [ 100.4820659516554, 7.115171544579487 ], [ 100.482155783183927, 7.115171544579496 ], [ 100.482155783183927, 7.114991881522706 ], [ 100.482245614712099, 7.114991881522699 ], [ 100.482245614712099, 7.114632555409035 ], [ 100.482335446240626, 7.114632555409035 ], [ 100.482335446240626, 7.11445289235216 ], [ 100.482425277769153, 7.114452892352164 ], [ 100.482425277769153, 7.114183397766949 ], [ 100.482515109297324, 7.114183397766944 ], [ 100.482515109297324, 7.114003734710153 ], [ 100.482604940825851, 7.114003734710151 ], [ 100.482604940825851, 7.113913903181714 ], [ 100.482694772354392, 7.113913903181719 ], [ 100.482694772354378, 7.113824071653282 ], [ 100.482784603882536, 7.113824071653269 ], [ 100.482784603882564, 7.113644408596497 ], [ 100.482874435411063, 7.113644408596492 ], [ 100.482874435411077, 7.113554577068055 ], [ 100.482964266939604, 7.113554577068055 ], [ 100.482964266939589, 7.113464745539702 ], [ 100.483054098467775, 7.113464745539708 ], [ 100.483054098467775, 7.113374914011255 ], [ 100.483143929996302, 7.113374914011264 ], [ 100.483143929996302, 7.113105419426041 ], [ 100.482874435411063, 7.113105419426048 ], [ 100.482874435411077, 7.113195250954378 ], [ 100.482694772354392, 7.113195250954384 ], [ 100.482694772354378, 7.113285082482821 ], [ 100.482604940825837, 7.11328508248283 ], [ 100.482604940825837, 7.113374914011269 ], [ 100.482425277769167, 7.113374914011255 ], [ 100.482425277769153, 7.113464745539699 ], [ 100.482335446240626, 7.113464745539698 ], [ 100.482335446240612, 7.11355457706806 ], [ 100.482155783183941, 7.113554577068045 ], [ 100.482155783183941, 7.11364440859649 ], [ 100.482065951655386, 7.113644408596496 ], [ 100.4820659516554, 7.113734240124921 ], [ 100.481886288598687, 7.113734240124936 ], [ 100.481886288598702, 7.113824071653283 ], [ 100.481796457070175, 7.113824071653274 ], [ 100.481796457070189, 7.114003734710144 ], [ 100.481706625541648, 7.114003734710157 ], [ 100.481706625541648, 7.114183397766938 ], [ 100.481616794013476, 7.114183397766932 ], [ 100.481616794013476, 7.114542723880602 ], [ 100.481526962484949, 7.114542723880603 ], [ 100.481526962484949, 7.114722386937391 ], [ 100.481437130956422, 7.114722386937391 ], [ 100.481437130956422, 7.114991881522705 ], [ 100.481347299428251, 7.114991881522705 ], [ 100.481347299428236, 7.11553087069315 ], [ 100.481257467899724, 7.115530870693154 ], [ 100.481257467899724, 7.117058006676154 ], [ 100.481167636371183, 7.117058006676159 ], [ 100.481167636371211, 7.117596995846607 ], [ 100.481257467899724, 7.117596995846619 ], [ 100.481257467899709, 7.118315648073943 ], [ 100.481347299428251, 7.11831564807394 ], [ 100.481347299428251, 7.118585142659168 ], [ 100.481437130956422, 7.118585142659173 ], [ 100.481437130956436, 7.118854637244389 ], [ 100.481526962484935, 7.118854637244397 ], [ 100.481526962484949, 7.119034300301176 ], [ 100.481616794013476, 7.119034300301171 ], [ 100.481616794013476, 7.119393626414842 ], [ 100.481706625541648, 7.119393626414839 ], [ 100.481706625541662, 7.119663121000075 ], [ 100.48179645707016, 7.11966312100007 ], [ 100.481796457070175, 7.119752952528508 ], [ 100.481886288598687, 7.119752952528509 ], [ 100.481886288598702, 7.11984278405694 ], [ 100.482155783183913, 7.119842784056933 ], [ 100.482155783183927, 7.119752952528508 ], [ 100.482245614712099, 7.119752952528512 ], [ 100.482245614712099, 7.119663121000068 ], [ 100.482335446240626, 7.11966312100006 ], [ 100.482335446240612, 7.119393626414834 ], [ 100.482425277769167, 7.119393626414841 ] ] ], [ [ [ 100.490779609911499, 7.118585142659158 ], [ 100.490869441439671, 7.118585142659162 ], [ 100.490869441439671, 7.118046153488716 ], [ 100.490959272968198, 7.118046153488708 ], [ 100.490959272968183, 7.117776658903405 ], [ 100.49104910449671, 7.117776658903399 ], [ 100.491049104496724, 7.117327501261393 ], [ 100.491138936024896, 7.117327501261377 ], [ 100.491138936024896, 7.117058006676166 ], [ 100.491228767553409, 7.117058006676154 ], [ 100.491228767553423, 7.11678851209093 ], [ 100.49131859908195, 7.116788512090942 ], [ 100.49131859908195, 7.116608849034054 ], [ 100.491498262138649, 7.116608849034057 ], [ 100.491498262138663, 7.116519017505717 ], [ 100.491767756723874, 7.116519017505711 ], [ 100.49176775672386, 7.116429185977266 ], [ 100.491677925195347, 7.11642918597727 ], [ 100.491677925195347, 7.116249522920398 ], [ 100.491588093667161, 7.116249522920404 ], [ 100.491588093667175, 7.116159691392038 ], [ 100.491498262138649, 7.116159691392054 ], [ 100.491498262138649, 7.115980028335163 ], [ 100.49158809366719, 7.115980028335179 ], [ 100.49158809366719, 7.115800365278388 ], [ 100.491677925195361, 7.115800365278391 ], [ 100.491677925195347, 7.1156207022216 ], [ 100.491767756723888, 7.115620702221605 ], [ 100.491767756723874, 7.114722386937393 ], [ 100.491677925195347, 7.11472238693739 ], [ 100.491677925195347, 7.114542723880611 ], [ 100.49158809366719, 7.114542723880612 ], [ 100.491588093667175, 7.114452892352173 ], [ 100.491498262138663, 7.114452892352169 ], [ 100.491498262138649, 7.114363060823822 ], [ 100.491228767553423, 7.114363060823822 ], [ 100.491228767553423, 7.114452892352161 ], [ 100.491138936024882, 7.11445289235217 ], [ 100.491138936024896, 7.114632555409035 ], [ 100.491049104496739, 7.114632555409046 ], [ 100.49104910449671, 7.114812218465826 ], [ 100.490959272968183, 7.114812218465826 ], [ 100.490959272968183, 7.114991881522703 ], [ 100.490869441439671, 7.114991881522706 ], [ 100.490869441439671, 7.115171544579501 ], [ 100.490779609911499, 7.115171544579487 ], [ 100.490779609911499, 7.115351207636276 ], [ 100.490869441439671, 7.115351207636282 ], [ 100.490869441439671, 7.115441039164708 ], [ 100.490779609911499, 7.115441039164725 ], [ 100.490779609911499, 7.115530870693152 ], [ 100.490869441439685, 7.115530870693154 ], [ 100.490869441439671, 7.115620702221594 ], [ 100.490779609911513, 7.115620702221597 ], [ 100.490779609911499, 7.115890196806814 ], [ 100.490689778382972, 7.115890196806822 ], [ 100.490689778382972, 7.116249522920389 ], [ 100.490599946854431, 7.116249522920385 ], [ 100.490599946854445, 7.116339354448833 ], [ 100.490510115326273, 7.116339354448822 ], [ 100.490510115326288, 7.116519017505714 ], [ 100.490420283797746, 7.116519017505706 ], [ 100.490420283797746, 7.11660884903405 ], [ 100.490510115326288, 7.116608849034057 ], [ 100.490510115326259, 7.116698680562496 ], [ 100.490420283797746, 7.11669868056249 ], [ 100.490420283797746, 7.117058006676166 ], [ 100.490330452269234, 7.117058006676163 ], [ 100.49033045226922, 7.117147838204591 ], [ 100.490240620741034, 7.117147838204603 ], [ 100.490240620741048, 7.117237669732949 ], [ 100.490150789212521, 7.117237669732956 ], [ 100.490150789212521, 7.117147838204605 ], [ 100.490060957683994, 7.117147838204599 ], [ 100.49006095768398, 7.117058006676166 ], [ 100.489971126155822, 7.117058006676167 ], [ 100.489971126155822, 7.116968175147729 ], [ 100.49006095768398, 7.116968175147728 ], [ 100.490060957683994, 7.116788512090944 ], [ 100.490150789212521, 7.116788512090936 ], [ 100.490150789212521, 7.116608849034065 ], [ 100.490240620741048, 7.116608849034053 ], [ 100.490240620741062, 7.116429185977272 ], [ 100.49033045226922, 7.116429185977279 ], [ 100.49033045226922, 7.116339354448827 ], [ 100.490240620741034, 7.116339354448839 ], [ 100.490240620741034, 7.115890196806822 ], [ 100.490330452269234, 7.115890196806821 ], [ 100.490330452269234, 7.115800365278371 ], [ 100.490240620741048, 7.115800365278391 ], [ 100.490240620741048, 7.115530870693155 ], [ 100.490150789212521, 7.115530870693164 ], [ 100.490150789212521, 7.115261376107938 ], [ 100.489971126155822, 7.115261376107929 ], [ 100.489971126155822, 7.115171544579491 ], [ 100.489701631570597, 7.115171544579483 ], [ 100.489701631570611, 7.115351207636283 ], [ 100.48961180004207, 7.115351207636281 ], [ 100.48961180004207, 7.11553087069315 ], [ 100.489521968513529, 7.115530870693166 ], [ 100.489521968513543, 7.115980028335168 ], [ 100.489432136985016, 7.11598002833516 ], [ 100.48943213698503, 7.116159691392051 ], [ 100.489342305456859, 7.116159691392035 ], [ 100.489342305456859, 7.116608849034058 ], [ 100.489252473928317, 7.116608849034056 ], [ 100.489252473928303, 7.116968175147719 ], [ 100.489162642399791, 7.116968175147729 ], [ 100.489162642399791, 7.117237669732947 ], [ 100.489072810871605, 7.117237669732946 ], [ 100.489072810871619, 7.11759699584662 ], [ 100.488982979343092, 7.117596995846609 ], [ 100.488982979343106, 7.117686827375048 ], [ 100.488893147814565, 7.117686827375046 ], [ 100.488893147814565, 7.117866490431834 ], [ 100.488803316286393, 7.117866490431837 ], [ 100.488803316286393, 7.118225816545491 ], [ 100.488713484757866, 7.118225816545501 ], [ 100.488713484757852, 7.118405479602287 ], [ 100.488803316286393, 7.118405479602282 ], [ 100.488803316286408, 7.118495311130733 ], [ 100.488982979343092, 7.118495311130732 ], [ 100.488982979343092, 7.11858514265916 ], [ 100.489162642399776, 7.118585142659174 ], [ 100.489162642399791, 7.118674974187602 ], [ 100.489432136985016, 7.118674974187603 ], [ 100.489432136985016, 7.118585142659175 ], [ 100.489521968513543, 7.118585142659156 ], [ 100.489521968513543, 7.11840547960229 ], [ 100.48961180004207, 7.118405479602282 ], [ 100.48961180004207, 7.118225816545503 ], [ 100.489701631570597, 7.118225816545504 ], [ 100.489701631570611, 7.118046153488715 ], [ 100.489971126155808, 7.118046153488719 ], [ 100.489971126155822, 7.118135985017061 ], [ 100.490060957683994, 7.11813598501706 ], [ 100.490060957683994, 7.118225816545499 ], [ 100.489971126155822, 7.118225816545501 ], [ 100.489971126155822, 7.118764805715957 ], [ 100.489881294627295, 7.118764805715956 ], [ 100.48988129462731, 7.118854637244396 ], [ 100.489971126155822, 7.118854637244396 ], [ 100.489971126155822, 7.119034300301183 ], [ 100.490150789212521, 7.119034300301178 ], [ 100.490150789212521, 7.119124131829626 ], [ 100.49033045226922, 7.119124131829623 ], [ 100.49033045226922, 7.119213963358063 ], [ 100.490420283797746, 7.11921396335805 ], [ 100.490420283797746, 7.119124131829611 ], [ 100.490599946854459, 7.119124131829611 ], [ 100.490599946854445, 7.119034300301176 ], [ 100.490689778382972, 7.119034300301168 ], [ 100.490689778382972, 7.118764805715955 ], [ 100.490779609911499, 7.118764805715943 ], [ 100.490779609911499, 7.118585142659158 ] ] ], [ [ [ 100.499403436639071, 7.116788512090941 ], [ 100.499313605110558, 7.11678851209094 ], [ 100.499313605110558, 7.116698680562497 ], [ 100.499223773582031, 7.116698680562503 ], [ 100.499223773582017, 7.116608849034057 ], [ 100.498594952883039, 7.116608849034055 ], [ 100.498594952883053, 7.116519017505706 ], [ 100.498145795241115, 7.116519017505706 ], [ 100.498145795241115, 7.116429185977267 ], [ 100.497876300655889, 7.116429185977269 ], [ 100.497876300655903, 7.116339354448825 ], [ 100.496977985371686, 7.116339354448828 ], [ 100.496977985371686, 7.116249522920391 ], [ 100.496349164673063, 7.116249522920398 ], [ 100.496349164673063, 7.116159691392035 ], [ 100.496169501616009, 7.116159691392048 ], [ 100.496169501615995, 7.116429185977269 ], [ 100.496349164673077, 7.116429185977277 ], [ 100.496349164673077, 7.116519017505712 ], [ 100.496528827729762, 7.116519017505698 ], [ 100.496528827729762, 7.116608849034058 ], [ 100.49670849078646, 7.116608849034062 ], [ 100.496708490786474, 7.116698680562503 ], [ 100.4968881538435, 7.1166986805625 ], [ 100.4968881538435, 7.116788512090943 ], [ 100.497067816900213, 7.116788512090934 ], [ 100.497067816900227, 7.116878343619276 ], [ 100.497247479956911, 7.116878343619279 ], [ 100.497247479956897, 7.116968175147723 ], [ 100.497427143013951, 7.116968175147711 ], [ 100.497427143013965, 7.117058006676156 ], [ 100.497606806070664, 7.117058006676154 ], [ 100.497606806070664, 7.117147838204597 ], [ 100.497696637599205, 7.117147838204592 ], [ 100.497696637599191, 7.117237669732949 ], [ 100.497786469127348, 7.117237669732939 ], [ 100.497786469127362, 7.117327501261395 ], [ 100.497876300655889, 7.117327501261393 ], [ 100.497876300655875, 7.117417332789826 ], [ 100.498055963712602, 7.117417332789815 ], [ 100.498055963712588, 7.117507164318164 ], [ 100.498145795241101, 7.117507164318173 ], [ 100.498145795241115, 7.117596995846619 ], [ 100.498235626769628, 7.117596995846617 ], [ 100.498235626769656, 7.117686827375059 ], [ 100.498325458297813, 7.117686827375047 ], [ 100.498325458297828, 7.117776658903406 ], [ 100.498505121354867, 7.117776658903404 ], [ 100.498505121354867, 7.117866490431837 ], [ 100.498684784411566, 7.117866490431832 ], [ 100.498684784411566, 7.117956321960278 ], [ 100.499044110525332, 7.117956321960269 ], [ 100.499044110525332, 7.118046153488721 ], [ 100.49931360511053, 7.118046153488717 ], [ 100.499313605110544, 7.117956321960273 ], [ 100.499403436639071, 7.117956321960268 ], [ 100.499403436639071, 7.117058006676153 ], [ 100.499493268167242, 7.117058006676157 ], [ 100.499493268167228, 7.116968175147713 ], [ 100.499403436639071, 7.116968175147726 ], [ 100.499403436639071, 7.116788512090941 ] ] ], [ [ [ 100.4920372513091, 7.118225816545511 ], [ 100.4920372513091, 7.118135985017059 ], [ 100.492127082837627, 7.118135985017063 ], [ 100.492127082837612, 7.117686827375053 ], [ 100.4920372513091, 7.117686827375056 ], [ 100.4920372513091, 7.117417332789817 ], [ 100.491947419780587, 7.11741733278983 ], [ 100.491947419780587, 7.117147838204607 ], [ 100.491857588252401, 7.117147838204593 ], [ 100.491857588252401, 7.117237669732948 ], [ 100.491767756723874, 7.117237669732951 ], [ 100.491767756723874, 7.117417332789827 ], [ 100.491677925195347, 7.117417332789833 ], [ 100.491677925195347, 7.11768682737504 ], [ 100.491588093667175, 7.117686827375053 ], [ 100.491588093667161, 7.11786649043184 ], [ 100.491498262138649, 7.117866490431832 ], [ 100.491498262138649, 7.118674974187598 ], [ 100.491588093667175, 7.118674974187599 ], [ 100.491588093667175, 7.118854637244382 ], [ 100.491677925195333, 7.118854637244382 ], [ 100.491677925195347, 7.118944468772832 ], [ 100.491947419780573, 7.118944468772837 ], [ 100.491947419780573, 7.118854637244383 ], [ 100.4920372513091, 7.118854637244389 ], [ 100.4920372513091, 7.118674974187606 ], [ 100.492127082837627, 7.118674974187594 ], [ 100.492127082837627, 7.11822581654551 ], [ 100.4920372513091, 7.118225816545511 ] ] ], [ [ [ 100.488713484757866, 7.127747958557181 ], [ 100.488713484757866, 7.127658127028752 ], [ 100.488443990172641, 7.127658127028758 ], [ 100.488443990172641, 7.127568295500312 ], [ 100.488354158644114, 7.12756829550031 ], [ 100.488354158644114, 7.127478463971962 ], [ 100.488443990172627, 7.127478463971962 ], [ 100.488443990172641, 7.127298800915092 ], [ 100.488623653229325, 7.127298800915083 ], [ 100.48862365322934, 7.127208969386738 ], [ 100.48961180004207, 7.127208969386738 ], [ 100.48961180004207, 7.127298800915074 ], [ 100.489701631570611, 7.127298800915089 ], [ 100.489701631570597, 7.127208969386733 ], [ 100.490240620741048, 7.127208969386741 ], [ 100.490240620741048, 7.12711913785829 ], [ 100.491947419780573, 7.127119137858299 ], [ 100.491947419780573, 7.127029306329854 ], [ 100.4920372513091, 7.127029306329852 ], [ 100.4920372513091, 7.126939474801429 ], [ 100.492127082837627, 7.126939474801421 ], [ 100.492127082837627, 7.126490317159414 ], [ 100.4920372513091, 7.126490317159409 ], [ 100.492037251309085, 7.126310654102523 ], [ 100.491857588252401, 7.12631065410254 ], [ 100.491857588252401, 7.126220822574179 ], [ 100.491767756723874, 7.126220822574186 ], [ 100.491767756723874, 7.126041159517305 ], [ 100.491677925195361, 7.126041159517311 ], [ 100.491677925195361, 7.125681833403727 ], [ 100.491767756723874, 7.125681833403742 ], [ 100.491767756723874, 7.125592001875291 ], [ 100.4920372513091, 7.125592001875299 ], [ 100.4920372513091, 7.125681833403732 ], [ 100.492127082837627, 7.125681833403729 ], [ 100.492127082837612, 7.125771664932072 ], [ 100.492216914365798, 7.125771664932075 ], [ 100.492216914365812, 7.125861496460529 ], [ 100.492306745894325, 7.125861496460516 ], [ 100.492306745894325, 7.126220822574187 ], [ 100.492396577422852, 7.126220822574178 ], [ 100.492396577422852, 7.12631065410254 ], [ 100.492486408951024, 7.126310654102535 ], [ 100.492486408951009, 7.126400485630968 ], [ 100.492666072008078, 7.126400485630968 ], [ 100.492666072008078, 7.126490317159401 ], [ 100.492845735064776, 7.126490317159405 ], [ 100.492845735064776, 7.126400485630965 ], [ 100.492908823211224, 7.126400485630977 ], [ 100.492891916489413, 7.126380731860607 ], [ 100.492536176284219, 7.125939497277703 ], [ 100.492493116692316, 7.12584810836784 ], [ 100.492450058925087, 7.1257567176357 ], [ 100.492412956835778, 7.125616496691682 ], [ 100.492258600173045, 7.125110545176776 ], [ 100.49198652084759, 7.124092415963226 ], [ 100.491956112313858, 7.123975034363844 ], [ 100.491947419780573, 7.123975034363843 ], [ 100.491947419780573, 7.124154697420733 ], [ 100.491767756723874, 7.124154697420718 ], [ 100.491767756723874, 7.124244528949079 ], [ 100.491498262138663, 7.124244528949083 ], [ 100.491498262138649, 7.124154697420726 ], [ 100.491228767553423, 7.124154697420726 ], [ 100.491228767553423, 7.124064865892292 ], [ 100.491049104496724, 7.124064865892282 ], [ 100.491049104496724, 7.123975034363858 ], [ 100.490959272968183, 7.123975034363843 ], [ 100.490959272968198, 7.123795371307056 ], [ 100.490869441439671, 7.123795371307068 ], [ 100.490869441439671, 7.123615708250182 ], [ 100.490779609911513, 7.123615708250183 ], [ 100.490779609911513, 7.123436045193396 ], [ 100.490689778382986, 7.12343604519341 ], [ 100.490689778382986, 7.123346213664968 ], [ 100.490510115326259, 7.123346213664955 ], [ 100.490510115326273, 7.123256382136606 ], [ 100.49033045226922, 7.123256382136616 ], [ 100.49033045226922, 7.123166550608178 ], [ 100.490240620741048, 7.123166550608165 ], [ 100.490240620741034, 7.123076719079743 ], [ 100.490150789212521, 7.123076719079746 ], [ 100.490150789212521, 7.122717392966077 ], [ 100.490240620741048, 7.12271739296608 ], [ 100.490240620741048, 7.122627561437722 ], [ 100.490689778382972, 7.122627561437725 ], [ 100.490689778382972, 7.122717392966071 ], [ 100.490869441439671, 7.122717392966074 ], [ 100.490869441439656, 7.122897056022945 ], [ 100.490959272968198, 7.122897056022947 ], [ 100.490959272968198, 7.122986887551295 ], [ 100.491228767553409, 7.122986887551294 ], [ 100.491228767553423, 7.122897056022959 ], [ 100.491318599081964, 7.12289705602295 ], [ 100.49131859908195, 7.122358066852415 ], [ 100.491228767553423, 7.122358066852417 ], [ 100.491228767553423, 7.12226823532406 ], [ 100.491318599081964, 7.122268235324063 ], [ 100.49131859908195, 7.121639414625177 ], [ 100.491228767553409, 7.121639414625164 ], [ 100.491228767553423, 7.121549583096742 ], [ 100.491138936024896, 7.121549583096724 ], [ 100.491138936024896, 7.121459751568294 ], [ 100.49104910449671, 7.121459751568294 ], [ 100.491049104496739, 7.121369920039957 ], [ 100.490959272968183, 7.121369920039955 ], [ 100.490959272968198, 7.12128008851151 ], [ 100.490869441439671, 7.121280088511506 ], [ 100.490869441439671, 7.121190256983073 ], [ 100.490689778382972, 7.121190256983064 ], [ 100.490689778382972, 7.121100425454722 ], [ 100.490420283797746, 7.121100425454712 ], [ 100.490420283797746, 7.12119025698306 ], [ 100.490240620741034, 7.121190256983066 ], [ 100.490240620741048, 7.121280088511517 ], [ 100.490060957683994, 7.121280088511515 ], [ 100.490060957683994, 7.121369920039944 ], [ 100.489971126155808, 7.121369920039936 ], [ 100.489971126155808, 7.121459751568304 ], [ 100.489881294627281, 7.121459751568301 ], [ 100.489881294627295, 7.121549583096726 ], [ 100.489791463098769, 7.121549583096723 ], [ 100.489791463098783, 7.121639414625167 ], [ 100.489521968513557, 7.121639414625166 ], [ 100.489521968513543, 7.121729246153607 ], [ 100.489072810871619, 7.121729246153618 ], [ 100.489072810871619, 7.121639414625178 ], [ 100.488982979343092, 7.121639414625162 ], [ 100.488982979343092, 7.121549583096741 ], [ 100.488893147814565, 7.121549583096728 ], [ 100.488893147814565, 7.121459751568302 ], [ 100.488982979343106, 7.121459751568294 ], [ 100.488982979343078, 7.121369920039946 ], [ 100.489072810871619, 7.121369920039937 ], [ 100.489072810871619, 7.121280088511505 ], [ 100.489252473928317, 7.121280088511512 ], [ 100.489252473928303, 7.121190256983073 ], [ 100.489521968513543, 7.121190256983066 ], [ 100.489521968513529, 7.121100425454726 ], [ 100.48961180004207, 7.121100425454728 ], [ 100.48961180004207, 7.121010593926282 ], [ 100.489701631570583, 7.121010593926287 ], [ 100.489701631570597, 7.12083093086941 ], [ 100.48961180004207, 7.120830930869405 ], [ 100.48961180004207, 7.120651267812615 ], [ 100.489521968513543, 7.120651267812612 ], [ 100.489521968513543, 7.120561436284173 ], [ 100.489432136985016, 7.120561436284173 ], [ 100.489432136985016, 7.120471604755829 ], [ 100.489342305456844, 7.120471604755831 ], [ 100.489342305456844, 7.120381773227385 ], [ 100.489252473928317, 7.120381773227392 ], [ 100.489252473928303, 7.12020211017061 ], [ 100.489162642399791, 7.120202110170603 ], [ 100.489162642399791, 7.120112278642169 ], [ 100.489072810871619, 7.120112278642164 ], [ 100.489072810871605, 7.120022447113726 ], [ 100.488982979343092, 7.12002244711373 ], [ 100.488982979343106, 7.11993261558529 ], [ 100.488803316286393, 7.119932615585291 ], [ 100.488803316286393, 7.119842784056951 ], [ 100.488713484757866, 7.119842784056951 ], [ 100.488713484757881, 7.119752952528509 ], [ 100.48862365322934, 7.119752952528495 ], [ 100.48862365322934, 7.119663121000073 ], [ 100.488533821701168, 7.119663121000065 ], [ 100.488533821701168, 7.119573289471721 ], [ 100.488443990172641, 7.119573289471723 ], [ 100.488443990172655, 7.119483457943278 ], [ 100.4883541586441, 7.119483457943268 ], [ 100.488354158644114, 7.119393626414841 ], [ 100.488174495587415, 7.119393626414845 ], [ 100.488174495587415, 7.119303794886402 ], [ 100.488084664058903, 7.119303794886394 ], [ 100.488084664058889, 7.119213963358052 ], [ 100.487994832530717, 7.119213963358054 ], [ 100.487994832530717, 7.119124131829611 ], [ 100.48790500100219, 7.119124131829604 ], [ 100.48790500100219, 7.119034300301183 ], [ 100.487815169473663, 7.119034300301187 ], [ 100.487815169473677, 7.118944468772824 ], [ 100.487725337945491, 7.118944468772819 ], [ 100.487725337945491, 7.118854637244397 ], [ 100.487635506416964, 7.118854637244383 ], [ 100.487635506416979, 7.118764805715943 ], [ 100.487545674888437, 7.118764805715942 ], [ 100.487545674888437, 7.118674974187603 ], [ 100.487455843360252, 7.118674974187592 ], [ 100.487455843360266, 7.118495311130733 ], [ 100.487366011831725, 7.118495311130721 ], [ 100.487366011831739, 7.118405479602282 ], [ 100.487455843360266, 7.11840547960229 ], [ 100.48745584336028, 7.118315648073942 ], [ 100.487994832530717, 7.11831564807394 ], [ 100.487994832530717, 7.118405479602291 ], [ 100.488084664058889, 7.118405479602281 ], [ 100.488084664058889, 7.118315648073946 ], [ 100.488264327115942, 7.118315648073938 ], [ 100.488264327115928, 7.118225816545494 ], [ 100.4883541586441, 7.118225816545502 ], [ 100.488354158644114, 7.11804615348872 ], [ 100.488443990172641, 7.118046153488712 ], [ 100.488443990172641, 7.117866490431833 ], [ 100.488533821701168, 7.117866490431829 ], [ 100.488533821701154, 7.117686827375053 ], [ 100.48862365322934, 7.117686827375057 ], [ 100.48862365322934, 7.117417332789824 ], [ 100.488713484757866, 7.117417332789831 ], [ 100.488713484757852, 7.116878343619274 ], [ 100.488803316286393, 7.116878343619284 ], [ 100.488803316286393, 7.116429185977269 ], [ 100.488893147814565, 7.116429185977266 ], [ 100.488893147814565, 7.116159691392054 ], [ 100.488982979343092, 7.116159691392038 ], [ 100.488982979343092, 7.115890196806814 ], [ 100.489072810871619, 7.115890196806811 ], [ 100.489072810871619, 7.11553087069315 ], [ 100.488982979343092, 7.115530870693158 ], [ 100.488982979343092, 7.115441039164726 ], [ 100.488893147814579, 7.11544103916471 ], [ 100.488893147814579, 7.115351207636276 ], [ 100.488803316286393, 7.115351207636274 ], [ 100.488803316286393, 7.115171544579481 ], [ 100.488713484757881, 7.115171544579502 ], [ 100.488713484757866, 7.114991881522699 ], [ 100.48862365322934, 7.114991881522697 ], [ 100.488623653229354, 7.114902049994273 ], [ 100.488533821701182, 7.11490204999427 ], [ 100.488533821701168, 7.114812218465825 ], [ 100.488443990172641, 7.11481221846582 ], [ 100.488443990172655, 7.114722386937396 ], [ 100.4883541586441, 7.114722386937391 ], [ 100.488354158644114, 7.114632555409045 ], [ 100.488264327115957, 7.11463255540904 ], [ 100.488264327115942, 7.114542723880612 ], [ 100.487905001002176, 7.114542723880603 ], [ 100.487905001002204, 7.114452892352165 ], [ 100.487635506416979, 7.11445289235217 ], [ 100.487635506416979, 7.114363060823822 ], [ 100.487006685717986, 7.114363060823824 ], [ 100.487006685717986, 7.114273229295386 ], [ 100.48619820196231, 7.114273229295369 ], [ 100.48619820196231, 7.114183397766947 ], [ 100.485749044320386, 7.114183397766934 ], [ 100.485749044320372, 7.114273229295375 ], [ 100.485659212791859, 7.114273229295377 ], [ 100.485659212791859, 7.114363060823806 ], [ 100.48547954973516, 7.114363060823806 ], [ 100.48547954973516, 7.114452892352173 ], [ 100.485389718206633, 7.114452892352172 ], [ 100.485389718206633, 7.114542723880608 ], [ 100.485299886678092, 7.114542723880614 ], [ 100.485299886678092, 7.114722386937398 ], [ 100.485210055149935, 7.114722386937401 ], [ 100.485210055149935, 7.114902049994273 ], [ 100.485120223621408, 7.114902049994275 ], [ 100.485120223621408, 7.115081713051056 ], [ 100.485030392092881, 7.115081713051055 ], [ 100.485030392092881, 7.115261376107922 ], [ 100.484940560564709, 7.115261376107934 ], [ 100.484940560564709, 7.115351207636273 ], [ 100.484850729036182, 7.115351207636273 ], [ 100.484850729036182, 7.115441039164718 ], [ 100.484671065979484, 7.115441039164722 ], [ 100.484671065979498, 7.115351207636278 ], [ 100.484581234450957, 7.115351207636286 ], [ 100.484581234450957, 7.115261376107931 ], [ 100.48449140292243, 7.115261376107927 ], [ 100.48449140292243, 7.115081713051052 ], [ 100.484401571394244, 7.115081713051046 ], [ 100.484401571394258, 7.114902049994263 ], [ 100.484311739865731, 7.114902049994258 ], [ 100.484311739865731, 7.114812218465824 ], [ 100.484221908337204, 7.114812218465828 ], [ 100.484221908337204, 7.114722386937382 ], [ 100.484132076809018, 7.114722386937395 ], [ 100.484132076809033, 7.114542723880602 ], [ 100.484042245280506, 7.114542723880598 ], [ 100.484042245280506, 7.114363060823816 ], [ 100.483952413751979, 7.114363060823818 ], [ 100.483952413751979, 7.114183397766949 ], [ 100.483862582223807, 7.114183397766932 ], [ 100.483862582223807, 7.114003734710159 ], [ 100.483682919166753, 7.114003734710159 ], [ 100.483682919166753, 7.113824071653284 ], [ 100.483413424581542, 7.113824071653271 ], [ 100.483413424581528, 7.113913903181709 ], [ 100.483233761524829, 7.113913903181709 ], [ 100.483233761524843, 7.114003734710153 ], [ 100.483143929996288, 7.114003734710159 ], [ 100.483143929996288, 7.114093566238586 ], [ 100.483054098467775, 7.114093566238595 ], [ 100.483054098467775, 7.114273229295369 ], [ 100.482964266939589, 7.114273229295386 ], [ 100.482964266939618, 7.114363060823814 ], [ 100.482874435411091, 7.114363060823815 ], [ 100.482874435411077, 7.11454272388061 ], [ 100.482784603882536, 7.114542723880598 ], [ 100.48278460388255, 7.11472238693739 ], [ 100.482694772354378, 7.114722386937384 ], [ 100.482694772354378, 7.115081713051046 ], [ 100.482604940825851, 7.115081713051055 ], [ 100.482604940825865, 7.115261376107924 ], [ 100.482515109297324, 7.115261376107937 ], [ 100.482515109297324, 7.115530870693148 ], [ 100.482604940825851, 7.115530870693166 ], [ 100.482604940825865, 7.115800365278379 ], [ 100.482694772354378, 7.11580036527838 ], [ 100.482694772354378, 7.116339354448837 ], [ 100.48278460388255, 7.116339354448828 ], [ 100.48278460388255, 7.116519017505715 ], [ 100.482874435411077, 7.116519017505712 ], [ 100.482874435411063, 7.116608849034065 ], [ 100.482964266939618, 7.11660884903405 ], [ 100.482964266939618, 7.116698680562497 ], [ 100.48305409846779, 7.11669868056249 ], [ 100.483054098467775, 7.116788512090928 ], [ 100.483143929996317, 7.116788512090929 ], [ 100.483143929996302, 7.116968175147726 ], [ 100.483323593053001, 7.116968175147726 ], [ 100.483323593053015, 7.117058006676159 ], [ 100.483503256110055, 7.117058006676155 ], [ 100.483503256110041, 7.116968175147712 ], [ 100.483593087638582, 7.116968175147723 ], [ 100.483593087638582, 7.116878343619284 ], [ 100.483682919166753, 7.116878343619275 ], [ 100.483682919166768, 7.11678851209094 ], [ 100.48377275069528, 7.116788512090929 ], [ 100.483772750695266, 7.11660884903406 ], [ 100.484042245280506, 7.116608849034065 ], [ 100.484042245280506, 7.1166986805625 ], [ 100.484132076809033, 7.116698680562506 ], [ 100.484132076809047, 7.11678851209093 ], [ 100.48404224528052, 7.116788512090932 ], [ 100.484042245280506, 7.117147838204608 ], [ 100.483952413751979, 7.11714783820459 ], [ 100.483952413751965, 7.11741733278983 ], [ 100.484132076809033, 7.117417332789814 ], [ 100.484132076809047, 7.117507164318173 ], [ 100.48449140292243, 7.117507164318166 ], [ 100.484491402922444, 7.117596995846612 ], [ 100.484760897507655, 7.117596995846603 ], [ 100.484760897507655, 7.117686827375059 ], [ 100.485030392092881, 7.117686827375058 ], [ 100.485030392092881, 7.117776658903404 ], [ 100.485120223621408, 7.117776658903394 ], [ 100.485120223621408, 7.118046153488721 ], [ 100.485030392092881, 7.118046153488719 ], [ 100.485030392092881, 7.118135985017072 ], [ 100.484760897507655, 7.118135985017069 ], [ 100.484760897507655, 7.118046153488711 ], [ 100.484311739865731, 7.118046153488705 ], [ 100.484311739865731, 7.11795632196028 ], [ 100.483682919166753, 7.117956321960277 ], [ 100.483682919166753, 7.118046153488711 ], [ 100.483593087638567, 7.118046153488721 ], [ 100.483593087638596, 7.118135985017058 ], [ 100.483503256110055, 7.118135985017065 ], [ 100.483503256110055, 7.118225816545505 ], [ 100.483413424581528, 7.118225816545507 ], [ 100.483413424581542, 7.11840547960229 ], [ 100.483323593053001, 7.11840547960229 ], [ 100.483323593053001, 7.118764805715958 ], [ 100.483233761524829, 7.118764805715947 ], [ 100.483233761524815, 7.118854637244382 ], [ 100.483143929996317, 7.118854637244387 ], [ 100.483143929996302, 7.119034300301174 ], [ 100.483054098467775, 7.119034300301177 ], [ 100.483054098467775, 7.119213963358062 ], [ 100.482964266939589, 7.11921396335806 ], [ 100.482964266939589, 7.119303794886412 ], [ 100.482874435411077, 7.119303794886402 ], [ 100.482874435411077, 7.119483457943286 ], [ 100.48278460388255, 7.11948345794327 ], [ 100.482784603882536, 7.119663121000069 ], [ 100.482694772354378, 7.119663121000067 ], [ 100.482694772354378, 7.11984278405694 ], [ 100.482604940825851, 7.119842784056933 ], [ 100.482604940825851, 7.119932615585297 ], [ 100.482694772354364, 7.119932615585281 ], [ 100.482694772354378, 7.1203817732274 ], [ 100.482604940825851, 7.120381773227394 ], [ 100.482604940825865, 7.12047160475584 ], [ 100.482335446240626, 7.120471604755839 ], [ 100.482335446240626, 7.120381773227383 ], [ 100.482155783183927, 7.120381773227388 ], [ 100.482155783183927, 7.120291941698963 ], [ 100.48161679401349, 7.120291941698945 ], [ 100.481616794013476, 7.120202110170609 ], [ 100.481437130956422, 7.120202110170615 ], [ 100.481437130956422, 7.12011227864217 ], [ 100.481257467899724, 7.120112278642172 ], [ 100.481257467899724, 7.120022447113723 ], [ 100.481167636371183, 7.120022447113722 ], [ 100.481167636371211, 7.119842784056951 ], [ 100.481077804843025, 7.119842784056933 ], [ 100.481077804843039, 7.11966312100007 ], [ 100.480987973314498, 7.119663121000059 ], [ 100.480987973314498, 7.11876480571596 ], [ 100.480898141785957, 7.118764805715956 ], [ 100.480898141785971, 7.118405479602297 ], [ 100.480808310257785, 7.118405479602282 ], [ 100.4808083102578, 7.118135985017052 ], [ 100.480718478729273, 7.11813598501707 ], [ 100.480718478729273, 7.117956321960284 ], [ 100.480628647200746, 7.117956321960273 ], [ 100.48062864720076, 7.117866490431844 ], [ 100.480538815672574, 7.117866490431843 ], [ 100.480538815672574, 7.117776658903394 ], [ 100.480448984144033, 7.117776658903406 ], [ 100.480448984144047, 7.117596995846618 ], [ 100.48035915261552, 7.117596995846603 ], [ 100.48035915261552, 7.117507164318167 ], [ 100.480448984144033, 7.117507164318178 ], [ 100.480448984144061, 7.117327501261392 ], [ 100.480538815672574, 7.117327501261394 ], [ 100.48053881567256, 7.11714783820459 ], [ 100.480628647200746, 7.117147838204603 ], [ 100.48062864720076, 7.116968175147725 ], [ 100.480718478729273, 7.116968175147726 ], [ 100.480718478729273, 7.115530870693155 ], [ 100.4808083102578, 7.115530870693158 ], [ 100.4808083102578, 7.11508171305106 ], [ 100.480898141785985, 7.115081713051059 ], [ 100.480898141785971, 7.114722386937385 ], [ 100.480987973314498, 7.114722386937398 ], [ 100.480987973314484, 7.114632555409052 ], [ 100.480898141785971, 7.114632555409039 ], [ 100.480898141785985, 7.114363060823822 ], [ 100.4808083102578, 7.114363060823825 ], [ 100.4808083102578, 7.114183397766945 ], [ 100.480718478729287, 7.11418339776695 ], [ 100.480718478729273, 7.114093566238586 ], [ 100.480628647200746, 7.114093566238592 ], [ 100.48062864720076, 7.114003734710144 ], [ 100.480538815672574, 7.114003734710147 ], [ 100.480538815672588, 7.113913903181719 ], [ 100.480448984144061, 7.113913903181705 ], [ 100.480448984144033, 7.113824071653274 ], [ 100.48035915261552, 7.11382407165328 ], [ 100.48035915261552, 7.113734240124928 ], [ 100.480269321086979, 7.113734240124935 ], [ 100.480269321086993, 7.113644408596482 ], [ 100.480179489558836, 7.11364440859649 ], [ 100.480179489558836, 7.113554577068054 ], [ 100.480089658030309, 7.113554577068047 ], [ 100.480089658030295, 7.113464745539711 ], [ 100.479999826501754, 7.113464745539706 ], [ 100.479999826501768, 7.113374914011269 ], [ 100.479820163445069, 7.113374914011264 ], [ 100.479820163445055, 7.113554577068046 ], [ 100.479730331916528, 7.113554577068059 ], [ 100.479730331916542, 7.113734240124922 ], [ 100.479640500388371, 7.113734240124929 ], [ 100.479640500388371, 7.113824071653283 ], [ 100.479550668859858, 7.113824071653268 ], [ 100.479550668859858, 7.113913903181714 ], [ 100.479281174274618, 7.113913903181716 ], [ 100.479281174274618, 7.113824071653279 ], [ 100.479191342746091, 7.113824071653284 ], [ 100.479191342746105, 7.11373424012493 ], [ 100.47910151121792, 7.113734240124938 ], [ 100.47910151121792, 7.113554577068047 ], [ 100.478921848160851, 7.113554577068043 ], [ 100.47892184816088, 7.11337491401126 ], [ 100.478652353575626, 7.113374914011268 ], [ 100.47865235357564, 7.113285082482826 ], [ 100.478562522047469, 7.113285082482823 ], [ 100.478562522047469, 7.112925756369171 ], [ 100.47865235357564, 7.112925756369171 ], [ 100.47865235357564, 7.112746093312374 ], [ 100.478562522047469, 7.112746093312365 ], [ 100.478562522047469, 7.112656261783926 ], [ 100.478203195933716, 7.112656261783941 ], [ 100.47820319593373, 7.112746093312375 ], [ 100.477933701348491, 7.112746093312371 ], [ 100.477933701348491, 7.11265626178394 ], [ 100.477843869819964, 7.112656261783937 ], [ 100.477843869819949, 7.11256643025559 ], [ 100.477754038291778, 7.112566430255577 ], [ 100.477754038291792, 7.112117272613492 ], [ 100.477843869819978, 7.112117272613484 ], [ 100.477843869819978, 7.111757946499822 ], [ 100.477664206763265, 7.11175794649982 ], [ 100.477664206763265, 7.111668114971477 ], [ 100.47694555453576, 7.111668114971473 ], [ 100.47694555453576, 7.111578283443036 ], [ 100.476676059950549, 7.111578283443026 ], [ 100.476676059950535, 7.111488451914595 ], [ 100.476496396893836, 7.111488451914603 ], [ 100.47649639689385, 7.111398620386151 ], [ 100.476406565365309, 7.111398620386163 ], [ 100.476406565365309, 7.1113087888578 ], [ 100.476316733837137, 7.111308788857809 ], [ 100.476316733837137, 7.111218957329371 ], [ 100.476226902308596, 7.111218957329379 ], [ 100.476226902308611, 7.111039294272578 ], [ 100.476137070780069, 7.111039294272573 ], [ 100.476137070780084, 7.110949462744151 ], [ 100.476047239251912, 7.110949462744145 ], [ 100.476047239251926, 7.11085963121571 ], [ 100.475957407723385, 7.110859631215702 ], [ 100.475957407723371, 7.110679968158926 ], [ 100.475867576194858, 7.110679968158911 ], [ 100.475867576194858, 7.110590136630489 ], [ 100.475777744666686, 7.110590136630472 ], [ 100.475777744666686, 7.110500305102042 ], [ 100.475687913138145, 7.110500305102045 ], [ 100.47568791313816, 7.110320642045258 ], [ 100.475598081609633, 7.110320642045258 ], [ 100.475598081609647, 7.110230810516819 ], [ 100.475508250081461, 7.110230810516818 ], [ 100.475508250081461, 7.110051147460022 ], [ 100.475418418552934, 7.110051147460037 ], [ 100.475418418552934, 7.109961315931598 ], [ 100.475328587024421, 7.109961315931593 ], [ 100.475328587024407, 7.109871484403145 ], [ 100.475238755496235, 7.109871484403161 ], [ 100.475238755496235, 7.109781652874803 ], [ 100.475148923967708, 7.109781652874806 ], [ 100.475148923967708, 7.109691821346359 ], [ 100.474789597853942, 7.109691821346358 ], [ 100.474789597853956, 7.109601989817924 ], [ 100.474430271740559, 7.109601989817923 ], [ 100.474430271740559, 7.109512158289587 ], [ 100.474160777155333, 7.109512158289585 ], [ 100.474160777155319, 7.109422326761133 ], [ 100.473711619513068, 7.109422326761134 ], [ 100.473711619513068, 7.109512158289581 ], [ 100.473621787984541, 7.109512158289581 ], [ 100.473621787984541, 7.109961315931588 ], [ 100.473531956456355, 7.109961315931587 ], [ 100.473531956456355, 7.110230810516819 ], [ 100.473442124927814, 7.110230810516816 ], [ 100.473442124927843, 7.110320642045265 ], [ 100.473352293399287, 7.11032064204525 ], [ 100.473352293399302, 7.110410473573696 ], [ 100.473262461871116, 7.110410473573693 ], [ 100.47326246187113, 7.110500305102038 ], [ 100.473172630342603, 7.110500305102045 ], [ 100.473172630342603, 7.110410473573699 ], [ 100.47299296728589, 7.110410473573695 ], [ 100.472992967285919, 7.110320642045263 ], [ 100.472453978115453, 7.110320642045248 ], [ 100.472453978115453, 7.110410473573702 ], [ 100.472094652001701, 7.110410473573692 ], [ 100.472094652001701, 7.110500305102038 ], [ 100.472004820473174, 7.110500305102051 ], [ 100.472004820473188, 7.110769799687266 ], [ 100.472094652001701, 7.110769799687279 ], [ 100.472094652001715, 7.110859631215711 ], [ 100.472274315058399, 7.110859631215701 ], [ 100.472274315058399, 7.110949462744154 ], [ 100.472453978115453, 7.110949462744151 ], [ 100.472453978115453, 7.111039294272581 ], [ 100.472543809643625, 7.111039294272592 ], [ 100.472543809643611, 7.111129125800939 ], [ 100.472633641172166, 7.111129125800936 ], [ 100.472633641172152, 7.111398620386158 ], [ 100.472543809643639, 7.111398620386161 ], [ 100.472543809643625, 7.111578283443027 ], [ 100.472453978115439, 7.111578283443035 ], [ 100.472453978115439, 7.111668114971481 ], [ 100.472543809643639, 7.111668114971475 ], [ 100.472543809643625, 7.112027441085051 ], [ 100.472453978115453, 7.112027441085037 ], [ 100.472453978115453, 7.11211727261349 ], [ 100.472364146586926, 7.112117272613482 ], [ 100.472364146586912, 7.112207104141928 ], [ 100.472274315058399, 7.112207104141922 ], [ 100.472274315058399, 7.112476598727142 ], [ 100.472364146586926, 7.112476598727151 ], [ 100.472364146586926, 7.112566430255582 ], [ 100.472903135757377, 7.112566430255598 ], [ 100.472903135757392, 7.112656261783926 ], [ 100.472992967285904, 7.112656261783936 ], [ 100.472992967285904, 7.112925756369163 ], [ 100.472903135757377, 7.112925756369159 ], [ 100.472903135757377, 7.113105419426028 ], [ 100.472992967285919, 7.113105419426033 ], [ 100.472992967285904, 7.113285082482826 ], [ 100.473082798814076, 7.113285082482833 ], [ 100.47308279881409, 7.113464745539695 ], [ 100.47326246187113, 7.113464745539703 ], [ 100.47326246187113, 7.113554577068055 ], [ 100.473711619513068, 7.113554577068043 ], [ 100.473711619513068, 7.1134647455397 ], [ 100.473891282569753, 7.113464745539702 ], [ 100.473891282569753, 7.113374914011261 ], [ 100.474609934797257, 7.113374914011254 ], [ 100.474609934797272, 7.113285082482822 ], [ 100.47496926091101, 7.113285082482825 ], [ 100.474969260911024, 7.113374914011255 ], [ 100.475598081609633, 7.113374914011258 ], [ 100.475598081609647, 7.113285082482831 ], [ 100.47568791313816, 7.113285082482833 ], [ 100.47568791313816, 7.113195250954392 ], [ 100.475957407723385, 7.113195250954392 ], [ 100.475957407723371, 7.113105419426027 ], [ 100.476316733837152, 7.113105419426034 ], [ 100.476316733837152, 7.113195250954384 ], [ 100.47649639689385, 7.113195250954392 ], [ 100.476496396893836, 7.113105419426039 ], [ 100.476676059950535, 7.113105419426029 ], [ 100.476676059950535, 7.113015587897595 ], [ 100.47694555453576, 7.113015587897602 ], [ 100.47694555453576, 7.113105419426048 ], [ 100.4771252175928, 7.113105419426033 ], [ 100.477125217592814, 7.113285082482833 ], [ 100.477215049121, 7.113285082482818 ], [ 100.477215049120986, 7.113464745539703 ], [ 100.47739471217804, 7.11346474553971 ], [ 100.47739471217804, 7.113554577068046 ], [ 100.477484543706566, 7.113554577068058 ], [ 100.477484543706566, 7.1136444085965 ], [ 100.477664206763251, 7.113644408596483 ], [ 100.477664206763251, 7.113824071653267 ], [ 100.477754038291792, 7.113824071653285 ], [ 100.477754038291792, 7.114722386937391 ], [ 100.477664206763265, 7.114722386937394 ], [ 100.477664206763265, 7.114902049994262 ], [ 100.477574375234752, 7.114902049994265 ], [ 100.477574375234724, 7.115261376107927 ], [ 100.477484543706581, 7.115261376107934 ], [ 100.477484543706566, 7.115441039164708 ], [ 100.47739471217804, 7.115441039164716 ], [ 100.477394712178025, 7.115800365278371 ], [ 100.477215049120986, 7.115800365278385 ], [ 100.477215049120986, 7.115980028335166 ], [ 100.477125217592814, 7.115980028335166 ], [ 100.4771252175928, 7.116159691392038 ], [ 100.476945554535774, 7.116159691392046 ], [ 100.47694555453576, 7.116249522920396 ], [ 100.476855723007588, 7.116249522920391 ], [ 100.476855723007588, 7.116339354448828 ], [ 100.476765891479062, 7.116339354448828 ], [ 100.476765891479062, 7.116429185977273 ], [ 100.476496396893836, 7.116429185977266 ], [ 100.47649639689385, 7.116339354448831 ], [ 100.476316733837152, 7.116339354448836 ], [ 100.476316733837137, 7.116249522920402 ], [ 100.476226902308611, 7.116249522920395 ], [ 100.476226902308611, 7.11615969139205 ], [ 100.476047239251926, 7.116159691392046 ], [ 100.476047239251926, 7.116249522920387 ], [ 100.475957407723371, 7.116249522920404 ], [ 100.475957407723371, 7.116429185977276 ], [ 100.475867576194858, 7.116429185977263 ], [ 100.475867576194858, 7.116608849034058 ], [ 100.475777744666686, 7.11660884903405 ], [ 100.475777744666701, 7.1166986805625 ], [ 100.47568791313816, 7.116698680562496 ], [ 100.475687913138145, 7.116788512090931 ], [ 100.474879429382469, 7.116788512090942 ], [ 100.474879429382483, 7.116698680562493 ], [ 100.474789597853956, 7.1166986805625 ], [ 100.474789597853956, 7.116608849034063 ], [ 100.47469976632577, 7.116608849034058 ], [ 100.474699766325784, 7.116519017505711 ], [ 100.47478959785397, 7.116519017505701 ], [ 100.474789597853956, 7.116339354448828 ], [ 100.474879429382483, 7.116339354448842 ], [ 100.474879429382483, 7.115980028335174 ], [ 100.47478959785397, 7.11598002833516 ], [ 100.474789597853956, 7.115890196806816 ], [ 100.474609934797243, 7.115890196806823 ], [ 100.474609934797257, 7.115980028335176 ], [ 100.474520103268731, 7.115980028335167 ], [ 100.474520103268731, 7.116069859863603 ], [ 100.474430271740559, 7.116069859863615 ], [ 100.474430271740559, 7.11615969139205 ], [ 100.474340440212046, 7.116159691392038 ], [ 100.474340440212018, 7.116249522920397 ], [ 100.473801451041595, 7.116249522920389 ], [ 100.473801451041581, 7.116159691392053 ], [ 100.473352293399302, 7.116159691392046 ], [ 100.473352293399287, 7.116069859863614 ], [ 100.473172630342617, 7.116069859863607 ], [ 100.473172630342589, 7.115980028335169 ], [ 100.472992967285904, 7.115980028335161 ], [ 100.47299296728589, 7.115890196806816 ], [ 100.47281330422885, 7.115890196806827 ], [ 100.472813304228865, 7.115800365278379 ], [ 100.472453978115439, 7.115800365278381 ], [ 100.472453978115453, 7.115890196806809 ], [ 100.471914988945002, 7.115890196806808 ], [ 100.471914988945016, 7.115980028335167 ], [ 100.471825157416475, 7.115980028335166 ], [ 100.471825157416475, 7.116249522920394 ], [ 100.471914988944988, 7.116249522920401 ], [ 100.471914988945002, 7.117147838204605 ], [ 100.47200482047316, 7.117147838204605 ], [ 100.47200482047316, 7.117237669732956 ], [ 100.472094652001701, 7.117237669732947 ], [ 100.472094652001701, 7.117507164318184 ], [ 100.472004820473174, 7.117507164318164 ], [ 100.472004820473174, 7.117596995846603 ], [ 100.471914988945002, 7.117596995846613 ], [ 100.471914988945016, 7.117686827375044 ], [ 100.471825157416475, 7.117686827375046 ], [ 100.471825157416475, 7.117776658903392 ], [ 100.471735325887963, 7.117776658903401 ], [ 100.471735325887934, 7.117866490431843 ], [ 100.471645494359791, 7.117866490431839 ], [ 100.471645494359777, 7.11813598501707 ], [ 100.471735325887948, 7.11813598501706 ], [ 100.471735325887948, 7.118225816545505 ], [ 100.471825157416461, 7.118225816545506 ], [ 100.471825157416475, 7.11831564807393 ], [ 100.472004820473174, 7.118315648073944 ], [ 100.472004820473174, 7.118225816545496 ], [ 100.472543809643625, 7.118225816545497 ], [ 100.472543809643639, 7.11831564807393 ], [ 100.472723472700679, 7.118315648073934 ], [ 100.472723472700679, 7.118405479602283 ], [ 100.472903135757363, 7.118405479602286 ], [ 100.472903135757377, 7.118495311130732 ], [ 100.473531956456355, 7.118495311130722 ], [ 100.47353195645637, 7.118585142659155 ], [ 100.474250608683505, 7.118585142659168 ], [ 100.474250608683505, 7.118674974187596 ], [ 100.474340440212032, 7.118674974187604 ], [ 100.474340440212046, 7.11858514265916 ], [ 100.474609934797272, 7.118585142659169 ], [ 100.474609934797272, 7.118674974187602 ], [ 100.474789597853942, 7.118674974187594 ], [ 100.474789597853956, 7.118764805715952 ], [ 100.474879429382483, 7.118764805715947 ], [ 100.474879429382469, 7.118854637244397 ], [ 100.475059092439182, 7.118854637244398 ], [ 100.475059092439182, 7.118944468772833 ], [ 100.475238755496235, 7.118944468772836 ], [ 100.475238755496235, 7.119034300301173 ], [ 100.475418418552948, 7.119034300301174 ], [ 100.475418418552934, 7.119124131829619 ], [ 100.475957407723399, 7.119124131829619 ], [ 100.475957407723399, 7.119213963358055 ], [ 100.476047239251912, 7.119213963358055 ], [ 100.476047239251912, 7.119663121000068 ], [ 100.476137070780069, 7.119663121000075 ], [ 100.476137070780084, 7.119752952528495 ], [ 100.476226902308625, 7.1197529525285 ], [ 100.476226902308611, 7.119663121000068 ], [ 100.476316733837137, 7.119663121000068 ], [ 100.476316733837123, 7.119393626414838 ], [ 100.476226902308625, 7.119393626414833 ], [ 100.476226902308596, 7.11903430030117 ], [ 100.476316733837137, 7.119034300301168 ], [ 100.476316733837137, 7.118944468772838 ], [ 100.476586228422363, 7.118944468772828 ], [ 100.476586228422363, 7.119034300301171 ], [ 100.476676059950549, 7.119034300301181 ], [ 100.476676059950535, 7.119124131829611 ], [ 100.476765891479062, 7.119124131829619 ], [ 100.476765891479062, 7.11948345794327 ], [ 100.476855723007588, 7.119483457943285 ], [ 100.476855723007574, 7.12011227864217 ], [ 100.476765891479076, 7.120112278642166 ], [ 100.476765891479047, 7.120202110170604 ], [ 100.476496396893836, 7.120202110170603 ], [ 100.476496396893836, 7.120112278642176 ], [ 100.476406565365309, 7.120112278642169 ], [ 100.476406565365309, 7.120202110170606 ], [ 100.476137070780084, 7.120202110170602 ], [ 100.476137070780084, 7.120291941698959 ], [ 100.476047239251926, 7.120291941698948 ], [ 100.476047239251912, 7.120202110170601 ], [ 100.475777744666686, 7.120202110170614 ], [ 100.475777744666686, 7.120112278642161 ], [ 100.47568791313816, 7.120112278642173 ], [ 100.47568791313816, 7.120202110170613 ], [ 100.475418418552948, 7.120202110170602 ], [ 100.475418418552934, 7.120471604755842 ], [ 100.475957407723371, 7.120471604755841 ], [ 100.475957407723385, 7.120561436284183 ], [ 100.476137070780084, 7.120561436284173 ], [ 100.476137070780098, 7.120471604755826 ], [ 100.476496396893836, 7.120471604755825 ], [ 100.47649639689385, 7.120381773227389 ], [ 100.476765891479076, 7.120381773227392 ], [ 100.476765891479062, 7.120471604755822 ], [ 100.476855723007603, 7.120471604755829 ], [ 100.476855723007574, 7.120561436284184 ], [ 100.47694555453576, 7.120561436284186 ], [ 100.47694555453576, 7.1208309308694 ], [ 100.477035386064287, 7.120830930869414 ], [ 100.477035386064287, 7.121369920039948 ], [ 100.47694555453576, 7.121369920039954 ], [ 100.47694555453576, 7.121639414625173 ], [ 100.476855723007574, 7.121639414625171 ], [ 100.476855723007588, 7.122178403795613 ], [ 100.47694555453576, 7.122178403795615 ], [ 100.47694555453576, 7.122627561437726 ], [ 100.477035386064287, 7.122627561437717 ], [ 100.477035386064273, 7.122717392966065 ], [ 100.477125217592814, 7.122717392966064 ], [ 100.477125217592828, 7.122807224494519 ], [ 100.477215049120986, 7.122807224494506 ], [ 100.477215049120986, 7.122897056022948 ], [ 100.477304880649513, 7.122897056022942 ], [ 100.477304880649513, 7.12298688755131 ], [ 100.477574375234738, 7.122986887551308 ], [ 100.477574375234738, 7.122897056022956 ], [ 100.477754038291792, 7.122897056022948 ], [ 100.477754038291792, 7.122807224494514 ], [ 100.477933701348505, 7.122807224494506 ], [ 100.477933701348491, 7.122717392966075 ], [ 100.478023532877017, 7.122717392966079 ], [ 100.478023532877032, 7.122627561437716 ], [ 100.478113364405189, 7.122627561437734 ], [ 100.478113364405189, 7.122358066852399 ], [ 100.478023532877017, 7.122358066852404 ], [ 100.478023532877032, 7.122268235324067 ], [ 100.477933701348491, 7.12226823532406 ], [ 100.477933701348491, 7.122178403795625 ], [ 100.477754038291792, 7.122178403795624 ], [ 100.477754038291792, 7.122088572267182 ], [ 100.477574375234724, 7.122088572267177 ], [ 100.477574375234738, 7.121998740738828 ], [ 100.477484543706552, 7.121998740738843 ], [ 100.477484543706566, 7.121639414625166 ], [ 100.477574375234752, 7.121639414625177 ], [ 100.477574375234752, 7.121459751568299 ], [ 100.477664206763265, 7.121459751568293 ], [ 100.477664206763265, 7.121280088511504 ], [ 100.477754038291792, 7.121280088511504 ], [ 100.477754038291778, 7.121100425454726 ], [ 100.477843869819964, 7.121100425454713 ], [ 100.477843869819964, 7.121010593926281 ], [ 100.477933701348491, 7.12101059392628 ], [ 100.477933701348491, 7.120920762397836 ], [ 100.478113364405189, 7.120920762397852 ], [ 100.478113364405189, 7.120830930869411 ], [ 100.478293027462229, 7.120830930869403 ], [ 100.478293027462243, 7.120471604755828 ], [ 100.478203195933702, 7.120471604755835 ], [ 100.47820319593373, 7.120381773227388 ], [ 100.478113364405189, 7.120381773227389 ], [ 100.478113364405203, 7.120291941698967 ], [ 100.477933701348491, 7.120291941698952 ], [ 100.477933701348491, 7.120202110170601 ], [ 100.477843869819964, 7.120202110170609 ], [ 100.477843869819978, 7.12002244711373 ], [ 100.477933701348476, 7.120022447113727 ], [ 100.477933701348491, 7.119842784056939 ], [ 100.478023532877003, 7.119842784056945 ], [ 100.478023532877003, 7.11966312100007 ], [ 100.478203195933716, 7.119663121000072 ], [ 100.478203195933716, 7.119573289471715 ], [ 100.478382858990429, 7.119573289471707 ], [ 100.4783828589904, 7.119663121000058 ], [ 100.478472690518942, 7.11966312100006 ], [ 100.478472690518956, 7.119842784056945 ], [ 100.478562522047469, 7.119842784056945 ], [ 100.478562522047454, 7.120112278642173 ], [ 100.47865235357564, 7.120112278642177 ], [ 100.47865235357564, 7.120202110170606 ], [ 100.478742185104167, 7.1202021101706 ], [ 100.478742185104153, 7.12029194169895 ], [ 100.478832016632694, 7.120291941698953 ], [ 100.478832016632694, 7.120830930869398 ], [ 100.47892184816088, 7.120830930869398 ], [ 100.478921848160866, 7.121549583096736 ], [ 100.478832016632694, 7.121549583096733 ], [ 100.478832016632694, 7.121729246153617 ], [ 100.47865235357564, 7.121729246153615 ], [ 100.478652353575654, 7.121819077681959 ], [ 100.478562522047469, 7.121819077681963 ], [ 100.478562522047469, 7.1219089092104 ], [ 100.478472690518927, 7.1219089092104 ], [ 100.478472690518942, 7.122088572267187 ], [ 100.478382858990415, 7.122088572267193 ], [ 100.478382858990415, 7.122358066852401 ], [ 100.47865235357564, 7.122358066852417 ], [ 100.478652353575626, 7.122447898380838 ], [ 100.479371005803131, 7.12244789838085 ], [ 100.479371005803145, 7.122537729909287 ], [ 100.479550668859844, 7.122537729909295 ], [ 100.479550668859829, 7.122627561437718 ], [ 100.479640500388371, 7.122627561437733 ], [ 100.479640500388385, 7.122897056022945 ], [ 100.479550668859844, 7.12289705602296 ], [ 100.479550668859844, 7.122986887551306 ], [ 100.479460837331317, 7.122986887551294 ], [ 100.479460837331331, 7.123166550608168 ], [ 100.479550668859829, 7.123166550608169 ], [ 100.479550668859844, 7.123256382136606 ], [ 100.480179489558822, 7.123256382136618 ], [ 100.480179489558836, 7.123346213664971 ], [ 100.480538815672574, 7.12334621366497 ], [ 100.480538815672574, 7.123436045193408 ], [ 100.480987973314498, 7.123436045193404 ], [ 100.480987973314512, 7.123346213664962 ], [ 100.481077804843025, 7.123346213664959 ], [ 100.481077804843025, 7.122986887551298 ], [ 100.480987973314498, 7.122986887551301 ], [ 100.480987973314512, 7.122897056022942 ], [ 100.480718478729273, 7.122897056022941 ], [ 100.480718478729273, 7.12280722449452 ], [ 100.480538815672574, 7.122807224494512 ], [ 100.480538815672588, 7.122537729909296 ], [ 100.480628647200746, 7.122537729909277 ], [ 100.480628647200746, 7.122447898380844 ], [ 100.481347299428236, 7.12244789838085 ], [ 100.481347299428251, 7.122537729909285 ], [ 100.482155783183927, 7.122537729909288 ], [ 100.482155783183927, 7.122627561437729 ], [ 100.482245614712099, 7.122627561437726 ], [ 100.482245614712099, 7.122537729909291 ], [ 100.482425277769153, 7.122537729909289 ], [ 100.482425277769167, 7.122447898380855 ], [ 100.48278460388255, 7.122447898380855 ], [ 100.48278460388255, 7.122537729909296 ], [ 100.482874435411063, 7.122537729909288 ], [ 100.482874435411077, 7.12262756143772 ], [ 100.482964266939604, 7.122627561437727 ], [ 100.482964266939604, 7.122717392966071 ], [ 100.483054098467775, 7.122717392966075 ], [ 100.483054098467775, 7.122807224494508 ], [ 100.483323593053001, 7.122807224494511 ], [ 100.483323593053015, 7.122986887551302 ], [ 100.483503256110069, 7.122986887551298 ], [ 100.483503256110069, 7.123346213664955 ], [ 100.483593087638567, 7.123346213664966 ], [ 100.483593087638596, 7.123436045193406 ], [ 100.483682919166768, 7.12343604519339 ], [ 100.483682919166739, 7.123346213664956 ], [ 100.483772750695266, 7.123346213664962 ], [ 100.483772750695266, 7.123166550608176 ], [ 100.483682919166753, 7.123166550608178 ], [ 100.483682919166739, 7.122897056022955 ], [ 100.48377275069528, 7.122897056022951 ], [ 100.48377275069528, 7.122717392966071 ], [ 100.483952413751979, 7.122717392966065 ], [ 100.483952413751979, 7.122537729909277 ], [ 100.484042245280506, 7.122537729909295 ], [ 100.484042245280492, 7.121998740738833 ], [ 100.484132076809033, 7.121998740738833 ], [ 100.484132076809033, 7.121908909210397 ], [ 100.484221908337219, 7.121908909210406 ], [ 100.484221908337204, 7.121998740738833 ], [ 100.484401571394258, 7.121998740738833 ], [ 100.484401571394258, 7.122178403795627 ], [ 100.484491402922416, 7.122178403795631 ], [ 100.48449140292243, 7.122268235324066 ], [ 100.484581234450943, 7.122268235324062 ], [ 100.484581234450957, 7.122358066852403 ], [ 100.484671065979484, 7.12235806685241 ], [ 100.484671065979484, 7.122268235324055 ], [ 100.484760897507655, 7.12226823532405 ], [ 100.484760897507655, 7.121549583096725 ], [ 100.484581234450957, 7.121549583096739 ], [ 100.484581234450957, 7.121459751568305 ], [ 100.484311739865731, 7.121459751568301 ], [ 100.484311739865731, 7.121369920039941 ], [ 100.484132076809033, 7.121369920039955 ], [ 100.484132076809018, 7.121190256983074 ], [ 100.484042245280506, 7.121190256983071 ], [ 100.484042245280506, 7.121010593926282 ], [ 100.483952413751993, 7.121010593926286 ], [ 100.483952413751993, 7.12083093086941 ], [ 100.48404224528052, 7.120830930869402 ], [ 100.484042245280506, 7.120741099341054 ], [ 100.484401571394272, 7.120741099341053 ], [ 100.484401571394272, 7.120830930869409 ], [ 100.485928707377084, 7.120830930869414 ], [ 100.485928707377084, 7.120741099341065 ], [ 100.486377865019008, 7.120741099341058 ], [ 100.486377865019008, 7.120830930869407 ], [ 100.486557528076048, 7.120830930869403 ], [ 100.486557528076077, 7.120920762397843 ], [ 100.487006685717986, 7.120920762397844 ], [ 100.487006685717986, 7.121010593926274 ], [ 100.48790500100219, 7.121010593926275 ], [ 100.48790500100219, 7.121100425454729 ], [ 100.488084664058889, 7.121100425454721 ], [ 100.488084664058889, 7.121190256983077 ], [ 100.488533821701168, 7.121190256983073 ], [ 100.488533821701182, 7.1212800885115 ], [ 100.48862365322934, 7.121280088511505 ], [ 100.48862365322934, 7.12136992003995 ], [ 100.488713484757866, 7.121369920039936 ], [ 100.488713484757866, 7.12163941462518 ], [ 100.488623653229354, 7.12163941462517 ], [ 100.488623653229325, 7.121729246153603 ], [ 100.488174495587415, 7.121729246153619 ], [ 100.488174495587415, 7.121639414625179 ], [ 100.487905001002204, 7.121639414625179 ], [ 100.48790500100219, 7.121729246153608 ], [ 100.487545674888437, 7.121729246153616 ], [ 100.487545674888437, 7.121639414625162 ], [ 100.487006685717986, 7.121639414625164 ], [ 100.487006685717986, 7.121729246153605 ], [ 100.486916854189829, 7.121729246153603 ], [ 100.486916854189829, 7.121639414625164 ], [ 100.486377865019008, 7.121639414625162 ], [ 100.486377865019023, 7.121549583096742 ], [ 100.48619820196231, 7.121549583096736 ], [ 100.48619820196231, 7.121459751568287 ], [ 100.486108370433797, 7.121459751568294 ], [ 100.486108370433783, 7.121369920039951 ], [ 100.485659212791859, 7.121369920039946 ], [ 100.485659212791859, 7.121459751568286 ], [ 100.485569381263332, 7.121459751568301 ], [ 100.485569381263332, 7.121639414625174 ], [ 100.48547954973516, 7.12163941462517 ], [ 100.48547954973516, 7.122088572267177 ], [ 100.485389718206633, 7.122088572267185 ], [ 100.485389718206619, 7.122447898380849 ], [ 100.485299886678106, 7.122447898380839 ], [ 100.485299886678106, 7.122537729909282 ], [ 100.485389718206619, 7.122537729909282 ], [ 100.485389718206648, 7.122717392966075 ], [ 100.485479549735146, 7.122717392966073 ], [ 100.485479549735146, 7.122807224494505 ], [ 100.485569381263318, 7.122807224494511 ], [ 100.485569381263332, 7.122897056022949 ], [ 100.485928707377084, 7.122897056022947 ], [ 100.485928707377084, 7.122807224494514 ], [ 100.486916854189829, 7.122807224494505 ], [ 100.486916854189815, 7.122897056022957 ], [ 100.487096517246513, 7.122897056022956 ], [ 100.487096517246513, 7.122807224494511 ], [ 100.487455843360252, 7.122807224494502 ], [ 100.487455843360266, 7.122717392966072 ], [ 100.487545674888437, 7.122717392966072 ], [ 100.487545674888437, 7.122627561437734 ], [ 100.487725337945491, 7.122627561437716 ], [ 100.487725337945477, 7.122537729909285 ], [ 100.488713484757866, 7.122537729909285 ], [ 100.488713484757866, 7.122627561437727 ], [ 100.489791463098769, 7.122627561437719 ], [ 100.489791463098783, 7.122717392966084 ], [ 100.489971126155822, 7.122717392966084 ], [ 100.489971126155822, 7.122986887551295 ], [ 100.489881294627295, 7.122986887551308 ], [ 100.489881294627295, 7.12307671907974 ], [ 100.489791463098769, 7.123076719079733 ], [ 100.489791463098769, 7.123166550608182 ], [ 100.48961180004207, 7.12316655060818 ], [ 100.48961180004207, 7.123256382136606 ], [ 100.489072810871619, 7.123256382136607 ], [ 100.489072810871619, 7.123346213664968 ], [ 100.488982979343078, 7.123346213664954 ], [ 100.488982979343106, 7.12343604519339 ], [ 100.488803316286393, 7.123436045193408 ], [ 100.488803316286408, 7.123525876721839 ], [ 100.488713484757852, 7.123525876721832 ], [ 100.488713484757852, 7.123705539778621 ], [ 100.48862365322934, 7.123705539778625 ], [ 100.488623653229354, 7.123795371307061 ], [ 100.488354158644114, 7.123795371307062 ], [ 100.488354158644114, 7.12370553977863 ], [ 100.487725337945491, 7.123705539778633 ], [ 100.487725337945477, 7.12379537130706 ], [ 100.487635506416964, 7.123795371307055 ], [ 100.487635506416964, 7.123885202835413 ], [ 100.487545674888437, 7.123885202835419 ], [ 100.487545674888437, 7.12397503436385 ], [ 100.48718634877504, 7.123975034363843 ], [ 100.48718634877504, 7.123885202835412 ], [ 100.486916854189815, 7.123885202835404 ], [ 100.486916854189815, 7.12397503436386 ], [ 100.486737191132761, 7.123975034363859 ], [ 100.486737191132761, 7.124064865892296 ], [ 100.486647359604589, 7.124064865892281 ], [ 100.486647359604589, 7.124244528949072 ], [ 100.486557528076062, 7.124244528949081 ], [ 100.486557528076048, 7.124334360477514 ], [ 100.486467696547535, 7.124334360477509 ], [ 100.486467696547535, 7.124424192005952 ], [ 100.486377865019008, 7.124424192005955 ], [ 100.486377865019008, 7.124334360477519 ], [ 100.486108370433769, 7.124334360477513 ], [ 100.486108370433783, 7.124244528949078 ], [ 100.486018538905611, 7.124244528949073 ], [ 100.486018538905611, 7.124154697420723 ], [ 100.485928707377084, 7.124154697420721 ], [ 100.485928707377084, 7.124064865892294 ], [ 100.485659212791859, 7.124064865892286 ], [ 100.485659212791859, 7.124154697420725 ], [ 100.485389718206633, 7.124154697420724 ], [ 100.485389718206619, 7.124064865892292 ], [ 100.485030392092895, 7.124064865892292 ], [ 100.485030392092881, 7.124154697420722 ], [ 100.484940560564709, 7.124154697420724 ], [ 100.484940560564709, 7.12442419200596 ], [ 100.485030392092881, 7.124424192005952 ], [ 100.485030392092895, 7.124514023534307 ], [ 100.485120223621408, 7.124514023534302 ], [ 100.485120223621408, 7.124693686591185 ], [ 100.485210055149935, 7.124693686591175 ], [ 100.485210055149935, 7.124873349647965 ], [ 100.485299886678121, 7.12487334964797 ], [ 100.485299886678106, 7.125053012704846 ], [ 100.485389718206633, 7.125053012704844 ], [ 100.485389718206619, 7.125142844233196 ], [ 100.48547954973516, 7.125142844233195 ], [ 100.48547954973516, 7.125232675761634 ], [ 100.485569381263318, 7.125232675761636 ], [ 100.485569381263332, 7.125412338818423 ], [ 100.485659212791845, 7.125412338818413 ], [ 100.485659212791859, 7.125502170346862 ], [ 100.4857490443204, 7.125502170346854 ], [ 100.4857490443204, 7.125592001875288 ], [ 100.485838875848557, 7.125592001875302 ], [ 100.485838875848557, 7.125681833403742 ], [ 100.485928707377084, 7.125681833403734 ], [ 100.485928707377099, 7.125771664932078 ], [ 100.486018538905611, 7.125771664932071 ], [ 100.486018538905626, 7.125951327988965 ], [ 100.486108370433769, 7.125951327988965 ], [ 100.486108370433769, 7.126041159517317 ], [ 100.48619820196231, 7.126041159517315 ], [ 100.48619820196231, 7.126130991045751 ], [ 100.486288033490823, 7.126130991045748 ], [ 100.486288033490837, 7.126220822574186 ], [ 100.486377865019008, 7.126220822574181 ], [ 100.486377865019008, 7.126310654102524 ], [ 100.486467696547535, 7.126310654102538 ], [ 100.486467696547521, 7.126400485630963 ], [ 100.486557528076077, 7.126400485630973 ], [ 100.486557528076077, 7.126490317159402 ], [ 100.486647359604589, 7.126490317159409 ], [ 100.486647359604603, 7.126580148687843 ], [ 100.486737191132775, 7.126580148687845 ], [ 100.486737191132761, 7.126669980216202 ], [ 100.486827022661288, 7.126669980216199 ], [ 100.486827022661288, 7.12675981174464 ], [ 100.486916854189815, 7.126759811744632 ], [ 100.486916854189801, 7.126939474801414 ], [ 100.487006685717986, 7.126939474801429 ], [ 100.487006685718001, 7.12702930632985 ], [ 100.487096517246513, 7.127029306329857 ], [ 100.487096517246513, 7.127119137858301 ], [ 100.487276180303226, 7.127119137858291 ], [ 100.487276180303212, 7.127208969386745 ], [ 100.487815169473663, 7.127208969386728 ], [ 100.487815169473663, 7.127298800915085 ], [ 100.487994832530731, 7.127298800915093 ], [ 100.487994832530717, 7.127388632443513 ], [ 100.488174495587415, 7.12738863244352 ], [ 100.488174495587415, 7.127568295500306 ], [ 100.488264327115942, 7.127568295500314 ], [ 100.488264327115942, 7.127927621613976 ], [ 100.488174495587415, 7.127927621613974 ], [ 100.488174495587401, 7.128107284670858 ], [ 100.488264327115942, 7.128107284670847 ], [ 100.488264327115942, 7.128286947727641 ], [ 100.48862365322934, 7.128286947727628 ], [ 100.488623653229325, 7.128197116199203 ], [ 100.488893147814579, 7.128197116199206 ], [ 100.488893147814565, 7.128107284670851 ], [ 100.48934230545683, 7.128107284670856 ], [ 100.489342305456844, 7.128286947727632 ], [ 100.489432136985002, 7.128286947727631 ], [ 100.489432136985016, 7.128376779256085 ], [ 100.489521968513557, 7.128376779256068 ], [ 100.489521968513543, 7.128825936898087 ], [ 100.48961180004207, 7.128825936898093 ], [ 100.48961180004207, 7.128915768426526 ], [ 100.489701631570597, 7.128915768426538 ], [ 100.489701631570597, 7.129005599954966 ], [ 100.489791463098769, 7.12900559995496 ], [ 100.489791463098769, 7.128915768426531 ], [ 100.489881294627295, 7.128915768426526 ], [ 100.489881294627295, 7.127837790085533 ], [ 100.489791463098754, 7.127837790085529 ], [ 100.489791463098769, 7.127658127028758 ], [ 100.488803316286393, 7.127658127028742 ], [ 100.488803316286393, 7.127747958557193 ], [ 100.488713484757866, 7.127747958557181 ] ], [ [ 100.485569381263318, 7.11795632196028 ], [ 100.485569381263346, 7.117776658903401 ], [ 100.485659212791845, 7.117776658903392 ], [ 100.485659212791859, 7.117596995846605 ], [ 100.485749044320386, 7.117596995846609 ], [ 100.485749044320386, 7.117507164318179 ], [ 100.485838875848557, 7.117507164318168 ], [ 100.485838875848557, 7.117417332789827 ], [ 100.486108370433783, 7.117417332789827 ], [ 100.486108370433783, 7.117327501261379 ], [ 100.486198201962296, 7.117327501261392 ], [ 100.48619820196231, 7.117237669732954 ], [ 100.486288033490837, 7.11723766973295 ], [ 100.486288033490851, 7.116878343619276 ], [ 100.486377865019023, 7.116878343619276 ], [ 100.486377865019008, 7.116698680562496 ], [ 100.486467696547535, 7.116698680562493 ], [ 100.486467696547535, 7.116339354448828 ], [ 100.486557528076077, 7.116339354448829 ], [ 100.486557528076062, 7.116069859863598 ], [ 100.486647359604589, 7.116069859863614 ], [ 100.486647359604603, 7.115800365278374 ], [ 100.486737191132761, 7.115800365278386 ], [ 100.486737191132761, 7.115620702221599 ], [ 100.486916854189815, 7.115620702221601 ], [ 100.486916854189801, 7.115710533749949 ], [ 100.487006685717986, 7.115710533749938 ], [ 100.487006685718001, 7.115800365278389 ], [ 100.487096517246513, 7.115800365278379 ], [ 100.487096517246513, 7.116069859863608 ], [ 100.487006685717986, 7.116069859863601 ], [ 100.487006685718001, 7.116608849034066 ], [ 100.486916854189815, 7.116608849034058 ], [ 100.486916854189815, 7.116968175147714 ], [ 100.486827022661288, 7.116968175147717 ], [ 100.486827022661288, 7.117147838204605 ], [ 100.486737191132775, 7.117147838204606 ], [ 100.486737191132761, 7.117327501261389 ], [ 100.486647359604589, 7.117327501261388 ], [ 100.486647359604589, 7.117507164318167 ], [ 100.486737191132761, 7.117507164318181 ], [ 100.486737191132775, 7.117776658903406 ], [ 100.486827022661288, 7.117776658903407 ], [ 100.486827022661288, 7.117956321960282 ], [ 100.486916854189815, 7.117956321960266 ], [ 100.486916854189815, 7.118046153488714 ], [ 100.487006685717986, 7.118046153488716 ], [ 100.487006685717986, 7.118315648073938 ], [ 100.486916854189815, 7.118315648073938 ], [ 100.486916854189815, 7.118405479602293 ], [ 100.486647359604575, 7.118405479602292 ], [ 100.486647359604589, 7.118315648073936 ], [ 100.486108370433783, 7.118315648073928 ], [ 100.486108370433797, 7.118225816545492 ], [ 100.485838875848557, 7.118225816545491 ], [ 100.485838875848572, 7.118135985017057 ], [ 100.485659212791873, 7.118135985017053 ], [ 100.485659212791859, 7.11795632196027 ], [ 100.485569381263318, 7.11795632196028 ] ] ], [ [ [ 100.493654218820453, 7.125861496460528 ], [ 100.494013544934205, 7.125861496460512 ], [ 100.494013544934205, 7.125771664932071 ], [ 100.494193207990904, 7.12577166493208 ], [ 100.49419320799089, 7.125681833403738 ], [ 100.494642365633197, 7.12568183340373 ], [ 100.494642365633183, 7.125592001875305 ], [ 100.494822028689882, 7.12559200187529 ], [ 100.494822028689882, 7.125502170346846 ], [ 100.494911860218409, 7.125502170346849 ], [ 100.494911860218409, 7.125412338818413 ], [ 100.495001691746594, 7.125412338818422 ], [ 100.495001691746566, 7.12523267576163 ], [ 100.495091523275107, 7.125232675761634 ], [ 100.495091523275107, 7.125142844233197 ], [ 100.495271186331806, 7.125142844233189 ], [ 100.495271186331792, 7.125053012704836 ], [ 100.495361017860347, 7.125053012704845 ], [ 100.495361017860318, 7.124963181176402 ], [ 100.49545084938886, 7.124963181176396 ], [ 100.495450849388874, 7.124693686591171 ], [ 100.495540680917031, 7.124693686591182 ], [ 100.495540680917031, 7.124603855062737 ], [ 100.495450849388874, 7.12460385506275 ], [ 100.49545084938886, 7.124514023534305 ], [ 100.495540680917031, 7.124514023534305 ], [ 100.495540680917046, 7.124244528949076 ], [ 100.496079670087852, 7.124244528949069 ], [ 100.496079670087838, 7.124334360477518 ], [ 100.496259333144522, 7.124334360477507 ], [ 100.496259333144536, 7.124424192005959 ], [ 100.496438996201235, 7.12442419200595 ], [ 100.496438996201235, 7.124334360477508 ], [ 100.496618659258289, 7.124334360477508 ], [ 100.496618659258303, 7.124244528949077 ], [ 100.496798322315001, 7.124244528949087 ], [ 100.496798322315001, 7.124334360477523 ], [ 100.496888153843528, 7.12433436047752 ], [ 100.496888153843514, 7.124424192005955 ], [ 100.496977985371686, 7.124424192005951 ], [ 100.496977985371686, 7.124514023534306 ], [ 100.497067816900213, 7.124514023534296 ], [ 100.497067816900213, 7.124693686591178 ], [ 100.49715764842874, 7.124693686591185 ], [ 100.49715764842874, 7.125142844233196 ], [ 100.497247479956911, 7.125142844233187 ], [ 100.497247479956897, 7.12523267576162 ], [ 100.497337311485438, 7.125232675761621 ], [ 100.497337311485424, 7.125322507290075 ], [ 100.497516974542137, 7.125322507290076 ], [ 100.497516974542137, 7.125412338818407 ], [ 100.497696637599191, 7.125412338818416 ], [ 100.497696637599176, 7.125502170346845 ], [ 100.498055963712588, 7.125502170346861 ], [ 100.498055963712602, 7.125592001875288 ], [ 100.498325458297828, 7.125592001875298 ], [ 100.498325458297799, 7.125681833403741 ], [ 100.498774615940093, 7.125681833403733 ], [ 100.498774615940093, 7.125592001875301 ], [ 100.498954278996791, 7.125592001875299 ], [ 100.498954278996791, 7.125502170346848 ], [ 100.499044110525332, 7.125502170346865 ], [ 100.499044110525318, 7.125412338818413 ], [ 100.499133942053845, 7.125412338818425 ], [ 100.499133942053831, 7.125322507290073 ], [ 100.499223773582017, 7.12532250729006 ], [ 100.499223773582017, 7.125142844233194 ], [ 100.499403436639071, 7.125142844233195 ], [ 100.499403436639057, 7.125053012704845 ], [ 100.499583099695755, 7.125053012704843 ], [ 100.499583099695769, 7.124963181176396 ], [ 100.499672931224296, 7.124963181176396 ], [ 100.499672931224296, 7.124873349647973 ], [ 100.499762762752468, 7.124873349647971 ], [ 100.499762762752468, 7.124783518119608 ], [ 100.499852594281009, 7.124783518119623 ], [ 100.499852594280995, 7.124603855062737 ], [ 100.499942425809536, 7.124603855062733 ], [ 100.499942425809522, 7.124514023534311 ], [ 100.500032257337693, 7.124514023534308 ], [ 100.500032257337679, 7.12415469742073 ], [ 100.500122088866206, 7.124154697420719 ], [ 100.50012208886622, 7.123615708250192 ], [ 100.500032257337708, 7.123615708250189 ], [ 100.500032257337693, 7.12325638213661 ], [ 100.499942425809536, 7.123256382136621 ], [ 100.499942425809508, 7.123076719079743 ], [ 100.499762762752468, 7.123076719079739 ], [ 100.499762762752468, 7.122986887551296 ], [ 100.499583099695769, 7.122986887551307 ], [ 100.499583099695755, 7.122897056022954 ], [ 100.499493268167242, 7.122897056022951 ], [ 100.499493268167242, 7.122807224494511 ], [ 100.499403436639057, 7.122807224494521 ], [ 100.499403436639071, 7.122717392966072 ], [ 100.49931360511053, 7.122717392966077 ], [ 100.499313605110544, 7.122627561437723 ], [ 100.499223773582017, 7.122627561437723 ], [ 100.499223773582017, 7.122537729909281 ], [ 100.499133942053859, 7.122537729909294 ], [ 100.499133942053845, 7.122447898380847 ], [ 100.498594952883039, 7.122447898380841 ], [ 100.498594952883039, 7.122537729909284 ], [ 100.498145795241115, 7.122537729909295 ], [ 100.498145795241115, 7.122447898380846 ], [ 100.49796613218443, 7.122447898380849 ], [ 100.497966132184402, 7.122358066852415 ], [ 100.497876300655903, 7.122358066852405 ], [ 100.497876300655889, 7.12226823532407 ], [ 100.497786469127362, 7.122268235324058 ], [ 100.497786469127377, 7.122358066852413 ], [ 100.497427143013965, 7.12235806685241 ], [ 100.497427143013951, 7.122268235324055 ], [ 100.497067816900213, 7.12226823532406 ], [ 100.497067816900213, 7.122447898380854 ], [ 100.496977985371686, 7.122447898380848 ], [ 100.4969779853717, 7.122807224494514 ], [ 100.497067816900199, 7.122807224494507 ], [ 100.497067816900213, 7.123256382136612 ], [ 100.496977985371686, 7.12325638213661 ], [ 100.496977985371686, 7.123525876721842 ], [ 100.496888153843514, 7.123525876721828 ], [ 100.496888153843514, 7.123705539778629 ], [ 100.496798322314987, 7.123705539778628 ], [ 100.496798322315001, 7.123885202835413 ], [ 100.496618659258274, 7.123885202835404 ], [ 100.496618659258303, 7.123975034363847 ], [ 100.496438996201235, 7.123975034363855 ], [ 100.496438996201221, 7.123885202835419 ], [ 100.496349164673063, 7.123885202835406 ], [ 100.496349164673063, 7.123795371307071 ], [ 100.496259333144522, 7.123795371307059 ], [ 100.49625933314455, 7.123615708250186 ], [ 100.496349164673063, 7.12361570825019 ], [ 100.496349164673063, 7.123436045193396 ], [ 100.496438996201235, 7.12343604519339 ], [ 100.496438996201235, 7.122268235324063 ], [ 100.496528827729762, 7.122268235324054 ], [ 100.496528827729762, 7.121998740738831 ], [ 100.496618659258289, 7.121998740738828 ], [ 100.496618659258289, 7.121819077681967 ], [ 100.49670849078646, 7.12181907768196 ], [ 100.496708490786446, 7.121729246153603 ], [ 100.496798322315001, 7.121729246153612 ], [ 100.496798322314987, 7.121639414625169 ], [ 100.498325458297813, 7.12163941462518 ], [ 100.498325458297828, 7.121729246153613 ], [ 100.498594952883039, 7.121729246153616 ], [ 100.498594952883039, 7.121639414625166 ], [ 100.49886444746862, 7.121639414625174 ], [ 100.49886444746862, 7.121549583096729 ], [ 100.499044110525318, 7.12154958309673 ], [ 100.499044110525318, 7.121369920039943 ], [ 100.499133942053845, 7.121369920039949 ], [ 100.499133942053845, 7.119663121000058 ], [ 100.499044110525318, 7.119663121000073 ], [ 100.499044110525304, 7.119483457943285 ], [ 100.499133942053859, 7.119483457943278 ], [ 100.499133942053831, 7.119213963358053 ], [ 100.499044110525318, 7.119213963358053 ], [ 100.499044110525318, 7.119124131829615 ], [ 100.498954278996791, 7.119124131829618 ], [ 100.498954278996777, 7.119034300301175 ], [ 100.49886444746862, 7.11903430030118 ], [ 100.498864447468634, 7.118944468772833 ], [ 100.498774615940093, 7.118944468772822 ], [ 100.498774615940079, 7.118854637244389 ], [ 100.498594952883039, 7.118854637244385 ], [ 100.498594952883039, 7.118764805715944 ], [ 100.498415289826355, 7.118764805715943 ], [ 100.49841528982634, 7.118674974187598 ], [ 100.498145795241115, 7.118674974187598 ], [ 100.498145795241101, 7.118764805715947 ], [ 100.497966132184402, 7.118764805715959 ], [ 100.497966132184416, 7.118854637244389 ], [ 100.497786469127377, 7.11885463724439 ], [ 100.497786469127362, 7.118764805715962 ], [ 100.497427143013979, 7.11876480571595 ], [ 100.497427143013979, 7.118854637244398 ], [ 100.497337311485438, 7.118854637244398 ], [ 100.497337311485424, 7.119034300301184 ], [ 100.497247479956926, 7.119034300301168 ], [ 100.497247479956911, 7.119124131829605 ], [ 100.49715764842874, 7.119124131829615 ], [ 100.49715764842874, 7.119213963358049 ], [ 100.497067816900213, 7.119213963358042 ], [ 100.497067816900213, 7.119393626414836 ], [ 100.496977985371686, 7.119393626414834 ], [ 100.496977985371672, 7.119483457943276 ], [ 100.496888153843514, 7.119483457943276 ], [ 100.496888153843514, 7.119663121000065 ], [ 100.496798322315001, 7.119663121000068 ], [ 100.496798322314973, 7.119752952528495 ], [ 100.496708490786446, 7.119752952528501 ], [ 100.496708490786474, 7.119932615585284 ], [ 100.496618659258274, 7.119932615585287 ], [ 100.496618659258289, 7.120112278642173 ], [ 100.496528827729762, 7.120112278642177 ], [ 100.496528827729762, 7.120291941698963 ], [ 100.496349164673063, 7.120291941698949 ], [ 100.496349164673063, 7.120381773227383 ], [ 100.496259333144536, 7.12038177322739 ], [ 100.496259333144536, 7.120471604755834 ], [ 100.496169501616009, 7.120471604755839 ], [ 100.496169501616009, 7.120651267812615 ], [ 100.496079670087838, 7.120651267812615 ], [ 100.496079670087838, 7.120741099341066 ], [ 100.495989838559311, 7.120741099341064 ], [ 100.495989838559311, 7.120830930869408 ], [ 100.495900007030784, 7.120830930869404 ], [ 100.495900007030784, 7.121010593926272 ], [ 100.495810175502626, 7.121010593926282 ], [ 100.495810175502612, 7.121190256983068 ], [ 100.495720343974085, 7.121190256983071 ], [ 100.495720343974085, 7.121369920039955 ], [ 100.495630512445544, 7.12136992003995 ], [ 100.495630512445558, 7.121549583096732 ], [ 100.495540680917046, 7.121549583096736 ], [ 100.495540680917046, 7.121639414625167 ], [ 100.495450849388845, 7.121639414625166 ], [ 100.49545084938886, 7.121819077681949 ], [ 100.495361017860347, 7.121819077681957 ], [ 100.495361017860333, 7.121908909210389 ], [ 100.49527118633182, 7.121908909210392 ], [ 100.495271186331792, 7.121998740738834 ], [ 100.495181354803648, 7.12199874073883 ], [ 100.495181354803634, 7.122178403795612 ], [ 100.495091523275107, 7.122178403795616 ], [ 100.495091523275107, 7.122358066852414 ], [ 100.49500169174658, 7.122358066852403 ], [ 100.49500169174658, 7.122537729909294 ], [ 100.494911860218409, 7.122537729909288 ], [ 100.494911860218409, 7.122717392966075 ], [ 100.494822028689882, 7.122717392966073 ], [ 100.494822028689882, 7.122897056022953 ], [ 100.494732197161355, 7.122897056022955 ], [ 100.494732197161355, 7.122986887551303 ], [ 100.494642365633183, 7.122986887551293 ], [ 100.494642365633169, 7.12307671907973 ], [ 100.494552534104656, 7.123076719079733 ], [ 100.494552534104656, 7.123166550608179 ], [ 100.494462702576129, 7.12316655060817 ], [ 100.494462702576129, 7.123346213664957 ], [ 100.494372871047972, 7.123346213664967 ], [ 100.494372871047958, 7.123615708250182 ], [ 100.494462702576129, 7.123615708250196 ], [ 100.494462702576129, 7.123705539778636 ], [ 100.494642365633197, 7.123705539778626 ], [ 100.494642365633169, 7.123795371307058 ], [ 100.494732197161355, 7.123795371307055 ], [ 100.494732197161355, 7.123885202835412 ], [ 100.494822028689882, 7.123885202835411 ], [ 100.494822028689882, 7.123975034363852 ], [ 100.494911860218409, 7.123975034363854 ], [ 100.494911860218409, 7.124064865892297 ], [ 100.49500169174658, 7.124064865892281 ], [ 100.49500169174658, 7.124244528949075 ], [ 100.494911860218409, 7.124244528949078 ], [ 100.494911860218394, 7.124334360477513 ], [ 100.494732197161355, 7.124334360477508 ], [ 100.494732197161355, 7.124424192005947 ], [ 100.493833881877507, 7.12442419200596 ], [ 100.493833881877492, 7.124334360477507 ], [ 100.493654218820438, 7.124334360477523 ], [ 100.493654218820438, 7.124154697420726 ], [ 100.493564387292281, 7.124154697420733 ], [ 100.493564387292281, 7.123885202835406 ], [ 100.493474555763754, 7.123885202835419 ], [ 100.493474555763768, 7.123525876721835 ], [ 100.493564387292281, 7.123525876721839 ], [ 100.493564387292281, 7.123346213664966 ], [ 100.49374405034898, 7.123346213664965 ], [ 100.49374405034898, 7.123256382136604 ], [ 100.493833881877507, 7.123256382136608 ], [ 100.493833881877521, 7.123166550608175 ], [ 100.493923713405678, 7.123166550608167 ], [ 100.493923713405664, 7.122807224494502 ], [ 100.494013544934219, 7.122807224494513 ], [ 100.494013544934205, 7.122537729909279 ], [ 100.494103376462732, 7.122537729909283 ], [ 100.494103376462732, 7.122358066852406 ], [ 100.494193207990904, 7.122358066852409 ], [ 100.494193207990904, 7.122178403795624 ], [ 100.494283039519416, 7.122178403795628 ], [ 100.494283039519431, 7.122088572267192 ], [ 100.494372871047958, 7.122088572267185 ], [ 100.494372871047958, 7.12199874073884 ], [ 100.494552534104656, 7.121998740738834 ], [ 100.49455253410467, 7.121908909210386 ], [ 100.494642365633183, 7.121908909210407 ], [ 100.494642365633169, 7.121819077681967 ], [ 100.494732197161341, 7.121819077681959 ], [ 100.494732197161355, 7.121729246153611 ], [ 100.494822028689882, 7.121729246153615 ], [ 100.494822028689867, 7.121639414625177 ], [ 100.494911860218409, 7.121639414625173 ], [ 100.494911860218409, 7.121459751568294 ], [ 100.495001691746594, 7.121459751568298 ], [ 100.49500169174658, 7.121369920039937 ], [ 100.495091523275121, 7.121369920039957 ], [ 100.495091523275107, 7.121190256983071 ], [ 100.495181354803634, 7.121190256983077 ], [ 100.495181354803648, 7.121100425454713 ], [ 100.495271186331806, 7.121100425454717 ], [ 100.495271186331806, 7.120920762397849 ], [ 100.495361017860333, 7.120920762397841 ], [ 100.495361017860333, 7.120830930869397 ], [ 100.49545084938886, 7.120830930869406 ], [ 100.49545084938886, 7.120741099341052 ], [ 100.495540680917017, 7.120741099341059 ], [ 100.495540680917017, 7.120561436284173 ], [ 100.495630512445572, 7.12056143628419 ], [ 100.495630512445558, 7.120471604755837 ], [ 100.495720343974085, 7.120471604755833 ], [ 100.495720343974085, 7.120291941698948 ], [ 100.495810175502612, 7.120291941698956 ], [ 100.495810175502626, 7.12011227864217 ], [ 100.495900007030784, 7.120112278642175 ], [ 100.495900007030798, 7.119932615585289 ], [ 100.495989838559325, 7.119932615585287 ], [ 100.495989838559325, 7.119752952528501 ], [ 100.496079670087823, 7.119752952528494 ], [ 100.496079670087838, 7.119393626414849 ], [ 100.496169501616009, 7.119393626414833 ], [ 100.496169501616023, 7.119213963358056 ], [ 100.496259333144536, 7.119213963358058 ], [ 100.496259333144536, 7.119034300301181 ], [ 100.496349164673049, 7.119034300301181 ], [ 100.496349164673077, 7.118944468772826 ], [ 100.496438996201221, 7.118944468772832 ], [ 100.496438996201249, 7.118854637244389 ], [ 100.496528827729747, 7.118854637244397 ], [ 100.496528827729762, 7.118764805715949 ], [ 100.496618659258289, 7.118764805715943 ], [ 100.496618659258274, 7.118674974187608 ], [ 100.49670849078646, 7.118674974187607 ], [ 100.49670849078646, 7.118495311130723 ], [ 100.496798322314973, 7.118495311130725 ], [ 100.496798322314987, 7.118315648073946 ], [ 100.496888153843514, 7.11831564807393 ], [ 100.496888153843528, 7.118225816545492 ], [ 100.4969779853717, 7.118225816545505 ], [ 100.4969779853717, 7.118135985017065 ], [ 100.497067816900213, 7.118135985017062 ], [ 100.497067816900213, 7.117956321960269 ], [ 100.496977985371686, 7.117956321960276 ], [ 100.496977985371686, 7.117866490431846 ], [ 100.496618659258274, 7.117866490431832 ], [ 100.496618659258274, 7.117776658903389 ], [ 100.496438996201235, 7.117776658903397 ], [ 100.496438996201221, 7.117686827375056 ], [ 100.496169501616009, 7.117686827375048 ], [ 100.496169501616009, 7.117596995846617 ], [ 100.495900007030784, 7.117596995846611 ], [ 100.495900007030798, 7.117507164318168 ], [ 100.495720343974085, 7.117507164318178 ], [ 100.495720343974085, 7.117417332789821 ], [ 100.495540680917017, 7.117417332789824 ], [ 100.495540680917017, 7.117327501261395 ], [ 100.49545084938886, 7.117327501261397 ], [ 100.49545084938886, 7.117237669732949 ], [ 100.495181354803634, 7.117237669732938 ], [ 100.495181354803634, 7.117327501261387 ], [ 100.494911860218409, 7.117327501261395 ], [ 100.494911860218409, 7.11741733278982 ], [ 100.494822028689867, 7.117417332789832 ], [ 100.494822028689882, 7.117596995846601 ], [ 100.494732197161355, 7.117596995846609 ], [ 100.494732197161369, 7.117776658903393 ], [ 100.494642365633183, 7.117776658903395 ], [ 100.494642365633197, 7.11813598501706 ], [ 100.494552534104642, 7.118135985017062 ], [ 100.494552534104642, 7.118674974187608 ], [ 100.494462702576129, 7.118674974187592 ], [ 100.494462702576129, 7.119573289471722 ], [ 100.494372871047943, 7.119573289471712 ], [ 100.494372871047943, 7.119842784056951 ], [ 100.494283039519416, 7.119842784056943 ], [ 100.494283039519416, 7.12020211017061 ], [ 100.494193207990904, 7.120202110170616 ], [ 100.494193207990904, 7.120561436284181 ], [ 100.494103376462732, 7.120561436284173 ], [ 100.494103376462732, 7.120830930869415 ], [ 100.494013544934191, 7.120830930869404 ], [ 100.494013544934219, 7.120920762397836 ], [ 100.493923713405692, 7.120920762397838 ], [ 100.493923713405678, 7.121010593926279 ], [ 100.493833881877507, 7.121010593926272 ], [ 100.493833881877507, 7.121190256983065 ], [ 100.493744050348965, 7.121190256983064 ], [ 100.49374405034898, 7.121280088511516 ], [ 100.493654218820453, 7.121280088511504 ], [ 100.493654218820453, 7.121459751568301 ], [ 100.493564387292281, 7.121459751568291 ], [ 100.493564387292295, 7.121639414625173 ], [ 100.493474555763768, 7.121639414625165 ], [ 100.493474555763754, 7.121819077681956 ], [ 100.493384724235227, 7.121819077681966 ], [ 100.493384724235241, 7.122178403795628 ], [ 100.493294892707056, 7.122178403795616 ], [ 100.493294892707056, 7.122627561437719 ], [ 100.493205061178529, 7.122627561437734 ], [ 100.493205061178529, 7.122986887551296 ], [ 100.493294892707056, 7.122986887551306 ], [ 100.493294892707056, 7.123436045193409 ], [ 100.493205061178529, 7.123436045193404 ], [ 100.493205061178543, 7.124154697420732 ], [ 100.493115229650002, 7.124154697420733 ], [ 100.493115229650016, 7.124244528949068 ], [ 100.492486408951038, 7.124244528949078 ], [ 100.492486408951024, 7.124154697420729 ], [ 100.492396577422866, 7.124154697420725 ], [ 100.492396577422852, 7.124064865892283 ], [ 100.492306745894339, 7.124064865892289 ], [ 100.492306745894325, 7.123885202835424 ], [ 100.492241798873764, 7.123885202835423 ], [ 100.492234274821271, 7.123938867072382 ], [ 100.492317337733908, 7.124246682351413 ], [ 100.492462851966039, 7.124834988307986 ], [ 100.492493753061055, 7.124949094648378 ], [ 100.492732186175814, 7.125716280160382 ], [ 100.492750436362769, 7.125767403257151 ], [ 100.492772285595876, 7.125810702528264 ], [ 100.493294174657066, 7.126510264406371 ], [ 100.493411968759375, 7.1266359538574 ], [ 100.493627912404122, 7.126765834161056 ], [ 100.493847303372533, 7.126881946651803 ], [ 100.49419320799089, 7.126987949833588 ], [ 100.494193207990918, 7.126939474801421 ], [ 100.494103376462746, 7.126939474801427 ], [ 100.494103376462732, 7.126849643273077 ], [ 100.494013544934205, 7.126849643273078 ], [ 100.494013544934191, 7.126759811744636 ], [ 100.493923713405678, 7.126759811744636 ], [ 100.493923713405692, 7.126669980216196 ], [ 100.493833881877507, 7.126669980216193 ], [ 100.493833881877507, 7.126580148687841 ], [ 100.49374405034898, 7.126580148687838 ], [ 100.493744050348965, 7.126490317159412 ], [ 100.493564387292281, 7.12649031715941 ], [ 100.493564387292281, 7.126400485630962 ], [ 100.493474555763754, 7.126400485630964 ], [ 100.493474555763768, 7.126310654102523 ], [ 100.493384724235213, 7.126310654102526 ], [ 100.493384724235241, 7.126220822574173 ], [ 100.49347455576374, 7.12622082257418 ], [ 100.493474555763768, 7.1260411595173 ], [ 100.493564387292295, 7.126041159517316 ], [ 100.493564387292267, 7.125951327988951 ], [ 100.493654218820438, 7.125951327988966 ], [ 100.493654218820453, 7.125861496460528 ] ] ], [ [ [ 100.481706625541662, 7.128466610784428 ], [ 100.481706625541648, 7.128376779256073 ], [ 100.481796457070175, 7.128376779256085 ], [ 100.481796457070175, 7.12828694772763 ], [ 100.481886288598687, 7.128286947727628 ], [ 100.481886288598687, 7.128107284670849 ], [ 100.481976120126873, 7.128107284670857 ], [ 100.481976120126873, 7.127927621613964 ], [ 100.4820659516554, 7.127927621613983 ], [ 100.4820659516554, 7.127747958557181 ], [ 100.482245614712099, 7.127747958557182 ], [ 100.482245614712099, 7.12765812702875 ], [ 100.48233544624064, 7.127658127028754 ], [ 100.48233544624064, 7.127568295500319 ], [ 100.482425277769153, 7.127568295500311 ], [ 100.482425277769167, 7.127478463971959 ], [ 100.482515109297324, 7.127478463971961 ], [ 100.482515109297324, 7.127388632443527 ], [ 100.482694772354392, 7.12738863244352 ], [ 100.482694772354392, 7.127298800915088 ], [ 100.482784603882536, 7.127298800915081 ], [ 100.482784603882564, 7.127208969386729 ], [ 100.482964266939604, 7.127208969386741 ], [ 100.482964266939604, 7.127119137858294 ], [ 100.483054098467775, 7.127119137858298 ], [ 100.483054098467775, 7.127029306329852 ], [ 100.483143929996317, 7.127029306329867 ], [ 100.483143929996302, 7.126759811744642 ], [ 100.483054098467775, 7.126759811744635 ], [ 100.483054098467775, 7.126669980216193 ], [ 100.482245614712099, 7.126669980216196 ], [ 100.482245614712099, 7.126849643273077 ], [ 100.482155783183927, 7.126849643273079 ], [ 100.482155783183927, 7.127029306329869 ], [ 100.4820659516554, 7.127029306329864 ], [ 100.4820659516554, 7.127119137858307 ], [ 100.481976120126873, 7.127119137858291 ], [ 100.481976120126873, 7.127208969386733 ], [ 100.481886288598702, 7.127208969386726 ], [ 100.481886288598702, 7.127298800915085 ], [ 100.48179645707016, 7.127298800915089 ], [ 100.481796457070175, 7.127388632443525 ], [ 100.481706625541648, 7.127388632443519 ], [ 100.481706625541648, 7.127478463971953 ], [ 100.481616794013462, 7.127478463971953 ], [ 100.481616794013476, 7.127568295500305 ], [ 100.481526962484949, 7.127568295500314 ], [ 100.481526962484949, 7.127658127028744 ], [ 100.481437130956422, 7.127658127028741 ], [ 100.481437130956436, 7.127747958557188 ], [ 100.481347299428251, 7.127747958557191 ], [ 100.481347299428251, 7.127837790085533 ], [ 100.480987973314498, 7.127837790085533 ], [ 100.480987973314498, 7.127927621613973 ], [ 100.480898141785985, 7.127927621613968 ], [ 100.480898141785985, 7.128107284670855 ], [ 100.4808083102578, 7.128107284670854 ], [ 100.480808310257785, 7.1281971161992 ], [ 100.480718478729287, 7.128197116199205 ], [ 100.480718478729287, 7.128376779256085 ], [ 100.480628647200746, 7.128376779256072 ], [ 100.480628647200746, 7.128556442312854 ], [ 100.480718478729258, 7.12855644231287 ], [ 100.480718478729258, 7.128646273841296 ], [ 100.480898141785957, 7.128646273841303 ], [ 100.480898141785971, 7.128736105369748 ], [ 100.481437130956422, 7.128736105369748 ], [ 100.481437130956422, 7.128646273841304 ], [ 100.481526962484949, 7.128646273841299 ], [ 100.481526962484949, 7.12855644231287 ], [ 100.481616794013476, 7.12855644231287 ], [ 100.481616794013476, 7.128466610784419 ], [ 100.481706625541662, 7.128466610784428 ] ] ], [ [ [ 100.482964266939604, 7.132688692619855 ], [ 100.482964266939618, 7.132598861091417 ], [ 100.483054098467775, 7.132598861091416 ], [ 100.483054098467775, 7.132509029562979 ], [ 100.483143929996302, 7.132509029562978 ], [ 100.483143929996302, 7.132419198034542 ], [ 100.483323593053001, 7.132419198034551 ], [ 100.483323593053015, 7.132329366506203 ], [ 100.483413424581528, 7.132329366506195 ], [ 100.483413424581528, 7.132239534977765 ], [ 100.483503256110069, 7.132239534977759 ], [ 100.483503256110041, 7.132149703449312 ], [ 100.483593087638596, 7.132149703449326 ], [ 100.483593087638582, 7.132059871920981 ], [ 100.483503256110055, 7.132059871920982 ], [ 100.483503256110055, 7.131970040392527 ], [ 100.483593087638567, 7.131970040392533 ], [ 100.483593087638582, 7.1318802088641 ], [ 100.483413424581528, 7.131880208864094 ], [ 100.483413424581528, 7.131700545807314 ], [ 100.483323593053001, 7.131700545807306 ], [ 100.483323593053001, 7.131431051222073 ], [ 100.483233761524843, 7.131431051222086 ], [ 100.483233761524829, 7.131251388165209 ], [ 100.483143929996288, 7.13125138816521 ], [ 100.483143929996302, 7.131071725108429 ], [ 100.48305409846779, 7.13107172510842 ], [ 100.48305409846779, 7.130802230523203 ], [ 100.483143929996288, 7.130802230523186 ], [ 100.483143929996317, 7.130712398994758 ], [ 100.48305409846779, 7.130712398994751 ], [ 100.483054098467775, 7.130622567466314 ], [ 100.483143929996317, 7.130622567466325 ], [ 100.483143929996302, 7.130442904409529 ], [ 100.483233761524815, 7.13044290440953 ], [ 100.483233761524815, 7.130353072881093 ], [ 100.483323593053001, 7.130353072881097 ], [ 100.483323593052987, 7.130263241352741 ], [ 100.483503256110041, 7.130263241352742 ], [ 100.483503256110055, 7.130083578295875 ], [ 100.483593087638582, 7.130083578295859 ], [ 100.483593087638596, 7.129993746767425 ], [ 100.483413424581542, 7.129993746767431 ], [ 100.483413424581528, 7.129814083710632 ], [ 100.483233761524829, 7.129814083710639 ], [ 100.483233761524829, 7.129724252182195 ], [ 100.483143929996302, 7.129724252182196 ], [ 100.483143929996288, 7.129634420653861 ], [ 100.483054098467775, 7.12963442065386 ], [ 100.483054098467775, 7.129364926068544 ], [ 100.483862582223821, 7.129364926068529 ], [ 100.483862582223807, 7.129275094540185 ], [ 100.484221908337219, 7.129275094540199 ], [ 100.484221908337219, 7.129364926068536 ], [ 100.484311739865731, 7.129364926068543 ], [ 100.484311739865745, 7.12945475759697 ], [ 100.484401571394244, 7.129454757596972 ], [ 100.484401571394258, 7.129544589125406 ], [ 100.484491402922416, 7.129544589125425 ], [ 100.484491402922444, 7.129634420653848 ], [ 100.484671065979498, 7.129634420653852 ], [ 100.48467106597947, 7.129724252182195 ], [ 100.484850729036168, 7.12972425218221 ], [ 100.484850729036182, 7.129814083710631 ], [ 100.485120223621408, 7.129814083710638 ], [ 100.485120223621408, 7.129903915239089 ], [ 100.485928707377099, 7.129903915239084 ], [ 100.485928707377084, 7.129814083710646 ], [ 100.48619820196231, 7.12981408371064 ], [ 100.486198201962324, 7.129903915239084 ], [ 100.486288033490837, 7.129903915239072 ], [ 100.486288033490837, 7.12999374676744 ], [ 100.486377865019008, 7.129993746767437 ], [ 100.486377865018994, 7.130083578295869 ], [ 100.486557528076062, 7.130083578295861 ], [ 100.486557528076062, 7.130173409824303 ], [ 100.486737191132761, 7.130173409824313 ], [ 100.486737191132761, 7.130083578295875 ], [ 100.486827022661288, 7.130083578295864 ], [ 100.486827022661288, 7.129814083710651 ], [ 100.486916854189801, 7.129814083710638 ], [ 100.486916854189801, 7.129634420653844 ], [ 100.48718634877504, 7.129634420653845 ], [ 100.48718634877504, 7.129814083710635 ], [ 100.487276180303212, 7.129814083710651 ], [ 100.487276180303198, 7.129903915239075 ], [ 100.487366011831739, 7.129903915239077 ], [ 100.487366011831739, 7.130083578295866 ], [ 100.48745584336028, 7.130083578295858 ], [ 100.487455843360266, 7.130173409824302 ], [ 100.48763550641695, 7.1301734098243 ], [ 100.487635506416964, 7.13026324135275 ], [ 100.487905001002176, 7.130263241352742 ], [ 100.48790500100219, 7.130173409824297 ], [ 100.488174495587401, 7.130173409824298 ], [ 100.488174495587415, 7.13008357829586 ], [ 100.488264327115942, 7.130083578295859 ], [ 100.488264327115928, 7.129993746767433 ], [ 100.48817449558743, 7.12999374676742 ], [ 100.488174495587415, 7.129724252182194 ], [ 100.488084664058889, 7.129724252182211 ], [ 100.488084664058903, 7.129544589125421 ], [ 100.487994832530717, 7.129544589125425 ], [ 100.487994832530717, 7.129275094540187 ], [ 100.48790500100219, 7.129275094540185 ], [ 100.48790500100219, 7.129095431483314 ], [ 100.487815169473677, 7.129095431483304 ], [ 100.487815169473663, 7.129005599954959 ], [ 100.487725337945491, 7.129005599954975 ], [ 100.487725337945477, 7.128825936898079 ], [ 100.487635506416964, 7.128825936898089 ], [ 100.487635506416964, 7.12873610536974 ], [ 100.487545674888423, 7.128736105369737 ], [ 100.487545674888437, 7.128646273841311 ], [ 100.487455843360252, 7.128646273841294 ], [ 100.487455843360266, 7.128556442312868 ], [ 100.487366011831739, 7.128556442312862 ], [ 100.487366011831739, 7.128466610784419 ], [ 100.487276180303198, 7.128466610784423 ], [ 100.487276180303212, 7.12837677925608 ], [ 100.48718634877504, 7.128376779256074 ], [ 100.48718634877504, 7.128286947727633 ], [ 100.487096517246513, 7.128286947727639 ], [ 100.487096517246513, 7.1281971161992 ], [ 100.487006685717972, 7.128197116199196 ], [ 100.487006685717972, 7.12810728467084 ], [ 100.486916854189829, 7.128107284670846 ], [ 100.486916854189815, 7.128017453142412 ], [ 100.486827022661288, 7.128017453142412 ], [ 100.486827022661288, 7.127837790085526 ], [ 100.486737191132761, 7.127837790085544 ], [ 100.486737191132761, 7.127747958557193 ], [ 100.486647359604589, 7.127747958557183 ], [ 100.486647359604603, 7.127658127028754 ], [ 100.486557528076062, 7.127658127028757 ], [ 100.486557528076062, 7.127478463971965 ], [ 100.48646769654755, 7.12747846397197 ], [ 100.486467696547535, 7.127298800915078 ], [ 100.486377865019008, 7.127298800915085 ], [ 100.486377865019008, 7.127208969386741 ], [ 100.486288033490837, 7.12720896938674 ], [ 100.486288033490837, 7.127119137858299 ], [ 100.486198201962296, 7.127119137858297 ], [ 100.48619820196231, 7.12702930632986 ], [ 100.486108370433783, 7.127029306329853 ], [ 100.486108370433769, 7.126939474801422 ], [ 100.486018538905597, 7.126939474801429 ], [ 100.486018538905597, 7.126849643273063 ], [ 100.485928707377084, 7.126849643273069 ], [ 100.485928707377084, 7.126669980216201 ], [ 100.485838875848557, 7.126669980216193 ], [ 100.485838875848557, 7.126580148687853 ], [ 100.4857490443204, 7.126580148687841 ], [ 100.485749044320386, 7.126490317159407 ], [ 100.485659212791859, 7.126490317159415 ], [ 100.485659212791859, 7.126400485630964 ], [ 100.485569381263346, 7.126400485630971 ], [ 100.485569381263318, 7.126490317159411 ], [ 100.485299886678106, 7.126490317159415 ], [ 100.485299886678106, 7.126580148687841 ], [ 100.485210055149949, 7.126580148687842 ], [ 100.485210055149935, 7.126759811744626 ], [ 100.485120223621408, 7.126759811744638 ], [ 100.485120223621408, 7.126939474801425 ], [ 100.485210055149935, 7.126939474801413 ], [ 100.485210055149949, 7.127119137858288 ], [ 100.485389718206619, 7.127119137858292 ], [ 100.485389718206648, 7.127298800915093 ], [ 100.485479549735174, 7.127298800915085 ], [ 100.48547954973516, 7.12747846397197 ], [ 100.485569381263332, 7.127478463971952 ], [ 100.485569381263346, 7.127747958557191 ], [ 100.485659212791859, 7.127747958557185 ], [ 100.485659212791859, 7.127927621613973 ], [ 100.485749044320372, 7.127927621613972 ], [ 100.4857490443204, 7.128107284670843 ], [ 100.485838875848557, 7.128107284670847 ], [ 100.485838875848572, 7.128376779256074 ], [ 100.485928707377084, 7.128376779256068 ], [ 100.485928707377099, 7.128556442312859 ], [ 100.486018538905626, 7.128556442312854 ], [ 100.486018538905597, 7.128646273841293 ], [ 100.486108370433769, 7.128646273841304 ], [ 100.486108370433783, 7.128736105369748 ], [ 100.48619820196231, 7.128736105369748 ], [ 100.48619820196231, 7.12891576842652 ], [ 100.486288033490837, 7.128915768426521 ], [ 100.486288033490837, 7.129275094540192 ], [ 100.486198201962296, 7.129275094540199 ], [ 100.48619820196231, 7.129364926068545 ], [ 100.485749044320386, 7.129364926068537 ], [ 100.4857490443204, 7.129275094540193 ], [ 100.485120223621408, 7.129275094540189 ], [ 100.485120223621408, 7.12918526301175 ], [ 100.484850729036182, 7.129185263011753 ], [ 100.484850729036182, 7.129095431483305 ], [ 100.48476089750767, 7.129095431483318 ], [ 100.484760897507641, 7.128915768426532 ], [ 100.484850729036168, 7.128915768426517 ], [ 100.484850729036182, 7.128736105369735 ], [ 100.484940560564709, 7.12873610536974 ], [ 100.484940560564709, 7.128286947727634 ], [ 100.484850729036168, 7.128286947727642 ], [ 100.484850729036168, 7.12702930632986 ], [ 100.48476089750767, 7.127029306329853 ], [ 100.484760897507655, 7.12684964327308 ], [ 100.484671065979484, 7.126849643273063 ], [ 100.484671065979484, 7.126580148687851 ], [ 100.484581234450957, 7.12658014868784 ], [ 100.484581234450957, 7.126400485630977 ], [ 100.484401571394272, 7.126400485630965 ], [ 100.484401571394258, 7.126220822574178 ], [ 100.484132076809033, 7.126220822574177 ], [ 100.484132076809033, 7.126310654102524 ], [ 100.484042245280492, 7.126310654102526 ], [ 100.484042245280506, 7.126669980216192 ], [ 100.483952413751979, 7.126669980216189 ], [ 100.483952413751965, 7.12693947480143 ], [ 100.483862582223807, 7.126939474801415 ], [ 100.483862582223807, 7.127029306329856 ], [ 100.48377275069528, 7.127029306329857 ], [ 100.48377275069528, 7.127119137858299 ], [ 100.483682919166753, 7.127119137858294 ], [ 100.483682919166753, 7.127208969386738 ], [ 100.483593087638582, 7.127208969386727 ], [ 100.483593087638582, 7.127298800915095 ], [ 100.483503256110055, 7.127298800915078 ], [ 100.483503256110055, 7.127388632443525 ], [ 100.483413424581528, 7.12738863244352 ], [ 100.483413424581528, 7.127568295500301 ], [ 100.483323593052987, 7.127568295500313 ], [ 100.483323593053001, 7.127658127028742 ], [ 100.483233761524829, 7.127658127028747 ], [ 100.483233761524829, 7.127837790085543 ], [ 100.483143929996302, 7.127837790085544 ], [ 100.483143929996288, 7.127927621613972 ], [ 100.48305409846779, 7.127927621613964 ], [ 100.48305409846779, 7.128107284670858 ], [ 100.482964266939604, 7.128107284670843 ], [ 100.482964266939618, 7.128286947727632 ], [ 100.483054098467775, 7.128286947727637 ], [ 100.483054098467775, 7.128736105369732 ], [ 100.482964266939604, 7.128736105369748 ], [ 100.482964266939604, 7.128825936898087 ], [ 100.482874435411077, 7.128825936898094 ], [ 100.482874435411063, 7.12900559995497 ], [ 100.48278460388255, 7.129005599954967 ], [ 100.482784603882536, 7.129095431483304 ], [ 100.482694772354378, 7.129095431483307 ], [ 100.482694772354378, 7.129185263011744 ], [ 100.482604940825851, 7.129185263011754 ], [ 100.482604940825851, 7.129275094540191 ], [ 100.482335446240626, 7.129275094540188 ], [ 100.482335446240626, 7.129364926068531 ], [ 100.482245614712113, 7.129364926068538 ], [ 100.482245614712099, 7.129544589125417 ], [ 100.482155783183941, 7.12954458912541 ], [ 100.482155783183927, 7.129724252182198 ], [ 100.482065951655386, 7.1297242521822 ], [ 100.482065951655414, 7.129814083710651 ], [ 100.481976120126859, 7.129814083710635 ], [ 100.481976120126873, 7.129903915239084 ], [ 100.481796457070175, 7.129903915239081 ], [ 100.481796457070175, 7.13026324135275 ], [ 100.481886288598716, 7.130263241352734 ], [ 100.481886288598702, 7.130712398994751 ], [ 100.481976120126873, 7.13071239899475 ], [ 100.481976120126888, 7.131341219693639 ], [ 100.481886288598702, 7.131341219693636 ], [ 100.481886288598702, 7.131520882750442 ], [ 100.4820659516554, 7.13152088275044 ], [ 100.4820659516554, 7.131610714278874 ], [ 100.482155783183913, 7.131610714278868 ], [ 100.482155783183941, 7.131520882750436 ], [ 100.482245614712099, 7.131520882750429 ], [ 100.482245614712099, 7.131431051222076 ], [ 100.482515109297324, 7.131431051222089 ], [ 100.482515109297339, 7.131610714278874 ], [ 100.482604940825851, 7.131610714278873 ], [ 100.482604940825865, 7.131880208864103 ], [ 100.482515109297324, 7.131880208864095 ], [ 100.48251510929731, 7.131970040392539 ], [ 100.482425277769167, 7.131970040392528 ], [ 100.482425277769153, 7.132059871920972 ], [ 100.482245614712099, 7.132059871920967 ], [ 100.482245614712113, 7.132149703449313 ], [ 100.4820659516554, 7.132149703449315 ], [ 100.4820659516554, 7.132059871920964 ], [ 100.481886288598702, 7.132059871920966 ], [ 100.481886288598702, 7.131970040392528 ], [ 100.481437130956422, 7.131970040392533 ], [ 100.481437130956436, 7.132239534977768 ], [ 100.481526962484949, 7.132239534977757 ], [ 100.481526962484935, 7.132509029562978 ], [ 100.481616794013476, 7.132509029562978 ], [ 100.48161679401349, 7.132688692619852 ], [ 100.481796457070175, 7.132688692619857 ], [ 100.481796457070189, 7.132778524148206 ], [ 100.481976120126859, 7.132778524148206 ], [ 100.481976120126873, 7.132868355676647 ], [ 100.482155783183927, 7.13286835567664 ], [ 100.482155783183927, 7.132778524148204 ], [ 100.482335446240626, 7.132778524148219 ], [ 100.482335446240626, 7.132688692619864 ], [ 100.482604940825851, 7.132688692619864 ], [ 100.482604940825865, 7.132598861091433 ], [ 100.482874435411077, 7.132598861091413 ], [ 100.482874435411063, 7.132688692619855 ], [ 100.482964266939604, 7.132688692619855 ] ], [ [ 100.482874435411091, 7.130083578295859 ], [ 100.482874435411077, 7.13035307288109 ], [ 100.48278460388255, 7.130353072881086 ], [ 100.48278460388255, 7.130442904409527 ], [ 100.482245614712099, 7.130442904409538 ], [ 100.482245614712099, 7.130353072881101 ], [ 100.482155783183927, 7.130353072881096 ], [ 100.482155783183927, 7.129903915239071 ], [ 100.482245614712099, 7.129903915239088 ], [ 100.482245614712099, 7.129814083710645 ], [ 100.482694772354392, 7.129814083710638 ], [ 100.482694772354378, 7.129903915239083 ], [ 100.48278460388255, 7.129903915239088 ], [ 100.482784603882564, 7.130083578295862 ], [ 100.482874435411091, 7.130083578295859 ] ] ], [ [ [ 100.494193207990918, 7.133227681790312 ], [ 100.493923713405678, 7.133227681790312 ], [ 100.493923713405678, 7.133137850261881 ], [ 100.493744050348965, 7.133137850261877 ], [ 100.49374405034898, 7.133048018733441 ], [ 100.49302539812183, 7.133048018733436 ], [ 100.49302539812183, 7.133137850261885 ], [ 100.492396577422852, 7.133137850261866 ], [ 100.492396577422852, 7.133227681790322 ], [ 100.492127082837627, 7.133227681790313 ], [ 100.492127082837627, 7.133137850261877 ], [ 100.491767756723874, 7.133137850261871 ], [ 100.491767756723874, 7.133227681790308 ], [ 100.491408430610122, 7.13322768179031 ], [ 100.491408430610122, 7.133137850261874 ], [ 100.490869441439671, 7.133137850261883 ], [ 100.490869441439671, 7.133227681790322 ], [ 100.490510115326273, 7.133227681790321 ], [ 100.490510115326273, 7.133137850261871 ], [ 100.49033045226922, 7.133137850261867 ], [ 100.49033045226922, 7.13304801873343 ], [ 100.490240620741034, 7.133048018733435 ], [ 100.490240620741062, 7.133000426923841 ], [ 100.489701631570611, 7.132995991276436 ], [ 100.489701631570611, 7.133137850261869 ], [ 100.48961180004207, 7.133137850261869 ], [ 100.48961180004207, 7.133227681790308 ], [ 100.489521968513557, 7.133227681790321 ], [ 100.489521968513543, 7.133317513318758 ], [ 100.489432136985002, 7.133317513318743 ], [ 100.489432136985016, 7.133382021873683 ], [ 100.490375082352671, 7.133231740065015 ], [ 100.492873729597704, 7.133410085335293 ], [ 100.493229265084949, 7.133397610405935 ], [ 100.493616943450462, 7.133463133509954 ], [ 100.495091523275107, 7.133568384196342 ], [ 100.495091523275107, 7.133407344847111 ], [ 100.495001691746594, 7.133407344847102 ], [ 100.495001691746594, 7.133317513318759 ], [ 100.494911860218409, 7.133317513318747 ], [ 100.494911860218394, 7.133227681790307 ], [ 100.494283039519431, 7.133227681790312 ], [ 100.494283039519431, 7.133317513318756 ], [ 100.494193207990904, 7.13331751331875 ], [ 100.494193207990918, 7.133227681790312 ] ] ], [ [ [ 100.485210055149921, 7.135832796114226 ], [ 100.485120223621408, 7.135832796114212 ], [ 100.485120223621408, 7.135922627642666 ], [ 100.485210055149935, 7.135922627642652 ], [ 100.485210055149921, 7.136192122227884 ], [ 100.485299886678092, 7.136192122227889 ], [ 100.485299886678092, 7.136461616813098 ], [ 100.485389718206633, 7.136461616813098 ], [ 100.485389718206648, 7.136641279869991 ], [ 100.48547954973516, 7.136641279869978 ], [ 100.48547954973516, 7.136731111398338 ], [ 100.4857490443204, 7.136731111398337 ], [ 100.485749044320386, 7.136820942926764 ], [ 100.485838875848557, 7.136820942926768 ], [ 100.485838875848557, 7.136910774455199 ], [ 100.485928707377084, 7.136910774455218 ], [ 100.485928707377084, 7.137000605983553 ], [ 100.486108370433797, 7.137000605983561 ], [ 100.486108370433783, 7.137052139847401 ], [ 100.486557528076048, 7.136788494938219 ], [ 100.486557528076062, 7.136731111398332 ], [ 100.486377865019008, 7.136731111398329 ], [ 100.486377865019008, 7.13664127986998 ], [ 100.486288033490823, 7.136641279869983 ], [ 100.486288033490837, 7.136461616813108 ], [ 100.48619820196231, 7.136461616813113 ], [ 100.486198201962324, 7.136371785284766 ], [ 100.486108370433783, 7.136371785284765 ], [ 100.486108370433769, 7.136281953756324 ], [ 100.486018538905611, 7.136281953756316 ], [ 100.486018538905611, 7.13619212222788 ], [ 100.485928707377084, 7.136192122227887 ], [ 100.485928707377084, 7.136102290699436 ], [ 100.485838875848543, 7.136102290699438 ], [ 100.485838875848543, 7.136012459171092 ], [ 100.485749044320372, 7.136012459171089 ], [ 100.485749044320372, 7.135832796114223 ], [ 100.485659212791873, 7.135832796114226 ], [ 100.485659212791873, 7.135742964585867 ], [ 100.485569381263332, 7.135742964585867 ], [ 100.485569381263332, 7.135653133057431 ], [ 100.485299886678106, 7.135653133057424 ], [ 100.485299886678121, 7.135742964585868 ], [ 100.485210055149935, 7.135742964585877 ], [ 100.485210055149921, 7.135832796114226 ] ] ], [ [ [ 100.504793328343581, 7.082203373652304 ], [ 100.504793328343581, 7.081933879067068 ], [ 100.504883159872122, 7.081933879067073 ], [ 100.504883159872094, 7.081754216010287 ], [ 100.50497299140028, 7.081754216010284 ], [ 100.504972991400265, 7.081664384481838 ], [ 100.505062822928821, 7.081664384481848 ], [ 100.505062822928807, 7.0815745529534 ], [ 100.505152654457333, 7.081574552953404 ], [ 100.505152654457333, 7.081125395311402 ], [ 100.50524248598586, 7.081125395311397 ], [ 100.50524248598586, 7.081035563782961 ], [ 100.505475166431083, 7.081035563782951 ], [ 100.505492303564736, 7.08078899411569 ], [ 100.505590497756558, 7.079867067869514 ], [ 100.505760993229757, 7.077981357804075 ], [ 100.505901325703576, 7.07757252948311 ], [ 100.505911146721786, 7.077535274699935 ], [ 100.505903861700503, 7.077442302646491 ], [ 100.505511980571086, 7.077442302646491 ], [ 100.5055119805711, 7.077532134174842 ], [ 100.505422149042559, 7.077532134174848 ], [ 100.505422149042559, 7.077711797231728 ], [ 100.505332317514032, 7.07771179723172 ], [ 100.505332317514032, 7.077801628760167 ], [ 100.50524248598586, 7.077801628760162 ], [ 100.505242485985846, 7.077891460288507 ], [ 100.505152654457333, 7.077891460288509 ], [ 100.505152654457348, 7.077981291816953 ], [ 100.505062822928821, 7.077981291816956 ], [ 100.505062822928807, 7.07807112334538 ], [ 100.504883159872108, 7.078071123345397 ], [ 100.504883159872122, 7.078160954873735 ], [ 100.504523833758356, 7.078160954873733 ], [ 100.504523833758356, 7.078071123345384 ], [ 100.504434002229829, 7.078071123345399 ], [ 100.504434002229843, 7.07798129181695 ], [ 100.504523833758356, 7.077981291816954 ], [ 100.50452383375837, 7.077532134174845 ], [ 100.504434002229829, 7.077532134174855 ], [ 100.504434002229829, 7.077352471118068 ], [ 100.504344170701657, 7.077352471118068 ], [ 100.504344170701657, 7.077222479109162 ], [ 100.504195690515999, 7.077200685867465 ], [ 100.503984844587919, 7.07720333442475 ], [ 100.503984844587904, 7.077262639589632 ], [ 100.503895013059378, 7.077262639589628 ], [ 100.503895013059378, 7.077352471118062 ], [ 100.50380518153122, 7.07735247111806 ], [ 100.503805181531206, 7.077262639589629 ], [ 100.503715350002679, 7.077262639589617 ], [ 100.503715350002665, 7.077201647540424 ], [ 100.50341159598446, 7.077167417438215 ], [ 100.503187111067064, 7.077186273420403 ], [ 100.50292659737184, 7.07714638352937 ], [ 100.502906866247002, 7.077145567606679 ], [ 100.502906866247002, 7.077172808061277 ], [ 100.502727203190318, 7.077172808061281 ], [ 100.50272720319029, 7.077138138168899 ], [ 100.50271302860169, 7.07713755202044 ], [ 100.502685529995262, 7.077082976532838 ], [ 100.502637371661763, 7.077082976532835 ], [ 100.502637371661791, 7.076903313475956 ], [ 100.502666706697511, 7.076903313475963 ], [ 100.502658260893455, 7.076842867549569 ], [ 100.502689087387537, 7.076817993924182 ], [ 100.502727203190318, 7.076838481790429 ], [ 100.502727203190304, 7.076813481947614 ], [ 100.502906866247002, 7.07681348194762 ], [ 100.502906866247002, 7.07690331347596 ], [ 100.502996697775529, 7.07690331347597 ], [ 100.502996697775544, 7.077082976532841 ], [ 100.502906866246988, 7.077082976532838 ], [ 100.502906866247002, 7.07710238993314 ], [ 100.503208971265693, 7.077092479952751 ], [ 100.503715350002679, 7.07712472412898 ], [ 100.503715350002693, 7.077082976532844 ], [ 100.503805181531206, 7.077082976532826 ], [ 100.503805181531206, 7.076993145004393 ], [ 100.503895013059378, 7.0769931450044 ], [ 100.503895013059392, 7.077082976532837 ], [ 100.503984844587904, 7.077082976532833 ], [ 100.503984844587904, 7.077118928236402 ], [ 100.504191795917222, 7.077111542297517 ], [ 100.504434002229829, 7.077139769620575 ], [ 100.504434002229829, 7.076993145004405 ], [ 100.504523833758356, 7.076993145004399 ], [ 100.504523833758341, 7.07690331347596 ], [ 100.504793328343581, 7.07690331347596 ], [ 100.504793328343581, 7.076813481947612 ], [ 100.50497299140028, 7.07681348194762 ], [ 100.50497299140028, 7.076723650419167 ], [ 100.505062822928807, 7.07672365041918 ], [ 100.505062822928807, 7.076633818890727 ], [ 100.505152654457319, 7.076633818890726 ], [ 100.505152654457333, 7.075915166663502 ], [ 100.505242485985875, 7.075915166663502 ], [ 100.505242485985875, 7.075825335135059 ], [ 100.505332317514018, 7.075825335135049 ], [ 100.505332317514046, 7.075735503606627 ], [ 100.505422149042545, 7.075735503606624 ], [ 100.505422149042559, 7.075599435183065 ], [ 100.505370502467187, 7.07554659538635 ], [ 100.505250753401768, 7.075495379689961 ], [ 100.505230456147402, 7.075473364461918 ], [ 100.505218156948231, 7.075446682963658 ], [ 100.502906866247002, 7.074617822894102 ], [ 100.502906866246988, 7.074837188322506 ], [ 100.502996697775529, 7.074837188322512 ], [ 100.502996697775515, 7.075466009021401 ], [ 100.502817034718475, 7.075466009021396 ], [ 100.502817034718475, 7.075555840549841 ], [ 100.50254754013325, 7.075555840549828 ], [ 100.50254754013325, 7.075466009021404 ], [ 100.502457708605093, 7.075466009021386 ], [ 100.502457708605093, 7.075376177492948 ], [ 100.502367877076566, 7.075376177492952 ], [ 100.502367877076551, 7.074837188322509 ], [ 100.502278045548024, 7.074837188322509 ], [ 100.50227804554801, 7.074747356794161 ], [ 100.502188214019853, 7.074747356794161 ], [ 100.502188214019853, 7.074567693737277 ], [ 100.502008550962799, 7.074567693737289 ], [ 100.502008550962813, 7.074388030680495 ], [ 100.501918719434258, 7.074388030680488 ], [ 100.501918719434286, 7.074118536095269 ], [ 100.501921488837112, 7.074118536095449 ], [ 100.501792628624131, 7.074028639996611 ], [ 100.501649224849047, 7.074089348719728 ], [ 100.501649224849047, 7.074118536095265 ], [ 100.501580279570419, 7.074118536095264 ], [ 100.501559393320875, 7.074127378104696 ], [ 100.501559393320889, 7.074298199152045 ], [ 100.501379730263807, 7.074298199152056 ], [ 100.501379730263821, 7.074208367623612 ], [ 100.501368083041967, 7.074208367623625 ], [ 100.499942425809522, 7.074811907036455 ], [ 100.499942425809536, 7.075106682907728 ], [ 100.499852594280995, 7.075106682907739 ], [ 100.499852594281009, 7.07528634596461 ], [ 100.499762762752468, 7.075286345964606 ], [ 100.499762762752468, 7.075645672078261 ], [ 100.499672931224296, 7.07564567207827 ], [ 100.49967293122431, 7.075915166663497 ], [ 100.499583099695769, 7.075915166663496 ], [ 100.499583099695755, 7.076094829720287 ], [ 100.499672931224296, 7.076094829720277 ], [ 100.499672931224282, 7.076723650419169 ], [ 100.499583099695769, 7.076723650419179 ], [ 100.499583099695769, 7.076903313475955 ], [ 100.499672931224296, 7.076903313475953 ], [ 100.499672931224296, 7.077532134174848 ], [ 100.499583099695769, 7.077532134174851 ], [ 100.499583099695784, 7.077711797231731 ], [ 100.499493268167257, 7.077711797231729 ], [ 100.499493268167228, 7.077891460288516 ], [ 100.499403436639071, 7.077891460288511 ], [ 100.499403436639071, 7.077981291816948 ], [ 100.499313605110558, 7.077981291816954 ], [ 100.499313605110544, 7.078250786402175 ], [ 100.499403436639071, 7.078250786402175 ], [ 100.499403436639071, 7.078340617930609 ], [ 100.499493268167228, 7.078340617930607 ], [ 100.499493268167242, 7.078430449458953 ], [ 100.499583099695784, 7.07843044945897 ], [ 100.499583099695769, 7.078520280987409 ], [ 100.499672931224296, 7.078520280987404 ], [ 100.499672931224282, 7.078610112515838 ], [ 100.499762762752468, 7.078610112515831 ], [ 100.499762762752482, 7.078699944044279 ], [ 100.49967293122431, 7.078699944044271 ], [ 100.499672931224296, 7.078969438629504 ], [ 100.499583099695784, 7.0789694386295 ], [ 100.499583099695769, 7.079059270157854 ], [ 100.499044110525318, 7.079059270157859 ], [ 100.499044110525318, 7.078969438629493 ], [ 100.498864447468605, 7.078969438629498 ], [ 100.49886444746862, 7.078879607101065 ], [ 100.498145795241129, 7.078879607101059 ], [ 100.498145795241115, 7.078969438629498 ], [ 100.497966132184416, 7.078969438629513 ], [ 100.497966132184416, 7.079328764743167 ], [ 100.498055963712588, 7.079328764743162 ], [ 100.498055963712574, 7.079418596271517 ], [ 100.498145795241129, 7.07941859627151 ], [ 100.498145795241115, 7.079508427799963 ], [ 100.498235626769642, 7.079508427799955 ], [ 100.498235626769628, 7.07968809085675 ], [ 100.498325458297813, 7.079688090856739 ], [ 100.498325458297799, 7.079867753913626 ], [ 100.49841528982634, 7.079867753913611 ], [ 100.49841528982634, 7.080047416970406 ], [ 100.498505121354867, 7.080047416970406 ], [ 100.498505121354881, 7.080137248498838 ], [ 100.498594952883053, 7.080137248498835 ], [ 100.498594952883039, 7.080227080027286 ], [ 100.498684784411566, 7.080227080027278 ], [ 100.498684784411566, 7.080316911555622 ], [ 100.49886444746862, 7.080316911555639 ], [ 100.49886444746862, 7.080406743084076 ], [ 100.499044110525304, 7.080406743084061 ], [ 100.499044110525332, 7.080496574612509 ], [ 100.499223773582003, 7.080496574612502 ], [ 100.499223773582017, 7.080406743084064 ], [ 100.499403436639071, 7.08040674308406 ], [ 100.499403436639071, 7.080496574612509 ], [ 100.499583099695769, 7.080496574612512 ], [ 100.499583099695769, 7.08058640614085 ], [ 100.500661078036686, 7.080586406140865 ], [ 100.500661078036671, 7.080676237669301 ], [ 100.501020404150424, 7.080676237669303 ], [ 100.501020404150424, 7.080766069197725 ], [ 100.502098382491326, 7.080766069197732 ], [ 100.502098382491326, 7.080676237669294 ], [ 100.502278045548024, 7.080676237669297 ], [ 100.502278045548039, 7.080586406140864 ], [ 100.502367877076551, 7.080586406140864 ], [ 100.502367877076566, 7.080676237669286 ], [ 100.50254754013325, 7.080676237669296 ], [ 100.50254754013325, 7.080766069197733 ], [ 100.502906866247002, 7.080766069197741 ], [ 100.502906866247002, 7.080676237669296 ], [ 100.503086529303715, 7.080676237669286 ], [ 100.503086529303701, 7.080586406140849 ], [ 100.503356023888927, 7.080586406140865 ], [ 100.503356023888941, 7.08049657461251 ], [ 100.503445855417453, 7.080496574612505 ], [ 100.503445855417439, 7.080586406140865 ], [ 100.503715350002679, 7.08058640614086 ], [ 100.503715350002679, 7.080676237669295 ], [ 100.504074676116431, 7.080676237669303 ], [ 100.504074676116431, 7.080586406140853 ], [ 100.504344170701643, 7.080586406140856 ], [ 100.504344170701643, 7.080676237669298 ], [ 100.504434002229814, 7.080676237669305 ], [ 100.504434002229829, 7.081125395311389 ], [ 100.504344170701657, 7.081125395311386 ], [ 100.504344170701657, 7.081394889896631 ], [ 100.504254339173116, 7.081394889896616 ], [ 100.504254339173116, 7.081484721424965 ], [ 100.504164507644603, 7.081484721424963 ], [ 100.504164507644589, 7.08157455295341 ], [ 100.504074676116431, 7.081574552953399 ], [ 100.504074676116431, 7.081664384481841 ], [ 100.503895013059392, 7.081664384481844 ], [ 100.503895013059378, 7.081754216010295 ], [ 100.503805181531206, 7.081754216010284 ], [ 100.50380518153122, 7.081933879067078 ], [ 100.503715350002679, 7.081933879067074 ], [ 100.503715350002693, 7.082293205180727 ], [ 100.503805181531192, 7.082293205180727 ], [ 100.503805181531192, 7.082562699765965 ], [ 100.503895013059378, 7.082562699765956 ], [ 100.503895013059392, 7.082652531294396 ], [ 100.504074676116446, 7.082652531294401 ], [ 100.504074676116431, 7.082742362822748 ], [ 100.50425433917313, 7.082742362822755 ], [ 100.50425433917313, 7.08283219435119 ], [ 100.504344170701671, 7.082832194351195 ], [ 100.504344170701657, 7.082892085084548 ], [ 100.504464222529705, 7.082881935779667 ], [ 100.504793328343581, 7.082872440684827 ], [ 100.504793328343595, 7.082742362822751 ], [ 100.504883159872108, 7.082742362822752 ], [ 100.504883159872108, 7.082652531294398 ], [ 100.504793328343567, 7.0826525312944 ], [ 100.504793328343581, 7.082562699765965 ], [ 100.504883159872108, 7.082562699765965 ], [ 100.504883159872108, 7.082203373652296 ], [ 100.504793328343581, 7.082203373652304 ] ], [ [ 100.503715350002679, 7.079418596271513 ], [ 100.503715350002679, 7.079598259328385 ], [ 100.503625518474152, 7.079598259328399 ], [ 100.503625518474166, 7.079688090856737 ], [ 100.50353568694598, 7.079688090856749 ], [ 100.503535686945995, 7.079777922385182 ], [ 100.502996697775544, 7.079777922385181 ], [ 100.502996697775544, 7.079688090856742 ], [ 100.50281703471849, 7.079688090856732 ], [ 100.502817034718475, 7.079598259328384 ], [ 100.502637371661763, 7.079598259328389 ], [ 100.502637371661791, 7.079508427799955 ], [ 100.502457708605093, 7.079508427799958 ], [ 100.502457708605064, 7.079418596271516 ], [ 100.502367877076551, 7.079418596271517 ], [ 100.502367877076551, 7.079508427799952 ], [ 100.502098382491312, 7.079508427799959 ], [ 100.502098382491312, 7.079598259328386 ], [ 100.501918719434258, 7.079598259328386 ], [ 100.501918719434272, 7.079508427799957 ], [ 100.501649224849047, 7.079508427799959 ], [ 100.501649224849032, 7.079418596271513 ], [ 100.501559393320875, 7.079418596271524 ], [ 100.501559393320875, 7.079149101686295 ], [ 100.501649224849061, 7.079149101686294 ], [ 100.501649224849061, 7.079059270157845 ], [ 100.501739056377573, 7.079059270157857 ], [ 100.501739056377559, 7.078969438629498 ], [ 100.501918719434272, 7.078969438629509 ], [ 100.501918719434258, 7.07887960710107 ], [ 100.502008550962799, 7.07887960710107 ], [ 100.502008550962799, 7.078789775572623 ], [ 100.502457708605078, 7.07878977557262 ], [ 100.502457708605078, 7.078879607101069 ], [ 100.50254754013325, 7.078879607101066 ], [ 100.502547540133264, 7.078969438629501 ], [ 100.502637371661777, 7.078969438629504 ], [ 100.502637371661777, 7.079059270157845 ], [ 100.503176360832228, 7.079059270157845 ], [ 100.503176360832228, 7.079149101686284 ], [ 100.503266192360769, 7.079149101686295 ], [ 100.503266192360769, 7.07923893321472 ], [ 100.503356023888927, 7.079238933214721 ], [ 100.503356023888927, 7.079328764743169 ], [ 100.503445855417453, 7.079328764743176 ], [ 100.503445855417453, 7.079418596271507 ], [ 100.503715350002679, 7.079418596271513 ] ], [ [ 100.501379730263821, 7.079149101686284 ], [ 100.501379730263821, 7.079418596271515 ], [ 100.501289898735649, 7.079418596271511 ], [ 100.501289898735649, 7.079508427799957 ], [ 100.500930572621911, 7.079508427799953 ], [ 100.500930572621911, 7.079598259328394 ], [ 100.500750909565213, 7.079598259328397 ], [ 100.500750909565198, 7.079688090856735 ], [ 100.500661078036671, 7.079688090856745 ], [ 100.500661078036686, 7.079777922385189 ], [ 100.50057124650813, 7.079777922385189 ], [ 100.500571246508144, 7.079957585441972 ], [ 100.500391583451446, 7.079957585441963 ], [ 100.500391583451446, 7.080047416970407 ], [ 100.500301751922905, 7.080047416970411 ], [ 100.500301751922933, 7.079957585441958 ], [ 100.500122088866235, 7.079957585441969 ], [ 100.500122088866206, 7.079867753913622 ], [ 100.499942425809522, 7.079867753913621 ], [ 100.499942425809522, 7.079688090856735 ], [ 100.499852594280995, 7.079688090856733 ], [ 100.499852594281009, 7.079238933214732 ], [ 100.499942425809522, 7.079238933214726 ], [ 100.499942425809522, 7.079149101686298 ], [ 100.500211920394733, 7.079149101686292 ], [ 100.500211920394747, 7.079059270157844 ], [ 100.500481414979973, 7.079059270157858 ], [ 100.500481414979973, 7.07896943862951 ], [ 100.500571246508144, 7.078969438629501 ], [ 100.500571246508159, 7.078879607101061 ], [ 100.500661078036671, 7.07887960710106 ], [ 100.500661078036671, 7.078789775572628 ], [ 100.500750909565198, 7.078789775572617 ], [ 100.500750909565198, 7.078699944044273 ], [ 100.500930572621897, 7.078699944044281 ], [ 100.500930572621883, 7.078789775572632 ], [ 100.501020404150424, 7.078789775572631 ], [ 100.501020404150424, 7.07887960710107 ], [ 100.501110235678595, 7.078879607101067 ], [ 100.501110235678595, 7.078969438629496 ], [ 100.501200067207108, 7.078969438629501 ], [ 100.501200067207122, 7.079059270157861 ], [ 100.501289898735649, 7.079059270157861 ], [ 100.501289898735649, 7.079149101686291 ], [ 100.501379730263821, 7.079149101686284 ] ], [ [ 100.504074676116417, 7.079238933214723 ], [ 100.504074676116431, 7.079328764743167 ], [ 100.504164507644603, 7.079328764743167 ], [ 100.504164507644603, 7.07950842779996 ], [ 100.504074676116431, 7.079508427799953 ], [ 100.504074676116417, 7.079598259328396 ], [ 100.503895013059378, 7.079598259328399 ], [ 100.503895013059378, 7.079508427799944 ], [ 100.50380518153122, 7.079508427799961 ], [ 100.503805181531206, 7.07941859627151 ], [ 100.503895013059392, 7.079418596271511 ], [ 100.503895013059392, 7.079238933214718 ], [ 100.504074676116417, 7.079238933214723 ] ], [ [ 100.50497299140028, 7.079688090856732 ], [ 100.504972991400265, 7.079598259328385 ], [ 100.505062822928807, 7.079598259328383 ], [ 100.505062822928792, 7.079149101686288 ], [ 100.505152654457333, 7.079149101686281 ], [ 100.505152654457333, 7.078969438629512 ], [ 100.505422149042559, 7.078969438629493 ], [ 100.505422149042545, 7.079059270157851 ], [ 100.505511980571086, 7.079059270157849 ], [ 100.5055119805711, 7.079418596271513 ], [ 100.505422149042559, 7.079418596271513 ], [ 100.505422149042573, 7.079508427799945 ], [ 100.505332317514032, 7.079508427799946 ], [ 100.505332317514018, 7.07968809085675 ], [ 100.50524248598586, 7.079688090856749 ], [ 100.50524248598586, 7.079957585441974 ], [ 100.505152654457319, 7.079957585441973 ], [ 100.505152654457319, 7.080137248498843 ], [ 100.505062822928821, 7.080137248498838 ], [ 100.505062822928792, 7.080227080027282 ], [ 100.50497299140028, 7.080227080027276 ], [ 100.50497299140028, 7.080316911555635 ], [ 100.504613665286897, 7.08031691155563 ], [ 100.504613665286882, 7.080227080027278 ], [ 100.504523833758356, 7.080227080027286 ], [ 100.504523833758341, 7.079957585441972 ], [ 100.504613665286882, 7.079957585441975 ], [ 100.504613665286897, 7.07977792238518 ], [ 100.504793328343595, 7.079777922385179 ], [ 100.504793328343581, 7.079688090856735 ], [ 100.50497299140028, 7.079688090856732 ] ] ], [ [ [ 100.504171218340232, 7.085024956041718 ], [ 100.503200187489497, 7.084942454936487 ], [ 100.502128976358335, 7.084911632549982 ], [ 100.501922797187149, 7.084890929093694 ], [ 100.501739337265775, 7.084827758354471 ], [ 100.501729807916732, 7.084809812588439 ], [ 100.501797427472908, 7.084799284801707 ], [ 100.502896295672528, 7.084851188616563 ], [ 100.503889475585254, 7.08496029714713 ], [ 100.505066526328719, 7.08499732473986 ], [ 100.505197177030709, 7.084988775993251 ], [ 100.505283280803326, 7.084958588621102 ], [ 100.505324072145555, 7.08490619277015 ], [ 100.505326048757865, 7.084898319504632 ], [ 100.505152654457319, 7.08489831950464 ], [ 100.505152654457333, 7.084808487976286 ], [ 100.505062822928807, 7.084808487976293 ], [ 100.505062822928807, 7.084538993390969 ], [ 100.505152654457333, 7.084538993390978 ], [ 100.505152654457333, 7.0843593303342 ], [ 100.505242485985875, 7.084359330334195 ], [ 100.50524248598586, 7.083820341163731 ], [ 100.505152654457319, 7.083820341163743 ], [ 100.505152654457348, 7.083640678106868 ], [ 100.505062822928807, 7.083640678106854 ], [ 100.505062822928807, 7.083461015050079 ], [ 100.50497299140028, 7.083461015050078 ], [ 100.50497299140028, 7.083371183521631 ], [ 100.504883159872094, 7.083371183521643 ], [ 100.504883159872108, 7.083281351993296 ], [ 100.504793328343581, 7.083281351993282 ], [ 100.504793328343595, 7.083191520464855 ], [ 100.504703496815054, 7.083191520464856 ], [ 100.504703496815054, 7.083101688936411 ], [ 100.504613665286868, 7.083101688936405 ], [ 100.504613665286897, 7.083191520464848 ], [ 100.504344170701657, 7.083191520464857 ], [ 100.504344170701657, 7.083281351993292 ], [ 100.504164507644589, 7.083281351993298 ], [ 100.504164507644603, 7.083371183521644 ], [ 100.503984844587904, 7.083371183521632 ], [ 100.503984844587904, 7.083461015050088 ], [ 100.503715350002679, 7.083461015050075 ], [ 100.503715350002679, 7.083371183521632 ], [ 100.503625518474152, 7.083371183521648 ], [ 100.503625518474152, 7.083177998540028 ], [ 100.503482327337693, 7.083255326386465 ], [ 100.503276506176334, 7.08338351535782 ], [ 100.503086529303701, 7.083531263900272 ], [ 100.503086529303701, 7.083550846578524 ], [ 100.503061349657941, 7.083550846578507 ], [ 100.502996697775529, 7.083601127548386 ], [ 100.502996697775529, 7.083640678106868 ], [ 100.502945843186367, 7.083640678106853 ], [ 100.502906866247002, 7.083670991196588 ], [ 100.502906866246988, 7.083730509635308 ], [ 100.502819798854063, 7.083730509635301 ], [ 100.502540611990213, 7.083884137676606 ], [ 100.502390777904452, 7.083951548002032 ], [ 100.502001181830281, 7.084192254029312 ], [ 100.501854178664374, 7.084289069163971 ], [ 100.501379730263821, 7.084670774371236 ], [ 100.501379730263821, 7.084718656447859 ], [ 100.501469561792348, 7.084718656447858 ], [ 100.501469561792348, 7.084898319504643 ], [ 100.501559393320875, 7.084898319504632 ], [ 100.501559393320875, 7.084988151033082 ], [ 100.501649224849032, 7.084988151033089 ], [ 100.501649224849047, 7.085069618852675 ], [ 100.501744691455045, 7.085065013635412 ], [ 100.501966562868716, 7.085105904010664 ], [ 100.502363189560754, 7.085110580353092 ], [ 100.502800484303748, 7.085189616729744 ], [ 100.503172260666318, 7.085192506734508 ], [ 100.503565285787403, 7.085230276917749 ], [ 100.503805181531192, 7.085237438152378 ], [ 100.503805181531192, 7.085167814089862 ], [ 100.504523833758341, 7.085167814089865 ], [ 100.504523833758356, 7.085077982561528 ], [ 100.50497299140028, 7.085077982561518 ], [ 100.50497299140028, 7.085167814089866 ], [ 100.505062822928792, 7.085167814089878 ], [ 100.505062822928792, 7.085433632646278 ], [ 100.505097018221448, 7.085431989718713 ], [ 100.505236926445477, 7.085446398561976 ], [ 100.505308972329402, 7.085434940999357 ], [ 100.505401364479866, 7.085329325484885 ], [ 100.505415866938478, 7.08523738573903 ], [ 100.505366917873587, 7.08512182573292 ], [ 100.505269135011247, 7.085063988832133 ], [ 100.504945144037094, 7.085033426513069 ], [ 100.504171218340232, 7.085024956041718 ] ] ], [ [ [ 100.498928992009709, 7.084619648173928 ], [ 100.499010026715695, 7.084831976027697 ], [ 100.499080047802479, 7.084932313681977 ], [ 100.499425386405434, 7.085309341898013 ], [ 100.499568591306343, 7.085446888618957 ], [ 100.499609591716435, 7.085477624743797 ], [ 100.499787862941773, 7.085651847644524 ], [ 100.499821555161461, 7.085689857599349 ], [ 100.499853429217296, 7.085720472276906 ], [ 100.499913212908453, 7.085793261496706 ], [ 100.500023414567977, 7.085917585751505 ], [ 100.500065587888813, 7.085960076945895 ], [ 100.500104818628358, 7.086026549716204 ], [ 100.500264555187812, 7.086221035859748 ], [ 100.500741493701469, 7.086855454653866 ], [ 100.500880685841679, 7.087047447364767 ], [ 100.500975570495427, 7.08706290498377 ], [ 100.501094996657869, 7.086978096348458 ], [ 100.501152176622213, 7.086924418853203 ], [ 100.501202517238866, 7.086823029176455 ], [ 100.501253945441618, 7.08676442242198 ], [ 100.501332949019968, 7.086719477228369 ], [ 100.501410358473478, 7.086682051526366 ], [ 100.501469561792362, 7.086626474613969 ], [ 100.501469561792348, 7.086605118544517 ], [ 100.501379730263821, 7.086605118544521 ], [ 100.501379730263821, 7.086515287016073 ], [ 100.501200067207108, 7.086515287016077 ], [ 100.501200067207122, 7.0863356239593 ], [ 100.501020404150424, 7.086335623959305 ], [ 100.501020404150424, 7.086155960902426 ], [ 100.500930572621897, 7.086155960902428 ], [ 100.500930572621911, 7.086066129373989 ], [ 100.50084074109337, 7.086066129373988 ], [ 100.50084074109337, 7.085886466317187 ], [ 100.500750909565184, 7.085886466317194 ], [ 100.500750909565198, 7.085706803260414 ], [ 100.500661078036671, 7.08570680326041 ], [ 100.500661078036686, 7.085527140203528 ], [ 100.500571246508159, 7.085527140203536 ], [ 100.500571246508144, 7.085077982561518 ], [ 100.500391583451446, 7.085077982561518 ], [ 100.500391583451446, 7.084898319504632 ], [ 100.500211920394747, 7.084898319504636 ], [ 100.500211920394747, 7.084808487976297 ], [ 100.500032257337693, 7.0848084879763 ], [ 100.500032257337693, 7.084718656447847 ], [ 100.499223773582017, 7.084718656447859 ], [ 100.499223773582017, 7.084538993390969 ], [ 100.499217086106825, 7.084538993390984 ], [ 100.49921642642822, 7.084539988599698 ], [ 100.49918549000455, 7.084550401792748 ], [ 100.498979030664799, 7.084554502874013 ], [ 100.498962476312144, 7.08455703866372 ], [ 100.498951353572622, 7.08456184868881 ], [ 100.498928992009709, 7.084619648173928 ] ] ], [ [ [ 100.503805181531192, 7.085796634788759 ], [ 100.503715350002679, 7.085796634788763 ], [ 100.503715350002693, 7.085706803260407 ], [ 100.503805181531192, 7.0857068032604 ], [ 100.503805181531192, 7.085326252194541 ], [ 100.503764290869341, 7.085329117488159 ], [ 100.50353966312997, 7.08529007204189 ], [ 100.503336275387781, 7.085282230624954 ], [ 100.503242441953972, 7.08529437734175 ], [ 100.503171673481276, 7.085331290698836 ], [ 100.503099128519253, 7.085394861441629 ], [ 100.502919264325286, 7.085602956464181 ], [ 100.502754893748047, 7.085748520491677 ], [ 100.502530565585971, 7.085834470341673 ], [ 100.502193840644338, 7.085866431310028 ], [ 100.502098382491326, 7.085888378202339 ], [ 100.50209838249134, 7.085976297845625 ], [ 100.502278045548039, 7.085976297845628 ], [ 100.502278045548024, 7.086066129373976 ], [ 100.502457708605078, 7.086066129373976 ], [ 100.502457708605078, 7.086155960902419 ], [ 100.50272720319029, 7.086155960902412 ], [ 100.502727203190304, 7.086245792430856 ], [ 100.50281703471849, 7.086245792430865 ], [ 100.50281703471849, 7.086155960902413 ], [ 100.503356023888941, 7.08615596090241 ], [ 100.503356023888941, 7.086332638674662 ], [ 100.503386079419883, 7.086324392663751 ], [ 100.503455012823935, 7.086303677984191 ], [ 100.503609100692884, 7.086231993023206 ], [ 100.503665106242593, 7.086213178235873 ], [ 100.503815635196801, 7.08614081151801 ], [ 100.504073514939947, 7.086074663089227 ], [ 100.504074676116417, 7.086074225969812 ], [ 100.504074676116431, 7.086066129373982 ], [ 100.503895013059392, 7.086066129373992 ], [ 100.503895013059378, 7.08597629784563 ], [ 100.503805181531192, 7.085976297845635 ], [ 100.503805181531192, 7.085796634788759 ] ], [ [ 100.503086529303701, 7.085706803260399 ], [ 100.503086529303701, 7.085616971731961 ], [ 100.502996697775529, 7.085616971731962 ], [ 100.502996697775529, 7.08552714020353 ], [ 100.503086529303701, 7.085527140203522 ], [ 100.503086529303701, 7.085437308675184 ], [ 100.503266192360755, 7.085437308675174 ], [ 100.503266192360769, 7.085527140203525 ], [ 100.503356023888927, 7.085527140203539 ], [ 100.503356023888927, 7.085706803260411 ], [ 100.503086529303701, 7.085706803260399 ] ] ], [ [ [ 100.504613665286868, 7.087323770771755 ], [ 100.504613665286882, 7.087054276186538 ], [ 100.504793328343581, 7.087054276186526 ], [ 100.504793328343581, 7.087144107714966 ], [ 100.504883159872094, 7.087144107714968 ], [ 100.504883159872108, 7.087323770771765 ], [ 100.50497299140028, 7.087323770771754 ], [ 100.50497299140028, 7.087503433828631 ], [ 100.505332317514032, 7.087503433828634 ], [ 100.505332317514032, 7.087413602300192 ], [ 100.505422149042559, 7.087413602300191 ], [ 100.505422149042559, 7.087323770771765 ], [ 100.505601812099258, 7.087323770771751 ], [ 100.505601812099258, 7.087144107714975 ], [ 100.505691643627785, 7.087144107714979 ], [ 100.505691643627785, 7.086605118544522 ], [ 100.505601812099243, 7.086605118544519 ], [ 100.505601812099258, 7.086515287016081 ], [ 100.5055119805711, 7.086515287016081 ], [ 100.5055119805711, 7.086425455487642 ], [ 100.505422149042559, 7.086425455487647 ], [ 100.505422149042545, 7.086335623959291 ], [ 100.505332317514032, 7.086335623959302 ], [ 100.505332317514018, 7.086245792430862 ], [ 100.505152654457333, 7.086245792430857 ], [ 100.505152654457319, 7.086155960902419 ], [ 100.504793328343595, 7.086155960902414 ], [ 100.504793328343567, 7.086066129373984 ], [ 100.504769197520716, 7.086066129373993 ], [ 100.504606989125747, 7.086100435142259 ], [ 100.50460095907826, 7.086102036261494 ], [ 100.504455733490985, 7.086149050051862 ], [ 100.504122259848486, 7.086249822561572 ], [ 100.503792352099026, 7.086388393457042 ], [ 100.503503595064032, 7.086482141987413 ], [ 100.503445855417453, 7.086499649439616 ], [ 100.503445855417453, 7.086515287016073 ], [ 100.503394282628491, 7.086515287016085 ], [ 100.503356023888912, 7.08652688759027 ], [ 100.503356023888927, 7.086605118544519 ], [ 100.503266192360755, 7.086605118544517 ], [ 100.503266192360755, 7.086694950072874 ], [ 100.503176360832228, 7.086694950072872 ], [ 100.503176360832242, 7.086784781601301 ], [ 100.502727203190304, 7.086784781601312 ], [ 100.50272720319029, 7.087054276186532 ], [ 100.50281703471849, 7.087054276186525 ], [ 100.502817034718461, 7.087144107714964 ], [ 100.502996697775529, 7.087144107714969 ], [ 100.502996697775529, 7.087233939243419 ], [ 100.503266192360741, 7.087233939243406 ], [ 100.503266192360755, 7.087323770771755 ], [ 100.503445855417468, 7.08732377077177 ], [ 100.503445855417453, 7.087413602300189 ], [ 100.503715350002693, 7.087413602300205 ], [ 100.503715350002693, 7.087503433828637 ], [ 100.50425433917313, 7.08750343382863 ], [ 100.504254339173116, 7.087593265356986 ], [ 100.504434002229829, 7.087593265356992 ], [ 100.504434002229829, 7.08750343382863 ], [ 100.504613665286882, 7.087503433828636 ], [ 100.504613665286882, 7.087413602300207 ], [ 100.504523833758356, 7.087413602300205 ], [ 100.50452383375837, 7.087323770771756 ], [ 100.504613665286868, 7.087323770771755 ] ] ], [ [ [ 100.49841528982634, 7.090288211209423 ], [ 100.498415289826326, 7.090198379680975 ], [ 100.498594952883025, 7.090198379680976 ], [ 100.498594952883039, 7.090108548152552 ], [ 100.49886444746862, 7.090108548152539 ], [ 100.49886444746862, 7.090198379680976 ], [ 100.498954278996791, 7.090198379680988 ], [ 100.498954278996791, 7.09028821120942 ], [ 100.499044110525318, 7.090288211209423 ], [ 100.499044110525318, 7.090647537322999 ], [ 100.498954278996806, 7.090647537322991 ], [ 100.498954278996791, 7.090737368851435 ], [ 100.498969982256995, 7.090737368851437 ], [ 100.499101839737662, 7.09065079962897 ], [ 100.499351851402366, 7.090521458113437 ], [ 100.499675676071845, 7.090388386016363 ], [ 100.499769178810922, 7.09037804273777 ], [ 100.499762762752468, 7.090378042737771 ], [ 100.499762762752468, 7.090198379680975 ], [ 100.499672931224296, 7.090198379680982 ], [ 100.499672931224296, 7.08992888509575 ], [ 100.499762762752468, 7.089928885095758 ], [ 100.499762762752468, 7.089749222038887 ], [ 100.499942425809522, 7.089749222038874 ], [ 100.499942425809536, 7.089839053567319 ], [ 100.50012208886622, 7.089839053567323 ], [ 100.500122088866206, 7.089928885095754 ], [ 100.500391583451446, 7.089928885095751 ], [ 100.500391583451446, 7.089839053567322 ], [ 100.500661078036671, 7.089839053567307 ], [ 100.500661078036671, 7.089749222038878 ], [ 100.501020404150424, 7.089749222038888 ], [ 100.501020404150424, 7.089839053567323 ], [ 100.501200067207108, 7.089839053567321 ], [ 100.501200067207137, 7.08992888509576 ], [ 100.501289898735649, 7.089928885095761 ], [ 100.501289898735664, 7.090018716624107 ], [ 100.501379730263835, 7.090018716624099 ], [ 100.501379730263821, 7.090416141254742 ], [ 100.501504434799244, 7.090406361626429 ], [ 100.502098382491326, 7.090241408907471 ], [ 100.502098382491326, 7.090198379680979 ], [ 100.502188214019867, 7.09019837968099 ], [ 100.502188214019853, 7.090018716624109 ], [ 100.502367877076566, 7.090018716624106 ], [ 100.502367877076566, 7.089928885095746 ], [ 100.502457708605093, 7.08992888509576 ], [ 100.502457708605078, 7.089839053567312 ], [ 100.50254754013325, 7.089839053567315 ], [ 100.50254754013325, 7.089749222038879 ], [ 100.502637371661777, 7.089749222038888 ], [ 100.502637371661777, 7.089479727453645 ], [ 100.502727203190304, 7.089479727453652 ], [ 100.50272720319029, 7.089389895925311 ], [ 100.502637371661777, 7.089389895925295 ], [ 100.502637371661791, 7.089300064396864 ], [ 100.502727203190304, 7.089300064396874 ], [ 100.502727203190304, 7.089210232868433 ], [ 100.502637371661763, 7.08921023286843 ], [ 100.502637371661777, 7.088940738283203 ], [ 100.502547540133264, 7.088940738283201 ], [ 100.50254754013325, 7.088671243697984 ], [ 100.502457708605078, 7.088671243697983 ], [ 100.502457708605093, 7.088491580641107 ], [ 100.502367877076551, 7.088491580641101 ], [ 100.502367877076551, 7.08840174911276 ], [ 100.502278045548024, 7.088401749112761 ], [ 100.50227804554801, 7.088311917584306 ], [ 100.502188214019853, 7.088311917584315 ], [ 100.502188214019853, 7.088222086055868 ], [ 100.502098382491326, 7.088222086055885 ], [ 100.502098382491326, 7.088042422999083 ], [ 100.502008550962799, 7.088042422999081 ], [ 100.502008550962799, 7.087862759942311 ], [ 100.501918719434272, 7.087862759942304 ], [ 100.501918719434272, 7.087683096885428 ], [ 100.5018288879061, 7.087683096885421 ], [ 100.501828887906086, 7.087503433828637 ], [ 100.501739056377573, 7.087503433828632 ], [ 100.501739056377573, 7.087413602300196 ], [ 100.501649224849047, 7.087413602300202 ], [ 100.501649224849047, 7.087233939243409 ], [ 100.501559393320861, 7.087233939243417 ], [ 100.501559393320875, 7.086807475436022 ], [ 100.501546613396101, 7.086815041452461 ], [ 100.501408843438185, 7.086969672466947 ], [ 100.501399172539962, 7.086980523536496 ], [ 100.501365892598159, 7.087004431048285 ], [ 100.501329261093119, 7.087030748465969 ], [ 100.501193972365414, 7.087110175191166 ], [ 100.501179381288992, 7.087118737114418 ], [ 100.501136634080112, 7.087144107714967 ], [ 100.501200067207108, 7.087144107714976 ], [ 100.501200067207137, 7.087233939243413 ], [ 100.501289898735664, 7.087233939243416 ], [ 100.501289898735664, 7.087323770771762 ], [ 100.501379730263807, 7.087323770771758 ], [ 100.501379730263807, 7.087862759942296 ], [ 100.501289898735635, 7.087862759942296 ], [ 100.501289898735649, 7.087952591470654 ], [ 100.501200067207108, 7.087952591470647 ], [ 100.501200067207122, 7.088042422999093 ], [ 100.500930572621897, 7.088042422999082 ], [ 100.500930572621897, 7.08795259147065 ], [ 100.50084074109337, 7.087952591470647 ], [ 100.500840741093384, 7.087862759942305 ], [ 100.500750909565198, 7.087862759942293 ], [ 100.500750909565213, 7.08750343382864 ], [ 100.500840741093356, 7.087503433828643 ], [ 100.50084074109337, 7.087393383967068 ], [ 100.50083649202746, 7.087397940849923 ], [ 100.500836164556532, 7.087398290963369 ], [ 100.500729754954335, 7.087481137497718 ], [ 100.500717006739777, 7.087488240265254 ], [ 100.500537394071827, 7.087588323797649 ], [ 100.500389876310621, 7.087670594111313 ], [ 100.500345819383355, 7.087699326919102 ], [ 100.500209811265876, 7.087776817684099 ], [ 100.50017913992788, 7.08778812130375 ], [ 100.500032257337693, 7.087870037383968 ], [ 100.500032257337693, 7.088042422999082 ], [ 100.499942425809522, 7.088042422999091 ], [ 100.499942425809522, 7.088132254527523 ], [ 100.499852594280995, 7.088132254527523 ], [ 100.499852594280995, 7.088222086055879 ], [ 100.499583099695769, 7.088222086055874 ], [ 100.499583099695755, 7.088132254527522 ], [ 100.499493268167242, 7.088132254527522 ], [ 100.499493268167257, 7.088092528534192 ], [ 100.49946843814007, 7.08810171433884 ], [ 100.49929353095078, 7.088166420018939 ], [ 100.499198432841311, 7.088204379145087 ], [ 100.499169424760751, 7.088243944465889 ], [ 100.499159986098633, 7.088293532579496 ], [ 100.49919179726318, 7.088377321735116 ], [ 100.499392466007379, 7.088754183292537 ], [ 100.499620329642539, 7.089024554544064 ], [ 100.499733837936503, 7.089224472977171 ], [ 100.499864012335408, 7.08940066397797 ], [ 100.499987608790079, 7.089519885098599 ], [ 100.500093584522446, 7.089582159665867 ], [ 100.500079833952341, 7.089604246899263 ], [ 100.50000723509315, 7.08964575928079 ], [ 100.499941909995627, 7.089650492619921 ], [ 100.4998414314109, 7.089578096403535 ], [ 100.499734949596601, 7.089304431647968 ], [ 100.499619988721633, 7.089096244203531 ], [ 100.499574832491248, 7.089023180927828 ], [ 100.499353194387837, 7.088789930421182 ], [ 100.499232753203344, 7.088641950598824 ], [ 100.4991707952545, 7.088536230719134 ], [ 100.499062121756936, 7.088282992828754 ], [ 100.499016831514169, 7.088260553911709 ], [ 100.499004782498972, 7.088263604248136 ], [ 100.498965196562054, 7.088267689117814 ], [ 100.498935977671366, 7.088270701514102 ], [ 100.49886444746862, 7.088279342072164 ], [ 100.498864447468605, 7.088401749112743 ], [ 100.498774615940093, 7.088401749112759 ], [ 100.498774615940107, 7.088761075226423 ], [ 100.498684784411566, 7.08876107522641 ], [ 100.498684784411566, 7.089030569811642 ], [ 100.498594952883025, 7.089030569811639 ], [ 100.498594952883039, 7.089479727453645 ], [ 100.498505121354881, 7.089479727453654 ], [ 100.498505121354853, 7.089569558982094 ], [ 100.498325458297813, 7.089569558982087 ], [ 100.498325458297813, 7.08965939051053 ], [ 100.498235626769656, 7.089659390510535 ], [ 100.498235626769642, 7.08956955898209 ], [ 100.498145795241115, 7.089569558982091 ], [ 100.498145795241115, 7.089659390510537 ], [ 100.497876300655875, 7.089659390510525 ], [ 100.497876300655875, 7.089749222038875 ], [ 100.497786469127362, 7.089749222038885 ], [ 100.497786469127362, 7.089839053567315 ], [ 100.497696637599191, 7.089839053567323 ], [ 100.497696637599191, 7.089928885095753 ], [ 100.497606806070678, 7.089928885095758 ], [ 100.497606806070664, 7.090018716624106 ], [ 100.497427143013951, 7.090018716624106 ], [ 100.497427143013979, 7.090108548152532 ], [ 100.497247479956897, 7.090108548152537 ], [ 100.497247479956911, 7.090198379680983 ], [ 100.496438996201235, 7.090198379680979 ], [ 100.496438996201235, 7.09028821120941 ], [ 100.496259333144536, 7.090288211209415 ], [ 100.496259333144536, 7.090378042737759 ], [ 100.496169501616009, 7.090378042737773 ], [ 100.496169501616023, 7.090467874266213 ], [ 100.495989838559311, 7.090467874266198 ], [ 100.495989838559296, 7.09055770579465 ], [ 100.495900007030784, 7.090557705794643 ], [ 100.49590000703077, 7.090737368851436 ], [ 100.496169501616009, 7.090737368851426 ], [ 100.496169501616023, 7.090647537322989 ], [ 100.49715764842874, 7.090647537322987 ], [ 100.49715764842874, 7.090737368851422 ], [ 100.497606806070664, 7.090737368851434 ], [ 100.497606806070664, 7.090827200379866 ], [ 100.497696637599191, 7.090827200379874 ], [ 100.497696637599191, 7.090917031908306 ], [ 100.497786469127377, 7.090917031908309 ], [ 100.497786469127348, 7.091456021078761 ], [ 100.497876300655889, 7.091456021078749 ], [ 100.497876300655889, 7.091545852607108 ], [ 100.49796613218443, 7.091545852607108 ], [ 100.497966132184416, 7.091635684135545 ], [ 100.497982528595386, 7.09163568413554 ], [ 100.498025269156003, 7.09158416636595 ], [ 100.498348826419118, 7.091277780544703 ], [ 100.498415289826355, 7.091191339381497 ], [ 100.49841528982634, 7.091186526493539 ], [ 100.498325458297813, 7.091186526493527 ], [ 100.498325458297813, 7.090917031908313 ], [ 100.498235626769642, 7.090917031908305 ], [ 100.498235626769642, 7.090827200379862 ], [ 100.498145795241115, 7.09082720037987 ], [ 100.498145795241115, 7.090737368851422 ], [ 100.498055963712602, 7.090737368851442 ], [ 100.498055963712588, 7.090647537322991 ], [ 100.497966132184416, 7.090647537323003 ], [ 100.497966132184402, 7.090557705794649 ], [ 100.498055963712574, 7.09055770579464 ], [ 100.498055963712588, 7.090467874266206 ], [ 100.498145795241129, 7.090467874266211 ], [ 100.498145795241115, 7.090378042737758 ], [ 100.498235626769628, 7.090378042737761 ], [ 100.498235626769642, 7.090288211209428 ], [ 100.49841528982634, 7.090288211209423 ] ], [ [ 100.50084074109337, 7.088761075226424 ], [ 100.50084074109337, 7.0889407382832 ], [ 100.500750909565213, 7.088940738283206 ], [ 100.500750909565198, 7.08903056981164 ], [ 100.500391583451446, 7.089030569811646 ], [ 100.50039158345146, 7.089120401339988 ], [ 100.500301751922933, 7.089120401339981 ], [ 100.500301751922919, 7.089210232868432 ], [ 100.500211920394747, 7.089210232868431 ], [ 100.500211920394747, 7.089300064396865 ], [ 100.499852594280995, 7.089300064396866 ], [ 100.499852594280995, 7.089210232868428 ], [ 100.499762762752468, 7.089210232868436 ], [ 100.499762762752468, 7.088940738283192 ], [ 100.499852594280995, 7.0889407382832 ], [ 100.499852594281009, 7.088761075226409 ], [ 100.500391583451432, 7.088761075226409 ], [ 100.500391583451446, 7.088671243697979 ], [ 100.500750909565213, 7.088671243697975 ], [ 100.500750909565198, 7.088761075226414 ], [ 100.50084074109337, 7.088761075226424 ] ] ], [ [ [ 100.500211920394747, 7.092084841777655 ], [ 100.500481414979973, 7.092084841777655 ], [ 100.500481414979959, 7.092174673305999 ], [ 100.500840741093356, 7.092174673305997 ], [ 100.500840741093356, 7.092084841777642 ], [ 100.50111023567861, 7.092084841777654 ], [ 100.501110235678581, 7.092174673306003 ], [ 100.501469561792362, 7.092174673306 ], [ 100.501469561792334, 7.092264504834431 ], [ 100.501559393320875, 7.092264504834427 ], [ 100.501559393320875, 7.092354336362867 ], [ 100.501649224849047, 7.092354336362867 ], [ 100.501649224849047, 7.092444167891312 ], [ 100.501739056377573, 7.09244416789131 ], [ 100.501739056377559, 7.092455493156402 ], [ 100.5018192446162, 7.092361521997726 ], [ 100.501889809042694, 7.092239133567305 ], [ 100.501895080263722, 7.092221935942552 ], [ 100.501900474131048, 7.0921928173989 ], [ 100.501918719434272, 7.092088810607528 ], [ 100.501918719434272, 7.091995010249219 ], [ 100.501935174282607, 7.09199501024921 ], [ 100.501946993039866, 7.09192763778604 ], [ 100.50197020511763, 7.091780849883948 ], [ 100.501985315575041, 7.091749139780069 ], [ 100.501997035204141, 7.091671827457118 ], [ 100.502044629064017, 7.091564193091084 ], [ 100.502140968595583, 7.091445426481559 ], [ 100.502552397172096, 7.091097139301401 ], [ 100.502892327671859, 7.090865727807522 ], [ 100.503329519023069, 7.090471379473176 ], [ 100.503330968520302, 7.090467874266209 ], [ 100.503266192360755, 7.0904678742662 ], [ 100.503266192360755, 7.090378042737758 ], [ 100.503086529303701, 7.090378042737777 ], [ 100.503086529303701, 7.090467874266206 ], [ 100.502817034718475, 7.090467874266215 ], [ 100.50281703471849, 7.090557705794643 ], [ 100.50254754013325, 7.090557705794643 ], [ 100.50254754013325, 7.090647537322987 ], [ 100.502278045548024, 7.090647537322995 ], [ 100.50227804554801, 7.090557705794654 ], [ 100.502188214019853, 7.090557705794653 ], [ 100.502188214019853, 7.090467874266198 ], [ 100.502098382491326, 7.090467874266202 ], [ 100.502098382491326, 7.09032681830924 ], [ 100.501455024656394, 7.090524109788843 ], [ 100.501289898735649, 7.090523698797335 ], [ 100.501289898735649, 7.09064753732299 ], [ 100.501200067207122, 7.090647537323001 ], [ 100.501200067207122, 7.091006863436667 ], [ 100.501379730263807, 7.091006863436649 ], [ 100.501379730263821, 7.090917031908307 ], [ 100.501739056377573, 7.090917031908311 ], [ 100.501739056377559, 7.091006863436651 ], [ 100.5018288879061, 7.091006863436666 ], [ 100.501828887906086, 7.091096694965096 ], [ 100.502008550962813, 7.091096694965104 ], [ 100.502008550962799, 7.091186526493532 ], [ 100.501918719434286, 7.091186526493531 ], [ 100.501918719434272, 7.091366189550321 ], [ 100.501739056377573, 7.091366189550321 ], [ 100.501739056377588, 7.091456021078756 ], [ 100.501649224849047, 7.091456021078764 ], [ 100.501649224849032, 7.091545852607108 ], [ 100.501469561792334, 7.091545852607107 ], [ 100.501469561792348, 7.091635684135546 ], [ 100.501379730263821, 7.091635684135553 ], [ 100.501379730263807, 7.091725515663982 ], [ 100.501200067207108, 7.091725515663991 ], [ 100.501200067207122, 7.091815347192417 ], [ 100.501110235678595, 7.091815347192417 ], [ 100.501110235678581, 7.09190517872077 ], [ 100.501020404150424, 7.091905178720771 ], [ 100.501020404150424, 7.091815347192428 ], [ 100.500930572621897, 7.091815347192413 ], [ 100.500930572621883, 7.091635684135547 ], [ 100.50084074109337, 7.091635684135548 ], [ 100.50084074109337, 7.091186526493535 ], [ 100.500750909565213, 7.091186526493524 ], [ 100.500750909565213, 7.091006863436665 ], [ 100.500661078036686, 7.091006863436653 ], [ 100.500661078036671, 7.090917031908304 ], [ 100.500481414979973, 7.090917031908304 ], [ 100.500481414979973, 7.090827200379878 ], [ 100.50012208886622, 7.09082720037988 ], [ 100.50012208886622, 7.090917031908314 ], [ 100.499942425809536, 7.090917031908303 ], [ 100.499942425809522, 7.091096694965092 ], [ 100.499852594280981, 7.091096694965088 ], [ 100.499852594280995, 7.091276358021885 ], [ 100.499762762752468, 7.091276358021886 ], [ 100.499762762752482, 7.091545852607115 ], [ 100.499583099695784, 7.091545852607109 ], [ 100.499583099695769, 7.091635684135548 ], [ 100.499493268167242, 7.091635684135548 ], [ 100.499493268167228, 7.091725515663989 ], [ 100.499403436639057, 7.091725515663986 ], [ 100.499403436639057, 7.091815347192432 ], [ 100.499313605110544, 7.091815347192426 ], [ 100.499313605110544, 7.091995010249218 ], [ 100.499223773582017, 7.091995010249213 ], [ 100.499223773582031, 7.092174673305989 ], [ 100.499133942053845, 7.092174673306005 ], [ 100.499133942053859, 7.092354336362882 ], [ 100.499223773582017, 7.092354336362879 ], [ 100.499223773582017, 7.092444167891323 ], [ 100.499403436639071, 7.092444167891315 ], [ 100.499403436639071, 7.092533999419667 ], [ 100.499762762752468, 7.092533999419661 ], [ 100.499762762752468, 7.092444167891311 ], [ 100.499852594280995, 7.092444167891315 ], [ 100.499852594280995, 7.092354336362868 ], [ 100.499942425809522, 7.092354336362868 ], [ 100.499942425809536, 7.092174673306 ], [ 100.500211920394747, 7.092174673306003 ], [ 100.500211920394747, 7.092084841777655 ] ] ], [ [ [ 100.504434002229829, 7.09316282011856 ], [ 100.504434002229829, 7.093072988590119 ], [ 100.504613665286882, 7.09307298859011 ], [ 100.504613665286882, 7.092983157061763 ], [ 100.504703496815054, 7.09298315706177 ], [ 100.504703496815054, 7.092713662476532 ], [ 100.504613665286897, 7.092713662476533 ], [ 100.504613665286882, 7.092533999419667 ], [ 100.504523833758356, 7.092533999419667 ], [ 100.50452383375837, 7.092354336362878 ], [ 100.504434002229814, 7.092354336362873 ], [ 100.504434002229843, 7.092264504834439 ], [ 100.504344170701643, 7.092264504834426 ], [ 100.504344170701657, 7.092174673305996 ], [ 100.50425433917313, 7.092174673305998 ], [ 100.504254339173116, 7.092084841777649 ], [ 100.503805181531206, 7.092084841777655 ], [ 100.503805181531192, 7.092174673306002 ], [ 100.503086529303701, 7.092174673306004 ], [ 100.503086529303701, 7.092264504834445 ], [ 100.502727203190318, 7.092264504834444 ], [ 100.502727203190304, 7.092354336362877 ], [ 100.502637371661777, 7.092354336362876 ], [ 100.502637371661777, 7.09253399941966 ], [ 100.50254754013325, 7.092533999419655 ], [ 100.50254754013325, 7.092713662476539 ], [ 100.502457708605078, 7.092713662476547 ], [ 100.502457708605078, 7.092803494004888 ], [ 100.502367877076551, 7.092803494004877 ], [ 100.502367877076551, 7.092893325533332 ], [ 100.50209838249134, 7.092893325533328 ], [ 100.502098382491326, 7.092836067135482 ], [ 100.5020838233863, 7.092835554909493 ], [ 100.502080380098235, 7.092868264321112 ], [ 100.502068839494754, 7.09297789610582 ], [ 100.501975466165675, 7.093404137450347 ], [ 100.501965312206138, 7.093432314703768 ], [ 100.502008550962799, 7.093432314703781 ], [ 100.502008550962785, 7.093342483175433 ], [ 100.502098382491326, 7.093342483175421 ], [ 100.502098382491326, 7.093252651646981 ], [ 100.502188214019839, 7.093252651646986 ], [ 100.502188214019867, 7.093342483175435 ], [ 100.502367877076551, 7.093342483175429 ], [ 100.502367877076537, 7.093432314703774 ], [ 100.502817034718461, 7.093432314703765 ], [ 100.50281703471849, 7.093342483175425 ], [ 100.503086529303701, 7.093342483175424 ], [ 100.503086529303701, 7.09325265164698 ], [ 100.50398484458789, 7.093252651646988 ], [ 100.503984844587904, 7.093162820118549 ], [ 100.504434002229829, 7.09316282011856 ] ] ], [ [ [ 100.501811354497249, 7.092715420701754 ], [ 100.501808738054891, 7.092713662476547 ], [ 100.501739056377588, 7.092713662476532 ], [ 100.501739056377573, 7.092803494004883 ], [ 100.501649224849047, 7.092803494004887 ], [ 100.501649224849047, 7.092893325533327 ], [ 100.501559393320861, 7.092893325533328 ], [ 100.501559393320875, 7.093072988590104 ], [ 100.501469561792348, 7.093072988590116 ], [ 100.501469561792348, 7.093252651646984 ], [ 100.501379730263821, 7.093252651646983 ], [ 100.501379730263835, 7.093342483175426 ], [ 100.501289898735664, 7.093342483175421 ], [ 100.501289898735649, 7.093522146232219 ], [ 100.501110235678595, 7.093522146232213 ], [ 100.501110235678595, 7.093611977760656 ], [ 100.500930572621911, 7.093611977760656 ], [ 100.500930572621911, 7.093522146232214 ], [ 100.50084074109337, 7.093522146232209 ], [ 100.500840741093384, 7.093252651646989 ], [ 100.500750909565213, 7.093252651646985 ], [ 100.500750909565198, 7.093072988590117 ], [ 100.500661078036686, 7.093072988590106 ], [ 100.500661078036671, 7.09298315706177 ], [ 100.500571246508159, 7.092983157061761 ], [ 100.50057124650813, 7.092893325533318 ], [ 100.500481414979973, 7.092893325533328 ], [ 100.500481414979973, 7.092803494004896 ], [ 100.500301751922919, 7.092803494004891 ], [ 100.500301751922933, 7.092713662476543 ], [ 100.500211920394747, 7.092713662476529 ], [ 100.500211920394747, 7.092803494004883 ], [ 100.50012208886622, 7.092803494004885 ], [ 100.50012208886622, 7.092983157061765 ], [ 100.500032257337693, 7.092983157061768 ], [ 100.500032257337693, 7.093162820118556 ], [ 100.499942425809522, 7.093162820118558 ], [ 100.499942425809536, 7.093252651646985 ], [ 100.499852594280995, 7.093252651646984 ], [ 100.499852594280995, 7.093162820118553 ], [ 100.499583099695784, 7.093162820118541 ], [ 100.499583099695769, 7.09307298859011 ], [ 100.49886444746862, 7.09307298859011 ], [ 100.498864447468634, 7.093162820118555 ], [ 100.498594952883053, 7.093162820118547 ], [ 100.498594952883053, 7.093252651646979 ], [ 100.498505121354867, 7.093252651646981 ], [ 100.498505121354867, 7.093162820118546 ], [ 100.498415289826355, 7.093162820118556 ], [ 100.498415289826355, 7.092623830948096 ], [ 100.498235626769656, 7.092623830948093 ], [ 100.498235626769628, 7.09253399941966 ], [ 100.498145795241115, 7.092533999419662 ], [ 100.498145795241115, 7.092623830948098 ], [ 100.498055963712602, 7.092623830948091 ], [ 100.498055963712602, 7.092533999419655 ], [ 100.497786469127348, 7.092533999419651 ], [ 100.497786469127362, 7.092803494004887 ], [ 100.497876300655889, 7.092803494004882 ], [ 100.497876300655889, 7.092983157061768 ], [ 100.497966132184416, 7.09298315706177 ], [ 100.497966132184416, 7.09307298859012 ], [ 100.498055963712602, 7.093072988590111 ], [ 100.498055963712588, 7.093342483175427 ], [ 100.497966132184416, 7.09334248317542 ], [ 100.497966132184402, 7.093881472345874 ], [ 100.498055963712574, 7.093881472345873 ], [ 100.498055963712574, 7.093971303874324 ], [ 100.498145795241101, 7.093971303874307 ], [ 100.498145795241115, 7.094061135402654 ], [ 100.498235626769656, 7.094061135402661 ], [ 100.498235626769642, 7.09424079845955 ], [ 100.498325458297813, 7.09424079845954 ], [ 100.498325458297813, 7.094330629987881 ], [ 100.49841528982634, 7.094330629987895 ], [ 100.49841528982634, 7.094869619158422 ], [ 100.498505121354867, 7.094869619158427 ], [ 100.498505121354853, 7.094959450686789 ], [ 100.49886444746862, 7.094959450686781 ], [ 100.49886444746862, 7.09486961915843 ], [ 100.498954278996791, 7.094869619158437 ], [ 100.498954278996777, 7.094600124573125 ], [ 100.49886444746862, 7.094600124573126 ], [ 100.49886444746862, 7.094330629987887 ], [ 100.498774615940093, 7.094330629987884 ], [ 100.498774615940079, 7.094240798459537 ], [ 100.498684784411566, 7.094240798459538 ], [ 100.498684784411552, 7.094150966931109 ], [ 100.498594952883039, 7.094150966931112 ], [ 100.498594952883039, 7.094061135402656 ], [ 100.498505121354867, 7.094061135402661 ], [ 100.498505121354867, 7.093971303874322 ], [ 100.498594952883053, 7.093971303874318 ], [ 100.498594952883039, 7.093701809288996 ], [ 100.498684784411552, 7.093701809289007 ], [ 100.498684784411566, 7.093611977760645 ], [ 100.499133942053845, 7.093611977760644 ], [ 100.499133942053845, 7.093522146232219 ], [ 100.499672931224296, 7.093522146232208 ], [ 100.499672931224296, 7.093611977760645 ], [ 100.499762762752468, 7.093611977760648 ], [ 100.499762762752482, 7.093971303874318 ], [ 100.499852594280995, 7.093971303874306 ], [ 100.499852594280981, 7.094600124573116 ], [ 100.499942425809522, 7.09460012457311 ], [ 100.499942425809522, 7.094779787629988 ], [ 100.500032257337679, 7.094779787629994 ], [ 100.500032257337693, 7.094869619158426 ], [ 100.500122088866206, 7.09486961915843 ], [ 100.500122088866235, 7.094779787629984 ], [ 100.500301751922905, 7.09477978763 ], [ 100.500301751922933, 7.094689956101545 ], [ 100.500391583451446, 7.094689956101558 ], [ 100.50039158345146, 7.09460012457311 ], [ 100.500481414979987, 7.094600124573112 ], [ 100.500481414979959, 7.09451029304477 ], [ 100.50039158345146, 7.09451029304476 ], [ 100.500391583451446, 7.094150966931105 ], [ 100.500481414979987, 7.094150966931104 ], [ 100.500481414979973, 7.094061135402674 ], [ 100.500571246508144, 7.094061135402666 ], [ 100.500571246508144, 7.093971303874321 ], [ 100.500750909565213, 7.093971303874319 ], [ 100.500750909565184, 7.094061135402669 ], [ 100.500840741093356, 7.094061135402661 ], [ 100.50084074109337, 7.094510293044765 ], [ 100.500750909565198, 7.094510293044774 ], [ 100.500750909565198, 7.094600124573112 ], [ 100.500661078036657, 7.094600124573114 ], [ 100.500661078036671, 7.095289432770918 ], [ 100.500716162153338, 7.0951545628182 ], [ 100.500857620030558, 7.094945868371948 ], [ 100.500961112751881, 7.094718367145124 ], [ 100.501158868939839, 7.094339113414376 ], [ 100.501380067115335, 7.093884061356212 ], [ 100.501601328997225, 7.093447942180341 ], [ 100.501700037060999, 7.093206256331478 ], [ 100.50176115094952, 7.093059345853398 ], [ 100.501807322296003, 7.092743044246091 ], [ 100.501811354497249, 7.092715420701754 ] ] ], [ [ [ 100.504164507644603, 7.098013722652778 ], [ 100.504074676116431, 7.098013722652796 ], [ 100.504074676116431, 7.097923891124437 ], [ 100.503805181531192, 7.097923891124447 ], [ 100.50380518153122, 7.097834059595998 ], [ 100.50353568694598, 7.097834059595996 ], [ 100.503535686945966, 7.097744228067563 ], [ 100.503356023888941, 7.097744228067565 ], [ 100.503356023888927, 7.097654396539123 ], [ 100.503266192360755, 7.097654396539114 ], [ 100.503266192360755, 7.097564565010776 ], [ 100.502906866247002, 7.09756456501077 ], [ 100.502906866247002, 7.097654396539123 ], [ 100.502637371661777, 7.097654396539119 ], [ 100.502637371661763, 7.097564565010768 ], [ 100.502367877076551, 7.097564565010768 ], [ 100.502367877076537, 7.09747473348234 ], [ 100.502278045548024, 7.097474733482344 ], [ 100.502278045548039, 7.097564565010764 ], [ 100.502098382491326, 7.097564565010768 ], [ 100.502098382491326, 7.097654396539127 ], [ 100.501918719434258, 7.097654396539126 ], [ 100.501918719434272, 7.097744228067567 ], [ 100.501828887906115, 7.097744228067571 ], [ 100.501828887906086, 7.097923891124447 ], [ 100.501649224849032, 7.097923891124433 ], [ 100.501649224849061, 7.098013722652778 ], [ 100.501559393320875, 7.098013722652784 ], [ 100.501559393320889, 7.098103554181218 ], [ 100.501379730263821, 7.098103554181224 ], [ 100.501379730263821, 7.098373048766451 ], [ 100.501559393320889, 7.098373048766449 ], [ 100.501559393320875, 7.098462880294896 ], [ 100.501649224849047, 7.098462880294881 ], [ 100.501649224849047, 7.098552711823337 ], [ 100.501828887906086, 7.09855271182333 ], [ 100.501828887906086, 7.098642543351683 ], [ 100.502098382491326, 7.098642543351677 ], [ 100.502098382491326, 7.098552711823338 ], [ 100.502996697775529, 7.098552711823321 ], [ 100.502996697775544, 7.098642543351681 ], [ 100.503535686945995, 7.098642543351677 ], [ 100.503535686945966, 7.098732374880115 ], [ 100.503877352330662, 7.098732374880123 ], [ 100.503895013059378, 7.098701927505011 ], [ 100.503895013059392, 7.098642543351668 ], [ 100.503929458308164, 7.098642543351673 ], [ 100.504074676116431, 7.098392185555935 ], [ 100.504074676116431, 7.098373048766456 ], [ 100.504085776240629, 7.098373048766449 ], [ 100.504164507644589, 7.098237314581663 ], [ 100.504164507644603, 7.098013722652778 ] ] ], [ [ [ 100.501649224849047, 7.102684962130233 ], [ 100.501739056377573, 7.102684962130247 ], [ 100.501739056377559, 7.102595130601806 ], [ 100.501828887906086, 7.102595130601792 ], [ 100.501828887906115, 7.10205614143134 ], [ 100.501739056377573, 7.102056141431352 ], [ 100.501739056377559, 7.10160698378925 ], [ 100.501649224849047, 7.101606983789241 ], [ 100.501649224849047, 7.101157826147243 ], [ 100.501559393320875, 7.101157826147231 ], [ 100.501559393320861, 7.100978163090446 ], [ 100.501379730263821, 7.100978163090435 ], [ 100.501379730263821, 7.100888331562001 ], [ 100.501289898735635, 7.100888331562013 ], [ 100.501289898735664, 7.100708668505139 ], [ 100.501200067207122, 7.10070866850514 ], [ 100.501200067207108, 7.100529005448344 ], [ 100.501110235678595, 7.100529005448342 ], [ 100.501110235678595, 7.100349342391558 ], [ 100.500930572621911, 7.100349342391548 ], [ 100.500930572621897, 7.100169679334686 ], [ 100.500750909565198, 7.100169679334686 ], [ 100.500750909565184, 7.100079847806235 ], [ 100.500211920394747, 7.100079847806242 ], [ 100.500211920394747, 7.100169679334675 ], [ 100.50012208886622, 7.100169679334686 ], [ 100.500122088866235, 7.100349342391557 ], [ 100.500032257337693, 7.10034934239155 ], [ 100.500032257337708, 7.100529005448347 ], [ 100.499942425809522, 7.100529005448342 ], [ 100.499942425809536, 7.101067994618801 ], [ 100.500032257337693, 7.101067994618791 ], [ 100.500032257337693, 7.101337489204017 ], [ 100.50012208886622, 7.101337489204017 ], [ 100.500122088866206, 7.101427320732469 ], [ 100.500032257337693, 7.101427320732455 ], [ 100.500032257337708, 7.101517152260891 ], [ 100.50012208886622, 7.101517152260898 ], [ 100.50012208886622, 7.101786646846116 ], [ 100.500211920394747, 7.101786646846112 ], [ 100.500211920394747, 7.101966309902903 ], [ 100.500301751922919, 7.101966309902916 ], [ 100.500301751922933, 7.102145972959784 ], [ 100.500391583451446, 7.102145972959793 ], [ 100.50039158345146, 7.102325636016579 ], [ 100.500481414979973, 7.102325636016578 ], [ 100.500481414979973, 7.102415467545002 ], [ 100.50057124650813, 7.102415467545002 ], [ 100.500571246508144, 7.102505299073457 ], [ 100.500661078036657, 7.102505299073455 ], [ 100.500661078036657, 7.1025951306018 ], [ 100.50084074109337, 7.1025951306018 ], [ 100.50084074109337, 7.102774793658674 ], [ 100.500930572621897, 7.102774793658666 ], [ 100.500930572621883, 7.102864625187021 ], [ 100.501020404150424, 7.10286462518703 ], [ 100.50102040415041, 7.1030442882439 ], [ 100.501200067207122, 7.103044288243902 ], [ 100.501200067207108, 7.103134119772248 ], [ 100.501379730263821, 7.103134119772251 ], [ 100.501379730263835, 7.103044288243903 ], [ 100.501469561792362, 7.1030442882439 ], [ 100.501469561792348, 7.102954456715461 ], [ 100.501559393320889, 7.102954456715471 ], [ 100.501559393320861, 7.102774793658664 ], [ 100.501649224849047, 7.102774793658681 ], [ 100.501649224849047, 7.102684962130233 ] ], [ [ 100.501110235678581, 7.101247657675673 ], [ 100.501020404150424, 7.101247657675665 ], [ 100.501020404150424, 7.101337489204028 ], [ 100.500930572621911, 7.10133748920402 ], [ 100.500930572621897, 7.101427320732467 ], [ 100.50084074109337, 7.101427320732455 ], [ 100.50084074109337, 7.101337489204019 ], [ 100.500750909565213, 7.101337489204028 ], [ 100.500750909565213, 7.101067994618805 ], [ 100.500840741093384, 7.101067994618799 ], [ 100.500840741093356, 7.100888331562011 ], [ 100.501110235678595, 7.100888331562002 ], [ 100.501110235678581, 7.101247657675673 ] ] ], [ [ [ 100.499942425809522, 7.103403614357568 ], [ 100.499852594280981, 7.103403614357574 ], [ 100.499852594280995, 7.103134119772252 ], [ 100.499762762752468, 7.103134119772247 ], [ 100.499762762752468, 7.10286462518703 ], [ 100.499672931224296, 7.102864625187034 ], [ 100.499672931224282, 7.102684962130235 ], [ 100.499583099695755, 7.102684962130234 ], [ 100.499583099695755, 7.102505299073459 ], [ 100.499493268167242, 7.102505299073455 ], [ 100.499493268167257, 7.10232563601658 ], [ 100.499403436639071, 7.102325636016573 ], [ 100.499403436639071, 7.101786646846116 ], [ 100.49931360511053, 7.101786646846128 ], [ 100.499313605110544, 7.101696815317679 ], [ 100.499223773582017, 7.101696815317676 ], [ 100.499223773582017, 7.101606983789238 ], [ 100.499133942053845, 7.10160698378924 ], [ 100.499133942053845, 7.101517152260897 ], [ 100.499044110525332, 7.101517152260902 ], [ 100.499044110525318, 7.101427320732453 ], [ 100.498954278996806, 7.101427320732464 ], [ 100.498954278996791, 7.101247657675674 ], [ 100.49886444746862, 7.101247657675666 ], [ 100.49886444746862, 7.100888331562009 ], [ 100.498954278996791, 7.10088833156201 ], [ 100.498954278996791, 7.100708668505137 ], [ 100.499044110525304, 7.100708668505133 ], [ 100.499044110525318, 7.100618836976787 ], [ 100.499133942053845, 7.100618836976778 ], [ 100.499133942053859, 7.100529005448354 ], [ 100.498774615940107, 7.100529005448338 ], [ 100.498774615940107, 7.100618836976776 ], [ 100.498684784411566, 7.100618836976788 ], [ 100.49868478441158, 7.100798500033563 ], [ 100.498594952883039, 7.10079850003357 ], [ 100.498594952883053, 7.10124765767568 ], [ 100.498505121354853, 7.101247657675669 ], [ 100.498505121354867, 7.101427320732467 ], [ 100.498415289826355, 7.101427320732451 ], [ 100.498415289826355, 7.101517152260899 ], [ 100.498235626769628, 7.101517152260894 ], [ 100.498235626769642, 7.101696815317692 ], [ 100.498145795241115, 7.101696815317686 ], [ 100.498145795241129, 7.102145972959783 ], [ 100.498055963712588, 7.102145972959793 ], [ 100.498055963712574, 7.102235804488131 ], [ 100.497966132184416, 7.102235804488127 ], [ 100.497966132184416, 7.102415467545019 ], [ 100.497876300655875, 7.102415467545005 ], [ 100.497876300655889, 7.102684962130241 ], [ 100.497786469127362, 7.102684962130235 ], [ 100.497786469127348, 7.102774793658685 ], [ 100.497876300655889, 7.10277479365867 ], [ 100.497876300655889, 7.10295445671546 ], [ 100.497966132184416, 7.102954456715469 ], [ 100.497966132184402, 7.103044288243909 ], [ 100.498055963712602, 7.103044288243904 ], [ 100.498055963712602, 7.103134119772242 ], [ 100.498325458297828, 7.103134119772248 ], [ 100.498325458297813, 7.103044288243894 ], [ 100.498415289826326, 7.103044288243908 ], [ 100.49841528982634, 7.102774793658681 ], [ 100.498505121354867, 7.102774793658666 ], [ 100.498505121354853, 7.102595130601808 ], [ 100.498594952883039, 7.102595130601803 ], [ 100.498594952883025, 7.102415467545003 ], [ 100.498684784411552, 7.102415467545009 ], [ 100.498684784411566, 7.102325636016569 ], [ 100.498774615940079, 7.102325636016582 ], [ 100.498774615940093, 7.10214597295978 ], [ 100.498954278996806, 7.102145972959783 ], [ 100.498954278996806, 7.102505299073455 ], [ 100.499044110525304, 7.102505299073443 ], [ 100.499044110525318, 7.102864625187027 ], [ 100.498954278996791, 7.102864625187031 ], [ 100.498954278996791, 7.102954456715472 ], [ 100.49886444746862, 7.102954456715465 ], [ 100.49886444746862, 7.103044288243906 ], [ 100.498684784411552, 7.103044288243897 ], [ 100.498684784411552, 7.10313411977224 ], [ 100.498594952883039, 7.103134119772255 ], [ 100.498594952883039, 7.10322395130068 ], [ 100.498505121354853, 7.103223951300682 ], [ 100.498505121354853, 7.103313782829126 ], [ 100.498594952883053, 7.103313782829123 ], [ 100.498594952883053, 7.103403614357562 ], [ 100.498684784411566, 7.103403614357561 ], [ 100.498684784411566, 7.103493445885918 ], [ 100.498774615940093, 7.103493445885915 ], [ 100.498774615940093, 7.103583277414346 ], [ 100.49886444746862, 7.103583277414345 ], [ 100.49886444746862, 7.10367310894279 ], [ 100.498954278996791, 7.103673108942793 ], [ 100.498954278996777, 7.103762940471134 ], [ 100.499044110525318, 7.103762940471133 ], [ 100.499044110525332, 7.1041222665848 ], [ 100.499133942053831, 7.104122266584808 ], [ 100.499133942053845, 7.104301929641673 ], [ 100.499223773582003, 7.104301929641676 ], [ 100.499223773582003, 7.104391761170032 ], [ 100.499313605110544, 7.104391761170032 ], [ 100.499313605110558, 7.104481592698461 ], [ 100.499403436639071, 7.104481592698459 ], [ 100.499403436639071, 7.104571424226902 ], [ 100.499583099695769, 7.104571424226914 ], [ 100.499583099695784, 7.104661255755245 ], [ 100.499672931224282, 7.104661255755257 ], [ 100.49967293122431, 7.10457142422691 ], [ 100.499762762752482, 7.10457142422691 ], [ 100.499762762752468, 7.104301929641674 ], [ 100.499852594280995, 7.10430192964167 ], [ 100.499852594280995, 7.103852771999567 ], [ 100.499942425809536, 7.103852771999573 ], [ 100.499942425809522, 7.103403614357568 ] ] ], [ [ [ 100.502098382491326, 7.104481592698471 ], [ 100.502098382491326, 7.104840918812138 ], [ 100.502008550962799, 7.104840918812124 ], [ 100.502008550962813, 7.10493075034056 ], [ 100.501918719434272, 7.104930750340574 ], [ 100.501918719434286, 7.105020581868922 ], [ 100.5018288879061, 7.105020581868924 ], [ 100.501828887906115, 7.105110413397359 ], [ 100.501739056377573, 7.105110413397355 ], [ 100.501739056377573, 7.105020581868909 ], [ 100.501559393320875, 7.105020581868921 ], [ 100.501559393320875, 7.104840918812126 ], [ 100.501469561792334, 7.104840918812134 ], [ 100.501469561792362, 7.104751087283695 ], [ 100.501379730263821, 7.104751087283693 ], [ 100.501379730263821, 7.104661255755262 ], [ 100.501289898735649, 7.104661255755251 ], [ 100.501289898735649, 7.10457142422691 ], [ 100.501110235678595, 7.104571424226914 ], [ 100.501110235678581, 7.104661255755253 ], [ 100.501020404150424, 7.104661255755245 ], [ 100.50102040415041, 7.104751087283689 ], [ 100.50084074109337, 7.104751087283693 ], [ 100.50084074109337, 7.104840918812132 ], [ 100.500750909565213, 7.104840918812123 ], [ 100.500750909565198, 7.104930750340566 ], [ 100.500661078036671, 7.104930750340565 ], [ 100.500661078036671, 7.105200244925787 ], [ 100.500571246508144, 7.105200244925787 ], [ 100.50057124650813, 7.105469739511014 ], [ 100.500661078036686, 7.105469739511012 ], [ 100.500661078036671, 7.105649402567805 ], [ 100.500750909565198, 7.105649402567805 ], [ 100.500750909565184, 7.105739234096252 ], [ 100.500840741093356, 7.105739234096246 ], [ 100.500840741093384, 7.105829065624681 ], [ 100.500930572621883, 7.105829065624685 ], [ 100.500930572621897, 7.10591889715303 ], [ 100.501020404150424, 7.105918897153023 ], [ 100.501020404150424, 7.106008728681458 ], [ 100.501200067207137, 7.106008728681465 ], [ 100.501200067207122, 7.1060985602099 ], [ 100.501289898735664, 7.106098560209911 ], [ 100.501289898735664, 7.106188391738256 ], [ 100.501379730263835, 7.106188391738254 ], [ 100.501379730263821, 7.10627822326669 ], [ 100.501469561792334, 7.106278223266695 ], [ 100.501469561792348, 7.10636805479514 ], [ 100.501559393320875, 7.106368054795134 ], [ 100.501559393320875, 7.106457886323565 ], [ 100.501649224849061, 7.106457886323568 ], [ 100.501649224849047, 7.106547717851927 ], [ 100.5018288879061, 7.106547717851921 ], [ 100.501828887906086, 7.106637549380358 ], [ 100.501918719434272, 7.10663754938035 ], [ 100.501918719434272, 7.106727380908797 ], [ 100.501993455454297, 7.106727380908787 ], [ 100.502362266710335, 7.106133591330403 ], [ 100.502435001896401, 7.106003294250428 ], [ 100.502512690952997, 7.105829065624677 ], [ 100.502457708605078, 7.105829065624676 ], [ 100.502457708605093, 7.105739234096236 ], [ 100.502367877076551, 7.105739234096252 ], [ 100.502367877076551, 7.105559571039461 ], [ 100.50227804554801, 7.105559571039455 ], [ 100.502278045548024, 7.105379907982591 ], [ 100.502367877076537, 7.10537990798258 ], [ 100.502367877076551, 7.105200244925792 ], [ 100.502637371661777, 7.105200244925786 ], [ 100.502637371661791, 7.105290076454137 ], [ 100.502727203190304, 7.105290076454135 ], [ 100.502727203190304, 7.105347991792702 ], [ 100.502932305763096, 7.104888020454705 ], [ 100.503032475316459, 7.104705763856995 ], [ 100.503193709141328, 7.1045666621725 ], [ 100.503357227349028, 7.104396360161345 ], [ 100.503407377264509, 7.104300639588538 ], [ 100.503406397913537, 7.104239994764715 ], [ 100.503648948351923, 7.103223951300683 ], [ 100.503625518474152, 7.103223951300679 ], [ 100.503625518474166, 7.103044288243898 ], [ 100.503691837612791, 7.103044288243897 ], [ 100.503715350002693, 7.102945794872925 ], [ 100.503715350002679, 7.1025951306018 ], [ 100.503625518474152, 7.10259513060179 ], [ 100.503625518474152, 7.102325636016575 ], [ 100.503715350002679, 7.102325636016566 ], [ 100.503715350002679, 7.101696815317688 ], [ 100.503625518474152, 7.101696815317693 ], [ 100.503625518474152, 7.10142732073246 ], [ 100.50353568694598, 7.101427320732451 ], [ 100.503535686945995, 7.101337489204028 ], [ 100.503176360832228, 7.101337489204017 ], [ 100.503176360832214, 7.101427320732454 ], [ 100.503086529303701, 7.101427320732467 ], [ 100.503086529303715, 7.101606983789243 ], [ 100.502996697775529, 7.10160698378925 ], [ 100.502996697775544, 7.101876478374561 ], [ 100.503086529303701, 7.101876478374555 ], [ 100.503086529303701, 7.101966309902915 ], [ 100.503176360832214, 7.101966309902901 ], [ 100.503176360832228, 7.102145972959788 ], [ 100.503266192360769, 7.102145972959796 ], [ 100.503266192360755, 7.102325636016569 ], [ 100.503176360832228, 7.102325636016569 ], [ 100.503176360832228, 7.102415467545005 ], [ 100.503086529303701, 7.102415467545005 ], [ 100.503086529303701, 7.102505299073455 ], [ 100.50281703471849, 7.102505299073448 ], [ 100.502817034718475, 7.102595130601792 ], [ 100.502727203190304, 7.102595130601802 ], [ 100.502727203190318, 7.102774793658671 ], [ 100.50281703471849, 7.102774793658678 ], [ 100.502817034718475, 7.103223951300696 ], [ 100.502727203190318, 7.103223951300692 ], [ 100.502727203190304, 7.103313782829133 ], [ 100.502637371661791, 7.103313782829126 ], [ 100.502637371661777, 7.10340361435756 ], [ 100.502457708605093, 7.10340361435756 ], [ 100.502457708605078, 7.103493445885915 ], [ 100.502367877076551, 7.103493445885904 ], [ 100.502367877076551, 7.103583277414347 ], [ 100.502278045548024, 7.103583277414351 ], [ 100.502278045548024, 7.103673108942785 ], [ 100.502098382491326, 7.103673108942783 ], [ 100.502098382491326, 7.103762940471137 ], [ 100.501918719434272, 7.103762940471131 ], [ 100.501918719434272, 7.104122266584809 ], [ 100.502008550962799, 7.104122266584808 ], [ 100.502008550962799, 7.104481592698471 ], [ 100.502098382491326, 7.104481592698471 ] ], [ [ 100.502457708605078, 7.103673108942797 ], [ 100.502457708605078, 7.103852771999571 ], [ 100.50227804554801, 7.103852771999584 ], [ 100.502278045548024, 7.103673108942785 ], [ 100.502457708605078, 7.103673108942797 ] ] ], [ [ [ 100.501289898735664, 7.107715527721263 ], [ 100.501200067207108, 7.107715527721271 ], [ 100.501200067207122, 7.107625696192912 ], [ 100.501110235678581, 7.107625696192904 ], [ 100.501110235678581, 7.107446033136045 ], [ 100.501020404150424, 7.107446033136033 ], [ 100.501020404150424, 7.107266370079248 ], [ 100.501110235678595, 7.107266370079238 ], [ 100.50111023567861, 7.107185310590802 ], [ 100.500655593849544, 7.10681721243715 ], [ 100.500571246508144, 7.106817212437154 ], [ 100.500571246508144, 7.106907043965586 ], [ 100.500391583451432, 7.106907043965586 ], [ 100.500391583451446, 7.106817212437141 ], [ 100.500211920394747, 7.106817212437152 ], [ 100.500211920394747, 7.106727380908791 ], [ 100.50012208886622, 7.106727380908794 ], [ 100.50012208886622, 7.106637549380364 ], [ 100.500032257337693, 7.106637549380357 ], [ 100.500032257337693, 7.106547717851921 ], [ 100.499942425809522, 7.106547717851923 ], [ 100.499942425809522, 7.106457886323578 ], [ 100.499852594280981, 7.106457886323573 ], [ 100.499852594280995, 7.106368054795139 ], [ 100.499583099695769, 7.106368054795127 ], [ 100.499583099695784, 7.106457886323575 ], [ 100.499493268167242, 7.106457886323577 ], [ 100.499493268167242, 7.106637549380355 ], [ 100.499403436639071, 7.10663754938036 ], [ 100.499403436639071, 7.106996875494028 ], [ 100.49931360511053, 7.106996875494028 ], [ 100.499313605110544, 7.107266370079238 ], [ 100.499223773582017, 7.107266370079245 ], [ 100.499223773582003, 7.107535864664466 ], [ 100.499044110525318, 7.107535864664466 ], [ 100.499044110525318, 7.107715527721268 ], [ 100.498954278996806, 7.107715527721256 ], [ 100.498954278996777, 7.108434179948586 ], [ 100.49886444746862, 7.10843417994859 ], [ 100.498864447468605, 7.109152832175917 ], [ 100.498774615940093, 7.109152832175917 ], [ 100.498774615940093, 7.109332495232695 ], [ 100.498684784411552, 7.109332495232712 ], [ 100.498684784411552, 7.109523507573665 ], [ 100.499044110525332, 7.109540712331287 ], [ 100.499044110525318, 7.10951215828958 ], [ 100.499133942053845, 7.109512158289577 ], [ 100.499133942053845, 7.109422326761146 ], [ 100.499313605110558, 7.109422326761136 ], [ 100.499313605110558, 7.10933249523271 ], [ 100.499583099695769, 7.1093324952327 ], [ 100.499583099695769, 7.109512158289583 ], [ 100.499672931224296, 7.109512158289575 ], [ 100.49967293122431, 7.10957082065708 ], [ 100.500010655445152, 7.109586991102673 ], [ 100.500715986501547, 7.108714413960586 ], [ 100.500860095210697, 7.108528360567537 ], [ 100.500881824675858, 7.108498265890202 ], [ 100.50131879817387, 7.107805359249696 ], [ 100.501289898735635, 7.107805359249689 ], [ 100.501289898735664, 7.107715527721263 ] ] ], [ [ [ 100.507495391961044, 7.120692488583419 ], [ 100.506050969741381, 7.118882914075924 ], [ 100.506050969741537, 7.119034300301181 ], [ 100.50596113821301, 7.119034300301176 ], [ 100.505961138212996, 7.119124131829625 ], [ 100.505871306684483, 7.119124131829605 ], [ 100.505871306684483, 7.119213963358052 ], [ 100.505781475156311, 7.119213963358058 ], [ 100.505781475156311, 7.119303794886398 ], [ 100.505601812099258, 7.119303794886407 ], [ 100.505601812099258, 7.119213963358047 ], [ 100.505332317514032, 7.119213963358057 ], [ 100.505332317514032, 7.119124131829619 ], [ 100.505242485985846, 7.119124131829621 ], [ 100.505242485985846, 7.11894446877282 ], [ 100.505152654457333, 7.118944468772836 ], [ 100.505152654457333, 7.118854637244395 ], [ 100.50524248598586, 7.118854637244398 ], [ 100.50524248598586, 7.118764805715952 ], [ 100.505332317514046, 7.118764805715961 ], [ 100.505332317514032, 7.118674974187611 ], [ 100.505422149042559, 7.118674974187605 ], [ 100.505422149042559, 7.118585142659168 ], [ 100.505601812099258, 7.118585142659155 ], [ 100.505601812099258, 7.118495311130735 ], [ 100.505741580819233, 7.11849531113073 ], [ 100.499471598277012, 7.110640266797694 ], [ 100.499098521750795, 7.111130095514762 ], [ 100.498653464725436, 7.111733439248747 ], [ 100.498505121354881, 7.111945648820878 ], [ 100.498505121354867, 7.112117272613492 ], [ 100.49841528982634, 7.112117272613477 ], [ 100.49841528982634, 7.112386767198707 ], [ 100.498325458297828, 7.1123867671987 ], [ 100.498325458297813, 7.112476598727154 ], [ 100.498235626769642, 7.112476598727149 ], [ 100.498235626769642, 7.112566430255581 ], [ 100.498145795241115, 7.112566430255581 ], [ 100.498145795241115, 7.112656261783933 ], [ 100.498055963712602, 7.112656261783934 ], [ 100.498055963712574, 7.112835924840812 ], [ 100.497966132184402, 7.112835924840817 ], [ 100.497966132184402, 7.113015587897605 ], [ 100.497876300655875, 7.113015587897593 ], [ 100.497876300655889, 7.113195250954392 ], [ 100.497786469127377, 7.113195250954384 ], [ 100.497786469127362, 7.113464745539703 ], [ 100.497696637599176, 7.113464745539693 ], [ 100.497696637599191, 7.113644408596487 ], [ 100.497606806070664, 7.113644408596498 ], [ 100.497606806070664, 7.11382407165328 ], [ 100.497516974542137, 7.11382407165327 ], [ 100.497516974542137, 7.113913903181711 ], [ 100.497427143013979, 7.113913903181716 ], [ 100.497427143013979, 7.114093566238581 ], [ 100.497337311485424, 7.114093566238588 ], [ 100.497337311485424, 7.114183397766936 ], [ 100.497247479956911, 7.114183397766939 ], [ 100.497247479956911, 7.114363060823806 ], [ 100.49715764842874, 7.114363060823824 ], [ 100.49715764842874, 7.114632555409051 ], [ 100.497067816900213, 7.114632555409043 ], [ 100.497067816900227, 7.114812218465839 ], [ 100.4969779853717, 7.114812218465824 ], [ 100.496977985371672, 7.114991881522707 ], [ 100.497067816900213, 7.114991881522702 ], [ 100.497067816900213, 7.11508171305106 ], [ 100.49715764842874, 7.115081713051055 ], [ 100.49715764842874, 7.115171544579494 ], [ 100.497337311485438, 7.115171544579494 ], [ 100.497337311485424, 7.115261376107929 ], [ 100.497696637599191, 7.115261376107923 ], [ 100.497696637599191, 7.115351207636278 ], [ 100.497876300655889, 7.11535120763629 ], [ 100.497876300655889, 7.115441039164723 ], [ 100.497966132184416, 7.11544103916472 ], [ 100.497966132184416, 7.11553087069315 ], [ 100.498055963712574, 7.115530870693163 ], [ 100.498055963712588, 7.115710533749934 ], [ 100.498235626769642, 7.11571053374994 ], [ 100.498235626769642, 7.115800365278379 ], [ 100.498415289826355, 7.115800365278383 ], [ 100.49841528982634, 7.115890196806815 ], [ 100.498774615940107, 7.115890196806822 ], [ 100.498774615940093, 7.115800365278377 ], [ 100.499044110525304, 7.115800365278379 ], [ 100.499044110525318, 7.115890196806816 ], [ 100.499133942053845, 7.115890196806815 ], [ 100.499133942053845, 7.115980028335166 ], [ 100.499223773582031, 7.115980028335176 ], [ 100.499223773582017, 7.116069859863602 ], [ 100.499672931224296, 7.116069859863601 ], [ 100.49967293122431, 7.116159691392043 ], [ 100.499762762752468, 7.11615969139205 ], [ 100.499762762752468, 7.116249522920403 ], [ 100.499852594280995, 7.116249522920394 ], [ 100.499852594280995, 7.116339354448842 ], [ 100.500211920394747, 7.116339354448843 ], [ 100.500211920394747, 7.116429185977264 ], [ 100.500301751922919, 7.116429185977272 ], [ 100.500301751922919, 7.116608849034057 ], [ 100.500211920394747, 7.116608849034061 ], [ 100.500211920394747, 7.116788512090927 ], [ 100.50012208886622, 7.116788512090938 ], [ 100.50012208886622, 7.117058006676155 ], [ 100.500032257337679, 7.117058006676151 ], [ 100.500032257337708, 7.117327501261382 ], [ 100.50012208886622, 7.117327501261387 ], [ 100.500122088866235, 7.117866490431841 ], [ 100.500211920394747, 7.117866490431841 ], [ 100.500211920394747, 7.117956321960278 ], [ 100.500661078036671, 7.117956321960275 ], [ 100.500661078036671, 7.11786649043183 ], [ 100.500750909565184, 7.117866490431826 ], [ 100.500750909565213, 7.117776658903406 ], [ 100.500840741093384, 7.1177766589034 ], [ 100.500840741093384, 7.117596995846606 ], [ 100.500930572621911, 7.117596995846603 ], [ 100.500930572621883, 7.11750716431817 ], [ 100.501020404150424, 7.117507164318164 ], [ 100.501020404150424, 7.117327501261384 ], [ 100.501110235678595, 7.117327501261387 ], [ 100.501110235678595, 7.117237669732941 ], [ 100.501200067207108, 7.117237669732941 ], [ 100.501200067207137, 7.117147838204604 ], [ 100.501469561792334, 7.117147838204595 ], [ 100.501469561792348, 7.117237669732949 ], [ 100.501559393320861, 7.117237669732954 ], [ 100.501559393320875, 7.117327501261377 ], [ 100.501649224849047, 7.117327501261384 ], [ 100.501649224849061, 7.117776658903394 ], [ 100.501739056377588, 7.117776658903404 ], [ 100.501739056377573, 7.117866490431832 ], [ 100.502008550962799, 7.117866490431827 ], [ 100.502008550962785, 7.117956321960265 ], [ 100.50209838249134, 7.117956321960271 ], [ 100.502098382491326, 7.117866490431844 ], [ 100.502637371661763, 7.11786649043184 ], [ 100.502637371661777, 7.11795632196028 ], [ 100.502727203190304, 7.117956321960272 ], [ 100.502727203190304, 7.117866490431842 ], [ 100.503086529303701, 7.117866490431841 ], [ 100.503086529303701, 7.118046153488719 ], [ 100.503266192360755, 7.118046153488711 ], [ 100.503266192360755, 7.118315648073947 ], [ 100.503176360832228, 7.118315648073937 ], [ 100.503176360832228, 7.11840547960229 ], [ 100.503086529303701, 7.118405479602279 ], [ 100.503086529303701, 7.118495311130722 ], [ 100.502906866247002, 7.118495311130729 ], [ 100.502906866247017, 7.118674974187599 ], [ 100.502817034718475, 7.118674974187609 ], [ 100.502817034718475, 7.119213963358047 ], [ 100.502727203190304, 7.119213963358054 ], [ 100.502727203190304, 7.119303794886402 ], [ 100.502817034718475, 7.119303794886403 ], [ 100.502817034718461, 7.119483457943271 ], [ 100.502906866246988, 7.11948345794327 ], [ 100.502906866247002, 7.119573289471727 ], [ 100.502996697775515, 7.119573289471721 ], [ 100.502996697775515, 7.119752952528501 ], [ 100.503086529303701, 7.119752952528495 ], [ 100.503086529303715, 7.119842784056939 ], [ 100.503176360832228, 7.119842784056946 ], [ 100.503176360832228, 7.119932615585295 ], [ 100.503266192360755, 7.11993261558529 ], [ 100.503266192360755, 7.120022447113723 ], [ 100.503356023888927, 7.120022447113732 ], [ 100.503356023888927, 7.120112278642169 ], [ 100.503445855417453, 7.120112278642166 ], [ 100.503445855417453, 7.120202110170609 ], [ 100.503625518474152, 7.12020211017061 ], [ 100.503625518474166, 7.120291941698961 ], [ 100.503715350002693, 7.120291941698962 ], [ 100.503715350002665, 7.120381773227396 ], [ 100.503895013059378, 7.120381773227383 ], [ 100.503895013059392, 7.120471604755825 ], [ 100.503984844587904, 7.120471604755828 ], [ 100.50398484458789, 7.120561436284174 ], [ 100.504164507644617, 7.120561436284181 ], [ 100.504164507644603, 7.120651267812611 ], [ 100.504434002229829, 7.120651267812622 ], [ 100.504434002229829, 7.120741099341066 ], [ 100.50524248598586, 7.120741099341064 ], [ 100.50524248598586, 7.120830930869413 ], [ 100.505332317514032, 7.120830930869407 ], [ 100.505332317514032, 7.120920762397835 ], [ 100.505422149042559, 7.120920762397855 ], [ 100.505422149042559, 7.121010593926282 ], [ 100.505332317514032, 7.12101059392628 ], [ 100.505332317514032, 7.121190256983064 ], [ 100.505152654457333, 7.121190256983075 ], [ 100.505152654457333, 7.121369920039938 ], [ 100.505062822928807, 7.121369920039951 ], [ 100.505062822928807, 7.121639414625179 ], [ 100.505152654457319, 7.121639414625172 ], [ 100.505152654457319, 7.121729246153611 ], [ 100.505332317514032, 7.121729246153605 ], [ 100.505332317514032, 7.121639414625181 ], [ 100.505422149042559, 7.121639414625175 ], [ 100.505422149042559, 7.121549583096727 ], [ 100.505511980571086, 7.12154958309674 ], [ 100.505511980571086, 7.121459751568286 ], [ 100.506410295854934, 7.12145975156829 ], [ 100.50641029585492, 7.121549583096728 ], [ 100.506500127383461, 7.121549583096725 ], [ 100.506500127383461, 7.121639414625179 ], [ 100.506589958911988, 7.121639414625173 ], [ 100.506589958911974, 7.121908909210397 ], [ 100.50667979044016, 7.121908909210392 ], [ 100.50667979044016, 7.122088572267192 ], [ 100.506769621968701, 7.122088572267179 ], [ 100.506769621968687, 7.122178403795615 ], [ 100.507128948082439, 7.122178403795614 ], [ 100.507128948082439, 7.122088572267185 ], [ 100.507218779610611, 7.12208857226719 ], [ 100.507218779610611, 7.121459751568301 ], [ 100.507308611139138, 7.121459751568301 ], [ 100.507308611139152, 7.121280088511512 ], [ 100.507496405188348, 7.121280088511515 ], [ 100.507495391961044, 7.120692488583419 ] ] ], [ [ [ 100.499942425809522, 7.126580148687846 ], [ 100.499852594280981, 7.126580148687855 ], [ 100.499852594280981, 7.126490317159416 ], [ 100.499762762752468, 7.126490317159408 ], [ 100.499762762752468, 7.12640048563096 ], [ 100.499583099695755, 7.126400485630964 ], [ 100.499583099695769, 7.126310654102523 ], [ 100.499313605110544, 7.126310654102526 ], [ 100.499313605110544, 7.126220822574191 ], [ 100.499133942053845, 7.126220822574191 ], [ 100.499133942053845, 7.126130991045748 ], [ 100.498235626769642, 7.126130991045736 ], [ 100.498235626769642, 7.126220822574179 ], [ 100.498145795241115, 7.126220822574187 ], [ 100.498145795241101, 7.126849643273069 ], [ 100.498235626769642, 7.126849643273075 ], [ 100.498235626769642, 7.127388632443518 ], [ 100.498325458297799, 7.127388632443527 ], [ 100.498325458297799, 7.127478463971965 ], [ 100.498774615940093, 7.127478463971958 ], [ 100.498774615940107, 7.127388632443527 ], [ 100.499133942053845, 7.127388632443518 ], [ 100.499133942053845, 7.127478463971959 ], [ 100.499313605110544, 7.127478463971969 ], [ 100.499313605110558, 7.127568295500319 ], [ 100.499583099695769, 7.12756829550032 ], [ 100.499583099695769, 7.12747846397196 ], [ 100.499672931224296, 7.127478463971963 ], [ 100.499672931224296, 7.127388632443525 ], [ 100.499762762752468, 7.12738863244352 ], [ 100.499762762752482, 7.127298800915083 ], [ 100.499942425809536, 7.127298800915079 ], [ 100.499942425809522, 7.126580148687846 ] ] ] ] } },
{ "type": "Feature", "properties": { "TB_IDN": 901105, "TB_TN": "ต.คลองแห", "AP_IDN": 9011, "AP_TN": "อ.หาดใหญ่", "PV_IDN": 90, "PV_TN": "จ.สงขลา", "RE_NESDB": "South", "RE_ROYIN": "South", "F_AREA": 440745.50052900001, "flood_area": 275.466, "A": 0.441 }, "geometry": { "type": "MultiPolygon", "coordinates": [ [ [ [ 100.486916854189815, 7.068369318276817 ], [ 100.486916854189815, 7.068279486748477 ], [ 100.487006685717972, 7.06827948674847 ], [ 100.487006685717986, 7.067920160634817 ], [ 100.486916854189815, 7.06792016063482 ], [ 100.486916854189815, 7.067740497578028 ], [ 100.486827022661274, 7.067740497578029 ], [ 100.486827022661274, 7.067560834521142 ], [ 100.486737191132761, 7.067560834521143 ], [ 100.486737191132775, 7.067381171464361 ], [ 100.486647359604603, 7.067381171464361 ], [ 100.486647359604589, 7.067291339935923 ], [ 100.486557528076077, 7.067291339935919 ], [ 100.486557528076062, 7.067201508407487 ], [ 100.486467696547521, 7.067201508407481 ], [ 100.486467696547535, 7.067111676879132 ], [ 100.486377865019023, 7.067111676879142 ], [ 100.486377865019008, 7.067021845350697 ], [ 100.486198201962324, 7.067021845350703 ], [ 100.48619820196231, 7.06693201382227 ], [ 100.486018538905597, 7.066932013822253 ], [ 100.486018538905626, 7.067021845350691 ], [ 100.485928707377099, 7.067021845350705 ], [ 100.485928707377084, 7.06720150840749 ], [ 100.485838875848557, 7.067201508407482 ], [ 100.485838875848557, 7.067291339935926 ], [ 100.485749044320386, 7.067291339935919 ], [ 100.485749044320372, 7.067471002992712 ], [ 100.485569381263332, 7.067471002992705 ], [ 100.485569381263332, 7.067560834521144 ], [ 100.485389718206633, 7.067560834521144 ], [ 100.485389718206633, 7.067650666049587 ], [ 100.485838875848557, 7.067650666049593 ], [ 100.485838875848543, 7.067740497578034 ], [ 100.485928707377084, 7.067740497578024 ], [ 100.485928707377084, 7.067830329106368 ], [ 100.486018538905611, 7.067830329106376 ], [ 100.486018538905597, 7.067920160634807 ], [ 100.486108370433783, 7.06792016063481 ], [ 100.486108370433783, 7.068369318276825 ], [ 100.486198201962296, 7.068369318276829 ], [ 100.48619820196231, 7.068459149805268 ], [ 100.486827022661288, 7.068459149805262 ], [ 100.486827022661288, 7.068369318276828 ], [ 100.486916854189815, 7.068369318276817 ] ] ], [ [ [ 100.498505121354867, 7.070794769544035 ], [ 100.498505121354867, 7.070704938015592 ], [ 100.498594952883053, 7.070704938015588 ], [ 100.498594952883025, 7.070615106487147 ], [ 100.498774615940093, 7.070615106487151 ], [ 100.498774615940079, 7.070525274958715 ], [ 100.498864447468634, 7.070525274958725 ], [ 100.49886444746862, 7.070435443430375 ], [ 100.498954278996777, 7.070435443430373 ], [ 100.498954278996806, 7.069537128146256 ], [ 100.498864447468605, 7.069537128146257 ], [ 100.498864447468634, 7.068998138975724 ], [ 100.498954278996791, 7.06899813897571 ], [ 100.498954278996777, 7.068818475918937 ], [ 100.499403436639071, 7.068818475918926 ], [ 100.499403436639071, 7.068908307447358 ], [ 100.499493268167257, 7.068908307447367 ], [ 100.499493268167242, 7.068998138975713 ], [ 100.49967293122431, 7.068998138975717 ], [ 100.49967293122431, 7.069087970504151 ], [ 100.499762762752454, 7.069087970504148 ], [ 100.499762762752468, 7.068998138975719 ], [ 100.499852594280995, 7.068998138975708 ], [ 100.499852594281009, 7.068908307447367 ], [ 100.499942425809508, 7.068908307447367 ], [ 100.499942425809508, 7.068818475918932 ], [ 100.500391583451446, 7.068818475918934 ], [ 100.50039158345146, 7.068908307447374 ], [ 100.500481414979959, 7.068908307447372 ], [ 100.500481414979973, 7.069447296617808 ], [ 100.50084074109337, 7.069447296617813 ], [ 100.500840741093384, 7.069537128146247 ], [ 100.500930572621911, 7.069537128146257 ], [ 100.500930572621897, 7.069447296617811 ], [ 100.501110235678595, 7.069447296617825 ], [ 100.501110235678581, 7.069087970504157 ], [ 100.501200067207108, 7.06908797050415 ], [ 100.501200067207122, 7.068728644390491 ], [ 100.501110235678595, 7.06872864439048 ], [ 100.50111023567861, 7.0685489813337 ], [ 100.501020404150424, 7.068548981333694 ], [ 100.50102040415041, 7.068369318276832 ], [ 100.500930572621897, 7.068369318276818 ], [ 100.500930572621897, 7.068279486748466 ], [ 100.50084074109337, 7.06827948674847 ], [ 100.50084074109337, 7.068099823691608 ], [ 100.500750909565198, 7.068099823691602 ], [ 100.500750909565213, 7.067740497578018 ], [ 100.50084074109337, 7.06774049757802 ], [ 100.500840741093356, 7.067650666049578 ], [ 100.500930572621897, 7.067650666049597 ], [ 100.500930572621911, 7.067560834521142 ], [ 100.501020404150424, 7.06756083452114 ], [ 100.501020404150424, 7.067471002992714 ], [ 100.501110235678595, 7.067471002992712 ], [ 100.501110235678595, 7.066482856180246 ], [ 100.501200067207122, 7.06648285618024 ], [ 100.501200067207122, 7.066213361595025 ], [ 100.501289898735649, 7.066213361595022 ], [ 100.501289898735649, 7.066033698538135 ], [ 100.501469561792348, 7.066033698538149 ], [ 100.501469561792362, 7.065943867009707 ], [ 100.501559393320875, 7.065943867009714 ], [ 100.501559393320889, 7.065854035481362 ], [ 100.501469561792348, 7.065854035481363 ], [ 100.501469561792334, 7.065764203952921 ], [ 100.501200067207137, 7.065764203952919 ], [ 100.501200067207108, 7.065854035481353 ], [ 100.501110235678595, 7.06585403548135 ], [ 100.501110235678595, 7.065764203952926 ], [ 100.501020404150424, 7.065764203952927 ], [ 100.501020404150424, 7.06558454089614 ], [ 100.500930572621883, 7.065584540896136 ], [ 100.500930572621911, 7.065494709367693 ], [ 100.501020404150424, 7.065494709367685 ], [ 100.501020404150424, 7.065315046310815 ], [ 100.501110235678595, 7.065315046310823 ], [ 100.50111023567861, 7.065135383254031 ], [ 100.501200067207122, 7.065135383254031 ], [ 100.501200067207122, 7.065045551725594 ], [ 100.501289898735649, 7.065045551725602 ], [ 100.501289898735649, 7.064865888668807 ], [ 100.501200067207122, 7.064865888668801 ], [ 100.501200067207122, 7.064776057140363 ], [ 100.500840741093384, 7.06477605714036 ], [ 100.500840741093356, 7.064686225612024 ], [ 100.500481414979987, 7.064686225612009 ], [ 100.500481414979973, 7.064776057140359 ], [ 100.500391583451446, 7.064776057140371 ], [ 100.500391583451446, 7.06486588866881 ], [ 100.500301751922919, 7.064865888668805 ], [ 100.500301751922905, 7.06495572019725 ], [ 100.500211920394747, 7.064955720197248 ], [ 100.500211920394747, 7.065045551725601 ], [ 100.499762762752482, 7.065045551725591 ], [ 100.499762762752468, 7.065135383254039 ], [ 100.499672931224296, 7.065135383254026 ], [ 100.499672931224296, 7.06522521478246 ], [ 100.499583099695769, 7.065225214782469 ], [ 100.499583099695755, 7.065404877839248 ], [ 100.499493268167242, 7.065404877839264 ], [ 100.499493268167228, 7.065494709367688 ], [ 100.499403436639071, 7.065494709367706 ], [ 100.499403436639057, 7.065584540896134 ], [ 100.499044110525332, 7.065584540896132 ], [ 100.499044110525318, 7.065494709367702 ], [ 100.498954278996777, 7.065494709367693 ], [ 100.498954278996791, 7.065404877839257 ], [ 100.49886444746862, 7.065404877839257 ], [ 100.498864447468634, 7.065315046310817 ], [ 100.498774615940107, 7.065315046310809 ], [ 100.498774615940093, 7.065225214782465 ], [ 100.498594952883053, 7.06522521478247 ], [ 100.498594952883025, 7.065135383254034 ], [ 100.497876300655889, 7.065135383254034 ], [ 100.497876300655889, 7.065225214782471 ], [ 100.497786469127377, 7.065225214782468 ], [ 100.497786469127377, 7.065315046310824 ], [ 100.497696637599191, 7.065315046310817 ], [ 100.497696637599191, 7.065404877839256 ], [ 100.496977985371686, 7.065404877839264 ], [ 100.4969779853717, 7.065584540896128 ], [ 100.496798322314987, 7.065584540896123 ], [ 100.496798322314987, 7.065764203952924 ], [ 100.496708490786474, 7.065764203952923 ], [ 100.49670849078646, 7.066033698538138 ], [ 100.496798322314987, 7.066033698538141 ], [ 100.496798322315001, 7.066213361595017 ], [ 100.496977985371686, 7.066213361595028 ], [ 100.496977985371672, 7.066662519237034 ], [ 100.496888153843528, 7.066662519237038 ], [ 100.496888153843514, 7.066752350765474 ], [ 100.496798322314987, 7.066752350765471 ], [ 100.496798322314973, 7.066842182293826 ], [ 100.496528827729747, 7.066842182293826 ], [ 100.496528827729762, 7.066932013822256 ], [ 100.496349164673063, 7.066932013822251 ], [ 100.496349164673063, 7.067111676879144 ], [ 100.496169501616023, 7.067111676879138 ], [ 100.496169501615995, 7.06720150840748 ], [ 100.495630512445558, 7.067201508407485 ], [ 100.495630512445558, 7.067291339935928 ], [ 100.495540680917031, 7.067291339935932 ], [ 100.495540680917031, 7.067471002992709 ], [ 100.49545084938886, 7.067471002992712 ], [ 100.495450849388845, 7.067740497578035 ], [ 100.495361017860347, 7.067740497578018 ], [ 100.495361017860333, 7.068009992163242 ], [ 100.495271186331806, 7.068009992163241 ], [ 100.495271186331792, 7.068099823691604 ], [ 100.495091523275107, 7.068099823691601 ], [ 100.495091523275107, 7.068189655220032 ], [ 100.494911860218409, 7.068189655220033 ], [ 100.494911860218394, 7.068279486748475 ], [ 100.494822028689882, 7.068279486748483 ], [ 100.494822028689882, 7.06836931827682 ], [ 100.494732197161355, 7.068369318276829 ], [ 100.494732197161355, 7.068459149805259 ], [ 100.494642365633183, 7.068459149805269 ], [ 100.494642365633183, 7.068638812862137 ], [ 100.494732197161355, 7.068638812862137 ], [ 100.494732197161369, 7.068818475918931 ], [ 100.494911860218409, 7.068818475918932 ], [ 100.494911860218409, 7.068908307447369 ], [ 100.495091523275107, 7.068908307447371 ], [ 100.495091523275093, 7.068998138975717 ], [ 100.495181354803634, 7.068998138975711 ], [ 100.495181354803634, 7.069087970504163 ], [ 100.49527118633182, 7.06908797050415 ], [ 100.495271186331792, 7.069177802032584 ], [ 100.495361017860318, 7.069177802032602 ], [ 100.495361017860333, 7.069267633561038 ], [ 100.49545084938886, 7.069267633561025 ], [ 100.49545084938886, 7.069357465089387 ], [ 100.495540680917031, 7.069357465089385 ], [ 100.495540680917046, 7.069447296617808 ], [ 100.495630512445558, 7.069447296617815 ], [ 100.495630512445558, 7.069537128146263 ], [ 100.495720343974085, 7.069537128146258 ], [ 100.495720343974071, 7.069626959674607 ], [ 100.495810175502626, 7.06962695967461 ], [ 100.495810175502612, 7.069806622731475 ], [ 100.495989838559311, 7.069806622731488 ], [ 100.495989838559311, 7.069896454259826 ], [ 100.496169501616009, 7.069896454259823 ], [ 100.496169501616009, 7.069986285788265 ], [ 100.496528827729762, 7.069986285788276 ], [ 100.496528827729762, 7.070076117316705 ], [ 100.496708490786474, 7.070076117316698 ], [ 100.496708490786474, 7.0702557803735 ], [ 100.496888153843514, 7.07025578037349 ], [ 100.496888153843514, 7.07043544343037 ], [ 100.496977985371686, 7.070435443430363 ], [ 100.496977985371686, 7.070615106487161 ], [ 100.497067816900213, 7.070615106487157 ], [ 100.497067816900213, 7.070704938015585 ], [ 100.497427143013965, 7.070704938015592 ], [ 100.497427143013979, 7.070435443430368 ], [ 100.497696637599191, 7.070435443430364 ], [ 100.497696637599191, 7.070615106487155 ], [ 100.497876300655903, 7.07061510648715 ], [ 100.497876300655889, 7.070794769544033 ], [ 100.498055963712588, 7.070794769544029 ], [ 100.498055963712574, 7.070884601072385 ], [ 100.498145795241115, 7.070884601072383 ], [ 100.498145795241101, 7.070974432600818 ], [ 100.498325458297813, 7.070974432600816 ], [ 100.498325458297813, 7.070884601072388 ], [ 100.498415289826326, 7.070884601072372 ], [ 100.49841528982634, 7.070794769544027 ], [ 100.498505121354867, 7.070794769544035 ] ], [ [ 100.497337311485438, 7.069896454259827 ], [ 100.497337311485438, 7.070076117316715 ], [ 100.497427143013965, 7.070076117316703 ], [ 100.497427143013979, 7.070165948845134 ], [ 100.497337311485438, 7.070165948845147 ], [ 100.497337311485438, 7.070255780373498 ], [ 100.497067816900213, 7.070255780373495 ], [ 100.497067816900213, 7.070165948845142 ], [ 100.496977985371686, 7.070165948845149 ], [ 100.496977985371672, 7.070076117316697 ], [ 100.497067816900213, 7.07007611731671 ], [ 100.497067816900199, 7.069896454259822 ], [ 100.497337311485438, 7.069896454259827 ] ] ], [ [ [ 100.495720343974085, 7.074567693737276 ], [ 100.495810175502612, 7.074567693737282 ], [ 100.495810175502626, 7.074388030680501 ], [ 100.495989838559325, 7.074388030680482 ], [ 100.495989838559296, 7.074298199152065 ], [ 100.496079670087823, 7.074298199152061 ], [ 100.496079670087823, 7.073669378453172 ], [ 100.496169501616009, 7.073669378453166 ], [ 100.496169501615995, 7.073489715396384 ], [ 100.496259333144536, 7.073489715396368 ], [ 100.496259333144522, 7.073399883867935 ], [ 100.496349164673063, 7.073399883867931 ], [ 100.496349164673077, 7.073310052339494 ], [ 100.496438996201235, 7.073310052339507 ], [ 100.496438996201235, 7.073220220811147 ], [ 100.496528827729762, 7.073220220811155 ], [ 100.496528827729762, 7.073130389282711 ], [ 100.496618659258274, 7.073130389282713 ], [ 100.496618659258289, 7.073040557754267 ], [ 100.496708490786446, 7.073040557754285 ], [ 100.49670849078646, 7.072950726225838 ], [ 100.496798322314987, 7.072950726225831 ], [ 100.496798322314987, 7.072860894697482 ], [ 100.4968881538435, 7.072860894697492 ], [ 100.4968881538435, 7.072771063169041 ], [ 100.4969779853717, 7.072771063169046 ], [ 100.496977985371686, 7.072321905527041 ], [ 100.496888153843514, 7.072321905527038 ], [ 100.496888153843514, 7.072142242470167 ], [ 100.496798322314987, 7.072142242470165 ], [ 100.496798322314987, 7.072052410941729 ], [ 100.496618659258289, 7.072052410941723 ], [ 100.496618659258289, 7.071962579413368 ], [ 100.496528827729762, 7.071962579413365 ], [ 100.496528827729762, 7.072052410941719 ], [ 100.496079670087823, 7.072052410941722 ], [ 100.496079670087838, 7.07196257941338 ], [ 100.495630512445558, 7.07196257941338 ], [ 100.495630512445558, 7.072052410941727 ], [ 100.495540680917046, 7.072052410941713 ], [ 100.495540680917017, 7.072142242470155 ], [ 100.495450849388845, 7.072142242470156 ], [ 100.495450849388845, 7.072232073998595 ], [ 100.495181354803648, 7.072232073998601 ], [ 100.49518135480362, 7.072321905527043 ], [ 100.494372871047943, 7.072321905527041 ], [ 100.494372871047958, 7.07241173705539 ], [ 100.494283039519416, 7.072411737055377 ], [ 100.494283039519445, 7.072501568583823 ], [ 100.494193207990904, 7.072501568583822 ], [ 100.494193207990904, 7.073040557754284 ], [ 100.494283039519431, 7.073040557754267 ], [ 100.494283039519416, 7.07322022081114 ], [ 100.494462702576143, 7.073220220811145 ], [ 100.494462702576143, 7.073310052339494 ], [ 100.494552534104656, 7.073310052339505 ], [ 100.494552534104656, 7.07339988386794 ], [ 100.494642365633183, 7.073399883867936 ], [ 100.494642365633169, 7.073489715396375 ], [ 100.494732197161355, 7.073489715396373 ], [ 100.494732197161341, 7.073669378453162 ], [ 100.494822028689882, 7.073669378453165 ], [ 100.494822028689882, 7.073759209981595 ], [ 100.494911860218394, 7.073759209981599 ], [ 100.494911860218409, 7.073938873038386 ], [ 100.49500169174658, 7.073938873038397 ], [ 100.495001691746594, 7.074028704566834 ], [ 100.495091523275093, 7.074028704566824 ], [ 100.495091523275107, 7.074118536095265 ], [ 100.495181354803634, 7.074118536095275 ], [ 100.495181354803634, 7.07420836762362 ], [ 100.49527118633182, 7.074208367623609 ], [ 100.495271186331806, 7.074298199152059 ], [ 100.495361017860333, 7.074298199152046 ], [ 100.495361017860318, 7.07447786220885 ], [ 100.495450849388874, 7.074477862208839 ], [ 100.495450849388874, 7.074747356794163 ], [ 100.495540680917031, 7.074747356794158 ], [ 100.495540680917031, 7.074837188322495 ], [ 100.495630512445544, 7.074837188322507 ], [ 100.495630512445572, 7.074747356794147 ], [ 100.495720343974085, 7.074747356794147 ], [ 100.495720343974085, 7.074567693737276 ] ] ], [ [ [ 100.497247479956911, 7.074118536095269 ], [ 100.497606806070664, 7.074118536095257 ], [ 100.497606806070678, 7.074208367623613 ], [ 100.497786469127362, 7.074208367623618 ], [ 100.497786469127377, 7.074118536095265 ], [ 100.497876300655889, 7.074118536095262 ], [ 100.497876300655889, 7.073579546924728 ], [ 100.497966132184416, 7.073579546924728 ], [ 100.497966132184416, 7.073399883867936 ], [ 100.498055963712602, 7.073399883867936 ], [ 100.498055963712602, 7.073130389282706 ], [ 100.498145795241115, 7.073130389282707 ], [ 100.498145795241101, 7.073040557754271 ], [ 100.498055963712588, 7.073040557754267 ], [ 100.498055963712588, 7.072950726225828 ], [ 100.497966132184416, 7.072950726225837 ], [ 100.49796613218443, 7.072860894697496 ], [ 100.497876300655889, 7.072860894697481 ], [ 100.497876300655875, 7.072681231640612 ], [ 100.497786469127362, 7.072681231640612 ], [ 100.497786469127362, 7.072591400112263 ], [ 100.497696637599191, 7.072591400112259 ], [ 100.497696637599191, 7.072501568583828 ], [ 100.497337311485438, 7.072501568583825 ], [ 100.497337311485438, 7.072591400112259 ], [ 100.497247479956897, 7.072591400112263 ], [ 100.497247479956897, 7.072681231640615 ], [ 100.497157648428725, 7.072681231640618 ], [ 100.49715764842874, 7.07339988386793 ], [ 100.497067816900213, 7.07339988386793 ], [ 100.497067816900227, 7.073489715396374 ], [ 100.4968881538435, 7.073489715396378 ], [ 100.4968881538435, 7.073579546924722 ], [ 100.496798322315001, 7.073579546924726 ], [ 100.496798322315001, 7.073669378453169 ], [ 100.49670849078646, 7.073669378453169 ], [ 100.49670849078646, 7.074028704566826 ], [ 100.496798322315001, 7.074028704566829 ], [ 100.496798322314987, 7.074208367623623 ], [ 100.4969779853717, 7.074208367623618 ], [ 100.4969779853717, 7.074298199152057 ], [ 100.49715764842874, 7.074298199152048 ], [ 100.49715764842874, 7.074208367623609 ], [ 100.497247479956897, 7.074208367623608 ], [ 100.497247479956911, 7.074118536095269 ] ] ], [ [ [ 100.501200067207122, 7.074118536095273 ], [ 100.50111023567861, 7.074118536095257 ], [ 100.501110235678595, 7.074028704566823 ], [ 100.50102040415041, 7.07402870456683 ], [ 100.501020404150424, 7.073849041509961 ], [ 100.500930572621883, 7.073849041509945 ], [ 100.500930572621897, 7.07375920998161 ], [ 100.501020404150424, 7.073759209981595 ], [ 100.501020404150424, 7.073669378453167 ], [ 100.500930572621897, 7.073669378453154 ], [ 100.500930572621897, 7.073579546924718 ], [ 100.501020404150424, 7.073579546924721 ], [ 100.501020404150424, 7.073399883867944 ], [ 100.501110235678595, 7.073399883867943 ], [ 100.501110235678581, 7.073310052339502 ], [ 100.501200067207122, 7.073310052339504 ], [ 100.501200067207122, 7.07313038928272 ], [ 100.501289898735664, 7.073130389282718 ], [ 100.501289898735664, 7.072950726225831 ], [ 100.501379730263835, 7.072950726225845 ], [ 100.501379730263807, 7.072860894697492 ], [ 100.501649224849032, 7.072860894697486 ], [ 100.501649224849061, 7.072950726225828 ], [ 100.501918719434272, 7.072950726225842 ], [ 100.501918719434272, 7.073040557754271 ], [ 100.502188214019867, 7.07304055775428 ], [ 100.502188214019839, 7.072950726225845 ], [ 100.502278045548024, 7.072950726225828 ], [ 100.502278045548024, 7.072591400112255 ], [ 100.502188214019839, 7.072591400112263 ], [ 100.502188214019853, 7.072501568583826 ], [ 100.502098382491326, 7.072501568583822 ], [ 100.502098382491326, 7.072411737055391 ], [ 100.501559393320889, 7.072411737055392 ], [ 100.501559393320861, 7.07250156858383 ], [ 100.501469561792348, 7.07250156858383 ], [ 100.501469561792348, 7.072591400112257 ], [ 100.501200067207122, 7.072591400112255 ], [ 100.501200067207122, 7.072681231640612 ], [ 100.50111023567861, 7.072681231640603 ], [ 100.501110235678595, 7.072591400112257 ], [ 100.500930572621883, 7.072591400112253 ], [ 100.500930572621897, 7.072501568583829 ], [ 100.500750909565184, 7.072501568583816 ], [ 100.500750909565213, 7.072411737055393 ], [ 100.500571246508159, 7.072411737055379 ], [ 100.500571246508144, 7.072501568583819 ], [ 100.500481414979987, 7.072501568583816 ], [ 100.500481414979973, 7.072771063169054 ], [ 100.500571246508144, 7.072771063169054 ], [ 100.50057124650813, 7.072950726225846 ], [ 100.500661078036686, 7.072950726225844 ], [ 100.500661078036686, 7.073938873038386 ], [ 100.500571246508159, 7.073938873038397 ], [ 100.500571246508144, 7.074028704566826 ], [ 100.500391583451446, 7.074028704566826 ], [ 100.500391583451446, 7.074118536095269 ], [ 100.500211920394747, 7.074118536095262 ], [ 100.500211920394747, 7.074208367623618 ], [ 100.50012208886622, 7.074208367623624 ], [ 100.50012208886622, 7.074298199152047 ], [ 100.500032257337708, 7.074298199152053 ], [ 100.500032257337693, 7.074567693737279 ], [ 100.499942425809522, 7.074567693737277 ], [ 100.499942425809522, 7.074811907036455 ], [ 100.501368083041967, 7.074208367623625 ], [ 100.501200067207122, 7.074208367623616 ], [ 100.501200067207122, 7.074118536095273 ] ] ], [ [ [ 100.494552534104727, 7.077054576760161 ], [ 100.494911860218409, 7.076913111706626 ], [ 100.494911860218409, 7.076903313475951 ], [ 100.494936748061662, 7.07690331347613 ], [ 100.495001691746594, 7.0768777454433 ], [ 100.49500169174658, 7.076813481947615 ], [ 100.495091523275107, 7.076813481947605 ], [ 100.495091523275093, 7.076543987362385 ], [ 100.495001691746594, 7.076543987362391 ], [ 100.49500169174658, 7.076454155833941 ], [ 100.494911860218409, 7.076454155833939 ], [ 100.494911860218409, 7.076364324305512 ], [ 100.494822028689882, 7.076364324305506 ], [ 100.494822028689896, 7.076274492777165 ], [ 100.493923713405678, 7.076274492777155 ], [ 100.493923713405678, 7.07618466124872 ], [ 100.493654218820438, 7.07618466124873 ], [ 100.493654218820453, 7.076094829720279 ], [ 100.492396577422852, 7.076094829720285 ], [ 100.492396577422852, 7.076274492777164 ], [ 100.492486408951024, 7.076274492777159 ], [ 100.492486408951024, 7.076364324305499 ], [ 100.492666072008078, 7.076364324305516 ], [ 100.492666072008078, 7.076454155833937 ], [ 100.492935566593303, 7.076454155833954 ], [ 100.492935566593303, 7.076543987362385 ], [ 100.493115229650002, 7.076543987362393 ], [ 100.493115229650002, 7.076633818890723 ], [ 100.493294892707056, 7.076633818890724 ], [ 100.493294892707056, 7.076723650419173 ], [ 100.493384724235227, 7.076723650419165 ], [ 100.493384724235227, 7.076813481947602 ], [ 100.493474555763754, 7.076813481947612 ], [ 100.493474555763754, 7.076903313475956 ], [ 100.493564387292281, 7.076903313475963 ], [ 100.493564387292281, 7.076993145004395 ], [ 100.49374405034898, 7.076993145004389 ], [ 100.49374405034898, 7.077082976532837 ], [ 100.494013544934205, 7.077082976532835 ], [ 100.494013544934205, 7.076993145004403 ], [ 100.494552534104656, 7.076993145004391 ], [ 100.494552534104727, 7.077054576760161 ] ] ], [ [ [ 100.489701631570611, 7.078340617930607 ], [ 100.489791463098754, 7.078340617930617 ], [ 100.489791463098769, 7.078160954873741 ], [ 100.49033045226922, 7.07816095487374 ], [ 100.49033045226922, 7.078071123345398 ], [ 100.490420283797746, 7.078071123345387 ], [ 100.490420283797746, 7.077981291816947 ], [ 100.490510115326273, 7.077981291816947 ], [ 100.490510115326273, 7.077801628760169 ], [ 100.490779609911513, 7.077801628760163 ], [ 100.490779609911499, 7.077711797231716 ], [ 100.490869441439685, 7.077711797231729 ], [ 100.490869441439671, 7.077442302646496 ], [ 100.490689778382958, 7.077442302646507 ], [ 100.490689778382972, 7.077262639589613 ], [ 100.490420283797746, 7.077262639589625 ], [ 100.490420283797746, 7.077352471118054 ], [ 100.49033045226922, 7.077352471118056 ], [ 100.49033045226922, 7.077442302646508 ], [ 100.490240620741034, 7.077442302646499 ], [ 100.490240620741048, 7.077532134174852 ], [ 100.490150789212521, 7.077532134174854 ], [ 100.490150789212507, 7.07762196570329 ], [ 100.489881294627281, 7.077621965703279 ], [ 100.48988129462731, 7.077532134174855 ], [ 100.489701631570597, 7.077532134174854 ], [ 100.489701631570597, 7.077442302646504 ], [ 100.48961180004207, 7.0774423026465 ], [ 100.48961180004207, 7.077352471118068 ], [ 100.489432136985016, 7.07735247111806 ], [ 100.489432136985016, 7.077442302646495 ], [ 100.489252473928303, 7.077442302646495 ], [ 100.489252473928303, 7.07753213417485 ], [ 100.489162642399791, 7.077532134174841 ], [ 100.489162642399776, 7.077621965703279 ], [ 100.489072810871619, 7.077621965703294 ], [ 100.489072810871619, 7.07771179723173 ], [ 100.488982979343092, 7.077711797231715 ], [ 100.488982979343092, 7.078160954873737 ], [ 100.489072810871619, 7.078160954873732 ], [ 100.489072810871619, 7.07825078640218 ], [ 100.489162642399791, 7.07825078640218 ], [ 100.489162642399791, 7.078340617930606 ], [ 100.489342305456844, 7.078340617930616 ], [ 100.489342305456844, 7.078430449458959 ], [ 100.489521968513543, 7.078430449458964 ], [ 100.489521968513557, 7.078520280987403 ], [ 100.48961180004207, 7.0785202809874 ], [ 100.48961180004207, 7.078430449458961 ], [ 100.489701631570611, 7.078430449458963 ], [ 100.489701631570611, 7.078340617930607 ] ] ] ] } },
{ "type": "Feature", "properties": { "TB_IDN": 901114, "TB_TN": "ต.น้ำน้อย", "AP_IDN": 9011, "AP_TN": "อ.หาดใหญ่", "PV_IDN": 90, "PV_TN": "จ.สงขลา", "RE_NESDB": "South", "RE_ROYIN": "South", "F_AREA": 2067206.1928600001, "flood_area": 1292.0, "A": 1.62 }, "geometry": { "type": "MultiPolygon", "coordinates": [ [ [ [ 100.515970314545356, 7.129185263011752 ], [ 100.515123954111047, 7.129185263011756 ], [ 100.515123954111019, 7.129275094540187 ], [ 100.514315470355342, 7.129275094540183 ], [ 100.514315470355371, 7.129364926068533 ], [ 100.514225638826844, 7.129364926068541 ], [ 100.514225638826815, 7.129634420653852 ], [ 100.514315470355371, 7.129634420653844 ], [ 100.514315470355356, 7.129814083710639 ], [ 100.514405301883883, 7.129814083710636 ], [ 100.514405301883869, 7.129993746767418 ], [ 100.514495133412041, 7.129993746767437 ], [ 100.514495133412055, 7.130083578295866 ], [ 100.514584964940582, 7.130083578295863 ], [ 100.514584964940568, 7.130173409824309 ], [ 100.514674796469109, 7.130173409824304 ], [ 100.514674796469109, 7.130263241352748 ], [ 100.51476462799728, 7.130263241352744 ], [ 100.51476462799728, 7.130353072881085 ], [ 100.514854459525807, 7.1303530728811 ], [ 100.514854459525793, 7.130532735937971 ], [ 100.514944291054348, 7.130532735937962 ], [ 100.514944291054334, 7.130622567466312 ], [ 100.515034122582492, 7.130622567466324 ], [ 100.515034122582492, 7.130712398994751 ], [ 100.515123954111047, 7.130712398994758 ], [ 100.515123954111033, 7.130802230523201 ], [ 100.51521378563956, 7.130802230523204 ], [ 100.515213785639546, 7.130712398994763 ], [ 100.515303617167717, 7.130712398994766 ], [ 100.515303617167731, 7.130532735937977 ], [ 100.515213785639546, 7.130532735937971 ], [ 100.51521378563956, 7.130442904409538 ], [ 100.515123954111033, 7.130442904409531 ], [ 100.515123954111019, 7.130353072881096 ], [ 100.515034122582506, 7.130353072881087 ], [ 100.515034122582506, 7.129993746767434 ], [ 100.515123954111019, 7.12999374676743 ], [ 100.515123954111033, 7.129903915239082 ], [ 100.51521378563956, 7.12990391523908 ], [ 100.515213785639574, 7.129814083710648 ], [ 100.515755542205085, 7.12981408371064 ], [ 100.515970314545356, 7.129185263011752 ] ] ], [ [ [ 100.518986709832717, 7.119664384581667 ], [ 100.518986709832717, 7.119663121000061 ], [ 100.51889687830419, 7.119663121000058 ], [ 100.518896878304204, 7.11957328947171 ], [ 100.51817822607704, 7.119573289471716 ], [ 100.51817822607704, 7.119483457943272 ], [ 100.517998563020342, 7.11948345794327 ], [ 100.517998563020342, 7.119393626414846 ], [ 100.517818899963302, 7.119393626414848 ], [ 100.517818899963288, 7.119303794886405 ], [ 100.517549405378048, 7.119303794886402 ], [ 100.517549405378077, 7.119393626414849 ], [ 100.517279910792837, 7.119393626414835 ], [ 100.517279910792851, 7.119303794886408 ], [ 100.51719007926431, 7.119303794886401 ], [ 100.51719007926431, 7.119034300301184 ], [ 100.517279910792837, 7.119034300301172 ], [ 100.517279910792837, 7.118405479602288 ], [ 100.51719007926431, 7.118405479602296 ], [ 100.51719007926431, 7.118315648073937 ], [ 100.517100247736138, 7.118315648073942 ], [ 100.517100247736138, 7.118225816545496 ], [ 100.517010416207626, 7.118225816545505 ], [ 100.517010416207611, 7.118315648073938 ], [ 100.516920584679085, 7.118315648073941 ], [ 100.516920584679085, 7.118495311130734 ], [ 100.516830753150913, 7.118495311130735 ], [ 100.516830753150927, 7.11921396335806 ], [ 100.516920584679085, 7.119213963358053 ], [ 100.516920584679099, 7.119303794886409 ], [ 100.516830753150913, 7.119303794886402 ], [ 100.516830753150913, 7.11939362641484 ], [ 100.516920584679085, 7.119393626414841 ], [ 100.51692058467907, 7.119483457943272 ], [ 100.516830753150899, 7.119483457943275 ], [ 100.516830753150899, 7.119842784056939 ], [ 100.5167409216224, 7.11984278405695 ], [ 100.516740921622386, 7.1199326155853 ], [ 100.516651090093859, 7.119932615585301 ], [ 100.516651090093859, 7.120022447113735 ], [ 100.516381595508633, 7.120022447113733 ], [ 100.516381595508633, 7.119932615585284 ], [ 100.515932437866709, 7.119932615585301 ], [ 100.515932437866709, 7.120022447113728 ], [ 100.515842606338182, 7.120022447113726 ], [ 100.515842606338182, 7.120291941698965 ], [ 100.515932437866709, 7.120291941698956 ], [ 100.515932437866709, 7.120471604755832 ], [ 100.516022269395236, 7.12047160475584 ], [ 100.516022269395251, 7.12056143628419 ], [ 100.516112100923408, 7.120561436284177 ], [ 100.516112100923408, 7.120651267812622 ], [ 100.516381595508633, 7.120651267812625 ], [ 100.516381595508619, 7.120741099341054 ], [ 100.516561258565687, 7.12074109934105 ], [ 100.516561258565702, 7.120830930869407 ], [ 100.516830753150913, 7.12083093086941 ], [ 100.516830753150927, 7.120741099341046 ], [ 100.516920584679085, 7.120741099341063 ], [ 100.516920584679085, 7.120651267812624 ], [ 100.517010416207611, 7.120651267812628 ], [ 100.517010416207626, 7.120561436284172 ], [ 100.517100247736138, 7.120561436284184 ], [ 100.517100247736138, 7.120471604755833 ], [ 100.517279910792837, 7.120471604755837 ], [ 100.517279910792837, 7.120381773227395 ], [ 100.517639236906604, 7.120381773227399 ], [ 100.517639236906589, 7.120471604755831 ], [ 100.517818899963274, 7.120471604755824 ], [ 100.517818899963302, 7.120561436284178 ], [ 100.517998563020342, 7.120561436284183 ], [ 100.517998563020342, 7.120651267812621 ], [ 100.518357889133753, 7.120651267812623 ], [ 100.518357889133739, 7.120561436284182 ], [ 100.518537552190807, 7.120561436284173 ], [ 100.518537552190793, 7.120471604755829 ], [ 100.518672293556932, 7.12047160475583 ], [ 100.518986709832717, 7.119664384581667 ] ] ], [ [ [ 100.509464567820956, 7.062709931986905 ], [ 100.509644230877996, 7.062709931986915 ], [ 100.509644230877981, 7.062620100458477 ], [ 100.509734062406167, 7.062620100458483 ], [ 100.509734062406181, 7.061721785174369 ], [ 100.50964423087801, 7.061721785174359 ], [ 100.509644230877996, 7.061631953646003 ], [ 100.509554399349454, 7.061631953646007 ], [ 100.509554399349483, 7.061542122117581 ], [ 100.509464567820942, 7.061542122117578 ], [ 100.509464567820942, 7.061452290589143 ], [ 100.509284904764257, 7.061452290589131 ], [ 100.509284904764243, 7.061362459060696 ], [ 100.508835747122319, 7.061362459060692 ], [ 100.508835747122319, 7.06145229058913 ], [ 100.508745915593806, 7.061452290589131 ], [ 100.508745915593792, 7.061542122117577 ], [ 100.508675864261221, 7.061542122117567 ], [ 100.508656084065265, 7.061577301129623 ], [ 100.508656084065279, 7.061631953646004 ], [ 100.508625354450785, 7.061631953645922 ], [ 100.508170766156724, 7.062440437401772 ], [ 100.508206926423327, 7.062440437401682 ], [ 100.508206926423355, 7.062620100458465 ], [ 100.508296757951868, 7.062620100458471 ], [ 100.508296757951868, 7.062799763515341 ], [ 100.50838658948004, 7.062799763515356 ], [ 100.508386589480054, 7.062889595043693 ], [ 100.508835747122319, 7.062889595043694 ], [ 100.508835747122319, 7.062979426572134 ], [ 100.509105241707545, 7.062979426572142 ], [ 100.509105241707545, 7.062889595043706 ], [ 100.509284904764243, 7.06288959504369 ], [ 100.509284904764243, 7.062799763515356 ], [ 100.509464567820942, 7.062799763515342 ], [ 100.509464567820956, 7.062709931986905 ] ] ], [ [ [ 100.50667979044016, 7.067650666049581 ], [ 100.50667979044016, 7.067291339935932 ], [ 100.506589958911988, 7.067291339935919 ], [ 100.506589958911988, 7.067201508407488 ], [ 100.506500127383475, 7.067201508407483 ], [ 100.506500127383461, 7.067021845350694 ], [ 100.506320464326762, 7.067021845350707 ], [ 100.506320464326748, 7.066932013822268 ], [ 100.506230632798236, 7.066932013822269 ], [ 100.506230632798236, 7.06702184535069 ], [ 100.505781475156311, 7.067021845350705 ], [ 100.505781475156326, 7.067111676879133 ], [ 100.505601812099272, 7.06711167687914 ], [ 100.505601812099258, 7.067201508407489 ], [ 100.505543964495388, 7.067201508407388 ], [ 100.505511980571015, 7.06725971730838 ], [ 100.505511980571086, 7.067291339935926 ], [ 100.505494604951224, 7.06729133993602 ], [ 100.505297166775009, 7.067650666049581 ], [ 100.505422149042545, 7.067650666049578 ], [ 100.505422149042559, 7.067740497578025 ], [ 100.505601812099243, 7.067740497578033 ], [ 100.505601812099243, 7.067830329106381 ], [ 100.505691643627785, 7.067830329106378 ], [ 100.50569164362777, 7.067920160634824 ], [ 100.505781475156311, 7.067920160634809 ], [ 100.505781475156311, 7.068009992163253 ], [ 100.505961138213024, 7.068009992163248 ], [ 100.505961138213024, 7.068099823691591 ], [ 100.506410295854948, 7.068099823691598 ], [ 100.506410295854934, 7.068009992163245 ], [ 100.506500127383475, 7.068009992163257 ], [ 100.506500127383461, 7.067920160634806 ], [ 100.506589958911988, 7.067920160634809 ], [ 100.506589958911974, 7.06765066604958 ], [ 100.50667979044016, 7.067650666049581 ] ] ], [ [ [ 100.50524248598586, 7.074837188322494 ], [ 100.50524248598586, 7.074747356794145 ], [ 100.505062822928807, 7.074747356794159 ], [ 100.505062822928807, 7.074657525265711 ], [ 100.504972991400294, 7.074657525265708 ], [ 100.504972991400294, 7.07456769373728 ], [ 100.504883159872108, 7.07456769373727 ], [ 100.504883159872108, 7.074477862208844 ], [ 100.504793328343581, 7.074477862208849 ], [ 100.504793328343581, 7.074388030680484 ], [ 100.504613665286882, 7.074388030680497 ], [ 100.504613665286897, 7.074208367623611 ], [ 100.504434002229829, 7.074208367623608 ], [ 100.504434002229829, 7.074118536095269 ], [ 100.504344170701643, 7.07411853609527 ], [ 100.504344170701657, 7.073938873038395 ], [ 100.50425433917313, 7.073938873038396 ], [ 100.50425433917313, 7.073759209981607 ], [ 100.504164507644589, 7.07375920998161 ], [ 100.504164507644603, 7.073399883867934 ], [ 100.503984844587904, 7.073399883867929 ], [ 100.503984844587904, 7.0733100523395 ], [ 100.503805181531206, 7.073310052339507 ], [ 100.503805181531206, 7.073399883867947 ], [ 100.503625518474152, 7.07339988386793 ], [ 100.503625518474166, 7.073579546924732 ], [ 100.50353568694598, 7.073579546924725 ], [ 100.50353568694598, 7.074028704566826 ], [ 100.503356023888927, 7.074028704566832 ], [ 100.503356023888912, 7.074118536095263 ], [ 100.503086529303701, 7.07411853609527 ], [ 100.503086529303701, 7.074028704566835 ], [ 100.502996697775529, 7.074028704566831 ], [ 100.502996697775529, 7.0739388730384 ], [ 100.502637371661763, 7.073938873038392 ], [ 100.502637371661777, 7.074028704566836 ], [ 100.50254754013325, 7.074028704566824 ], [ 100.50254754013325, 7.074118536095259 ], [ 100.502637371661791, 7.074118536095259 ], [ 100.502637371661791, 7.074208367623623 ], [ 100.502727203190304, 7.074208367623623 ], [ 100.502727203190318, 7.0743880306805 ], [ 100.502906866247002, 7.07438803068049 ], [ 100.502906866247002, 7.074617822894102 ], [ 100.505218156948231, 7.075446682963658 ], [ 100.505115754181773, 7.075224533599861 ], [ 100.505031657895941, 7.075170569192878 ], [ 100.505000504777811, 7.075131030134357 ], [ 100.504943137358907, 7.074999721514394 ], [ 100.504953118411692, 7.074940878612989 ], [ 100.504988528927115, 7.074957785071265 ], [ 100.505086192876902, 7.07511951740591 ], [ 100.505203152956241, 7.075216076908879 ], [ 100.505424535981547, 7.075438947485628 ], [ 100.505467840356403, 7.075461833109063 ], [ 100.505511980571086, 7.075470621190362 ], [ 100.5055119805711, 7.075286345964604 ], [ 100.505601812099258, 7.075286345964602 ], [ 100.505601812099258, 7.074927019850947 ], [ 100.505511980571072, 7.074927019850947 ], [ 100.505511980571086, 7.074837188322498 ], [ 100.50524248598586, 7.074837188322494 ] ] ], [ [ [ 100.507398442667679, 7.076723650419164 ], [ 100.507398442667679, 7.076633818890731 ], [ 100.507937431838116, 7.07663381889074 ], [ 100.507937431838116, 7.076723650419163 ], [ 100.508117094894814, 7.076723650419177 ], [ 100.508117094894814, 7.076633818890726 ], [ 100.508206926423341, 7.076633818890729 ], [ 100.508206926423341, 7.076543987362384 ], [ 100.508296757951868, 7.076543987362382 ], [ 100.508296757951868, 7.075915166663491 ], [ 100.508206926423341, 7.075915166663489 ], [ 100.508206926423341, 7.075555840549825 ], [ 100.508117094894814, 7.075555840549826 ], [ 100.508117094894814, 7.075106682907727 ], [ 100.508027263366287, 7.075106682907729 ], [ 100.508027263366287, 7.074657525265727 ], [ 100.508117094894814, 7.074657525265715 ], [ 100.508117094894814, 7.074477862208846 ], [ 100.508206926423341, 7.074477862208838 ], [ 100.508206926423341, 7.074298199152059 ], [ 100.508117094894814, 7.074298199152055 ], [ 100.508117094894814, 7.074208367623609 ], [ 100.508027263366287, 7.07420836762361 ], [ 100.508027263366287, 7.074028704566824 ], [ 100.507847600309589, 7.074028704566824 ], [ 100.507847600309589, 7.073938873038398 ], [ 100.507757768781062, 7.073938873038387 ], [ 100.507757768781076, 7.073849041509953 ], [ 100.507039116553912, 7.073849041509954 ], [ 100.507039116553898, 7.074028704566827 ], [ 100.506949285025385, 7.074028704566823 ], [ 100.506949285025385, 7.074208367623621 ], [ 100.506859453497214, 7.074208367623617 ], [ 100.506859453497214, 7.07429819915205 ], [ 100.506769621968687, 7.074298199152044 ], [ 100.506769621968687, 7.074388030680497 ], [ 100.506679790440174, 7.074388030680487 ], [ 100.506679790440145, 7.07456769373728 ], [ 100.506589958911988, 7.074567693737287 ], [ 100.506589958912002, 7.074747356794163 ], [ 100.506320464326762, 7.074747356794157 ], [ 100.506320464326762, 7.074837188322499 ], [ 100.506050969741523, 7.074837188322511 ], [ 100.506050969741537, 7.074927019850937 ], [ 100.50596113821301, 7.07492701985094 ], [ 100.50596113821301, 7.075016851379387 ], [ 100.506050969741551, 7.075016851379385 ], [ 100.506050969741537, 7.075466009021387 ], [ 100.50596113821301, 7.075466009021397 ], [ 100.50596113821301, 7.075555840549842 ], [ 100.505880076634938, 7.075555840549836 ], [ 100.505871306684483, 7.075570549953922 ], [ 100.505871306684497, 7.075645672078264 ], [ 100.505846586062404, 7.075645672078266 ], [ 100.505842885224453, 7.075678882711534 ], [ 100.505833696940897, 7.075699985641076 ], [ 100.505833732017194, 7.07570002213854 ], [ 100.505841150966191, 7.075723902776001 ], [ 100.505823859214516, 7.075803900224583 ], [ 100.505759419244455, 7.075918064123192 ], [ 100.505733112398602, 7.076062475305055 ], [ 100.50573309645047, 7.076135145961907 ], [ 100.505855725252886, 7.076543987362376 ], [ 100.505871306684483, 7.076543987362388 ], [ 100.505871306684483, 7.07645415583395 ], [ 100.506320464326748, 7.07645415583395 ], [ 100.506320464326762, 7.076364324305499 ], [ 100.506410295854934, 7.076364324305514 ], [ 100.506410295854934, 7.076274492777164 ], [ 100.506500127383447, 7.076274492777168 ], [ 100.506500127383475, 7.076184661248719 ], [ 100.506589958912002, 7.076184661248715 ], [ 100.506589958911988, 7.076094829720287 ], [ 100.507039116553926, 7.076094829720276 ], [ 100.507039116553912, 7.076004998191843 ], [ 100.507128948082453, 7.076004998191839 ], [ 100.507128948082439, 7.076094829720289 ], [ 100.507183796675307, 7.076094829720272 ], [ 100.507276353669553, 7.075977288191599 ], [ 100.507395508518741, 7.075781269482515 ], [ 100.507429498319226, 7.075757301083598 ], [ 100.507621818779938, 7.07569942413104 ], [ 100.507669790073379, 7.075699268812171 ], [ 100.507690261431662, 7.075719586996628 ], [ 100.507688903097417, 7.07575016805308 ], [ 100.507387991380185, 7.076099290382706 ], [ 100.507301665058804, 7.07618466124872 ], [ 100.507308611139138, 7.076184661248725 ], [ 100.507308611139152, 7.076454155833941 ], [ 100.507218779610611, 7.076454155833948 ], [ 100.507218779610625, 7.076543987362391 ], [ 100.507128948082439, 7.076543987362387 ], [ 100.507128948082453, 7.076633818890731 ], [ 100.507039116553912, 7.076633818890741 ], [ 100.507039116553912, 7.07672365041917 ], [ 100.506949285025371, 7.07672365041917 ], [ 100.506949285025385, 7.076813481947603 ], [ 100.506859453497214, 7.076813481947612 ], [ 100.506859453497214, 7.076903313475967 ], [ 100.506769621968687, 7.076903313475968 ], [ 100.506769621968687, 7.076993145004404 ], [ 100.506949285025385, 7.076993145004403 ], [ 100.506949285025385, 7.076903313475954 ], [ 100.507039116553926, 7.076903313475965 ], [ 100.507039116553912, 7.076813481947618 ], [ 100.507218779610625, 7.076813481947614 ], [ 100.507218779610611, 7.076723650419172 ], [ 100.507398442667679, 7.076723650419164 ] ] ], [ [ [ 100.50667979044016, 7.082383036709174 ], [ 100.50667979044016, 7.082293205180743 ], [ 100.506949285025385, 7.082293205180741 ], [ 100.506949285025371, 7.082203373652298 ], [ 100.507039116553898, 7.082203373652295 ], [ 100.507039116553912, 7.082113542123853 ], [ 100.507128948082439, 7.08211354212387 ], [ 100.507128948082453, 7.081844047538628 ], [ 100.507039116553912, 7.081844047538643 ], [ 100.507039116553912, 7.081574552953406 ], [ 100.506949285025385, 7.081574552953405 ], [ 100.506949285025385, 7.081394889896623 ], [ 100.506859453497228, 7.081394889896631 ], [ 100.506859453497214, 7.081125395311401 ], [ 100.506949285025385, 7.081125395311402 ], [ 100.506949285025385, 7.08094573225451 ], [ 100.507039116553926, 7.080945732254514 ], [ 100.507039116553912, 7.08085590072618 ], [ 100.507128948082453, 7.080855900726163 ], [ 100.507128948082439, 7.080766069197732 ], [ 100.507218779610611, 7.080766069197738 ], [ 100.507218779610611, 7.08067623766929 ], [ 100.507308611139152, 7.080676237669297 ], [ 100.507308611139152, 7.080227080027283 ], [ 100.507218779610611, 7.080227080027278 ], [ 100.507218779610611, 7.079957585441976 ], [ 100.507308611139138, 7.079957585441973 ], [ 100.507308611139138, 7.078699944044283 ], [ 100.507398442667665, 7.07869994404428 ], [ 100.507398442667679, 7.078250786402182 ], [ 100.507488274195822, 7.078250786402187 ], [ 100.50748827419585, 7.078071123345391 ], [ 100.50739844266765, 7.07807112334538 ], [ 100.50739844266765, 7.077981291816957 ], [ 100.506949285025399, 7.077981291816949 ], [ 100.506949285025385, 7.078071123345389 ], [ 100.506859453497214, 7.078071123345384 ], [ 100.506859453497199, 7.078250786402173 ], [ 100.506769621968687, 7.078250786402179 ], [ 100.506769621968687, 7.078430449458969 ], [ 100.50667979044016, 7.078430449458963 ], [ 100.506679790440145, 7.078520280987411 ], [ 100.506500127383461, 7.078520280987395 ], [ 100.506500127383461, 7.078430449458963 ], [ 100.506410295854934, 7.078430449458969 ], [ 100.506410295854934, 7.078340617930613 ], [ 100.506320464326762, 7.078340617930619 ], [ 100.506320464326762, 7.077532134174861 ], [ 100.50623063279825, 7.077532134174855 ], [ 100.506230632798236, 7.077442302646489 ], [ 100.506133924720942, 7.077442302646508 ], [ 100.506133363587509, 7.077449313626642 ], [ 100.506138236846908, 7.077470889676122 ], [ 100.506128348912966, 7.077594211449633 ], [ 100.506040839889025, 7.077819992527123 ], [ 100.50599055860927, 7.07794123404013 ], [ 100.505941459807104, 7.078140162762584 ], [ 100.505924327128071, 7.078335441419925 ], [ 100.505903012310895, 7.078515367943379 ], [ 100.505861288516485, 7.078908835196029 ], [ 100.505617774922484, 7.081664384481842 ], [ 100.505691643627785, 7.081664384481845 ], [ 100.505691643627799, 7.081844047538627 ], [ 100.505781475156311, 7.081844047538645 ], [ 100.505781475156311, 7.082023710595504 ], [ 100.505871306684483, 7.082023710595515 ], [ 100.505871306684483, 7.08265253129441 ], [ 100.505781475156297, 7.0826525312944 ], [ 100.505781475156311, 7.082742362822741 ], [ 100.506410295854948, 7.082742362822752 ], [ 100.506410295854948, 7.082652531294397 ], [ 100.506500127383461, 7.082652531294398 ], [ 100.506500127383461, 7.082562699765966 ], [ 100.506589958912002, 7.082562699765962 ], [ 100.506589958911988, 7.082383036709179 ], [ 100.50667979044016, 7.082383036709174 ] ] ], [ [ [ 100.506140801269709, 7.100079847806246 ], [ 100.506140801269709, 7.099900184749459 ], [ 100.50596113821301, 7.099900184749456 ], [ 100.50596113821301, 7.099810353221011 ], [ 100.505781475156311, 7.099810353221018 ], [ 100.505781475156326, 7.099720521692672 ], [ 100.505601812099258, 7.099720521692667 ], [ 100.505601812099258, 7.099630690164219 ], [ 100.505422149042559, 7.099630690164228 ], [ 100.505422149042559, 7.09945102710745 ], [ 100.505332317514032, 7.099451027107436 ], [ 100.505332317514032, 7.099091700993781 ], [ 100.50524248598586, 7.099091700993786 ], [ 100.50524248598586, 7.09873237488011 ], [ 100.505332317514046, 7.098732374880121 ], [ 100.505332317514032, 7.098552711823331 ], [ 100.505422149042573, 7.098552711823332 ], [ 100.505422149042545, 7.098462880294882 ], [ 100.505511980571086, 7.098462880294897 ], [ 100.505511980571086, 7.098373048766446 ], [ 100.505601812099243, 7.098373048766459 ], [ 100.505601812099272, 7.098103554181232 ], [ 100.505422149042559, 7.098103554181229 ], [ 100.505422149042559, 7.098193385709665 ], [ 100.505332317514046, 7.098193385709668 ], [ 100.505332317514032, 7.09828321723802 ], [ 100.505242485985846, 7.098283217238018 ], [ 100.505242485985846, 7.098462880294896 ], [ 100.505152654457333, 7.098462880294887 ], [ 100.505152654457319, 7.098642543351675 ], [ 100.505062822928792, 7.098642543351677 ], [ 100.505062822928807, 7.098732374880117 ], [ 100.504793328343581, 7.098732374880107 ], [ 100.504793328343595, 7.098642543351675 ], [ 100.504703496815054, 7.098642543351678 ], [ 100.504703496815054, 7.098732374880109 ], [ 100.504434002229829, 7.098732374880119 ], [ 100.504434002229829, 7.098822206408559 ], [ 100.50425433917313, 7.098822206408546 ], [ 100.504254339173144, 7.099001869465346 ], [ 100.504164507644603, 7.099001869465344 ], [ 100.504164507644603, 7.099900184749454 ], [ 100.504254339173116, 7.099900184749456 ], [ 100.504254339173144, 7.099990016277885 ], [ 100.504344170701671, 7.099990016277883 ], [ 100.504344170701657, 7.100079847806233 ], [ 100.504523833758356, 7.100079847806253 ], [ 100.504523833758341, 7.100169679334688 ], [ 100.504703496815054, 7.100169679334681 ], [ 100.504703496815054, 7.100079847806238 ], [ 100.505601812099258, 7.100079847806247 ], [ 100.505601812099258, 7.099990016277885 ], [ 100.50596113821301, 7.099990016277902 ], [ 100.505961138213024, 7.100079847806245 ], [ 100.506140801269709, 7.100079847806246 ] ] ], [ [ [ 100.509913725463221, 7.102684962130234 ], [ 100.509913725463235, 7.102415467545015 ], [ 100.508745915593792, 7.102415467545012 ], [ 100.508745915593792, 7.102325636016563 ], [ 100.508656084065279, 7.102325636016578 ], [ 100.508656084065279, 7.102235804488141 ], [ 100.508566252537094, 7.102235804488134 ], [ 100.508566252537094, 7.102145972959788 ], [ 100.508476421008581, 7.102145972959783 ], [ 100.508476421008581, 7.102056141431348 ], [ 100.50838658948004, 7.102056141431343 ], [ 100.508386589480054, 7.101966309902902 ], [ 100.508296757951868, 7.101966309902918 ], [ 100.508296757951868, 7.101876478374568 ], [ 100.508027263366287, 7.101876478374566 ], [ 100.508027263366287, 7.101786646846117 ], [ 100.507578105724363, 7.101786646846126 ], [ 100.507578105724363, 7.101696815317694 ], [ 100.507218779610611, 7.101696815317675 ], [ 100.507218779610611, 7.101876478374566 ], [ 100.507128948082439, 7.10187647837455 ], [ 100.507128948082425, 7.101966309902917 ], [ 100.507218779610625, 7.101966309902909 ], [ 100.507218779610611, 7.102235804488126 ], [ 100.507308611139123, 7.102235804488135 ], [ 100.507308611139138, 7.102415467545019 ], [ 100.507398442667665, 7.102415467545006 ], [ 100.507398442667665, 7.102505299073455 ], [ 100.507488274195836, 7.102505299073444 ], [ 100.507488274195822, 7.102684962130242 ], [ 100.507578105724363, 7.102684962130231 ], [ 100.507578105724363, 7.102774793658683 ], [ 100.507757768781048, 7.102774793658669 ], [ 100.507757768781062, 7.102864625187031 ], [ 100.507937431838101, 7.102864625187027 ], [ 100.507937431838116, 7.10295445671546 ], [ 100.508206926423341, 7.102954456715455 ], [ 100.508206926423341, 7.102864625187019 ], [ 100.508656084065279, 7.10286462518703 ], [ 100.508656084065265, 7.102954456715457 ], [ 100.509105241707545, 7.102954456715455 ], [ 100.509105241707545, 7.102864625187024 ], [ 100.509554399349483, 7.102864625187022 ], [ 100.509554399349469, 7.102774793658671 ], [ 100.50982389393468, 7.102774793658675 ], [ 100.509823893934694, 7.102684962130228 ], [ 100.509913725463221, 7.102684962130234 ] ] ], [ [ [ 100.506320464326777, 7.103044288243897 ], [ 100.506410295854934, 7.103044288243893 ], [ 100.506410295854934, 7.102954456715472 ], [ 100.506320464326748, 7.102954456715457 ], [ 100.506320464326762, 7.102864625187033 ], [ 100.506140801269709, 7.102864625187016 ], [ 100.506140801269709, 7.102774793658669 ], [ 100.505871306684483, 7.10277479365868 ], [ 100.505871306684483, 7.102684962130231 ], [ 100.505781475156311, 7.102684962130244 ], [ 100.505781475156311, 7.102595130601792 ], [ 100.505691643627785, 7.102595130601792 ], [ 100.50569164362777, 7.10232563601657 ], [ 100.505601812099258, 7.102325636016579 ], [ 100.505601812099272, 7.102056141431341 ], [ 100.505511980571072, 7.102056141431357 ], [ 100.505511980571072, 7.101966309902915 ], [ 100.50524248598586, 7.10196630990291 ], [ 100.505242485985875, 7.102145972959784 ], [ 100.50497299140028, 7.102145972959795 ], [ 100.504972991400294, 7.102056141431343 ], [ 100.504883159872108, 7.102056141431348 ], [ 100.504883159872108, 7.101876478374566 ], [ 100.504793328343595, 7.101876478374566 ], [ 100.504793328343595, 7.101696815317681 ], [ 100.504523833758341, 7.101696815317676 ], [ 100.504523833758341, 7.10178664684612 ], [ 100.504434002229829, 7.101786646846131 ], [ 100.504434002229829, 7.102505299073449 ], [ 100.504703496815054, 7.102505299073457 ], [ 100.504703496815054, 7.102954456715466 ], [ 100.504793328343581, 7.102954456715453 ], [ 100.504793328343581, 7.1030442882439 ], [ 100.504883159872108, 7.103044288243897 ], [ 100.504883159872108, 7.10322395130069 ], [ 100.505062822928821, 7.103223951300685 ], [ 100.505062822928807, 7.103313782829134 ], [ 100.505601812099272, 7.103313782829128 ], [ 100.505601812099258, 7.103223951300691 ], [ 100.505691643627785, 7.10322395130069 ], [ 100.505691643627785, 7.103313782829126 ], [ 100.506050969741537, 7.103313782829123 ], [ 100.506050969741537, 7.103223951300685 ], [ 100.506230632798236, 7.103223951300691 ], [ 100.506230632798236, 7.10313411977225 ], [ 100.506320464326762, 7.103134119772257 ], [ 100.506320464326777, 7.103044288243897 ] ] ], [ [ [ 100.508656084065279, 7.105469739511015 ], [ 100.508656084065265, 7.105379907982581 ], [ 100.508745915593806, 7.10537990798258 ], [ 100.508745915593806, 7.10529007645415 ], [ 100.508835747122319, 7.105290076454135 ], [ 100.508835747122333, 7.105110413397362 ], [ 100.508925578650491, 7.105110413397363 ], [ 100.508925578650476, 7.105020581868919 ], [ 100.509015410179032, 7.105020581868924 ], [ 100.509015410179032, 7.104930750340567 ], [ 100.509734062406167, 7.104930750340567 ], [ 100.509734062406181, 7.104840918812133 ], [ 100.50982389393468, 7.104840918812135 ], [ 100.509823893934694, 7.104751087283689 ], [ 100.509913725463221, 7.1047510872837 ], [ 100.509913725463221, 7.104571424226902 ], [ 100.510003556991393, 7.104571424226913 ], [ 100.510003556991393, 7.104481592698461 ], [ 100.51009338851992, 7.104481592698461 ], [ 100.51009338851992, 7.104212098113244 ], [ 100.510003556991393, 7.104212098113234 ], [ 100.510003556991393, 7.104122266584795 ], [ 100.509913725463221, 7.104122266584795 ], [ 100.509913725463221, 7.104032435056444 ], [ 100.509823893934708, 7.104032435056459 ], [ 100.509823893934694, 7.103942603528017 ], [ 100.509734062406153, 7.103942603528004 ], [ 100.509734062406167, 7.103852771999572 ], [ 100.509644230877996, 7.103852771999572 ], [ 100.509644230877996, 7.103493445885905 ], [ 100.509464567820942, 7.103493445885905 ], [ 100.509464567820942, 7.103403614357558 ], [ 100.509105241707559, 7.103403614357562 ], [ 100.50910524170753, 7.103493445885924 ], [ 100.508656084065265, 7.103493445885917 ], [ 100.508656084065265, 7.103583277414351 ], [ 100.507667937252876, 7.103583277414351 ], [ 100.50766793725289, 7.103673108942781 ], [ 100.507488274195822, 7.103673108942786 ], [ 100.507488274195836, 7.103762940471141 ], [ 100.507039116553926, 7.103762940471131 ], [ 100.507039116553912, 7.103852771999581 ], [ 100.506859453497228, 7.103852771999577 ], [ 100.506859453497228, 7.103942603528012 ], [ 100.506769621968701, 7.103942603528017 ], [ 100.506769621968687, 7.104032435056451 ], [ 100.506679790440174, 7.10403243505646 ], [ 100.50667979044016, 7.104122266584795 ], [ 100.506769621968687, 7.104122266584803 ], [ 100.506769621968687, 7.104301929641681 ], [ 100.506949285025385, 7.104301929641678 ], [ 100.506949285025385, 7.10448159269846 ], [ 100.507039116553912, 7.104481592698466 ], [ 100.507039116553898, 7.104930750340565 ], [ 100.507128948082425, 7.104930750340557 ], [ 100.507128948082439, 7.105110413397363 ], [ 100.507308611139138, 7.105110413397358 ], [ 100.507308611139138, 7.105290076454143 ], [ 100.507398442667665, 7.105290076454142 ], [ 100.507398442667665, 7.105559571039456 ], [ 100.507488274195822, 7.105559571039464 ], [ 100.507488274195836, 7.105649402567801 ], [ 100.507578105724363, 7.105649402567803 ], [ 100.507578105724363, 7.105739234096236 ], [ 100.50766793725289, 7.105739234096252 ], [ 100.50766793725289, 7.105649402567804 ], [ 100.508027263366287, 7.105649402567811 ], [ 100.508027263366287, 7.105559571039461 ], [ 100.508476421008581, 7.105559571039451 ], [ 100.508476421008567, 7.105469739511025 ], [ 100.508656084065279, 7.105469739511015 ] ] ], [ [ [ 100.505601812099258, 7.106637549380361 ], [ 100.505601812099258, 7.105918897153025 ], [ 100.5055119805711, 7.105918897153022 ], [ 100.505511980571086, 7.105290076454142 ], [ 100.505601812099258, 7.105290076454137 ], [ 100.505601812099272, 7.105110413397346 ], [ 100.505691643627785, 7.105110413397359 ], [ 100.505691643627785, 7.10502058186892 ], [ 100.505871306684483, 7.105020581868924 ], [ 100.505871306684497, 7.104840918812119 ], [ 100.50596113821301, 7.10484091881213 ], [ 100.50596113821301, 7.104661255755257 ], [ 100.506050969741537, 7.10466125575525 ], [ 100.506050969741523, 7.104481592698468 ], [ 100.506140801269723, 7.104481592698462 ], [ 100.506140801269694, 7.104301929641673 ], [ 100.506230632798236, 7.104301929641672 ], [ 100.506230632798221, 7.104032435056455 ], [ 100.506140801269709, 7.104032435056458 ], [ 100.506140801269709, 7.103852771999569 ], [ 100.506050969741537, 7.103852771999573 ], [ 100.506050969741523, 7.103762940471146 ], [ 100.505961138213024, 7.103762940471132 ], [ 100.505961138213024, 7.103583277414352 ], [ 100.505871306684483, 7.103583277414362 ], [ 100.505871306684483, 7.103493445885908 ], [ 100.505511980571086, 7.103493445885918 ], [ 100.505511980571072, 7.103583277414348 ], [ 100.505422149042573, 7.103583277414354 ], [ 100.505422149042559, 7.103673108942781 ], [ 100.505332317514046, 7.103673108942789 ], [ 100.505332317514032, 7.103762940471133 ], [ 100.50524248598586, 7.10376294047114 ], [ 100.505242485985875, 7.103852771999581 ], [ 100.505152654457319, 7.103852771999571 ], [ 100.505152654457333, 7.103942603528009 ], [ 100.505062822928807, 7.103942603528019 ], [ 100.505062822928792, 7.104032435056452 ], [ 100.504434002229814, 7.104032435056457 ], [ 100.504434002229829, 7.103942603528024 ], [ 100.504164507644603, 7.103942603528022 ], [ 100.504164507644589, 7.103852771999578 ], [ 100.503984844587904, 7.103852771999584 ], [ 100.503984844587904, 7.10367310894279 ], [ 100.503895013059378, 7.10367310894279 ], [ 100.503895013059378, 7.103583277414353 ], [ 100.503805181531192, 7.103583277414357 ], [ 100.503805181531206, 7.103565318915317 ], [ 100.503719597046029, 7.103925348421241 ], [ 100.503691830260792, 7.104044743554233 ], [ 100.503688198701738, 7.104057432295393 ], [ 100.503584185949734, 7.104494984260628 ], [ 100.503523863156474, 7.104567520239374 ], [ 100.503271204451138, 7.104798393205982 ], [ 100.503179312134819, 7.104910593237285 ], [ 100.503052603150977, 7.105104271312476 ], [ 100.50281703471849, 7.105633483059685 ], [ 100.50281703471849, 7.105739234096251 ], [ 100.502769961678155, 7.105739234096253 ], [ 100.502524022415415, 7.106291744233269 ], [ 100.502187991470848, 7.106817212437151 ], [ 100.502457708605078, 7.106817212437153 ], [ 100.502457708605064, 7.106907043965588 ], [ 100.502547540133236, 7.106907043965578 ], [ 100.50254754013325, 7.10699687549402 ], [ 100.502637371661777, 7.106996875494032 ], [ 100.502637371661777, 7.107086707022461 ], [ 100.502727203190304, 7.107086707022455 ], [ 100.502727203190304, 7.10735620160769 ], [ 100.502817034718475, 7.107356201607684 ], [ 100.502817034718475, 7.107535864664473 ], [ 100.502996697775529, 7.107535864664471 ], [ 100.502996697775529, 7.107625696192918 ], [ 100.503086529303701, 7.107625696192917 ], [ 100.503086529303701, 7.107715527721266 ], [ 100.503176360832242, 7.107715527721264 ], [ 100.503176360832214, 7.107805359249699 ], [ 100.503266192360755, 7.107805359249697 ], [ 100.503266192360755, 7.10807485383493 ], [ 100.503176360832214, 7.108074853834932 ], [ 100.503176360832228, 7.108138696930353 ], [ 100.503445855417453, 7.108366409445773 ], [ 100.503445855417453, 7.108344348420156 ], [ 100.50353568694598, 7.108344348420149 ], [ 100.50353568694598, 7.108254516891803 ], [ 100.50398484458789, 7.108254516891806 ], [ 100.503984844587919, 7.108344348420141 ], [ 100.504523833758356, 7.108344348420158 ], [ 100.504523833758356, 7.108254516891799 ], [ 100.50497299140028, 7.108254516891795 ], [ 100.50497299140028, 7.108344348420148 ], [ 100.50524248598586, 7.108344348420156 ], [ 100.505242485985846, 7.108434179948594 ], [ 100.505332317514032, 7.10843417994859 ], [ 100.505332317514032, 7.108524011477027 ], [ 100.5055119805711, 7.108524011477036 ], [ 100.5055119805711, 7.108613843005474 ], [ 100.505601812099258, 7.108613843005468 ], [ 100.505601812099243, 7.108524011477027 ], [ 100.505781475156311, 7.108524011477025 ], [ 100.505781475156297, 7.107266370079254 ], [ 100.505691643627799, 7.107266370079248 ], [ 100.50569164362777, 7.106637549380365 ], [ 100.505601812099258, 7.106637549380361 ] ] ], [ [ [ 100.51009338851992, 7.107356201607685 ], [ 100.51009338851992, 7.107176538550814 ], [ 100.510273051576604, 7.107176538550811 ], [ 100.510273051576618, 7.10690704396558 ], [ 100.510003556991379, 7.106907043965585 ], [ 100.510003556991393, 7.10681721243714 ], [ 100.509913725463221, 7.10681721243715 ], [ 100.509913725463221, 7.106637549380356 ], [ 100.510003556991393, 7.106637549380367 ], [ 100.510003556991393, 7.106457886323566 ], [ 100.510183220048447, 7.106457886323573 ], [ 100.510183220048447, 7.106368054795138 ], [ 100.510542546161844, 7.10636805479513 ], [ 100.510542546161844, 7.106278223266696 ], [ 100.510632377690357, 7.106278223266701 ], [ 100.510632377690371, 7.106188391738257 ], [ 100.510722209218912, 7.106188391738249 ], [ 100.510722209218912, 7.106098560209915 ], [ 100.510632377690371, 7.106098560209911 ], [ 100.510632377690371, 7.106008728681462 ], [ 100.510362883105159, 7.106008728681458 ], [ 100.510362883105159, 7.1060985602099 ], [ 100.510183220048447, 7.106098560209905 ], [ 100.510183220048461, 7.106188391738265 ], [ 100.509284904764243, 7.10618839173825 ], [ 100.509284904764243, 7.106278223266699 ], [ 100.509105241707545, 7.106278223266706 ], [ 100.509105241707545, 7.106368054795126 ], [ 100.509015410179032, 7.106368054795133 ], [ 100.509015410179003, 7.106547717851925 ], [ 100.508925578650491, 7.106547717851922 ], [ 100.508925578650491, 7.106637549380352 ], [ 100.508835747122319, 7.106637549380351 ], [ 100.508835747122333, 7.106727380908788 ], [ 100.508745915593806, 7.106727380908791 ], [ 100.508745915593792, 7.106907043965589 ], [ 100.508656084065265, 7.106907043965581 ], [ 100.508656084065265, 7.107086707022463 ], [ 100.508745915593806, 7.10708670702246 ], [ 100.508745915593778, 7.107356201607691 ], [ 100.508835747122319, 7.10735620160768 ], [ 100.508835747122319, 7.10744603313604 ], [ 100.509105241707545, 7.107446033136033 ], [ 100.509105241707545, 7.107535864664469 ], [ 100.50937473629277, 7.107535864664467 ], [ 100.509374736292784, 7.107625696192915 ], [ 100.509823893934708, 7.107625696192914 ], [ 100.50982389393468, 7.107535864664465 ], [ 100.509913725463221, 7.107535864664465 ], [ 100.509913725463221, 7.107446033136045 ], [ 100.510003556991379, 7.10744603313603 ], [ 100.510003556991393, 7.107356201607677 ], [ 100.51009338851992, 7.107356201607685 ] ] ], [ [ [ 100.510273051576632, 7.108613843005467 ], [ 100.510273051576618, 7.108524011477031 ], [ 100.510542546161858, 7.10852401147703 ], [ 100.510542546161844, 7.108434179948582 ], [ 100.511171366860822, 7.108434179948586 ], [ 100.511171366860822, 7.108254516891806 ], [ 100.511261198389349, 7.108254516891791 ], [ 100.511261198389349, 7.108164685363374 ], [ 100.511081535332295, 7.108164685363368 ], [ 100.511081535332295, 7.108074853834921 ], [ 100.510812040747069, 7.108074853834922 ], [ 100.510812040747069, 7.108164685363364 ], [ 100.510273051576618, 7.108164685363359 ], [ 100.510273051576618, 7.108074853834932 ], [ 100.510003556991393, 7.108074853834927 ], [ 100.510003556991393, 7.108164685363362 ], [ 100.509823893934694, 7.108164685363358 ], [ 100.50982389393468, 7.108254516891792 ], [ 100.509464567820942, 7.108254516891805 ], [ 100.509464567820956, 7.108344348420152 ], [ 100.509105241707545, 7.108344348420148 ], [ 100.50910524170753, 7.108434179948583 ], [ 100.508925578650491, 7.108434179948588 ], [ 100.508925578650491, 7.108613843005465 ], [ 100.509105241707545, 7.108613843005471 ], [ 100.509105241707545, 7.108703674533822 ], [ 100.509374736292756, 7.108703674533814 ], [ 100.50937473629277, 7.108793506062261 ], [ 100.509644230877996, 7.108793506062245 ], [ 100.50964423087801, 7.108883337590682 ], [ 100.509734062406167, 7.108883337590684 ], [ 100.509734062406167, 7.108793506062254 ], [ 100.510003556991393, 7.108793506062248 ], [ 100.510003556991393, 7.108703674533804 ], [ 100.51009338851992, 7.108703674533806 ], [ 100.510093388519905, 7.108613843005471 ], [ 100.510273051576632, 7.108613843005467 ] ] ], [ [ [ 100.507218779610611, 7.119303794886394 ], [ 100.507308611139138, 7.119303794886399 ], [ 100.507308611139152, 7.118944468772824 ], [ 100.507218779610611, 7.118944468772827 ], [ 100.507218779610611, 7.118315648073946 ], [ 100.507308611139138, 7.11831564807394 ], [ 100.507308611139138, 7.11813598501707 ], [ 100.507398442667665, 7.11813598501706 ], [ 100.507398442667665, 7.118046153488706 ], [ 100.507490828756929, 7.118046153488707 ], [ 100.507489899351668, 7.117507164318183 ], [ 100.507398442667665, 7.117507164318182 ], [ 100.507398442667665, 7.11741733278983 ], [ 100.507308611139152, 7.117417332789818 ], [ 100.507308611139138, 7.11732750126138 ], [ 100.507218779610611, 7.117327501261395 ], [ 100.507218779610611, 7.113105419426039 ], [ 100.507128948082439, 7.113105419426041 ], [ 100.507128948082439, 7.112656261783937 ], [ 100.507039116553912, 7.11265626178393 ], [ 100.507039116553912, 7.112566430255578 ], [ 100.506949285025385, 7.112566430255589 ], [ 100.506949285025385, 7.112476598727154 ], [ 100.506859453497228, 7.112476598727143 ], [ 100.506859453497199, 7.112386767198704 ], [ 100.506769621968701, 7.112386767198714 ], [ 100.506769621968687, 7.112296935670271 ], [ 100.50667979044016, 7.112296935670282 ], [ 100.506679790440145, 7.112207104141917 ], [ 100.506500127383475, 7.11220710414192 ], [ 100.506500127383447, 7.112117272613489 ], [ 100.506410295854948, 7.112117272613484 ], [ 100.50641029585492, 7.112027441085051 ], [ 100.506320464326777, 7.112027441085047 ], [ 100.506320464326777, 7.111937609556691 ], [ 100.506140801269709, 7.111937609556694 ], [ 100.506140801269709, 7.111847778028253 ], [ 100.505961138213024, 7.111847778028269 ], [ 100.50596113821301, 7.111757946499826 ], [ 100.505871306684469, 7.111757946499821 ], [ 100.505871306684497, 7.111847778028264 ], [ 100.505781475156311, 7.111847778028259 ], [ 100.505781475156311, 7.112117272613494 ], [ 100.505871306684483, 7.112117272613479 ], [ 100.505871306684497, 7.112207104141913 ], [ 100.505961138212996, 7.11220710414192 ], [ 100.505961138212996, 7.112296935670272 ], [ 100.506050969741523, 7.112296935670281 ], [ 100.506050969741551, 7.112386767198712 ], [ 100.506140801269709, 7.112386767198704 ], [ 100.506140801269709, 7.112476598727153 ], [ 100.506230632798236, 7.112476598727148 ], [ 100.506230632798236, 7.112656261783934 ], [ 100.506140801269709, 7.112656261783941 ], [ 100.506140801269723, 7.112835924840819 ], [ 100.50596113821301, 7.112835924840816 ], [ 100.50596113821301, 7.112925756369154 ], [ 100.505871306684469, 7.112925756369163 ], [ 100.505871306684483, 7.113015587897596 ], [ 100.505781475156311, 7.113015587897606 ], [ 100.505781475156311, 7.112925756369154 ], [ 100.505511980571086, 7.112925756369153 ], [ 100.505511980571086, 7.112835924840819 ], [ 100.505332317514018, 7.112835924840812 ], [ 100.505332317514046, 7.112746093312382 ], [ 100.505242485985875, 7.112746093312381 ], [ 100.50524248598586, 7.112566430255595 ], [ 100.505152654457333, 7.112566430255582 ], [ 100.505152654457333, 7.112386767198711 ], [ 100.505242485985875, 7.11238676719872 ], [ 100.50524248598586, 7.112207104141914 ], [ 100.505332317514018, 7.112207104141925 ], [ 100.505332317514032, 7.112027441085046 ], [ 100.50524248598586, 7.112027441085041 ], [ 100.50524248598586, 7.111937609556691 ], [ 100.504883159872108, 7.111937609556692 ], [ 100.504883159872108, 7.111847778028268 ], [ 100.504523833758356, 7.111847778028254 ], [ 100.504523833758356, 7.111937609556705 ], [ 100.504344170701671, 7.111937609556701 ], [ 100.504344170701657, 7.111847778028258 ], [ 100.504164507644603, 7.111847778028258 ], [ 100.504164507644603, 7.111757946499822 ], [ 100.504074676116431, 7.11175794649983 ], [ 100.504074676116417, 7.111668114971477 ], [ 100.503984844587919, 7.111668114971475 ], [ 100.50398484458789, 7.111488451914588 ], [ 100.504074676116446, 7.1114884519146 ], [ 100.504074676116417, 7.111398620386159 ], [ 100.504164507644589, 7.111398620386152 ], [ 100.504164507644603, 7.111308788857804 ], [ 100.504793328343581, 7.111308788857814 ], [ 100.504793328343581, 7.11139862038615 ], [ 100.50497299140028, 7.111398620386152 ], [ 100.50497299140028, 7.111488451914589 ], [ 100.505511980571086, 7.1114884519146 ], [ 100.505511980571086, 7.111398620386153 ], [ 100.505601812099258, 7.111398620386159 ], [ 100.505601812099258, 7.111308788857807 ], [ 100.505511980571072, 7.111308788857801 ], [ 100.505511980571086, 7.111218957329369 ], [ 100.505422149042559, 7.11121895732937 ], [ 100.505422149042559, 7.111129125800936 ], [ 100.505332317514032, 7.111129125800923 ], [ 100.505332317514032, 7.111039294272588 ], [ 100.50524248598586, 7.111039294272582 ], [ 100.50524248598586, 7.110949462744148 ], [ 100.505152654457333, 7.11094946274415 ], [ 100.505152654457333, 7.110859631215715 ], [ 100.505062822928792, 7.110859631215705 ], [ 100.505062822928821, 7.110769799687269 ], [ 100.504883159872094, 7.110769799687271 ], [ 100.504883159872094, 7.110679968158919 ], [ 100.504793328343581, 7.110679968158912 ], [ 100.504793328343595, 7.11059013663048 ], [ 100.50452383375837, 7.110590136630488 ], [ 100.504523833758356, 7.110500305102045 ], [ 100.504434002229829, 7.110500305102051 ], [ 100.504434002229814, 7.110320642045263 ], [ 100.504344170701657, 7.110320642045263 ], [ 100.504344170701643, 7.110230810516819 ], [ 100.504254339173116, 7.110230810516813 ], [ 100.504254339173116, 7.110140978988471 ], [ 100.504164507644603, 7.110140978988475 ], [ 100.504164507644603, 7.110051147460035 ], [ 100.50398484458789, 7.110051147460035 ], [ 100.503984844587904, 7.109961315931602 ], [ 100.503895013059378, 7.109961315931599 ], [ 100.503895013059392, 7.10987148440315 ], [ 100.503805181531206, 7.109871484403159 ], [ 100.503805181531206, 7.109781652874813 ], [ 100.503715350002679, 7.109781652874796 ], [ 100.503715350002679, 7.109691821346373 ], [ 100.503535686945995, 7.109691821346359 ], [ 100.50353568694598, 7.109601989817924 ], [ 100.503266192360755, 7.109601989817934 ], [ 100.503266192360769, 7.109512158289578 ], [ 100.503086529303701, 7.109512158289578 ], [ 100.503086529303701, 7.109422326761131 ], [ 100.502996697775529, 7.109422326761131 ], [ 100.502996697775529, 7.10933249523271 ], [ 100.502906866247002, 7.109332495232707 ], [ 100.502906866247002, 7.109242663704271 ], [ 100.502817034718475, 7.109242663704265 ], [ 100.502817034718461, 7.109152832175914 ], [ 100.502727203190304, 7.109152832175906 ], [ 100.502727203190318, 7.108973169119031 ], [ 100.502637371661791, 7.108973169119031 ], [ 100.502637371661777, 7.108883337590688 ], [ 100.50254754013325, 7.108883337590686 ], [ 100.502547540133236, 7.108793506062249 ], [ 100.502457708605093, 7.108793506062246 ], [ 100.502457708605093, 7.108703674533814 ], [ 100.502367877076551, 7.108703674533811 ], [ 100.502367877076566, 7.10852401147702 ], [ 100.502188214019853, 7.10852401147702 ], [ 100.502188214019839, 7.108344348420156 ], [ 100.502008550962799, 7.108344348420142 ], [ 100.502008550962799, 7.108254516891805 ], [ 100.5018288879061, 7.108254516891798 ], [ 100.5018288879061, 7.108164685363359 ], [ 100.501739056377559, 7.108164685363354 ], [ 100.501739056377573, 7.108074853834923 ], [ 100.501649224849047, 7.108074853834919 ], [ 100.501649224849047, 7.107985022306577 ], [ 100.501559393320875, 7.107985022306575 ], [ 100.501559393320875, 7.107895190778141 ], [ 100.501498636572705, 7.107895190778131 ], [ 100.501114401921328, 7.108496037501886 ], [ 100.500845106964945, 7.108864505758072 ], [ 100.500828211072616, 7.108890116049196 ], [ 100.500813209662809, 7.108908149885049 ], [ 100.500547177044851, 7.109272154381017 ], [ 100.500269296072474, 7.109592933984335 ], [ 100.499471598277012, 7.110640266797694 ], [ 100.505741580819233, 7.11849531113073 ], [ 100.505781475156326, 7.118495311130729 ], [ 100.505781475156141, 7.11854529082097 ], [ 100.505813285330632, 7.118585142659342 ], [ 100.505871306684497, 7.118585142659159 ], [ 100.505871306684398, 7.118657831905792 ], [ 100.505884989841761, 7.118674974187603 ], [ 100.505961138212996, 7.118674974187597 ], [ 100.50596113821301, 7.118764805715955 ], [ 100.506050969741537, 7.118764805715959 ], [ 100.506050969741381, 7.118882914075924 ], [ 100.507495391961044, 7.120692488583419 ], [ 100.507495011080394, 7.120471604755831 ], [ 100.507398442667665, 7.120471604755831 ], [ 100.507398442667665, 7.120381773227383 ], [ 100.507308611139138, 7.120381773227387 ], [ 100.507308611139138, 7.120291941698952 ], [ 100.507398442667665, 7.12029194169895 ], [ 100.507398442667665, 7.120022447113739 ], [ 100.507308611139138, 7.120022447113731 ], [ 100.507308611139138, 7.119752952528509 ], [ 100.507218779610625, 7.119752952528497 ], [ 100.507218779610611, 7.119303794886394 ] ], [ [ 100.501828887906115, 7.110320642045257 ], [ 100.501739056377573, 7.11032064204525 ], [ 100.501739056377573, 7.110230810516812 ], [ 100.501649224849047, 7.110230810516822 ], [ 100.501649224849032, 7.110140978988474 ], [ 100.501559393320875, 7.110140978988462 ], [ 100.501559393320861, 7.110051147460021 ], [ 100.501469561792348, 7.110051147460028 ], [ 100.501469561792334, 7.109961315931595 ], [ 100.501379730263821, 7.109961315931601 ], [ 100.501379730263821, 7.109781652874811 ], [ 100.501289898735649, 7.109781652874807 ], [ 100.501289898735664, 7.10960198981793 ], [ 100.501379730263821, 7.109601989817932 ], [ 100.501379730263821, 7.10951215828958 ], [ 100.501918719434286, 7.109512158289577 ], [ 100.501918719434272, 7.109601989817932 ], [ 100.502008550962799, 7.109601989817937 ], [ 100.502008550962799, 7.10969182134636 ], [ 100.502098382491326, 7.109691821346363 ], [ 100.502098382491326, 7.109781652874813 ], [ 100.502188214019853, 7.109781652874815 ], [ 100.502188214019867, 7.109961315931585 ], [ 100.502278045548024, 7.109961315931595 ], [ 100.502278045548024, 7.110140978988476 ], [ 100.502367877076551, 7.110140978988468 ], [ 100.502367877076551, 7.110590136630474 ], [ 100.502457708605078, 7.11059013663048 ], [ 100.502457708605078, 7.11121895732937 ], [ 100.502367877076551, 7.111218957329365 ], [ 100.502367877076551, 7.111308788857803 ], [ 100.502278045548024, 7.111308788857814 ], [ 100.502278045548039, 7.111398620386161 ], [ 100.501918719434272, 7.111398620386156 ], [ 100.501918719434286, 7.111308788857807 ], [ 100.5018288879061, 7.111308788857801 ], [ 100.501828887906086, 7.111129125800937 ], [ 100.501739056377573, 7.111129125800939 ], [ 100.501739056377573, 7.110859631215702 ], [ 100.5018288879061, 7.110859631215711 ], [ 100.5018288879061, 7.110590136630485 ], [ 100.501918719434272, 7.11059013663049 ], [ 100.501918719434272, 7.110500305102039 ], [ 100.5018288879061, 7.110500305102045 ], [ 100.501828887906115, 7.110320642045257 ] ] ], [ [ [ 100.513956144241604, 7.119932615585295 ], [ 100.514045975770131, 7.1199326155853 ], [ 100.514045975770117, 7.11966312100007 ], [ 100.514135807298302, 7.119663121000056 ], [ 100.514135807298317, 7.11948345794327 ], [ 100.514225638826829, 7.11948345794328 ], [ 100.514225638826815, 7.119303794886402 ], [ 100.514315470355356, 7.119303794886394 ], [ 100.514315470355356, 7.11921396335806 ], [ 100.514405301883883, 7.119213963358058 ], [ 100.514405301883883, 7.119124131829623 ], [ 100.514315470355371, 7.119124131829604 ], [ 100.514315470355356, 7.119034300301168 ], [ 100.514405301883897, 7.119034300301184 ], [ 100.514405301883883, 7.118944468772825 ], [ 100.514315470355356, 7.118944468772828 ], [ 100.514315470355356, 7.118764805715941 ], [ 100.514225638826829, 7.118764805715952 ], [ 100.514225638826829, 7.118674974187606 ], [ 100.514135807298288, 7.118674974187605 ], [ 100.514135807298317, 7.117866490431832 ], [ 100.514225638826829, 7.117866490431827 ], [ 100.514225638826829, 7.117686827375048 ], [ 100.514315470355342, 7.117686827375051 ], [ 100.514315470355371, 7.117596995846617 ], [ 100.514405301883869, 7.11759699584661 ], [ 100.514405301883897, 7.117417332789815 ], [ 100.514495133412041, 7.117417332789818 ], [ 100.514495133412055, 7.117237669732954 ], [ 100.514584964940582, 7.117237669732946 ], [ 100.514584964940582, 7.116698680562503 ], [ 100.514674796469123, 7.116698680562487 ], [ 100.514674796469109, 7.116519017505709 ], [ 100.514764627997295, 7.116519017505709 ], [ 100.51476462799728, 7.116249522920397 ], [ 100.514674796469109, 7.116249522920397 ], [ 100.514674796469109, 7.116159691392049 ], [ 100.514584964940582, 7.116159691392043 ], [ 100.514584964940582, 7.11606985986361 ], [ 100.514225638826829, 7.116069859863609 ], [ 100.514225638826829, 7.11615969139204 ], [ 100.51350698659968, 7.116159691392054 ], [ 100.51350698659968, 7.116069859863615 ], [ 100.51323749201444, 7.1160698598636 ], [ 100.513237492014454, 7.116159691392052 ], [ 100.513147660485942, 7.116159691392052 ], [ 100.513147660485927, 7.116249522920398 ], [ 100.5130578289574, 7.116249522920386 ], [ 100.5130578289574, 7.116339354448827 ], [ 100.512878165900702, 7.116339354448836 ], [ 100.512878165900702, 7.116429185977266 ], [ 100.512429008258792, 7.116429185977262 ], [ 100.512429008258778, 7.11651901750571 ], [ 100.512069682145025, 7.116519017505704 ], [ 100.512069682145039, 7.116429185977277 ], [ 100.511890019088327, 7.116429185977267 ], [ 100.511890019088312, 7.11633935444883 ], [ 100.511710356031273, 7.116339354448823 ], [ 100.511710356031273, 7.116249522920397 ], [ 100.511620524503087, 7.116249522920388 ], [ 100.511620524503101, 7.116159691392046 ], [ 100.511530692974574, 7.116159691392038 ], [ 100.511530692974588, 7.116069859863599 ], [ 100.511440861446033, 7.116069859863613 ], [ 100.511440861446061, 7.115710533749946 ], [ 100.511530692974574, 7.115710533749946 ], [ 100.511530692974574, 7.115620702221597 ], [ 100.511620524503101, 7.115620702221604 ], [ 100.511620524503101, 7.115441039164725 ], [ 100.511710356031273, 7.115441039164715 ], [ 100.511710356031287, 7.114991881522707 ], [ 100.511620524503115, 7.11499188152271 ], [ 100.511620524503115, 7.114722386937384 ], [ 100.511710356031273, 7.114722386937398 ], [ 100.511710356031273, 7.114542723880603 ], [ 100.512429008258763, 7.114542723880603 ], [ 100.512429008258778, 7.114452892352166 ], [ 100.512698502844003, 7.114452892352161 ], [ 100.512698502844003, 7.114363060823811 ], [ 100.512878165900702, 7.114363060823819 ], [ 100.512878165900702, 7.114273229295376 ], [ 100.513147660485942, 7.114273229295368 ], [ 100.513147660485927, 7.114183397766936 ], [ 100.513237492014454, 7.114183397766949 ], [ 100.51323749201444, 7.114093566238591 ], [ 100.513327323542626, 7.114093566238581 ], [ 100.513327323542626, 7.113824071653283 ], [ 100.51323749201444, 7.113824071653279 ], [ 100.513237492014454, 7.113734240124932 ], [ 100.5130578289574, 7.113734240124929 ], [ 100.513057828957415, 7.113644408596487 ], [ 100.512698502844003, 7.113644408596497 ], [ 100.512698502844003, 7.113554577068046 ], [ 100.51260867131549, 7.113554577068047 ], [ 100.512608671315476, 7.113644408596493 ], [ 100.512429008258778, 7.113644408596481 ], [ 100.512429008258763, 7.113734240124917 ], [ 100.512249345201724, 7.113734240124932 ], [ 100.51224934520171, 7.113824071653275 ], [ 100.512159513673552, 7.113824071653275 ], [ 100.512159513673552, 7.113734240124937 ], [ 100.512069682145025, 7.113734240124921 ], [ 100.512069682145039, 7.113644408596486 ], [ 100.511979850616484, 7.113644408596497 ], [ 100.511979850616513, 7.113195250954378 ], [ 100.511890019088312, 7.113195250954395 ], [ 100.511890019088327, 7.1130155878976 ], [ 100.511800187559814, 7.113015587897589 ], [ 100.5118001875598, 7.112925756369155 ], [ 100.511710356031273, 7.112925756369152 ], [ 100.511710356031259, 7.112835924840822 ], [ 100.51153069297456, 7.11283592484081 ], [ 100.511530692974574, 7.112656261783931 ], [ 100.511261198389349, 7.112656261783934 ], [ 100.511261198389363, 7.112566430255591 ], [ 100.511081535332295, 7.112566430255597 ], [ 100.511081535332295, 7.112207104141935 ], [ 100.511261198389349, 7.112207104141927 ], [ 100.511261198389349, 7.112117272613495 ], [ 100.511351029917876, 7.112117272613488 ], [ 100.511351029917861, 7.112027441085047 ], [ 100.51153069297456, 7.112027441085048 ], [ 100.51153069297456, 7.111937609556691 ], [ 100.511710356031287, 7.11193760955669 ], [ 100.511710356031259, 7.111847778028256 ], [ 100.512069682145025, 7.111847778028266 ], [ 100.512069682145025, 7.111757946499828 ], [ 100.512159513673552, 7.111757946499822 ], [ 100.512159513673538, 7.111668114971478 ], [ 100.511979850616498, 7.111668114971481 ], [ 100.511979850616513, 7.111578283443044 ], [ 100.5118001875598, 7.111578283443035 ], [ 100.511800187559786, 7.111488451914587 ], [ 100.511620524503087, 7.111488451914608 ], [ 100.511620524503115, 7.11139862038615 ], [ 100.511530692974588, 7.111398620386162 ], [ 100.511530692974574, 7.111308788857812 ], [ 100.511081535332295, 7.111308788857817 ], [ 100.511081535332295, 7.111218957329362 ], [ 100.510991703804123, 7.111218957329374 ], [ 100.510991703804123, 7.111129125800923 ], [ 100.510901872275596, 7.111129125800932 ], [ 100.510901872275596, 7.110859631215711 ], [ 100.510812040747069, 7.11085963121571 ], [ 100.510812040747055, 7.110769799687268 ], [ 100.510901872275596, 7.110769799687261 ], [ 100.51090187227561, 7.110590136630473 ], [ 100.510991703804123, 7.110590136630475 ], [ 100.510991703804123, 7.110500305102049 ], [ 100.511081535332309, 7.110500305102051 ], [ 100.511081535332295, 7.110320642045258 ], [ 100.511440861446061, 7.110320642045248 ], [ 100.511440861446061, 7.110230810516819 ], [ 100.511890019088327, 7.110230810516813 ], [ 100.511890019088312, 7.110140978988471 ], [ 100.511979850616498, 7.110140978988474 ], [ 100.511979850616498, 7.110051147460022 ], [ 100.512069682145025, 7.110051147460027 ], [ 100.512069682145025, 7.109871484403148 ], [ 100.511710356031273, 7.109871484403161 ], [ 100.511710356031287, 7.109781652874803 ], [ 100.511530692974574, 7.109781652874801 ], [ 100.511530692974574, 7.109691821346374 ], [ 100.511440861446047, 7.109691821346362 ], [ 100.511440861446047, 7.109601989817921 ], [ 100.510991703804123, 7.109601989817927 ], [ 100.510991703804137, 7.109691821346372 ], [ 100.510362883105145, 7.109691821346367 ], [ 100.510362883105145, 7.109781652874807 ], [ 100.510273051576632, 7.109781652874797 ], [ 100.510273051576618, 7.110051147460021 ], [ 100.51009338851992, 7.110051147460022 ], [ 100.51009338851992, 7.110140978988467 ], [ 100.510003556991379, 7.11014097898846 ], [ 100.510003556991393, 7.110230810516811 ], [ 100.509823893934694, 7.110230810516816 ], [ 100.509823893934694, 7.110140978988468 ], [ 100.509644230877996, 7.110140978988465 ], [ 100.509644230877996, 7.110051147460035 ], [ 100.509464567820942, 7.110051147460026 ], [ 100.509464567820942, 7.109961315931597 ], [ 100.509374736292756, 7.109961315931584 ], [ 100.509374736292756, 7.109691821346361 ], [ 100.509464567820942, 7.10969182134636 ], [ 100.509464567820956, 7.109332495232699 ], [ 100.508925578650491, 7.109332495232708 ], [ 100.508925578650476, 7.109422326761137 ], [ 100.508745915593792, 7.109422326761135 ], [ 100.508745915593792, 7.109512158289575 ], [ 100.508566252537094, 7.109512158289584 ], [ 100.508566252537094, 7.109601989817934 ], [ 100.507667937252904, 7.109601989817928 ], [ 100.50766793725289, 7.109691821346368 ], [ 100.507578105724363, 7.109691821346363 ], [ 100.507578105724363, 7.110320642045248 ], [ 100.507488274195836, 7.110320642045257 ], [ 100.507488274195836, 7.11059013663048 ], [ 100.507667937252876, 7.110590136630484 ], [ 100.507667937252904, 7.110679968158921 ], [ 100.507847600309589, 7.110679968158924 ], [ 100.507847600309589, 7.110769799687269 ], [ 100.50793743183813, 7.110769799687265 ], [ 100.507937431838116, 7.110859631215704 ], [ 100.508027263366301, 7.110859631215703 ], [ 100.508027263366287, 7.110949462744135 ], [ 100.508117094894814, 7.110949462744154 ], [ 100.508117094894814, 7.111129125800943 ], [ 100.508206926423341, 7.111129125800935 ], [ 100.508206926423341, 7.111308788857804 ], [ 100.50838658948004, 7.111308788857806 ], [ 100.50838658948004, 7.111398620386166 ], [ 100.509105241707545, 7.111398620386149 ], [ 100.509105241707545, 7.111488451914596 ], [ 100.50919507323573, 7.111488451914597 ], [ 100.509195073235716, 7.111578283443034 ], [ 100.509284904764243, 7.111578283443031 ], [ 100.509284904764257, 7.111847778028266 ], [ 100.509195073235716, 7.111847778028252 ], [ 100.509195073235716, 7.1119376095567 ], [ 100.508745915593792, 7.111937609556695 ], [ 100.508745915593792, 7.112027441085056 ], [ 100.508476421008567, 7.112027441085042 ], [ 100.508476421008552, 7.112117272613481 ], [ 100.50838658948004, 7.112117272613494 ], [ 100.50838658948004, 7.112296935670275 ], [ 100.508296757951868, 7.112296935670281 ], [ 100.508296757951868, 7.112476598727143 ], [ 100.50838658948004, 7.112476598727146 ], [ 100.50838658948004, 7.112656261783928 ], [ 100.508476421008567, 7.112656261783941 ], [ 100.508476421008581, 7.112835924840803 ], [ 100.508566252537094, 7.112835924840804 ], [ 100.508566252537079, 7.113285082482821 ], [ 100.508476421008567, 7.11328508248283 ], [ 100.508476421008567, 7.113464745539702 ], [ 100.508386589480054, 7.113464745539702 ], [ 100.50838658948004, 7.113824071653279 ], [ 100.508296757951854, 7.113824071653279 ], [ 100.508296757951868, 7.113913903181725 ], [ 100.50838658948004, 7.113913903181718 ], [ 100.50838658948004, 7.114542723880607 ], [ 100.508296757951868, 7.114542723880611 ], [ 100.508296757951854, 7.114632555409037 ], [ 100.50838658948004, 7.114632555409049 ], [ 100.50838658948004, 7.114722386937387 ], [ 100.508296757951868, 7.114722386937401 ], [ 100.508296757951868, 7.115081713051056 ], [ 100.50838658948004, 7.115081713051059 ], [ 100.50838658948004, 7.115351207636273 ], [ 100.508476421008552, 7.115351207636274 ], [ 100.508476421008552, 7.11615969139204 ], [ 100.50838658948004, 7.11615969139205 ], [ 100.50838658948004, 7.116698680562487 ], [ 100.508296757951868, 7.1166986805625 ], [ 100.508296757951868, 7.116788512090929 ], [ 100.508386589480054, 7.116788512090933 ], [ 100.50838658948004, 7.118405479602284 ], [ 100.508296757951854, 7.118405479602279 ], [ 100.508296757951854, 7.118764805715959 ], [ 100.50838658948004, 7.118764805715944 ], [ 100.50838658948004, 7.119124131829626 ], [ 100.508296757951868, 7.119124131829622 ], [ 100.508296757951854, 7.119303794886407 ], [ 100.50838658948004, 7.119303794886402 ], [ 100.50838658948004, 7.119393626414833 ], [ 100.508476421008567, 7.119393626414846 ], [ 100.508476421008567, 7.119483457943273 ], [ 100.508656084065265, 7.119483457943282 ], [ 100.508656084065265, 7.119573289471713 ], [ 100.509015410179003, 7.119573289471709 ], [ 100.509015410179018, 7.119663121000072 ], [ 100.509105241707545, 7.119663121000061 ], [ 100.509105241707545, 7.119573289471724 ], [ 100.509284904764243, 7.119573289471711 ], [ 100.509284904764243, 7.119483457943287 ], [ 100.50937473629277, 7.119483457943285 ], [ 100.50937473629277, 7.119393626414846 ], [ 100.509464567820942, 7.119393626414839 ], [ 100.509464567820942, 7.119213963358048 ], [ 100.509734062406181, 7.119213963358043 ], [ 100.509734062406167, 7.119124131829611 ], [ 100.510003556991379, 7.119124131829625 ], [ 100.510003556991393, 7.119034300301175 ], [ 100.510093388519905, 7.119034300301179 ], [ 100.510093388519905, 7.118944468772838 ], [ 100.51054254616183, 7.11894446877283 ], [ 100.510542546161844, 7.118854637244396 ], [ 100.510632377690357, 7.11885463724438 ], [ 100.510632377690371, 7.118764805715953 ], [ 100.510722209218912, 7.118764805715954 ], [ 100.510722209218883, 7.118674974187597 ], [ 100.510812040747069, 7.118674974187596 ], [ 100.510812040747069, 7.118585142659166 ], [ 100.511081535332309, 7.118585142659161 ], [ 100.511081535332309, 7.118495311130726 ], [ 100.511440861446047, 7.118495311130734 ], [ 100.511440861446061, 7.118405479602283 ], [ 100.511620524503115, 7.118405479602277 ], [ 100.511620524503101, 7.118225816545502 ], [ 100.511710356031259, 7.118225816545498 ], [ 100.511710356031287, 7.118135985017059 ], [ 100.511890019088327, 7.11813598501706 ], [ 100.511890019088327, 7.117956321960271 ], [ 100.511979850616498, 7.117956321960273 ], [ 100.511979850616513, 7.117686827375053 ], [ 100.511890019088327, 7.117686827375049 ], [ 100.511890019088312, 7.117507164318177 ], [ 100.5118001875598, 7.117507164318176 ], [ 100.5118001875598, 7.117237669732939 ], [ 100.511890019088327, 7.11723766973294 ], [ 100.511890019088327, 7.117058006676164 ], [ 100.511979850616498, 7.117058006676166 ], [ 100.511979850616498, 7.116968175147719 ], [ 100.512339176730251, 7.116968175147727 ], [ 100.512339176730251, 7.117058006676158 ], [ 100.512429008258778, 7.11705800667615 ], [ 100.512429008258792, 7.117417332789826 ], [ 100.512518839786949, 7.117417332789832 ], [ 100.512518839786964, 7.117596995846604 ], [ 100.512608671315476, 7.117596995846607 ], [ 100.512608671315476, 7.1177766589034 ], [ 100.512698502844003, 7.117776658903402 ], [ 100.512698502844003, 7.117956321960276 ], [ 100.512788334372175, 7.117956321960276 ], [ 100.512788334372161, 7.118135985017068 ], [ 100.512878165900702, 7.118135985017062 ], [ 100.512878165900702, 7.118585142659172 ], [ 100.512967997429229, 7.118585142659175 ], [ 100.512967997429229, 7.119213963358056 ], [ 100.512878165900702, 7.119213963358049 ], [ 100.512878165900702, 7.119752952528502 ], [ 100.512967997429229, 7.119752952528514 ], [ 100.512967997429229, 7.119932615585289 ], [ 100.5130578289574, 7.119932615585292 ], [ 100.5130578289574, 7.120112278642164 ], [ 100.513147660485942, 7.120112278642177 ], [ 100.513147660485913, 7.120202110170602 ], [ 100.513417155071153, 7.120202110170614 ], [ 100.513417155071153, 7.120291941698965 ], [ 100.513686649656378, 7.120291941698952 ], [ 100.513686649656378, 7.120202110170612 ], [ 100.513776481184919, 7.12020211017061 ], [ 100.513776481184891, 7.120112278642167 ], [ 100.513866312713091, 7.12011227864217 ], [ 100.513866312713077, 7.120022447113723 ], [ 100.513956144241604, 7.120022447113724 ], [ 100.513956144241604, 7.119932615585295 ] ], [ [ 100.509823893934708, 7.112476598727149 ], [ 100.509823893934694, 7.112566430255583 ], [ 100.509913725463207, 7.112566430255589 ], [ 100.509913725463207, 7.112746093312374 ], [ 100.50982389393468, 7.112746093312369 ], [ 100.509823893934694, 7.112835924840818 ], [ 100.509734062406153, 7.112835924840821 ], [ 100.509734062406167, 7.112925756369156 ], [ 100.509644230877981, 7.112925756369171 ], [ 100.509644230877996, 7.113015587897593 ], [ 100.509554399349469, 7.113015587897597 ], [ 100.509554399349454, 7.113105419426044 ], [ 100.50937473629277, 7.113105419426048 ], [ 100.509374736292756, 7.113015587897604 ], [ 100.509195073235716, 7.113015587897594 ], [ 100.509195073235716, 7.112925756369151 ], [ 100.509105241707545, 7.11292575636917 ], [ 100.509105241707559, 7.112566430255587 ], [ 100.509195073235716, 7.11256643025558 ], [ 100.509195073235716, 7.112386767198711 ], [ 100.509734062406167, 7.112386767198712 ], [ 100.509734062406167, 7.112476598727158 ], [ 100.509823893934708, 7.112476598727149 ] ], [ [ 100.511171366860822, 7.114542723880605 ], [ 100.511171366860822, 7.114632555409033 ], [ 100.511261198389349, 7.114632555409037 ], [ 100.511261198389349, 7.114902049994265 ], [ 100.511171366860836, 7.114902049994257 ], [ 100.511171366860808, 7.114991881522713 ], [ 100.511081535332295, 7.114991881522713 ], [ 100.511081535332295, 7.115081713051063 ], [ 100.510901872275596, 7.115081713051053 ], [ 100.510901872275596, 7.1151715445795 ], [ 100.510812040747069, 7.11517154457949 ], [ 100.510812040747069, 7.11508171305105 ], [ 100.510722209218898, 7.115081713051066 ], [ 100.510722209218898, 7.114991881522712 ], [ 100.510632377690385, 7.114991881522711 ], [ 100.510632377690371, 7.114722386937383 ], [ 100.510722209218898, 7.114722386937398 ], [ 100.510722209218883, 7.114632555409036 ], [ 100.510812040747069, 7.114632555409038 ], [ 100.510812040747069, 7.114542723880604 ], [ 100.511171366860822, 7.114542723880605 ] ] ], [ [ [ 100.510273051576632, 7.12433436047751 ], [ 100.510183220048447, 7.124334360477524 ], [ 100.510183220048461, 7.124244528949081 ], [ 100.510273051576604, 7.124244528949076 ], [ 100.510273051576618, 7.124064865892282 ], [ 100.510362883105145, 7.12406486589229 ], [ 100.510362883105145, 7.123885202835404 ], [ 100.510452714633672, 7.123885202835407 ], [ 100.510452714633672, 7.123705539778632 ], [ 100.510362883105159, 7.123705539778629 ], [ 100.510362883105131, 7.123615708250187 ], [ 100.510273051576618, 7.12361570825019 ], [ 100.510273051576618, 7.123436045193397 ], [ 100.510183220048447, 7.123436045193396 ], [ 100.510183220048461, 7.123256382136615 ], [ 100.510273051576618, 7.123256382136616 ], [ 100.510273051576604, 7.123076719079744 ], [ 100.510362883105145, 7.123076719079741 ], [ 100.510362883105145, 7.122717392966065 ], [ 100.510273051576604, 7.122717392966068 ], [ 100.510273051576604, 7.122627561437729 ], [ 100.510183220048447, 7.122627561437719 ], [ 100.510183220048447, 7.122537729909285 ], [ 100.509913725463221, 7.122537729909276 ], [ 100.509913725463221, 7.122627561437719 ], [ 100.509644230877996, 7.122627561437716 ], [ 100.509644230877996, 7.12280722449452 ], [ 100.509554399349454, 7.12280722449451 ], [ 100.509554399349483, 7.122986887551301 ], [ 100.509644230877996, 7.122986887551294 ], [ 100.509644230877996, 7.123166550608177 ], [ 100.509734062406167, 7.123166550608172 ], [ 100.509734062406167, 7.123256382136611 ], [ 100.509823893934694, 7.123256382136612 ], [ 100.509823893934694, 7.123436045193404 ], [ 100.509913725463207, 7.123436045193404 ], [ 100.509913725463221, 7.123705539778619 ], [ 100.509823893934694, 7.123705539778626 ], [ 100.509823893934694, 7.12392836600721 ], [ 100.50996486763124, 7.12409532230212 ], [ 100.510100365254587, 7.124334109346137 ], [ 100.510129338904008, 7.124436991992188 ], [ 100.510129713419474, 7.12455140362745 ], [ 100.510084612994106, 7.124768941053937 ], [ 100.510042128580068, 7.124873349648058 ], [ 100.510093388519934, 7.124873349647971 ], [ 100.510093388519905, 7.124963181176404 ], [ 100.510273051576618, 7.124963181176408 ], [ 100.510273051576618, 7.124873349647974 ], [ 100.510362883105145, 7.124873349647973 ], [ 100.510362883105145, 7.124514023534307 ], [ 100.510273051576604, 7.124514023534308 ], [ 100.510273051576632, 7.12433436047751 ] ] ], [ [ [ 100.512698502844003, 7.062979426572141 ], [ 100.512698502844003, 7.062889595043694 ], [ 100.512788334372189, 7.062889595043708 ], [ 100.512788334372175, 7.062620100458483 ], [ 100.512698502844003, 7.062620100458477 ], [ 100.512698502844003, 7.062440437401687 ], [ 100.51260867131549, 7.062440437401689 ], [ 100.512608671315476, 7.062350605873246 ], [ 100.512698502843989, 7.062350605873241 ], [ 100.512698502843989, 7.062170942816471 ], [ 100.512967997429215, 7.062170942816457 ], [ 100.512967997429229, 7.062081111288025 ], [ 100.5130578289574, 7.062081111288024 ], [ 100.5130578289574, 7.061991279759591 ], [ 100.513237492014468, 7.061991279759591 ], [ 100.513237492014454, 7.061901448231234 ], [ 100.513327323542626, 7.061901448231239 ], [ 100.513327323542612, 7.06163195364601 ], [ 100.513237492014454, 7.06163195364601 ], [ 100.513237492014454, 7.061542122117576 ], [ 100.5130578289574, 7.061542122117572 ], [ 100.513057828957415, 7.061631953646003 ], [ 100.512429008258778, 7.06163195364601 ], [ 100.512429008258778, 7.061721785174365 ], [ 100.512339176730265, 7.061721785174358 ], [ 100.512339176730265, 7.061901448231243 ], [ 100.512249345201724, 7.061901448231231 ], [ 100.512249345201724, 7.061991279759581 ], [ 100.512339176730251, 7.061991279759594 ], [ 100.512339176730251, 7.062081111288028 ], [ 100.512249345201724, 7.06208111128803 ], [ 100.512249345201724, 7.062170942816459 ], [ 100.512339176730237, 7.062170942816461 ], [ 100.512339176730251, 7.062260774344814 ], [ 100.512249345201738, 7.062260774344808 ], [ 100.512249345201724, 7.062350605873259 ], [ 100.512159513673566, 7.062350605873251 ], [ 100.512159513673552, 7.062440437401677 ], [ 100.512069682145025, 7.062440437401689 ], [ 100.512069682145025, 7.06253026893013 ], [ 100.511890019088341, 7.062530268930128 ], [ 100.511890019088341, 7.062440437401693 ], [ 100.511710356031259, 7.062440437401687 ], [ 100.511710356031273, 7.062350605873241 ], [ 100.511620524503115, 7.062350605873243 ], [ 100.511620524503101, 7.062170942816465 ], [ 100.511530692974588, 7.062170942816461 ], [ 100.51153069297456, 7.062081111288026 ], [ 100.511620524503101, 7.062081111288025 ], [ 100.511620524503101, 7.061721785174369 ], [ 100.511530692974574, 7.061721785174351 ], [ 100.511530692974574, 7.061631953646017 ], [ 100.511440861446061, 7.061631953646007 ], [ 100.511440861446047, 7.06154212211758 ], [ 100.511351029917861, 7.061542122117577 ], [ 100.511351029917876, 7.061362459060692 ], [ 100.511261198389363, 7.061362459060687 ], [ 100.511261198389349, 7.061182796003916 ], [ 100.511171366860822, 7.061182796003907 ], [ 100.511171366860822, 7.061003132947127 ], [ 100.511081535332295, 7.061003132947115 ], [ 100.511081535332295, 7.060823469890249 ], [ 100.510901872275582, 7.060823469890244 ], [ 100.51090187227561, 7.060913301418674 ], [ 100.510812040747069, 7.060913301418685 ], [ 100.510812040747069, 7.061003132947127 ], [ 100.510722209218898, 7.061003132947113 ], [ 100.510722209218898, 7.061092964475471 ], [ 100.510273051576604, 7.061092964475465 ], [ 100.510273051576618, 7.061003132947127 ], [ 100.510183220048447, 7.061003132947125 ], [ 100.510183220048461, 7.061092964475473 ], [ 100.510003556991393, 7.061092964475467 ], [ 100.510003556991379, 7.0611827960039 ], [ 100.509913725463207, 7.061182796003915 ], [ 100.509913725463235, 7.0613624590607 ], [ 100.510003556991379, 7.061362459060704 ], [ 100.510003556991393, 7.06154212211757 ], [ 100.51009338851992, 7.061542122117576 ], [ 100.51009338851992, 7.061631953646017 ], [ 100.510183220048447, 7.061631953646012 ], [ 100.510183220048432, 7.061721785174362 ], [ 100.510273051576632, 7.061721785174354 ], [ 100.510273051576618, 7.062260774344808 ], [ 100.510362883105145, 7.06226077434481 ], [ 100.510362883105159, 7.062440437401686 ], [ 100.510452714633672, 7.062440437401684 ], [ 100.510452714633686, 7.06253026893012 ], [ 100.51054254616183, 7.062530268930129 ], [ 100.51054254616183, 7.062620100458473 ], [ 100.510632377690385, 7.062620100458469 ], [ 100.510632377690371, 7.062709931986922 ], [ 100.510812040747055, 7.062709931986916 ], [ 100.510812040747069, 7.062799763515341 ], [ 100.510991703804137, 7.062799763515352 ], [ 100.510991703804137, 7.06288959504369 ], [ 100.511171366860822, 7.062889595043699 ], [ 100.511171366860822, 7.062979426572132 ], [ 100.511351029917876, 7.062979426572132 ], [ 100.511351029917861, 7.063069258100575 ], [ 100.511979850616498, 7.063069258100573 ], [ 100.511979850616498, 7.062979426572134 ], [ 100.512249345201724, 7.062979426572132 ], [ 100.512249345201724, 7.062889595043701 ], [ 100.512518839786935, 7.062889595043692 ], [ 100.512518839786935, 7.062979426572133 ], [ 100.512698502844003, 7.062979426572141 ] ] ], [ [ [ 100.512429008258778, 7.119303794886404 ], [ 100.512429008258792, 7.118585142659166 ], [ 100.512339176730265, 7.118585142659166 ], [ 100.512339176730251, 7.118495311130736 ], [ 100.512249345201724, 7.118495311130729 ], [ 100.512249345201724, 7.118405479602282 ], [ 100.511979850616484, 7.11840547960228 ], [ 100.511979850616498, 7.118495311130732 ], [ 100.511710356031273, 7.118495311130719 ], [ 100.511710356031273, 7.118585142659168 ], [ 100.511530692974588, 7.118585142659169 ], [ 100.511530692974574, 7.118674974187605 ], [ 100.511440861446033, 7.11867497418761 ], [ 100.511440861446061, 7.118764805715952 ], [ 100.511351029917876, 7.118764805715955 ], [ 100.511351029917876, 7.118854637244389 ], [ 100.511261198389363, 7.118854637244392 ], [ 100.511261198389363, 7.118944468772836 ], [ 100.510991703804123, 7.118944468772823 ], [ 100.510991703804109, 7.119034300301178 ], [ 100.510632377690371, 7.119034300301186 ], [ 100.510632377690371, 7.119124131829604 ], [ 100.510542546161844, 7.119124131829613 ], [ 100.510542546161844, 7.11921396335806 ], [ 100.510452714633686, 7.119213963358043 ], [ 100.510452714633672, 7.1193037948864 ], [ 100.510362883105145, 7.119303794886402 ], [ 100.510362883105145, 7.119483457943285 ], [ 100.510452714633672, 7.119483457943283 ], [ 100.510452714633672, 7.119573289471712 ], [ 100.510722209218898, 7.11957328947171 ], [ 100.510722209218912, 7.119663121000064 ], [ 100.511171366860822, 7.119663121000058 ], [ 100.511171366860822, 7.119573289471723 ], [ 100.511351029917876, 7.119573289471713 ], [ 100.51135102991789, 7.119483457943277 ], [ 100.511800187559814, 7.119483457943283 ], [ 100.5118001875598, 7.119573289471712 ], [ 100.511979850616498, 7.119573289471711 ], [ 100.511979850616498, 7.11966312100007 ], [ 100.512159513673538, 7.11966312100006 ], [ 100.512159513673552, 7.119573289471707 ], [ 100.51224934520171, 7.119573289471714 ], [ 100.512249345201738, 7.119483457943275 ], [ 100.512339176730237, 7.11948345794328 ], [ 100.512339176730265, 7.119303794886405 ], [ 100.512429008258778, 7.119303794886404 ] ] ], [ [ [ 100.515303617167731, 7.120202110170612 ], [ 100.515303617167731, 7.12011227864217 ], [ 100.515393448696258, 7.120112278642169 ], [ 100.515393448696258, 7.120022447113727 ], [ 100.515573111752957, 7.120022447113739 ], [ 100.515573111752957, 7.1199326155853 ], [ 100.515662943281498, 7.119932615585294 ], [ 100.515662943281484, 7.119842784056937 ], [ 100.515752774810011, 7.119842784056936 ], [ 100.515752774810011, 7.119752952528497 ], [ 100.515842606338197, 7.119752952528506 ], [ 100.515842606338182, 7.119393626414841 ], [ 100.515932437866695, 7.119393626414846 ], [ 100.515932437866709, 7.119124131829608 ], [ 100.515842606338182, 7.119124131829612 ], [ 100.515842606338182, 7.119034300301179 ], [ 100.515662943281484, 7.11903430030118 ], [ 100.515662943281498, 7.118944468772837 ], [ 100.515213785639574, 7.11894446877282 ], [ 100.51521378563956, 7.118854637244384 ], [ 100.515123954111047, 7.118854637244389 ], [ 100.515123954111033, 7.11876480571595 ], [ 100.515034122582506, 7.118764805715961 ], [ 100.515034122582506, 7.118495311130725 ], [ 100.515123954111047, 7.118495311130718 ], [ 100.515123954111033, 7.11840547960229 ], [ 100.515213785639546, 7.118405479602292 ], [ 100.51521378563956, 7.118315648073944 ], [ 100.515303617167717, 7.118315648073936 ], [ 100.515303617167731, 7.118225816545506 ], [ 100.515393448696273, 7.118225816545507 ], [ 100.515393448696258, 7.117956321960272 ], [ 100.515303617167717, 7.117956321960285 ], [ 100.515303617167731, 7.117866490431846 ], [ 100.515034122582492, 7.117866490431829 ], [ 100.51503412258252, 7.118046153488713 ], [ 100.514944291054334, 7.118046153488718 ], [ 100.514944291054334, 7.118315648073933 ], [ 100.514854459525807, 7.118315648073932 ], [ 100.514854459525807, 7.118495311130718 ], [ 100.514764627997295, 7.118495311130727 ], [ 100.51476462799728, 7.118674974187606 ], [ 100.514674796469123, 7.118674974187602 ], [ 100.514674796469123, 7.118764805715947 ], [ 100.514584964940582, 7.118764805715951 ], [ 100.514584964940568, 7.119034300301179 ], [ 100.51476462799728, 7.119034300301175 ], [ 100.514764627997295, 7.119213963358049 ], [ 100.514854459525822, 7.119213963358053 ], [ 100.514854459525807, 7.119573289471727 ], [ 100.51476462799728, 7.119573289471723 ], [ 100.51476462799728, 7.119663121000068 ], [ 100.514674796469095, 7.119663121000068 ], [ 100.514674796469123, 7.119842784056949 ], [ 100.514584964940568, 7.119842784056936 ], [ 100.514584964940582, 7.120291941698958 ], [ 100.514495133412055, 7.120291941698951 ], [ 100.514495133412041, 7.120381773227396 ], [ 100.514584964940596, 7.120381773227384 ], [ 100.514584964940582, 7.120471604755828 ], [ 100.514674796469095, 7.120471604755837 ], [ 100.514674796469109, 7.120381773227394 ], [ 100.51476462799728, 7.120381773227388 ], [ 100.51476462799728, 7.120291941698963 ], [ 100.514854459525807, 7.12029194169896 ], [ 100.514854459525807, 7.120202110170615 ], [ 100.515303617167731, 7.120202110170612 ] ] ] ] } },
{ "type": "Feature", "properties": { "TB_IDN": 901116, "TB_TN": "ต.บ้านพรุ", "AP_IDN": 9011, "AP_TN": "อ.หาดใหญ่", "PV_IDN": 90, "PV_TN": "จ.สงขลา", "RE_NESDB": "South", "RE_ROYIN": "South", "F_AREA": 10894.0939655, "flood_area": 6.80881, "A": 0.011 }, "geometry": { "type": "MultiPolygon", "coordinates": [ [ [ [ 100.456014808415986, 6.906648289281616 ], [ 100.456014808415986, 6.906313241021723 ], [ 100.456104639944513, 6.906313241021724 ], [ 100.456104639944513, 6.906133577964847 ], [ 100.456194471472685, 6.906133577964847 ], [ 100.456194471472685, 6.9060437464365 ], [ 100.456284303001212, 6.906043746436501 ], [ 100.456284303001212, 6.90561418163881 ], [ 100.456191851537042, 6.905621748298643 ], [ 100.456068304623003, 6.905611933121615 ], [ 100.45601113922713, 6.905593495110677 ], [ 100.455972175504741, 6.905557093364614 ], [ 100.455924225346138, 6.905511596332161 ], [ 100.455876351455785, 6.905454046355643 ], [ 100.455867805313943, 6.905414925737698 ], [ 100.455585887457147, 6.905414925737609 ], [ 100.455551484800424, 6.905643029280688 ], [ 100.455442857756438, 6.905730418635905 ], [ 100.455443242978873, 6.905740773187786 ], [ 100.455442860739652, 6.905801040600626 ], [ 100.455427311782685, 6.905876280935476 ], [ 100.45537540599183, 6.905978414450278 ], [ 100.455290544429872, 6.906047190732815 ], [ 100.45520632466031, 6.9061246367545 ], [ 100.45520632466031, 6.906223409493285 ], [ 100.455182095398158, 6.906223409493285 ], [ 100.455215604486284, 6.906420616677202 ], [ 100.455892921964832, 6.906683493835733 ], [ 100.456014808415986, 6.906648289281616 ] ] ] ] } },
{ "type": "Feature", "properties": { "TB_IDN": 901304, "TB_TN": "ต.บางเหรียง", "AP_IDN": 9013, "AP_TN": "อ.ควนเนียง", "PV_IDN": 90, "PV_TN": "จ.สงขลา", "RE_NESDB": "South", "RE_ROYIN": "South", "F_AREA": 112727.903122, "flood_area": 70.4549, "A": 0.113 }, "geometry": { "type": "MultiPolygon", "coordinates": [ [ [ [ 100.431400969631227, 7.139605720307562 ], [ 100.431400969631241, 7.139515888779111 ], [ 100.431939958801664, 7.139515888779122 ], [ 100.431939958801678, 7.139336225722336 ], [ 100.431850127273151, 7.139336225722325 ], [ 100.431850127273151, 7.139156562665455 ], [ 100.431760295744624, 7.139156562665458 ], [ 100.431760295744624, 7.13897689960866 ], [ 100.431670464216438, 7.138976899608662 ], [ 100.431670464216452, 7.138887068080233 ], [ 100.4313111381027, 7.138887068080219 ], [ 100.4313111381027, 7.138976899608672 ], [ 100.430233159761812, 7.138976899608664 ], [ 100.430233159761812, 7.139156562665447 ], [ 100.430143328233271, 7.139156562665455 ], [ 100.430143328233271, 7.139246394193895 ], [ 100.430233159761798, 7.139246394193892 ], [ 100.430233159761798, 7.139336225722329 ], [ 100.430502654347023, 7.139336225722333 ], [ 100.430502654347023, 7.139426057250671 ], [ 100.430682317403708, 7.139426057250681 ], [ 100.430682317403736, 7.139515888779116 ], [ 100.430772148932235, 7.139515888779121 ], [ 100.430772148932263, 7.139605720307552 ], [ 100.430951811988933, 7.139605720307546 ], [ 100.430951811988962, 7.139695551835993 ], [ 100.431131475046016, 7.139695551835986 ], [ 100.431131475045987, 7.139605720307561 ], [ 100.431400969631227, 7.139605720307562 ] ] ], [ [ [ 100.43158063268794, 7.142749823802 ], [ 100.431490801159399, 7.142749823802001 ], [ 100.431490801159399, 7.142570160745126 ], [ 100.431400969631241, 7.142570160745118 ], [ 100.431400969631227, 7.142390497688336 ], [ 100.431490801159399, 7.142390497688345 ], [ 100.431490801159399, 7.142300666159895 ], [ 100.431670464216467, 7.142300666159892 ], [ 100.431670464216452, 7.142390497688338 ], [ 100.431760295744624, 7.142390497688328 ], [ 100.431760295744624, 7.142749823801993 ], [ 100.431670464216467, 7.14274982380199 ], [ 100.431670464216452, 7.142839655330348 ], [ 100.431939958801678, 7.142839655330349 ], [ 100.431939958801678, 7.142749823801996 ], [ 100.43202979032985, 7.142749823801997 ], [ 100.43202979032985, 7.14230066615989 ], [ 100.431939958801692, 7.142300666159899 ], [ 100.431939958801692, 7.142031171574674 ], [ 100.431850127273151, 7.142031171574674 ], [ 100.431850127273151, 7.141941340046227 ], [ 100.431760295744624, 7.141941340046237 ], [ 100.43176029574461, 7.141312519347345 ], [ 100.431670464216452, 7.141312519347343 ], [ 100.431670464216438, 7.141222687819003 ], [ 100.431221306574187, 7.141222687818987 ], [ 100.431221306574173, 7.141312519347347 ], [ 100.431131475046001, 7.141312519347339 ], [ 100.431131475046001, 7.141402350875775 ], [ 100.430861980460435, 7.141402350875789 ], [ 100.430861980460406, 7.141492182404216 ], [ 100.430772148932249, 7.141492182404211 ], [ 100.430772148932249, 7.141582013932572 ], [ 100.430682317403722, 7.141582013932561 ], [ 100.430682317403722, 7.141761676989444 ], [ 100.430772148932249, 7.141761676989457 ], [ 100.430772148932249, 7.141941340046237 ], [ 100.430861980460421, 7.141941340046228 ], [ 100.430861980460435, 7.142121003103106 ], [ 100.430951811988947, 7.142121003103112 ], [ 100.430951811988933, 7.142570160745119 ], [ 100.431041643517474, 7.14257016074512 ], [ 100.431041643517474, 7.142749823802 ], [ 100.431131475046001, 7.142749823801995 ], [ 100.431131475045987, 7.14292948685879 ], [ 100.4313111381027, 7.142929486858778 ], [ 100.4313111381027, 7.143019318387227 ], [ 100.431490801159399, 7.143019318387223 ], [ 100.431490801159399, 7.142929486858795 ], [ 100.431580632687925, 7.142929486858791 ], [ 100.43158063268794, 7.142749823802 ] ] ], [ [ [ 100.434365410068708, 7.137559364170114 ], [ 100.434365410068693, 7.137988752796112 ], [ 100.434455241597249, 7.137988752796117 ], [ 100.434455241597249, 7.138168415852977 ], [ 100.434545073125406, 7.138168415852993 ], [ 100.434545073125406, 7.138348078909776 ], [ 100.434634904653933, 7.138348078909776 ], [ 100.434634904653933, 7.138527741966559 ], [ 100.434724736182446, 7.138527741966564 ], [ 100.434724736182446, 7.138976899608656 ], [ 100.434814567710632, 7.138976899608663 ], [ 100.434814567710632, 7.139156562665454 ], [ 100.434904399239159, 7.13915656266544 ], [ 100.434904399239159, 7.139336225722332 ], [ 100.434994230767686, 7.139336225722324 ], [ 100.434994230767686, 7.13960572030755 ], [ 100.435084062295843, 7.139605720307555 ], [ 100.435084062295857, 7.139875214892783 ], [ 100.435173893824384, 7.139875214892777 ], [ 100.435173893824384, 7.140144709478006 ], [ 100.435263725352911, 7.140144709478011 ], [ 100.435263725352911, 7.140593867120116 ], [ 100.435353556881097, 7.140593867120111 ], [ 100.435353556881083, 7.140683698648461 ], [ 100.435263725352897, 7.140683698648456 ], [ 100.435263725352925, 7.140773530176891 ], [ 100.435353556881083, 7.140773530176886 ], [ 100.435353556881083, 7.140953193233675 ], [ 100.435443388409595, 7.140953193233688 ], [ 100.43544338840961, 7.141043024762124 ], [ 100.435533219938122, 7.141043024762122 ], [ 100.435533219938151, 7.141402350875792 ], [ 100.435623051466308, 7.141402350875785 ], [ 100.435623051466294, 7.141941340046243 ], [ 100.435712882994835, 7.141941340046227 ], [ 100.435712882994849, 7.142121003103103 ], [ 100.435802714523362, 7.14212100310312 ], [ 100.435802714523362, 7.142210834631459 ], [ 100.43589254605152, 7.142210834631459 ], [ 100.435892546051534, 7.142570160745114 ], [ 100.435982377580061, 7.142570160745122 ], [ 100.435982377580061, 7.143109149915566 ], [ 100.436072209108588, 7.143109149915576 ], [ 100.436072209108602, 7.143288812972454 ], [ 100.436162040636759, 7.143288812972454 ], [ 100.436162040636745, 7.143468476029244 ], [ 100.436251872165272, 7.143468476029229 ], [ 100.4362518721653, 7.143737970614457 ], [ 100.436341703693799, 7.143737970614458 ], [ 100.436341703693813, 7.143917633671342 ], [ 100.436431535221985, 7.143917633671348 ], [ 100.436431535221985, 7.144366791313354 ], [ 100.436521366750512, 7.144366791313347 ], [ 100.436521366750512, 7.144546454370221 ], [ 100.436611198279053, 7.144546454370234 ], [ 100.436611198279039, 7.144636285898568 ], [ 100.43670102980721, 7.144636285898579 ], [ 100.436701029807224, 7.144815948955446 ], [ 100.436790861335723, 7.144815948955457 ], [ 100.436790861335737, 7.144995612012234 ], [ 100.436880692864264, 7.144995612012245 ], [ 100.43688069286425, 7.145085443540671 ], [ 100.436970524392436, 7.145085443540676 ], [ 100.436970524392436, 7.145175275069124 ], [ 100.437060355920977, 7.14517527506912 ], [ 100.437060355920948, 7.145265106597467 ], [ 100.437150187449504, 7.145265106597476 ], [ 100.43715018744949, 7.145354938125903 ], [ 100.437240018978017, 7.145354938125905 ], [ 100.437240018978017, 7.145534601182693 ], [ 100.437329850506188, 7.145534601182693 ], [ 100.437329850506188, 7.145624432711134 ], [ 100.437419682034715, 7.145624432711124 ], [ 100.437419682034715, 7.145804095768 ], [ 100.437599345091414, 7.145804095768015 ], [ 100.437599345091414, 7.145983758824806 ], [ 100.437779008148482, 7.145983758824799 ], [ 100.437779008148468, 7.146073590353234 ], [ 100.437868839676639, 7.146073590353234 ], [ 100.437868839676625, 7.146163421881588 ], [ 100.438048502733707, 7.146163421881583 ], [ 100.438048502733693, 7.146253253410019 ], [ 100.438138334261865, 7.146253253410018 ], [ 100.438138334261865, 7.146343084938453 ], [ 100.438228165790377, 7.146343084938458 ], [ 100.438228165790392, 7.14643291646689 ], [ 100.438317997318933, 7.146432916466901 ], [ 100.438317997318933, 7.146522747995249 ], [ 100.43840782884709, 7.146522747995249 ], [ 100.43840782884709, 7.146702411052114 ], [ 100.438497660375617, 7.146702411052122 ], [ 100.438497660375617, 7.146792242580479 ], [ 100.43867732343233, 7.146792242580466 ], [ 100.438677323432316, 7.146882074108904 ], [ 100.438767154960843, 7.146882074108902 ], [ 100.438767154960843, 7.146971905637354 ], [ 100.43885698648937, 7.146971905637339 ], [ 100.438856986489384, 7.147061737165705 ], [ 100.439036649546082, 7.147061737165703 ], [ 100.439036649546068, 7.14715156869413 ], [ 100.439216312602781, 7.147151568694136 ], [ 100.439216312602753, 7.147241400222579 ], [ 100.439395975659821, 7.147241400222573 ], [ 100.439395975659821, 7.147331231751012 ], [ 100.439485807188007, 7.147331231751012 ], [ 100.439485807187992, 7.147421063279364 ], [ 100.439575638716519, 7.147421063279366 ], [ 100.439575638716519, 7.147510894807792 ], [ 100.439755301773218, 7.147510894807798 ], [ 100.439755301773218, 7.147600726336239 ], [ 100.440024796358443, 7.147600726336234 ], [ 100.440024796358443, 7.147690557864586 ], [ 100.440204459415511, 7.147690557864594 ], [ 100.440204459415511, 7.147780389393019 ], [ 100.440653617057436, 7.147780389393017 ], [ 100.440653617057421, 7.147870220921465 ], [ 100.440833280114475, 7.147870220921469 ], [ 100.440833280114489, 7.147960052449906 ], [ 100.441012943171174, 7.147960052449903 ], [ 100.441012943171174, 7.148049883978248 ], [ 100.441192606227872, 7.148049883978255 ], [ 100.441192606227872, 7.148139715506688 ], [ 100.441372269284926, 7.148139715506685 ], [ 100.44137226928494, 7.148229547035124 ], [ 100.441482352365355, 7.148229547035125 ], [ 100.441454829981339, 7.148213626416698 ], [ 100.441121728263752, 7.147898027909812 ], [ 100.440419892607324, 7.147468200367019 ], [ 100.439413347271611, 7.14708915068391 ], [ 100.439095720443675, 7.146894127267287 ], [ 100.438762857899206, 7.146653916511285 ], [ 100.438414757965603, 7.146368521075838 ], [ 100.437612370013198, 7.145632196607758 ], [ 100.437233607956799, 7.145196112207357 ], [ 100.436945185670027, 7.144684356848282 ], [ 100.436747623750321, 7.14426278470531 ], [ 100.436061819935333, 7.142184142096705 ], [ 100.434903077189844, 7.138508690238804 ], [ 100.434615151729929, 7.137592096218845 ], [ 100.434365410068708, 7.137559364170114 ] ] ], [ [ [ 100.429694170591347, 7.150654998302247 ], [ 100.429694170591347, 7.150565166773813 ], [ 100.429784002119519, 7.150565166773797 ], [ 100.429784002119533, 7.150475335245374 ], [ 100.429873833648045, 7.150475335245365 ], [ 100.429873833648045, 7.15029567218857 ], [ 100.429784002119533, 7.150295672188586 ], [ 100.429784002119519, 7.150116009131712 ], [ 100.42960433906282, 7.150116009131698 ], [ 100.429604339062806, 7.149936346074916 ], [ 100.429514507534293, 7.149936346074909 ], [ 100.429514507534307, 7.149666851489681 ], [ 100.429604339062834, 7.149666851489694 ], [ 100.42960433906282, 7.14885836773401 ], [ 100.429245012949067, 7.148858367734012 ], [ 100.429245012949053, 7.148948199262364 ], [ 100.428975518363842, 7.148948199262368 ], [ 100.428975518363842, 7.149038030790797 ], [ 100.428795855307158, 7.149038030790791 ], [ 100.428795855307158, 7.149127862319244 ], [ 100.428706023778616, 7.149127862319232 ], [ 100.428706023778616, 7.15002617760335 ], [ 100.428616192250445, 7.150026177603351 ], [ 100.428616192250431, 7.150205840660147 ], [ 100.428526360721932, 7.150205840660149 ], [ 100.428526360721918, 7.150295672188581 ], [ 100.428616192250445, 7.150295672188583 ], [ 100.428616192250445, 7.150565166773799 ], [ 100.428706023778616, 7.150565166773795 ], [ 100.428706023778616, 7.150654998302235 ], [ 100.428885686835685, 7.150654998302243 ], [ 100.42888568683567, 7.150744829830588 ], [ 100.429334844477594, 7.15074482983059 ], [ 100.429334844477594, 7.150654998302238 ], [ 100.429694170591347, 7.150654998302247 ] ] ], [ [ [ 100.423136469017052, 7.155505900836484 ], [ 100.42232798526139, 7.155505900836483 ], [ 100.422327985261376, 7.155685563893275 ], [ 100.422238153733204, 7.155685563893279 ], [ 100.422238153733204, 7.155955058478501 ], [ 100.422327985261376, 7.155955058478503 ], [ 100.422327985261362, 7.156044890006938 ], [ 100.422417816789903, 7.156044890006923 ], [ 100.422417816789903, 7.156134721535373 ], [ 100.422597479846601, 7.156134721535367 ], [ 100.422597479846601, 7.156224553063713 ], [ 100.422777142903655, 7.156224553063711 ], [ 100.422777142903655, 7.156314384592152 ], [ 100.423316132074092, 7.156314384592164 ], [ 100.423316132074106, 7.156404216120596 ], [ 100.423441465267516, 7.156404216120602 ], [ 100.423446025984845, 7.15640099194767 ], [ 100.423723954826031, 7.156134721535381 ], [ 100.423675458187503, 7.156134721535379 ], [ 100.423675458187489, 7.155775395421702 ], [ 100.423585626659332, 7.155775395421699 ], [ 100.423585626659346, 7.15568556389326 ], [ 100.423495795130819, 7.155685563893259 ], [ 100.423495795130805, 7.155595732364833 ], [ 100.423136469017066, 7.155595732364839 ], [ 100.423136469017052, 7.155505900836484 ] ] ], [ [ [ 100.426280572511587, 7.156943205291049 ], [ 100.426370404040114, 7.156943205291056 ], [ 100.426370404040114, 7.15676354223426 ], [ 100.426460235568285, 7.156763542234263 ], [ 100.4264602355683, 7.156673710705813 ], [ 100.426550067096798, 7.156673710705822 ], [ 100.426550067096812, 7.156583879177372 ], [ 100.426729730153511, 7.156583879177387 ], [ 100.426729730153525, 7.156673710705817 ], [ 100.426819561682038, 7.156673710705824 ], [ 100.426819561682038, 7.15676354223426 ], [ 100.426909393210565, 7.156763542234256 ], [ 100.426909393210565, 7.156853373762615 ], [ 100.427178887795776, 7.156853373762614 ], [ 100.427178887795776, 7.156763542234263 ], [ 100.427268719323948, 7.156763542234257 ], [ 100.427268719323962, 7.15667371070583 ], [ 100.427358550852489, 7.156673710705815 ], [ 100.427358550852489, 7.156583879177388 ], [ 100.427538213909202, 7.156583879177376 ], [ 100.427538213909187, 7.156494047649026 ], [ 100.427717876966241, 7.15649404764903 ], [ 100.427717876966256, 7.156404216120598 ], [ 100.427897540022926, 7.156404216120606 ], [ 100.427897540022926, 7.156314384592147 ], [ 100.427807708494413, 7.156314384592163 ], [ 100.427807708494413, 7.156224553063727 ], [ 100.42789754002294, 7.156224553063724 ], [ 100.427897540022954, 7.155865226950143 ], [ 100.427807708494413, 7.155865226950141 ], [ 100.427807708494427, 7.155775395421712 ], [ 100.427628045437714, 7.155775395421707 ], [ 100.427628045437729, 7.156314384592153 ], [ 100.427538213909187, 7.156314384592149 ], [ 100.427538213909202, 7.156404216120591 ], [ 100.427268719323948, 7.156404216120589 ], [ 100.427268719323962, 7.156314384592156 ], [ 100.427178887795804, 7.15631438459215 ], [ 100.42717888779579, 7.156044890006941 ], [ 100.427089056267263, 7.156044890006927 ], [ 100.427089056267249, 7.155865226950141 ], [ 100.426999224738736, 7.155865226950151 ], [ 100.426999224738751, 7.155955058478485 ], [ 100.426819561682038, 7.155955058478504 ], [ 100.426819561682038, 7.156134721535373 ], [ 100.426729730153497, 7.156134721535373 ], [ 100.426729730153511, 7.156314384592156 ], [ 100.426460235568285, 7.156314384592147 ], [ 100.426460235568285, 7.156224553063724 ], [ 100.426370404040114, 7.156224553063712 ], [ 100.426370404040114, 7.156134721535375 ], [ 100.426280572511587, 7.156134721535379 ], [ 100.426280572511587, 7.155950751609679 ], [ 100.426031054560028, 7.156797578175341 ], [ 100.425965841969344, 7.156881550060882 ], [ 100.4259624699433, 7.156889062579568 ], [ 100.425831571398859, 7.157055098235821 ], [ 100.425831414869663, 7.15705525929686 ], [ 100.425831414869677, 7.157122868347834 ], [ 100.426011077926361, 7.157122868347831 ], [ 100.426011077926361, 7.157212699876265 ], [ 100.42619074098306, 7.157212699876281 ], [ 100.42619074098306, 7.157122868347841 ], [ 100.426280572511587, 7.157122868347834 ], [ 100.426280572511587, 7.156943205291049 ] ] ] ] } },
{ "type": "Feature", "properties": { "TB_IDN": 901401, "TB_TN": "ต.บางกล่ำ", "AP_IDN": 9014, "AP_TN": "อ.บางกล่ำ", "PV_IDN": 90, "PV_TN": "จ.สงขลา", "RE_NESDB": "South", "RE_ROYIN": "South", "F_AREA": 249251.69176, "flood_area": 155.782, "A": 0.249 }, "geometry": { "type": "MultiPolygon", "coordinates": [ [ [ [ 100.453230031035204, 7.117866490431831 ], [ 100.453230031035218, 7.117776658903398 ], [ 100.453319862563717, 7.117776658903398 ], [ 100.453319862563745, 7.117596995846608 ], [ 100.453409694091903, 7.117596995846606 ], [ 100.453409694091889, 7.117417332789828 ], [ 100.45349952562043, 7.117417332789826 ], [ 100.453499525620444, 7.117327501261394 ], [ 100.453679188677128, 7.117327501261394 ], [ 100.453679188677143, 7.117237669732948 ], [ 100.453769020205669, 7.117237669732949 ], [ 100.453769020205669, 7.11678851209093 ], [ 100.453679188677128, 7.116788512090936 ], [ 100.453679188677128, 7.116698680562502 ], [ 100.452960536449964, 7.116698680562497 ], [ 100.452960536449993, 7.116608849034053 ], [ 100.45278087339328, 7.116608849034051 ], [ 100.45278087339328, 7.116519017505714 ], [ 100.452601210336226, 7.116519017505706 ], [ 100.452601210336226, 7.116429185977265 ], [ 100.45224188422246, 7.116429185977272 ], [ 100.45224188422246, 7.116519017505701 ], [ 100.451972389637248, 7.116519017505718 ], [ 100.451972389637234, 7.116608849034056 ], [ 100.451792726580535, 7.116608849034066 ], [ 100.451792726580564, 7.1166986805625 ], [ 100.451613063523851, 7.116698680562506 ], [ 100.451613063523851, 7.116788512090936 ], [ 100.45152323199531, 7.11678851209093 ], [ 100.451523231995338, 7.116878343619286 ], [ 100.451433400466783, 7.116878343619282 ], [ 100.451433400466797, 7.117058006676156 ], [ 100.45152323199531, 7.11705800667616 ], [ 100.451523231995324, 7.117147838204603 ], [ 100.451702895052009, 7.117147838204591 ], [ 100.451702895052023, 7.117237669732949 ], [ 100.45179272658055, 7.117237669732954 ], [ 100.45179272658055, 7.117417332789818 ], [ 100.451882558109091, 7.117417332789815 ], [ 100.451882558109077, 7.117507164318179 ], [ 100.451972389637262, 7.11750716431818 ], [ 100.451972389637234, 7.11759699584661 ], [ 100.452062221165775, 7.117596995846609 ], [ 100.452062221165775, 7.117686827375047 ], [ 100.452241884222474, 7.11768682737504 ], [ 100.45224188422246, 7.117776658903391 ], [ 100.452421547279528, 7.117776658903407 ], [ 100.452421547279528, 7.117866490431831 ], [ 100.45305036797852, 7.117866490431834 ], [ 100.453050367978506, 7.117956321960268 ], [ 100.453140199506677, 7.117956321960277 ], [ 100.453140199506677, 7.117866490431836 ], [ 100.453230031035204, 7.117866490431831 ] ] ], [ [ [ 100.455116493131769, 7.118854637244397 ], [ 100.455116493131797, 7.11876480571596 ], [ 100.45502666160327, 7.11876480571595 ], [ 100.455026661603242, 7.118674974187592 ], [ 100.455116493131783, 7.118674974187599 ], [ 100.455116493131783, 7.118405479602293 ], [ 100.455206324660324, 7.118405479602283 ], [ 100.45520632466031, 7.1182258165455 ], [ 100.455296156188481, 7.118225816545497 ], [ 100.455296156188481, 7.117866490431839 ], [ 100.45520632466031, 7.117866490431826 ], [ 100.455206324660296, 7.117596995846603 ], [ 100.455296156188481, 7.117596995846609 ], [ 100.455296156188481, 7.117417332789831 ], [ 100.455206324660324, 7.117417332789828 ], [ 100.45520632466031, 7.117327501261384 ], [ 100.455116493131783, 7.117327501261378 ], [ 100.455116493131783, 7.117417332789819 ], [ 100.454936830075098, 7.117417332789818 ], [ 100.454936830075098, 7.117507164318171 ], [ 100.45430800937612, 7.117507164318179 ], [ 100.454308009376106, 7.117417332789828 ], [ 100.453948683262354, 7.117417332789813 ], [ 100.453948683262354, 7.117507164318168 ], [ 100.453858851734196, 7.117507164318184 ], [ 100.453858851734182, 7.117686827375048 ], [ 100.453769020205669, 7.117686827375048 ], [ 100.453769020205655, 7.118046153488708 ], [ 100.453858851734182, 7.118046153488711 ], [ 100.453858851734182, 7.118495311130726 ], [ 100.453769020205655, 7.118495311130718 ], [ 100.453769020205669, 7.118674974187602 ], [ 100.453858851734168, 7.118674974187601 ], [ 100.453858851734168, 7.11876480571595 ], [ 100.454038514790881, 7.118764805715943 ], [ 100.454038514790881, 7.118854637244381 ], [ 100.454487672432805, 7.118854637244382 ], [ 100.454487672432805, 7.118944468772836 ], [ 100.45493683007507, 7.118944468772829 ], [ 100.454936830075084, 7.118854637244382 ], [ 100.455116493131769, 7.118854637244397 ] ] ], [ [ [ 100.454038514790881, 7.12119025698306 ], [ 100.454038514790867, 7.12083093086941 ], [ 100.454128346319408, 7.120830930869406 ], [ 100.454128346319408, 7.120741099341058 ], [ 100.454218177847579, 7.120741099341053 ], [ 100.454218177847565, 7.120651267812617 ], [ 100.454397840904633, 7.120651267812611 ], [ 100.454397840904633, 7.120561436284183 ], [ 100.454487672432805, 7.120561436284182 ], [ 100.454487672432805, 7.120471604755828 ], [ 100.454577503961346, 7.120471604755827 ], [ 100.454577503961332, 7.119573289471711 ], [ 100.454487672432805, 7.119573289471727 ], [ 100.454487672432805, 7.119483457943283 ], [ 100.453589357148957, 7.119483457943272 ], [ 100.453589357148971, 7.119573289471709 ], [ 100.45349952562043, 7.119573289471719 ], [ 100.453499525620444, 7.119663121000066 ], [ 100.453409694091889, 7.119663121000059 ], [ 100.453409694091903, 7.119842784056947 ], [ 100.453319862563745, 7.119842784056932 ], [ 100.453319862563717, 7.120112278642163 ], [ 100.453230031035204, 7.120112278642178 ], [ 100.453230031035204, 7.120381773227393 ], [ 100.453140199506663, 7.120381773227392 ], [ 100.453140199506677, 7.120561436284172 ], [ 100.453050367978506, 7.120561436284182 ], [ 100.45305036797852, 7.120741099341052 ], [ 100.453140199506691, 7.120741099341057 ], [ 100.453140199506677, 7.120920762397843 ], [ 100.453230031035204, 7.120920762397843 ], [ 100.453230031035204, 7.121100425454728 ], [ 100.453319862563731, 7.121100425454724 ], [ 100.453319862563717, 7.121190256983065 ], [ 100.453409694091903, 7.121190256983075 ], [ 100.453409694091917, 7.1212800885115 ], [ 100.45349952562043, 7.121280088511516 ], [ 100.45349952562043, 7.121369920039941 ], [ 100.453589357148971, 7.121369920039948 ], [ 100.453589357148957, 7.121459751568294 ], [ 100.453679188677143, 7.12145975156829 ], [ 100.453679188677143, 7.12154958309674 ], [ 100.45394868326234, 7.121549583096734 ], [ 100.453948683262354, 7.121190256983071 ], [ 100.454038514790881, 7.12119025698306 ] ] ], [ [ [ 100.452331715751001, 7.144276959784995 ], [ 100.452601210336226, 7.144276959785012 ], [ 100.452601210336226, 7.144357864627911 ], [ 100.452689352623295, 7.144152941079929 ], [ 100.452731732371078, 7.143941635564707 ], [ 100.452780264845316, 7.143761526449526 ], [ 100.452837345753224, 7.143491072726015 ], [ 100.452866626407484, 7.142965483060451 ], [ 100.452840629513418, 7.142647758843565 ], [ 100.452880166007233, 7.142266590902694 ], [ 100.45291744185063, 7.142085894194609 ], [ 100.452932205434152, 7.141969371116489 ], [ 100.453041414624906, 7.141240052449169 ], [ 100.453087547092338, 7.140957955019571 ], [ 100.453110222265465, 7.14075699085721 ], [ 100.453112061046411, 7.14057717081764 ], [ 100.453090009773845, 7.140406488984258 ], [ 100.45309189380049, 7.140406188246504 ], [ 100.453077052557759, 7.140253752515447 ], [ 100.453042562724107, 7.140014305628428 ], [ 100.452989607463394, 7.139694086275969 ], [ 100.453002845966225, 7.139421367011644 ], [ 100.453007061996502, 7.139142744804827 ], [ 100.453009967039307, 7.139142944552689 ], [ 100.452997299217486, 7.139001821168669 ], [ 100.452992754722658, 7.138759261376867 ], [ 100.453033380834455, 7.138558345595967 ], [ 100.453095393019979, 7.138420125024001 ], [ 100.453169397367176, 7.138287847779115 ], [ 100.45320726866305, 7.138122880558956 ], [ 100.453206114157481, 7.137943247178429 ], [ 100.453189988970067, 7.137763734180727 ], [ 100.453155997979792, 7.137599326908494 ], [ 100.453113768655655, 7.137521701188319 ], [ 100.453113599597188, 7.137521778586671 ], [ 100.453113038310534, 7.137520356069817 ], [ 100.453110567730974, 7.137515814277718 ], [ 100.453111141802722, 7.137515550221295 ], [ 100.453004043125304, 7.137244185525688 ], [ 100.452909649365836, 7.136993428838628 ], [ 100.452693188928976, 7.136372491855658 ], [ 100.452679846436439, 7.136281953756319 ], [ 100.452601210336226, 7.136281953756312 ], [ 100.452601210336226, 7.136371785284768 ], [ 100.452421547279528, 7.136371785284764 ], [ 100.452421547279528, 7.136281953756326 ], [ 100.45224188422246, 7.136281953756311 ], [ 100.452241884222474, 7.136102290699437 ], [ 100.452152052694302, 7.136102290699438 ], [ 100.452152052694302, 7.135832796114228 ], [ 100.452241884222474, 7.135832796114219 ], [ 100.452241884222488, 7.135653133057435 ], [ 100.452331715751001, 7.135653133057434 ], [ 100.452331715750987, 7.135473470000552 ], [ 100.452421547279513, 7.13547347000056 ], [ 100.452421547279528, 7.13529380694376 ], [ 100.452511378807699, 7.135293806943761 ], [ 100.452511378807699, 7.135114143886985 ], [ 100.452601210336226, 7.135114143886978 ], [ 100.452601210336226, 7.134485323188098 ], [ 100.452691041864767, 7.134485323188102 ], [ 100.452691041864739, 7.134305660131218 ], [ 100.45278087339328, 7.134305660131217 ], [ 100.452780873393266, 7.134215828602871 ], [ 100.452691041864753, 7.13421582860286 ], [ 100.452691041864739, 7.1338565024892 ], [ 100.45278087339328, 7.133856502489197 ], [ 100.45278087339328, 7.133676839432331 ], [ 100.452870704921452, 7.133676839432325 ], [ 100.452870704921452, 7.133407344847106 ], [ 100.45278087339328, 7.133407344847096 ], [ 100.452780873393266, 7.133227681790319 ], [ 100.452691041864739, 7.13322768179032 ], [ 100.452691041864739, 7.133137850261885 ], [ 100.452601210336212, 7.133137850261869 ], [ 100.452601210336226, 7.132958187205096 ], [ 100.452421547279528, 7.132958187205081 ], [ 100.452421547279528, 7.132868355676655 ], [ 100.452331715750987, 7.132868355676652 ], [ 100.452331715751001, 7.132958187205088 ], [ 100.452152052694288, 7.132958187205083 ], [ 100.452152052694302, 7.133048018733434 ], [ 100.452062221165775, 7.133048018733435 ], [ 100.452062221165789, 7.133227681790306 ], [ 100.451972389637248, 7.133227681790324 ], [ 100.451972389637248, 7.133407344847094 ], [ 100.451792726580535, 7.133407344847107 ], [ 100.45179272658055, 7.133497176375537 ], [ 100.451702895052023, 7.133497176375544 ], [ 100.451702895052037, 7.133587007903976 ], [ 100.451523231995324, 7.13358700790397 ], [ 100.451523231995324, 7.133676839432318 ], [ 100.451433400466797, 7.133676839432324 ], [ 100.451433400466797, 7.133766670960774 ], [ 100.450894411296332, 7.133766670960761 ], [ 100.45089441129636, 7.133856502489194 ], [ 100.450804579768175, 7.133856502489211 ], [ 100.450804579768175, 7.133946334017544 ], [ 100.450714748239633, 7.13394633401756 ], [ 100.450714748239648, 7.134125997074429 ], [ 100.45089441129636, 7.134125997074424 ], [ 100.450894411296346, 7.134215828602859 ], [ 100.450984242824887, 7.134215828602865 ], [ 100.450984242824859, 7.134305660131206 ], [ 100.451163905881586, 7.134305660131223 ], [ 100.451163905881572, 7.134395491659644 ], [ 100.4510740743534, 7.134395491659647 ], [ 100.451074074353386, 7.13448532318809 ], [ 100.451163905881572, 7.134485323188098 ], [ 100.451163905881572, 7.134575154716448 ], [ 100.450984242824887, 7.134575154716437 ], [ 100.450984242824873, 7.134664986244879 ], [ 100.450714748239648, 7.134664986244881 ], [ 100.450714748239662, 7.134754817773317 ], [ 100.450624916711121, 7.134754817773326 ], [ 100.450624916711135, 7.134844649301746 ], [ 100.450535085182935, 7.134844649301751 ], [ 100.450535085182949, 7.134934480830114 ], [ 100.450445253654422, 7.134934480830096 ], [ 100.450445253654436, 7.13502431235854 ], [ 100.450355422125895, 7.13502431235854 ], [ 100.450355422125895, 7.135114143886985 ], [ 100.450265590597724, 7.135114143886979 ], [ 100.450265590597724, 7.135203975415323 ], [ 100.450175759069211, 7.135203975415336 ], [ 100.450175759069197, 7.135383638472201 ], [ 100.45008592754067, 7.135383638472195 ], [ 100.450085927540655, 7.135563301528991 ], [ 100.449996096012484, 7.135563301528983 ], [ 100.449996096012498, 7.135742964585869 ], [ 100.449906264483971, 7.135742964585864 ], [ 100.449906264483971, 7.136012459171098 ], [ 100.449726601427287, 7.136012459171097 ], [ 100.449726601427287, 7.136102290699442 ], [ 100.449636769898746, 7.136102290699437 ], [ 100.44963676989876, 7.136192122227881 ], [ 100.449277443784993, 7.136192122227875 ], [ 100.449277443784979, 7.136160015639471 ], [ 100.449198089919292, 7.13635653989892 ], [ 100.449187612256466, 7.136457943096049 ], [ 100.449187612256466, 7.136461616813111 ], [ 100.449457106841706, 7.13646161681311 ], [ 100.449457106841678, 7.136551448341544 ], [ 100.449546938370233, 7.136551448341553 ], [ 100.449546938370219, 7.136594338174218 ], [ 100.449915990328904, 7.136591260279826 ], [ 100.450279909275878, 7.136628577341438 ], [ 100.450798686205189, 7.1366645935582 ], [ 100.451412300960669, 7.13676708509862 ], [ 100.45184366472138, 7.136817292227302 ], [ 100.452066245514615, 7.136862512864673 ], [ 100.452201978307826, 7.136989168230405 ], [ 100.452257753000765, 7.137217375653675 ], [ 100.452348385120089, 7.137586527276462 ], [ 100.452541857994873, 7.1381767748909 ], [ 100.452605269633835, 7.138512525534801 ], [ 100.452649278286898, 7.138942602230121 ], [ 100.452667695407186, 7.139534304935186 ], [ 100.45272420851569, 7.139849938282471 ], [ 100.452800297187764, 7.140091429110679 ], [ 100.452816414096105, 7.140407406639276 ], [ 100.452817429910041, 7.140528454016025 ], [ 100.452811709998727, 7.140649567817756 ], [ 100.452713527453255, 7.140986668155546 ], [ 100.452630609219554, 7.141538864191004 ], [ 100.452583622309547, 7.142359788616153 ], [ 100.45243427419345, 7.143020159131581 ], [ 100.452354288542196, 7.143922068761684 ], [ 100.45223680803376, 7.144366941989884 ], [ 100.452207388064735, 7.144456622841789 ], [ 100.452241884222474, 7.144456622841796 ], [ 100.452241884222488, 7.144366791313345 ], [ 100.452331715750987, 7.144366791313342 ], [ 100.452331715751001, 7.144276959784995 ] ] ], [ [ [ 100.452331715751001, 7.15182280817158 ], [ 100.452331715751001, 7.151463482057915 ], [ 100.452241884222474, 7.151463482057927 ], [ 100.452241884222474, 7.15128381900114 ], [ 100.452152052694302, 7.151283819001122 ], [ 100.452152052694302, 7.151104155944252 ], [ 100.452062221165775, 7.151104155944248 ], [ 100.452062221165789, 7.151014324415905 ], [ 100.452152052694316, 7.1510143244159 ], [ 100.452152052694316, 7.150997855776576 ], [ 100.452045707738534, 7.150872097700078 ], [ 100.452008041474372, 7.150858443277958 ], [ 100.45197016967748, 7.150799313325827 ], [ 100.451954497753817, 7.150764237462282 ], [ 100.451883796934297, 7.150680630308631 ], [ 100.451882558109077, 7.15067817500565 ], [ 100.451882558109062, 7.150834661359029 ], [ 100.45152323199531, 7.150834661359037 ], [ 100.451523231995324, 7.150744829830603 ], [ 100.451433400466797, 7.150744829830587 ], [ 100.451433400466797, 7.150654998302238 ], [ 100.451343568938626, 7.150654998302246 ], [ 100.451343568938626, 7.150475335245376 ], [ 100.451253737410113, 7.150475335245362 ], [ 100.451253737410099, 7.150295672188575 ], [ 100.451343568938626, 7.150295672188585 ], [ 100.45134356893864, 7.150116009131708 ], [ 100.451433400466811, 7.15011600913171 ], [ 100.451433400466811, 7.150026177603363 ], [ 100.451523231995324, 7.150026177603363 ], [ 100.451523231995324, 7.149397356904467 ], [ 100.451433400466783, 7.149397356904468 ], [ 100.451433400466797, 7.149307525376034 ], [ 100.451343568938626, 7.149307525376021 ], [ 100.451343568938626, 7.149217693847595 ], [ 100.451074074353386, 7.149217693847591 ], [ 100.4510740743534, 7.149127862319236 ], [ 100.450894411296346, 7.149127862319249 ], [ 100.450894411296346, 7.149038030790793 ], [ 100.450804579768175, 7.149038030790797 ], [ 100.45080457976816, 7.148948199262369 ], [ 100.450355422125909, 7.148948199262369 ], [ 100.450355422125909, 7.148858367734024 ], [ 100.450175759069211, 7.148858367734006 ], [ 100.450175759069197, 7.148768536205586 ], [ 100.449816432955458, 7.14876853620558 ], [ 100.449816432955444, 7.148858367734018 ], [ 100.449726601427272, 7.148858367734012 ], [ 100.449726601427258, 7.148768536205568 ], [ 100.449546938370219, 7.148768536205585 ], [ 100.449546938370219, 7.148678704677149 ], [ 100.44936727531352, 7.148678704677145 ], [ 100.449367275313506, 7.148588873148697 ], [ 100.449187612256466, 7.148588873148698 ], [ 100.44918761225648, 7.148678704677134 ], [ 100.44909778072828, 7.148678704677144 ], [ 100.449097780728295, 7.148858367734024 ], [ 100.449007949199768, 7.148858367734017 ], [ 100.449007949199768, 7.1490380307908 ], [ 100.448918117671226, 7.149038030790796 ], [ 100.448918117671241, 7.14912786231923 ], [ 100.449007949199753, 7.149127862319234 ], [ 100.449007949199768, 7.14930752537602 ], [ 100.44918761225648, 7.149307525376026 ], [ 100.449187612256466, 7.149397356904457 ], [ 100.44936727531352, 7.149397356904459 ], [ 100.44936727531352, 7.149846514546477 ], [ 100.449546938370219, 7.14984651454647 ], [ 100.449546938370233, 7.149936346074911 ], [ 100.449726601427287, 7.149936346074917 ], [ 100.449726601427272, 7.150026177603347 ], [ 100.449906264483971, 7.15002617760336 ], [ 100.449906264483971, 7.150116009131696 ], [ 100.450175759069197, 7.150116009131698 ], [ 100.450175759069182, 7.150205840660135 ], [ 100.450445253654422, 7.150205840660148 ], [ 100.450445253654422, 7.150295672188581 ], [ 100.450529640066136, 7.15029567218858 ], [ 100.450546070620561, 7.150270602978681 ], [ 100.450734210660315, 7.150221946687846 ], [ 100.451058136261295, 7.150306673128111 ], [ 100.451234951272653, 7.150513700051985 ], [ 100.451392574693799, 7.150841937405472 ], [ 100.451733405127911, 7.151336785722891 ], [ 100.451815887598812, 7.151537869815203 ], [ 100.451824483514343, 7.151759741645635 ], [ 100.451846149108462, 7.151934430743116 ], [ 100.451887505364837, 7.152048423972641 ], [ 100.451968808481965, 7.152108277011169 ], [ 100.452152052694302, 7.152178757235242 ], [ 100.452152052694302, 7.152092302756807 ], [ 100.452241884222474, 7.152092302756815 ], [ 100.452241884222474, 7.151822808171576 ], [ 100.452331715751001, 7.15182280817158 ] ], [ [ 100.450175759069197, 7.149397356904469 ], [ 100.450175759069211, 7.149487188432912 ], [ 100.450085927540655, 7.149487188432894 ], [ 100.45008592754067, 7.149577019961255 ], [ 100.449996096012498, 7.149577019961256 ], [ 100.449996096012498, 7.149487188432912 ], [ 100.449906264483971, 7.149487188432905 ], [ 100.449906264483971, 7.14939735690447 ], [ 100.44981643295543, 7.149397356904476 ], [ 100.449816432955444, 7.149127862319244 ], [ 100.450265590597724, 7.149127862319247 ], [ 100.450265590597738, 7.149397356904468 ], [ 100.450175759069197, 7.149397356904469 ] ] ] ] } },
{ "type": "Feature", "properties": { "TB_IDN": 901402, "TB_TN": "ต.ท่าช้าง", "AP_IDN": 9014, "AP_TN": "อ.บางกล่ำ", "PV_IDN": 90, "PV_TN": "จ.สงขลา", "RE_NESDB": "South", "RE_ROYIN": "South", "F_AREA": 384711.18293100002, "flood_area": 240.444, "A": 0.385 }, "geometry": { "type": "MultiPolygon", "coordinates": [ [ [ [ 100.421519501505699, 7.013661917474 ], [ 100.421519501505699, 7.013572085945562 ], [ 100.421609333034212, 7.013572085945557 ], [ 100.42160933303424, 7.013482254417119 ], [ 100.421699164562739, 7.013482254417136 ], [ 100.421699164562753, 7.013212759831903 ], [ 100.42178899609091, 7.013212759831908 ], [ 100.421788996090925, 7.012314444547778 ], [ 100.421699164562753, 7.012314444547782 ], [ 100.421699164562753, 7.01222461301944 ], [ 100.421070343863789, 7.012224613019447 ], [ 100.421070343863775, 7.012134781491 ], [ 100.420980512335248, 7.012134781491007 ], [ 100.420980512335248, 7.012224613019431 ], [ 100.420890680806721, 7.012224613019444 ], [ 100.420890680806721, 7.012494107604674 ], [ 100.42080084927855, 7.012494107604666 ], [ 100.420800849278535, 7.01285343371823 ], [ 100.420890680806721, 7.012853433718242 ], [ 100.420890680806721, 7.012943265246683 ], [ 100.421160175391961, 7.012943265246681 ], [ 100.421160175391961, 7.013033096775121 ], [ 100.421250006920459, 7.013033096775108 ], [ 100.421250006920474, 7.013122928303551 ], [ 100.421339838449001, 7.013122928303559 ], [ 100.421339838449001, 7.013392422888781 ], [ 100.421250006920474, 7.013392422888773 ], [ 100.421250006920474, 7.013572085945571 ], [ 100.421160175391933, 7.013572085945565 ], [ 100.421160175391947, 7.013661917474004 ], [ 100.421250006920474, 7.01366191747401 ], [ 100.421250006920474, 7.013751749002449 ], [ 100.421429669977172, 7.013751749002447 ], [ 100.421429669977172, 7.013661917474008 ], [ 100.421519501505699, 7.013661917474 ] ] ], [ [ [ 100.420351691636256, 7.018602651536685 ], [ 100.42035169163627, 7.01851282000825 ], [ 100.420531354693324, 7.018512820008244 ], [ 100.420531354693324, 7.018063662366132 ], [ 100.420621186221481, 7.018063662366147 ], [ 100.420621186221481, 7.017973830837782 ], [ 100.42080084927855, 7.01797383083778 ], [ 100.420800849278564, 7.017883999309351 ], [ 100.421070343863761, 7.017883999309344 ], [ 100.421070343863775, 7.017794167780912 ], [ 100.421160175391947, 7.017794167780913 ], [ 100.421160175391947, 7.017704336252558 ], [ 100.421250006920488, 7.017704336252573 ], [ 100.421250006920474, 7.017614504724118 ], [ 100.421339838449015, 7.017614504724123 ], [ 100.421339838449001, 7.01743484166725 ], [ 100.421429669977172, 7.017434841667248 ], [ 100.421429669977172, 7.017345010138893 ], [ 100.42160933303424, 7.017345010138905 ], [ 100.421609333034226, 7.017255178610469 ], [ 100.421699164562753, 7.017255178610467 ], [ 100.421699164562753, 7.017165347082032 ], [ 100.421788996090925, 7.017165347082024 ], [ 100.421788996090925, 7.017075515553669 ], [ 100.421699164562753, 7.017075515553676 ], [ 100.421699164562739, 7.016806020968446 ], [ 100.421788996090925, 7.016806020968442 ], [ 100.42178899609091, 7.016716189440006 ], [ 100.421878827619452, 7.016716189440016 ], [ 100.421878827619452, 7.016356863326346 ], [ 100.421788996090925, 7.016356863326351 ], [ 100.42178899609091, 7.016267031797912 ], [ 100.421699164562753, 7.016267031797907 ], [ 100.421699164562753, 7.016177200269565 ], [ 100.421519501505685, 7.016177200269566 ], [ 100.421519501505699, 7.016087368741123 ], [ 100.421429669977158, 7.016087368741126 ], [ 100.421429669977172, 7.01599753721268 ], [ 100.421339838449015, 7.015997537212677 ], [ 100.421339838449001, 7.015817874155887 ], [ 100.421250006920474, 7.015817874155901 ], [ 100.421250006920474, 7.015638211099027 ], [ 100.421160175391933, 7.015638211099018 ], [ 100.421160175391933, 7.015458548042242 ], [ 100.421070343863789, 7.015458548042231 ], [ 100.421070343863789, 7.015278884985453 ], [ 100.420980512335234, 7.01527888498544 ], [ 100.420980512335248, 7.015099221928562 ], [ 100.420890680806721, 7.01509922192857 ], [ 100.420890680806735, 7.014919558871791 ], [ 100.42080084927855, 7.014919558871776 ], [ 100.42080084927855, 7.014829727343349 ], [ 100.420621186221496, 7.014829727343342 ], [ 100.420621186221481, 7.014919558871789 ], [ 100.42053135469331, 7.014919558871772 ], [ 100.420531354693324, 7.015009390400137 ], [ 100.420441523164783, 7.015009390400138 ], [ 100.420441523164797, 7.01509922192856 ], [ 100.42035169163627, 7.015099221928578 ], [ 100.42035169163627, 7.015189053457018 ], [ 100.420261860108099, 7.015189053457012 ], [ 100.420261860108099, 7.015278884985447 ], [ 100.420082197051045, 7.015278884985445 ], [ 100.420082197051045, 7.015189053457012 ], [ 100.419992365522873, 7.015189053457 ], [ 100.419992365522873, 7.014829727343339 ], [ 100.419902533994332, 7.014829727343338 ], [ 100.419902533994346, 7.014739895814909 ], [ 100.419543207880594, 7.01473989581491 ], [ 100.419543207880594, 7.014650064286555 ], [ 100.419363544823881, 7.01465006428656 ], [ 100.419363544823895, 7.014560232758114 ], [ 100.419273713295368, 7.01456023275812 ], [ 100.419273713295368, 7.014470401229678 ], [ 100.41909405023867, 7.014470401229677 ], [ 100.41909405023867, 7.014380569701244 ], [ 100.418644892596745, 7.014380569701244 ], [ 100.418644892596745, 7.014560232758114 ], [ 100.418555061068218, 7.014560232758117 ], [ 100.418555061068218, 7.014739895814911 ], [ 100.418465229539677, 7.014739895814901 ], [ 100.418465229539706, 7.015009390400128 ], [ 100.418555061068233, 7.015009390400138 ], [ 100.418555061068218, 7.015189053457005 ], [ 100.418644892596745, 7.015189053457005 ], [ 100.418644892596731, 7.015278884985445 ], [ 100.418734724124931, 7.015278884985451 ], [ 100.418734724124917, 7.015368716513796 ], [ 100.418914387181985, 7.015368716513791 ], [ 100.418914387181957, 7.015458548042226 ], [ 100.419094050238684, 7.015458548042225 ], [ 100.41909405023867, 7.015638211099017 ], [ 100.419183881767182, 7.015638211099011 ], [ 100.419183881767196, 7.015997537212687 ], [ 100.41909405023867, 7.015997537212693 ], [ 100.41909405023867, 7.016177200269557 ], [ 100.419183881767182, 7.016177200269563 ], [ 100.419183881767182, 7.016356863326354 ], [ 100.419273713295368, 7.016356863326346 ], [ 100.419273713295368, 7.016446694854777 ], [ 100.419453376352422, 7.016446694854794 ], [ 100.419453376352422, 7.016536526383133 ], [ 100.419633039409121, 7.01653652638314 ], [ 100.419633039409121, 7.016626357911567 ], [ 100.419722870937633, 7.016626357911566 ], [ 100.419722870937647, 7.016895852496791 ], [ 100.419633039409121, 7.016895852496799 ], [ 100.419633039409106, 7.017075515553666 ], [ 100.419543207880594, 7.017075515553682 ], [ 100.419543207880594, 7.017434841667249 ], [ 100.419633039409121, 7.017434841667251 ], [ 100.419633039409135, 7.017524673195691 ], [ 100.419722870937647, 7.017524673195688 ], [ 100.419722870937647, 7.017614504724131 ], [ 100.419812702465819, 7.017614504724126 ], [ 100.419812702465819, 7.017794167780917 ], [ 100.419902533994346, 7.017794167780909 ], [ 100.419902533994346, 7.018602651536673 ], [ 100.419992365522873, 7.018602651536686 ], [ 100.419992365522873, 7.018692483065031 ], [ 100.420082197051045, 7.01869248306502 ], [ 100.420082197051045, 7.018782314593467 ], [ 100.420172028579572, 7.018782314593467 ], [ 100.420172028579572, 7.018692483065037 ], [ 100.420261860108113, 7.018692483065023 ], [ 100.420261860108113, 7.01860265153667 ], [ 100.420351691636256, 7.018602651536685 ] ], [ [ 100.420261860108099, 7.016536526383126 ], [ 100.420261860108099, 7.016446694854778 ], [ 100.420351691636256, 7.016446694854777 ], [ 100.420351691636284, 7.016267031797912 ], [ 100.42080084927855, 7.016267031797914 ], [ 100.420800849278535, 7.016356863326354 ], [ 100.420890680806735, 7.016356863326344 ], [ 100.420890680806707, 7.016446694854785 ], [ 100.420980512335248, 7.016446694854789 ], [ 100.420980512335248, 7.017075515553685 ], [ 100.420890680806721, 7.017075515553675 ], [ 100.420890680806721, 7.017255178610467 ], [ 100.420621186221496, 7.017255178610472 ], [ 100.420621186221496, 7.017165347082019 ], [ 100.42053135469331, 7.01716534708202 ], [ 100.420531354693324, 7.017075515553669 ], [ 100.420441523164797, 7.017075515553669 ], [ 100.420441523164797, 7.016716189440008 ], [ 100.42035169163627, 7.016716189440008 ], [ 100.42035169163627, 7.016536526383127 ], [ 100.420261860108099, 7.016536526383126 ] ] ], [ [ [ 100.433225126601258, 7.053298326595783 ], [ 100.433300622236573, 7.053001243431673 ], [ 100.433361621255486, 7.052738632333215 ], [ 100.433287431727805, 7.052738632333219 ], [ 100.433287431727805, 7.052918295389991 ], [ 100.433197600199293, 7.052918295390004 ], [ 100.433197600199279, 7.053097958446882 ], [ 100.433107768670752, 7.053097958446878 ], [ 100.433107768670766, 7.053277621503664 ], [ 100.43301793714258, 7.053277621503661 ], [ 100.433017937142594, 7.053367453032108 ], [ 100.433107768670766, 7.053367453032105 ], [ 100.433107768670737, 7.054355599844561 ], [ 100.43301793714258, 7.054355599844562 ], [ 100.43301793714258, 7.056781051111692 ], [ 100.433107768670752, 7.056781051111679 ], [ 100.433107768670766, 7.057140377225341 ], [ 100.433017937142594, 7.057140377225342 ], [ 100.43301793714258, 7.059655660020902 ], [ 100.433107768670752, 7.059655660020908 ], [ 100.433107768670752, 7.063159089629024 ], [ 100.433125166114948, 7.063159089629007 ], [ 100.433159121061635, 7.059439115108861 ], [ 100.43313513095535, 7.054401194446527 ], [ 100.433191977609425, 7.05356135429825 ], [ 100.433225126601258, 7.053298326595783 ] ] ], [ [ [ 100.435343205833135, 7.061452290589216 ], [ 100.435263725352897, 7.06145229058913 ], [ 100.435263725352911, 7.061272627532341 ], [ 100.435173893824384, 7.061272627532346 ], [ 100.435173893824398, 7.061182796003904 ], [ 100.435084062295871, 7.061182796003905 ], [ 100.435084062295857, 7.061811616702789 ], [ 100.434994230767686, 7.061811616702798 ], [ 100.434994230767686, 7.061901448231226 ], [ 100.434904399239159, 7.061901448231233 ], [ 100.434904399239173, 7.061991279759591 ], [ 100.434455241597234, 7.061991279759587 ], [ 100.434455241597249, 7.062081111288018 ], [ 100.434275578540195, 7.062081111288027 ], [ 100.434275578540195, 7.0622607743448 ], [ 100.434185747012023, 7.062260774344812 ], [ 100.434185747012009, 7.062440437401695 ], [ 100.434095915483482, 7.062440437401692 ], [ 100.434095915483482, 7.063159089629009 ], [ 100.434185747011995, 7.063159089629017 ], [ 100.434185747012009, 7.063518415742581 ], [ 100.434095915483482, 7.063518415742592 ], [ 100.434095915483482, 7.063698078799471 ], [ 100.434185747011995, 7.063698078799461 ], [ 100.434185747011938, 7.06394163528457 ], [ 100.434645902341941, 7.063049834282459 ], [ 100.435343205833135, 7.061452290589216 ] ] ], [ [ [ 100.435892546051548, 7.081125395311404 ], [ 100.436341703693813, 7.081125395311403 ], [ 100.436341703693813, 7.081035563782966 ], [ 100.436431535221985, 7.081035563782953 ], [ 100.436431535221985, 7.080766069197728 ], [ 100.436521366750526, 7.080766069197736 ], [ 100.436521366750512, 7.080586406140855 ], [ 100.436611198279039, 7.080586406140853 ], [ 100.436611198279053, 7.080496574612501 ], [ 100.43670102980721, 7.080496574612498 ], [ 100.43670102980721, 7.080406743084079 ], [ 100.436611198279053, 7.080406743084069 ], [ 100.436611198279039, 7.080316911555631 ], [ 100.436521366750512, 7.080316911555628 ], [ 100.436521366750512, 7.08040674308406 ], [ 100.436162040636759, 7.080406743084062 ], [ 100.436162040636759, 7.080316911555634 ], [ 100.435982377580061, 7.080316911555625 ], [ 100.435982377580061, 7.080227080027287 ], [ 100.435802714523376, 7.080227080027282 ], [ 100.435802714523362, 7.080047416970401 ], [ 100.435623051466308, 7.080047416970413 ], [ 100.435623051466308, 7.080137248498847 ], [ 100.435533219938151, 7.080137248498837 ], [ 100.435533219938137, 7.080316911555625 ], [ 100.43544338840961, 7.080316911555622 ], [ 100.43544338840961, 7.080406743084076 ], [ 100.435353556881083, 7.080406743084065 ], [ 100.435353556881083, 7.080586406140865 ], [ 100.435263725352911, 7.080586406140858 ], [ 100.435263725352925, 7.080766069197727 ], [ 100.435173893824384, 7.080766069197728 ], [ 100.435173893824384, 7.080855900726179 ], [ 100.434994230767671, 7.080855900726162 ], [ 100.434994230767686, 7.080945732254513 ], [ 100.434904399239159, 7.080945732254517 ], [ 100.434904399239159, 7.081035563782954 ], [ 100.434994230767686, 7.08103556378296 ], [ 100.434994230767686, 7.081125395311404 ], [ 100.43517389382437, 7.081125395311394 ], [ 100.435173893824384, 7.081215226839753 ], [ 100.435353556881083, 7.08121522683974 ], [ 100.435353556881083, 7.081305058368192 ], [ 100.435623051466308, 7.081305058368181 ], [ 100.435623051466294, 7.081215226839744 ], [ 100.435892546051534, 7.081215226839745 ], [ 100.435892546051548, 7.081125395311404 ] ] ], [ [ [ 100.434545073125406, 7.089389895925313 ], [ 100.434545073125406, 7.088940738283197 ], [ 100.434455241597234, 7.088940738283198 ], [ 100.43445524159722, 7.08876107522641 ], [ 100.434365410068708, 7.088761075226415 ], [ 100.434365410068693, 7.088581412169532 ], [ 100.434275578540181, 7.088581412169541 ], [ 100.434275578540181, 7.088222086055881 ], [ 100.434365410068708, 7.088222086055869 ], [ 100.434365410068693, 7.088042422999088 ], [ 100.434455241597234, 7.088042422999077 ], [ 100.43445524159722, 7.08795259147064 ], [ 100.434545073125406, 7.087952591470644 ], [ 100.434545073125406, 7.087862759942293 ], [ 100.434634904653933, 7.087862759942311 ], [ 100.434634904653919, 7.087772928413865 ], [ 100.434545073125406, 7.08777292841386 ], [ 100.434545073125406, 7.087683096885423 ], [ 100.434634904653933, 7.087683096885419 ], [ 100.434634904653919, 7.087593265356987 ], [ 100.434545073125406, 7.087593265356983 ], [ 100.434545073125392, 7.087233939243404 ], [ 100.434634904653933, 7.087233939243409 ], [ 100.434634904653933, 7.087144107714982 ], [ 100.434904399239159, 7.087144107714977 ], [ 100.434904399239159, 7.087054276186535 ], [ 100.434994230767686, 7.087054276186541 ], [ 100.434994230767671, 7.086874613129753 ], [ 100.434904399239159, 7.086874613129744 ], [ 100.434904399239159, 7.08669495007288 ], [ 100.434994230767686, 7.086694950072871 ], [ 100.434994230767686, 7.086515287016093 ], [ 100.435173893824384, 7.086515287016075 ], [ 100.435173893824384, 7.086425455487642 ], [ 100.435353556881083, 7.086425455487636 ], [ 100.435353556881097, 7.086515287016084 ], [ 100.43544338840961, 7.086515287016089 ], [ 100.435443388409595, 7.086605118544524 ], [ 100.435533219938137, 7.086605118544522 ], [ 100.435533219938137, 7.08669495007288 ], [ 100.435623051466294, 7.086694950072875 ], [ 100.435623051466322, 7.086784781601318 ], [ 100.435533219938137, 7.086784781601315 ], [ 100.435533219938137, 7.086874613129747 ], [ 100.435623051466308, 7.086874613129737 ], [ 100.435623051466322, 7.087233939243403 ], [ 100.435712882994835, 7.08723393924341 ], [ 100.435712882994835, 7.087862759942292 ], [ 100.435892546051534, 7.087862759942303 ], [ 100.435892546051534, 7.087952591470644 ], [ 100.436431535221985, 7.087952591470644 ], [ 100.436431535221999, 7.087862759942304 ], [ 100.436521366750526, 7.087862759942296 ], [ 100.436521366750512, 7.087683096885435 ], [ 100.436611198279039, 7.087683096885419 ], [ 100.436611198279039, 7.087503433828632 ], [ 100.43670102980721, 7.087503433828631 ], [ 100.43670102980721, 7.08732377077176 ], [ 100.436790861335737, 7.087323770771754 ], [ 100.436790861335723, 7.087233939243408 ], [ 100.43715018744949, 7.087233939243411 ], [ 100.437150187449475, 7.087144107714964 ], [ 100.437240018978017, 7.087144107714972 ], [ 100.437240018978002, 7.087054276186539 ], [ 100.437329850506188, 7.08705427618653 ], [ 100.437329850506188, 7.08696444465809 ], [ 100.437419682034729, 7.086964444658101 ], [ 100.437419682034701, 7.086784781601303 ], [ 100.437509513563242, 7.086784781601314 ], [ 100.437509513563228, 7.086605118544515 ], [ 100.4375993450914, 7.086605118544528 ], [ 100.437599345091428, 7.08642545548765 ], [ 100.437689176619941, 7.086425455487642 ], [ 100.437689176619926, 7.086066129373978 ], [ 100.437599345091428, 7.086066129373977 ], [ 100.437599345091414, 7.085796634788768 ], [ 100.437779008148468, 7.08579663478876 ], [ 100.437779008148453, 7.085706803260399 ], [ 100.437868839676653, 7.085706803260407 ], [ 100.437868839676639, 7.084988151033078 ], [ 100.437779008148468, 7.08498815103309 ], [ 100.437779008148453, 7.08489831950464 ], [ 100.437868839676639, 7.084898319504645 ], [ 100.437868839676639, 7.084538993390982 ], [ 100.437958671205166, 7.08453899339097 ], [ 100.437958671205152, 7.084359330334185 ], [ 100.438048502733693, 7.0843593303342 ], [ 100.438048502733707, 7.084179667277398 ], [ 100.438138334261865, 7.084179667277403 ], [ 100.43813833426195, 7.0840986080968 ], [ 100.438122909670668, 7.084006538266356 ], [ 100.438112301092644, 7.083919561497651 ], [ 100.438118060709428, 7.083872351097701 ], [ 100.43813864173049, 7.083844269050516 ], [ 100.438175481286876, 7.083822034660026 ], [ 100.438228165790392, 7.083816664642258 ], [ 100.438228165790392, 7.083730509635306 ], [ 100.438138334261865, 7.083730509635298 ], [ 100.438138334261879, 7.083640678106854 ], [ 100.438048502733679, 7.083640678106861 ], [ 100.438048502733707, 7.083550846578518 ], [ 100.437689176619941, 7.083550846578513 ], [ 100.437689176619941, 7.083461015050075 ], [ 100.437599345091414, 7.083461015050078 ], [ 100.437599345091414, 7.08337118352164 ], [ 100.437509513563242, 7.083371183521637 ], [ 100.437509513563228, 7.083281351993299 ], [ 100.437599345091428, 7.083281351993297 ], [ 100.437599345091414, 7.083101688936407 ], [ 100.437689176619941, 7.083101688936413 ], [ 100.437689176619955, 7.083011857407979 ], [ 100.437958671205166, 7.083011857407966 ], [ 100.43795867120518, 7.083101688936405 ], [ 100.438228165790392, 7.083101688936414 ], [ 100.438228165790406, 7.083011857407968 ], [ 100.438317997318933, 7.083011857407979 ], [ 100.438317997318933, 7.082832194351196 ], [ 100.438228165790392, 7.082832194351188 ], [ 100.438228165790392, 7.082742362822754 ], [ 100.438138334261879, 7.082742362822743 ], [ 100.438138334261879, 7.082652531294407 ], [ 100.438048502733707, 7.082652531294391 ], [ 100.438048502733693, 7.082562699765954 ], [ 100.437779008148468, 7.082562699765955 ], [ 100.437779008148453, 7.082652531294407 ], [ 100.437599345091414, 7.082652531294404 ], [ 100.4375993450914, 7.082742362822745 ], [ 100.437240018978017, 7.082742362822757 ], [ 100.437240018978017, 7.082652531294407 ], [ 100.437060355920963, 7.082652531294397 ], [ 100.437060355920963, 7.082562699765953 ], [ 100.436431535221999, 7.082562699765954 ], [ 100.436431535221971, 7.082472868237521 ], [ 100.436341703693813, 7.082472868237523 ], [ 100.436341703693813, 7.082383036709172 ], [ 100.436251872165286, 7.082383036709177 ], [ 100.436251872165272, 7.082203373652298 ], [ 100.436341703693799, 7.082203373652302 ], [ 100.436341703693813, 7.08202371059552 ], [ 100.436431535221985, 7.082023710595509 ], [ 100.436431535221985, 7.081933879067077 ], [ 100.436341703693813, 7.081933879067074 ], [ 100.436341703693813, 7.081664384481837 ], [ 100.436162040636759, 7.081664384481841 ], [ 100.436162040636759, 7.081484721424967 ], [ 100.435802714523362, 7.081484721424969 ], [ 100.435802714523362, 7.081664384481851 ], [ 100.435712882994835, 7.081664384481854 ], [ 100.435712882994835, 7.081754216010284 ], [ 100.435623051466322, 7.081754216010278 ], [ 100.435623051466308, 7.081844047538636 ], [ 100.435533219938137, 7.081844047538641 ], [ 100.435533219938137, 7.081933879067067 ], [ 100.434994230767671, 7.081933879067067 ], [ 100.4349942307677, 7.08202371059552 ], [ 100.434904399239159, 7.082023710595513 ], [ 100.434904399239159, 7.082203373652292 ], [ 100.434814567710632, 7.082203373652305 ], [ 100.434814567710632, 7.08229320518073 ], [ 100.43472473618246, 7.082293205180728 ], [ 100.434724736182474, 7.082383036709182 ], [ 100.434634904653919, 7.082383036709168 ], [ 100.434634904653947, 7.082562699765965 ], [ 100.434545073125406, 7.082562699765969 ], [ 100.434545073125392, 7.08283219435119 ], [ 100.43445524159722, 7.082832194351197 ], [ 100.434455241597234, 7.082922025879622 ], [ 100.43454507312542, 7.082922025879625 ], [ 100.43454507312542, 7.083011857407975 ], [ 100.43472473618246, 7.083011857407984 ], [ 100.434724736182446, 7.083101688936411 ], [ 100.435084062295857, 7.083101688936414 ], [ 100.435084062295843, 7.083191520464854 ], [ 100.435173893824384, 7.083191520464851 ], [ 100.435173893824384, 7.083281351993279 ], [ 100.435263725352911, 7.083281351993298 ], [ 100.435263725352911, 7.083550846578509 ], [ 100.435353556881083, 7.08355084657851 ], [ 100.435353556881068, 7.084000004220536 ], [ 100.435263725352911, 7.084000004220534 ], [ 100.435263725352897, 7.084179667277406 ], [ 100.435084062295857, 7.084179667277407 ], [ 100.435084062295857, 7.08426949880575 ], [ 100.434634904653919, 7.084269498805762 ], [ 100.434634904653933, 7.084179667277406 ], [ 100.434455241597234, 7.0841796672774 ], [ 100.434455241597234, 7.08408983574896 ], [ 100.433646757841203, 7.08408983574897 ], [ 100.433646757841203, 7.08426949880576 ], [ 100.433556926313045, 7.084269498805745 ], [ 100.433556926313045, 7.084538993390987 ], [ 100.433646757841203, 7.084538993390979 ], [ 100.433646757841203, 7.08507798256151 ], [ 100.433556926313031, 7.085077982561523 ], [ 100.433556926313017, 7.085527140203529 ], [ 100.433467094784518, 7.08552714020353 ], [ 100.43346709478449, 7.085796634788755 ], [ 100.433377263255977, 7.085796634788768 ], [ 100.433377263255977, 7.086066129373983 ], [ 100.433287431727805, 7.086066129373982 ], [ 100.433287431727805, 7.086694950072879 ], [ 100.433197600199279, 7.086694950072873 ], [ 100.433197600199264, 7.087054276186534 ], [ 100.433107768670752, 7.087054276186541 ], [ 100.433107768670752, 7.087862759942293 ], [ 100.433197600199293, 7.087862759942312 ], [ 100.433197600199279, 7.08795259147064 ], [ 100.433107768670766, 7.087952591470651 ], [ 100.433107768670737, 7.088042422999084 ], [ 100.433197600199279, 7.088042422999091 ], [ 100.433197600199293, 7.088132254527534 ], [ 100.433107768670752, 7.088132254527516 ], [ 100.433107768670752, 7.088222086055882 ], [ 100.433197600199279, 7.088222086055874 ], [ 100.433197600199264, 7.088311917584312 ], [ 100.433107768670752, 7.088311917584307 ], [ 100.433107768670752, 7.088401749112748 ], [ 100.433197600199293, 7.088401749112747 ], [ 100.433197600199264, 7.088491580641096 ], [ 100.433107768670752, 7.088491580641104 ], [ 100.433107768670752, 7.088761075226415 ], [ 100.43301793714258, 7.088761075226421 ], [ 100.43301793714258, 7.089030569811638 ], [ 100.432928105614053, 7.089030569811645 ], [ 100.432928105614053, 7.089389895925303 ], [ 100.433107768670752, 7.089389895925303 ], [ 100.433107768670752, 7.089479727453662 ], [ 100.433377263255977, 7.089479727453654 ], [ 100.433377263255977, 7.089569558982089 ], [ 100.433826420898257, 7.089569558982087 ], [ 100.433826420898242, 7.089479727453649 ], [ 100.434006083954955, 7.089479727453654 ], [ 100.434006083954955, 7.089389895925308 ], [ 100.434545073125406, 7.089389895925313 ] ], [ [ 100.436611198279039, 7.084538993390971 ], [ 100.436611198279039, 7.084449161862636 ], [ 100.43670102980721, 7.084449161862637 ], [ 100.43670102980721, 7.084269498805746 ], [ 100.436790861335751, 7.084269498805748 ], [ 100.436790861335751, 7.084179667277394 ], [ 100.436880692864264, 7.084179667277404 ], [ 100.43688069286425, 7.084000004220535 ], [ 100.436790861335737, 7.084000004220535 ], [ 100.436790861335737, 7.08391017269217 ], [ 100.436701029807196, 7.083910172692188 ], [ 100.43670102980721, 7.083820341163745 ], [ 100.436611198279053, 7.083820341163739 ], [ 100.436611198279053, 7.083550846578509 ], [ 100.43670102980721, 7.083550846578519 ], [ 100.436701029807196, 7.083461015050084 ], [ 100.436970524392436, 7.083461015050081 ], [ 100.436970524392436, 7.083550846578509 ], [ 100.437060355920948, 7.083550846578514 ], [ 100.437060355920977, 7.083640678106864 ], [ 100.437150187449475, 7.083640678106865 ], [ 100.43715018744949, 7.083730509635298 ], [ 100.437240018978017, 7.083730509635297 ], [ 100.437240018978017, 7.084359330334197 ], [ 100.437150187449475, 7.084359330334189 ], [ 100.43715018744949, 7.084718656447857 ], [ 100.437060355920963, 7.084718656447844 ], [ 100.437060355920963, 7.084808487976296 ], [ 100.436880692864278, 7.084808487976295 ], [ 100.436880692864264, 7.084718656447854 ], [ 100.43670102980721, 7.084718656447849 ], [ 100.43670102980721, 7.084538993390978 ], [ 100.436611198279039, 7.084538993390971 ] ], [ [ 100.435892546051534, 7.084718656447864 ], [ 100.435892546051548, 7.084538993390981 ], [ 100.435802714523362, 7.084538993390978 ], [ 100.435802714523362, 7.084449161862621 ], [ 100.435892546051534, 7.084449161862635 ], [ 100.43589254605152, 7.084359330334188 ], [ 100.436072209108588, 7.084359330334197 ], [ 100.436072209108602, 7.08444916186262 ], [ 100.436162040636759, 7.08444916186263 ], [ 100.436162040636759, 7.084718656447858 ], [ 100.435892546051534, 7.084718656447864 ] ], [ [ 100.434095915483482, 7.085796634788763 ], [ 100.434095915483482, 7.085616971731966 ], [ 100.434185747012009, 7.085616971731962 ], [ 100.434185747012023, 7.085527140203528 ], [ 100.434455241597234, 7.085527140203537 ], [ 100.43445524159722, 7.085437308675187 ], [ 100.434814567710646, 7.085437308675189 ], [ 100.434814567710632, 7.085527140203539 ], [ 100.434904399239173, 7.085527140203538 ], [ 100.434904399239159, 7.085616971731975 ], [ 100.434994230767686, 7.085616971731973 ], [ 100.434994230767686, 7.085976297845624 ], [ 100.434904399239159, 7.08597629784563 ], [ 100.434904399239159, 7.086066129373989 ], [ 100.434545073125406, 7.086066129373974 ], [ 100.43454507312542, 7.085976297845633 ], [ 100.43445524159722, 7.085976297845638 ], [ 100.43445524159722, 7.08606612937399 ], [ 100.434275578540181, 7.086066129373987 ], [ 100.434275578540195, 7.086155960902412 ], [ 100.434095915483482, 7.086155960902417 ], [ 100.434095915483482, 7.086066129373973 ], [ 100.434006083954941, 7.086066129373989 ], [ 100.434006083954955, 7.085796634788752 ], [ 100.434095915483482, 7.085796634788763 ] ], [ [ 100.436880692864264, 7.08696444465809 ], [ 100.436790861335723, 7.086964444658092 ], [ 100.436790861335737, 7.087054276186526 ], [ 100.436431535221971, 7.087054276186528 ], [ 100.436431535221971, 7.086964444658094 ], [ 100.436341703693827, 7.086964444658104 ], [ 100.436341703693827, 7.086784781601299 ], [ 100.436251872165286, 7.086784781601307 ], [ 100.436251872165272, 7.086694950072877 ], [ 100.436341703693813, 7.086694950072881 ], [ 100.436341703693827, 7.086515287016076 ], [ 100.436790861335723, 7.086515287016087 ], [ 100.436790861335737, 7.086605118544518 ], [ 100.436880692864264, 7.086605118544518 ], [ 100.436880692864264, 7.08696444465809 ] ], [ [ 100.433467094784504, 7.086784781601307 ], [ 100.433826420898257, 7.086784781601319 ], [ 100.433826420898257, 7.08687461312974 ], [ 100.433916252426428, 7.086874613129756 ], [ 100.433916252426428, 7.087144107714977 ], [ 100.433826420898271, 7.087144107714964 ], [ 100.433826420898257, 7.087233939243411 ], [ 100.43373658936973, 7.087233939243415 ], [ 100.43373658936973, 7.087323770771767 ], [ 100.433646757841217, 7.087323770771762 ], [ 100.433646757841203, 7.087233939243403 ], [ 100.433556926313045, 7.087233939243414 ], [ 100.433556926313031, 7.087144107714982 ], [ 100.433467094784504, 7.087144107714975 ], [ 100.433467094784504, 7.086784781601307 ] ] ] ] } },
{ "type": "Feature", "properties": { "TB_IDN": 901403, "TB_TN": "ต.แม่ทอม", "AP_IDN": 9014, "AP_TN": "อ.บางกล่ำ", "PV_IDN": 90, "PV_TN": "จ.สงขลา", "RE_NESDB": "South", "RE_ROYIN": "South", "F_AREA": 1344268.6964700001, "flood_area": 840.168, "A": 1.344 }, "geometry": { "type": "MultiPolygon", "coordinates": [ [ [ [ 100.452241884222474, 7.092803494004881 ], [ 100.452241884222474, 7.092713662476541 ], [ 100.452331715751001, 7.092713662476545 ], [ 100.452331715751001, 7.092623830948095 ], [ 100.452421547279528, 7.092623830948103 ], [ 100.452421547279528, 7.092533999419662 ], [ 100.452511378807699, 7.092533999419654 ], [ 100.452511378807699, 7.092444167891304 ], [ 100.452691041864753, 7.092444167891307 ], [ 100.452691041864739, 7.092354336362879 ], [ 100.45278087339328, 7.092354336362871 ], [ 100.45278087339328, 7.091725515663978 ], [ 100.452691041864753, 7.091725515663976 ], [ 100.452691041864753, 7.091456021078769 ], [ 100.452601210336226, 7.091456021078759 ], [ 100.452601210336226, 7.091276358021888 ], [ 100.452511378807714, 7.091276358021889 ], [ 100.452511378807699, 7.09055770579464 ], [ 100.452421547279528, 7.090557705794635 ], [ 100.452421547279528, 7.090467874266206 ], [ 100.452331715751001, 7.090467874266205 ], [ 100.452331715751015, 7.09037804273776 ], [ 100.452247961520783, 7.090378042737855 ], [ 100.451600853366344, 7.090576701600453 ], [ 100.451067586208453, 7.090780820853165 ], [ 100.450984242824873, 7.090813138303483 ], [ 100.450984242824859, 7.090917031908321 ], [ 100.451074074353414, 7.090917031908301 ], [ 100.4510740743534, 7.09109669496509 ], [ 100.451163905881586, 7.09109669496509 ], [ 100.451163905881572, 7.091456021078753 ], [ 100.451253737410084, 7.09145602107875 ], [ 100.451253737410099, 7.092084841777657 ], [ 100.45134356893864, 7.092084841777641 ], [ 100.451343568938626, 7.092264504834434 ], [ 100.451433400466797, 7.092264504834434 ], [ 100.451433400466797, 7.092444167891314 ], [ 100.451523231995324, 7.092444167891306 ], [ 100.451523231995324, 7.092623830948091 ], [ 100.451613063523851, 7.092623830948094 ], [ 100.451613063523851, 7.092713662476533 ], [ 100.451702895052023, 7.092713662476537 ], [ 100.451702895052037, 7.092803494004883 ], [ 100.45179272658055, 7.092803494004888 ], [ 100.451792726580564, 7.092893325533319 ], [ 100.451972389637248, 7.09289332553332 ], [ 100.451972389637234, 7.092983157061767 ], [ 100.452062221165775, 7.092983157061762 ], [ 100.452062221165775, 7.092893325533327 ], [ 100.452152052694316, 7.092893325533326 ], [ 100.452152052694316, 7.092803494004878 ], [ 100.452241884222474, 7.092803494004881 ] ] ], [ [ [ 100.460686047893333, 7.095318776800443 ], [ 100.46059621636482, 7.095318776800441 ], [ 100.460596216364834, 7.095228945272014 ], [ 100.460686047893347, 7.09522894527201 ], [ 100.460686047893347, 7.095049282215214 ], [ 100.461045374007099, 7.095049282215222 ], [ 100.461045374007099, 7.095139113743652 ], [ 100.461135205535271, 7.095139113743645 ], [ 100.461135205535271, 7.095228945272 ], [ 100.461225037063798, 7.095228945272005 ], [ 100.461225037063798, 7.095318776800442 ], [ 100.461674194705722, 7.095318776800435 ], [ 100.461674194705722, 7.095408608328881 ], [ 100.461943689291303, 7.095408608328872 ], [ 100.461943689291303, 7.095318776800451 ], [ 100.462033520819475, 7.095318776800446 ], [ 100.462033520819475, 7.095139113743666 ], [ 100.462123352348002, 7.095139113743656 ], [ 100.462123352348002, 7.095049282215213 ], [ 100.462033520819489, 7.095049282215208 ], [ 100.462033520819475, 7.094869619158428 ], [ 100.461943689291317, 7.094869619158437 ], [ 100.461943689291303, 7.094689956101555 ], [ 100.461853857762776, 7.09468995610156 ], [ 100.461853857762776, 7.094420461516332 ], [ 100.461943689291303, 7.094420461516331 ], [ 100.461943689291303, 7.093971303874316 ], [ 100.461853857762776, 7.093971303874323 ], [ 100.461853857762776, 7.09388147234588 ], [ 100.461494531649038, 7.093881472345886 ], [ 100.461494531649038, 7.093791640817444 ], [ 100.461314868592339, 7.093791640817449 ], [ 100.461314868592325, 7.093701809288993 ], [ 100.461225037063784, 7.093701809288996 ], [ 100.461225037063812, 7.093611977760647 ], [ 100.461045374007099, 7.09361197776065 ], [ 100.461045374007099, 7.093342483175427 ], [ 100.461135205535285, 7.093342483175419 ], [ 100.461135205535271, 7.093162820118549 ], [ 100.461225037063798, 7.093162820118556 ], [ 100.461225037063798, 7.09298315706176 ], [ 100.461764026234235, 7.09298315706177 ], [ 100.461764026234249, 7.093072988590115 ], [ 100.462123352348002, 7.093072988590109 ], [ 100.462123352348002, 7.092983157061764 ], [ 100.462213183876528, 7.092983157061772 ], [ 100.462213183876528, 7.092893325533321 ], [ 100.4623030154047, 7.092893325533316 ], [ 100.4623030154047, 7.09262383094809 ], [ 100.462392846933227, 7.092623830948105 ], [ 100.462392846933213, 7.092444167891319 ], [ 100.462482678461754, 7.092444167891317 ], [ 100.462482678461754, 7.092264504834433 ], [ 100.462572509989926, 7.092264504834434 ], [ 100.46257250998994, 7.091725515663977 ], [ 100.462482678461754, 7.091725515663994 ], [ 100.462482678461754, 7.091456021078756 ], [ 100.462392846933241, 7.091456021078761 ], [ 100.462392846933227, 7.091276358021885 ], [ 100.462303015404714, 7.091276358021888 ], [ 100.462303015404714, 7.091186526493542 ], [ 100.462033520819475, 7.091186526493535 ], [ 100.462033520819475, 7.091276358021889 ], [ 100.461764026234249, 7.091276358021882 ], [ 100.461764026234235, 7.091366189550318 ], [ 100.461674194705708, 7.091366189550321 ], [ 100.461674194705722, 7.091456021078771 ], [ 100.461584363177565, 7.091456021078756 ], [ 100.46158436317755, 7.0915458526071 ], [ 100.461404700120497, 7.091545852607107 ], [ 100.461404700120497, 7.091635684135555 ], [ 100.460865710950046, 7.09163568413555 ], [ 100.460865710950046, 7.091725515663993 ], [ 100.46059621636482, 7.091725515663993 ], [ 100.46059621636482, 7.091635684135552 ], [ 100.460506384836648, 7.091635684135554 ], [ 100.460506384836648, 7.0915458526071 ], [ 100.460416553308121, 7.091545852607104 ], [ 100.460416553308136, 7.091456021078756 ], [ 100.460326721779609, 7.091456021078761 ], [ 100.460326721779595, 7.091366189550321 ], [ 100.460236890251437, 7.091366189550328 ], [ 100.460236890251423, 7.091186526493532 ], [ 100.460057227194369, 7.091186526493531 ], [ 100.460057227194369, 7.091096694965087 ], [ 100.459967395666183, 7.091096694965087 ], [ 100.459967395666212, 7.091006863436651 ], [ 100.459787732609144, 7.091006863436657 ], [ 100.459787732609144, 7.090917031908318 ], [ 100.459697901080972, 7.090917031908302 ], [ 100.459697901080986, 7.090827200379871 ], [ 100.459608069552445, 7.090827200379861 ], [ 100.459608069552445, 7.090378042737769 ], [ 100.459518238023918, 7.09037804273777 ], [ 100.459518238023918, 7.090288211209422 ], [ 100.459608069552445, 7.090288211209409 ], [ 100.459608069552445, 7.090018716624097 ], [ 100.459518238023918, 7.090018716624101 ], [ 100.459518238023904, 7.089928885095763 ], [ 100.459428406495732, 7.089928885095753 ], [ 100.459428406495746, 7.089839053567322 ], [ 100.459248743438692, 7.089839053567317 ], [ 100.459248743438692, 7.089749222038885 ], [ 100.459158911910521, 7.089749222038873 ], [ 100.459158911910521, 7.08965939051053 ], [ 100.458799585796768, 7.089659390510525 ], [ 100.458799585796768, 7.089569558982087 ], [ 100.458530091211543, 7.089569558982092 ], [ 100.458530091211543, 7.089479727453648 ], [ 100.458260596626303, 7.089479727453662 ], [ 100.458260596626303, 7.089389895925296 ], [ 100.458080933569263, 7.089389895925301 ], [ 100.458080933569263, 7.089479727453658 ], [ 100.457991102041092, 7.089479727453645 ], [ 100.457991102041092, 7.089659390510522 ], [ 100.457901270512579, 7.089659390510537 ], [ 100.457901270512579, 7.089749222038878 ], [ 100.457991102041092, 7.089749222038877 ], [ 100.457991102041092, 7.08992888509576 ], [ 100.458080933569278, 7.089928885095764 ], [ 100.458080933569263, 7.09046787426621 ], [ 100.457991102041092, 7.090467874266199 ], [ 100.457991102041092, 7.09055770579465 ], [ 100.457811438984038, 7.09055770579465 ], [ 100.457811438984038, 7.090467874266209 ], [ 100.457631775927339, 7.090467874266204 ], [ 100.457631775927354, 7.09037804273777 ], [ 100.457541944398827, 7.090378042737759 ], [ 100.457541944398812, 7.090288211209418 ], [ 100.457452112870655, 7.090288211209417 ], [ 100.457452112870627, 7.090198379680988 ], [ 100.4573622813421, 7.090198379680982 ], [ 100.457362281342114, 7.090108548152547 ], [ 100.45691312370019, 7.090108548152532 ], [ 100.456913123700204, 7.090198379680986 ], [ 100.456823292171649, 7.090198379680983 ], [ 100.456823292171663, 7.090378042737769 ], [ 100.456733460643122, 7.090378042737768 ], [ 100.456733460643136, 7.09055770579465 ], [ 100.456643629114964, 7.09055770579465 ], [ 100.45664362911495, 7.090827200379866 ], [ 100.456733460643136, 7.090827200379879 ], [ 100.456733460643136, 7.091006863436649 ], [ 100.456823292171663, 7.091006863436651 ], [ 100.456823292171677, 7.091456021078766 ], [ 100.45691312370019, 7.091456021078768 ], [ 100.456913123700204, 7.0915458526071 ], [ 100.457362281342114, 7.091545852607103 ], [ 100.4573622813421, 7.091635684135555 ], [ 100.457452112870641, 7.091635684135552 ], [ 100.457452112870641, 7.092264504834437 ], [ 100.4573622813421, 7.09226450483443 ], [ 100.457362281342128, 7.092354336362877 ], [ 100.457272449813573, 7.092354336362867 ], [ 100.457272449813587, 7.092444167891315 ], [ 100.457092786756888, 7.092444167891312 ], [ 100.457092786756888, 7.092533999419666 ], [ 100.457002955228361, 7.092533999419657 ], [ 100.457002955228347, 7.09262383094809 ], [ 100.45691312370019, 7.092623830948094 ], [ 100.456913123700176, 7.092893325533328 ], [ 100.457092786756888, 7.092893325533328 ], [ 100.457092786756888, 7.092983157061767 ], [ 100.457362281342114, 7.092983157061769 ], [ 100.457362281342114, 7.092893325533321 ], [ 100.457452112870627, 7.09289332553332 ], [ 100.457452112870655, 7.092803494004895 ], [ 100.457631775927325, 7.092803494004895 ], [ 100.457631775927339, 7.092623830948091 ], [ 100.457721607455852, 7.092623830948098 ], [ 100.457721607455866, 7.092354336362868 ], [ 100.457631775927325, 7.092354336362867 ], [ 100.457631775927339, 7.092174673305995 ], [ 100.457541944398827, 7.092174673305997 ], [ 100.457541944398812, 7.091905178720775 ], [ 100.457631775927339, 7.091905178720765 ], [ 100.457631775927339, 7.091815347192419 ], [ 100.457811438984052, 7.091815347192431 ], [ 100.457811438984024, 7.09190517872077 ], [ 100.457901270512579, 7.091905178720782 ], [ 100.457901270512565, 7.091995010249211 ], [ 100.457991102041092, 7.09199501024921 ], [ 100.457991102041092, 7.092354336362883 ], [ 100.458440259683016, 7.092354336362866 ], [ 100.458440259683016, 7.092264504834443 ], [ 100.458530091211543, 7.092264504834438 ], [ 100.458530091211529, 7.092174673306 ], [ 100.458619922739729, 7.092174673305995 ], [ 100.458619922739729, 7.091995010249205 ], [ 100.458709754268256, 7.091995010249206 ], [ 100.458709754268241, 7.091815347192416 ], [ 100.458799585796783, 7.091815347192426 ], [ 100.458799585796754, 7.091725515663975 ], [ 100.459158911910521, 7.091725515663978 ], [ 100.459158911910521, 7.091815347192419 ], [ 100.459248743438692, 7.091815347192413 ], [ 100.459248743438707, 7.091905178720782 ], [ 100.459338574967205, 7.091905178720762 ], [ 100.459338574967234, 7.092354336362876 ], [ 100.459428406495746, 7.092354336362865 ], [ 100.459428406495746, 7.092444167891319 ], [ 100.459787732609144, 7.092444167891316 ], [ 100.459787732609144, 7.092533999419667 ], [ 100.459877564137685, 7.092533999419657 ], [ 100.459877564137656, 7.092623830948096 ], [ 100.459967395666197, 7.092623830948107 ], [ 100.459967395666197, 7.092713662476532 ], [ 100.45987756413767, 7.092713662476532 ], [ 100.459877564137685, 7.092803494004888 ], [ 100.459967395666197, 7.092803494004896 ], [ 100.459967395666197, 7.092893325533317 ], [ 100.45987756413767, 7.092893325533319 ], [ 100.45987756413767, 7.092983157061767 ], [ 100.459787732609144, 7.092983157061768 ], [ 100.459787732609144, 7.093072988590103 ], [ 100.459608069552445, 7.093072988590116 ], [ 100.459608069552431, 7.092983157061762 ], [ 100.459158911910535, 7.092983157061769 ], [ 100.459158911910521, 7.09307298859011 ], [ 100.459069080381994, 7.093072988590104 ], [ 100.45906908038198, 7.093252651646991 ], [ 100.458979248853467, 7.093252651646989 ], [ 100.458979248853467, 7.093342483175417 ], [ 100.45906908038198, 7.093342483175429 ], [ 100.459069080381994, 7.093432314703786 ], [ 100.459158911910521, 7.093432314703779 ], [ 100.459158911910521, 7.093522146232203 ], [ 100.459428406495761, 7.093522146232216 ], [ 100.459428406495746, 7.093432314703775 ], [ 100.459608069552445, 7.093432314703767 ], [ 100.459608069552431, 7.093342483175424 ], [ 100.460057227194369, 7.093342483175419 ], [ 100.460057227194369, 7.093252651646981 ], [ 100.460236890251423, 7.093252651646987 ], [ 100.460236890251437, 7.093522146232224 ], [ 100.46014705872291, 7.093522146232207 ], [ 100.460147058722882, 7.093701809288999 ], [ 100.460057227194355, 7.093701809288993 ], [ 100.460057227194369, 7.093791640817435 ], [ 100.459967395666197, 7.093791640817449 ], [ 100.459967395666212, 7.093971303874325 ], [ 100.45987756413767, 7.09397130387431 ], [ 100.45987756413767, 7.094061135402661 ], [ 100.459787732609144, 7.094061135402663 ], [ 100.459787732609144, 7.094150966931105 ], [ 100.459697901080958, 7.094150966931104 ], [ 100.459697901080972, 7.094240798459531 ], [ 100.459158911910521, 7.094240798459541 ], [ 100.459158911910535, 7.094330629987899 ], [ 100.45906908038198, 7.094330629987889 ], [ 100.459069080382008, 7.094600124573114 ], [ 100.459158911910521, 7.094600124573119 ], [ 100.459158911910521, 7.094779787629989 ], [ 100.459248743438692, 7.094779787629987 ], [ 100.459248743438692, 7.094869619158438 ], [ 100.459338574967219, 7.094869619158432 ], [ 100.459338574967205, 7.094959450686773 ], [ 100.459428406495761, 7.094959450686784 ], [ 100.459428406495761, 7.095408608328881 ], [ 100.459518238023904, 7.095408608328872 ], [ 100.459518238023918, 7.095498439857319 ], [ 100.460236890251423, 7.095498439857311 ], [ 100.460236890251409, 7.095588271385671 ], [ 100.460416553308121, 7.095588271385679 ], [ 100.460416553308121, 7.095678102914117 ], [ 100.460506384836648, 7.095678102914103 ], [ 100.460506384836648, 7.095588271385677 ], [ 100.460596216364834, 7.09558827138566 ], [ 100.46059621636482, 7.095408608328884 ], [ 100.460686047893347, 7.095408608328875 ], [ 100.460686047893333, 7.095318776800443 ] ], [ [ 100.460865710950046, 7.092264504834434 ], [ 100.460865710950031, 7.092174673306006 ], [ 100.461135205535285, 7.092174673305995 ], [ 100.461135205535271, 7.092264504834443 ], [ 100.461225037063798, 7.092264504834444 ], [ 100.461225037063798, 7.092713662476535 ], [ 100.461135205535257, 7.09271366247654 ], [ 100.461135205535271, 7.092803494004892 ], [ 100.461045374007099, 7.09280349400488 ], [ 100.461045374007099, 7.092713662476535 ], [ 100.460865710950031, 7.092713662476541 ], [ 100.460865710950046, 7.092623830948089 ], [ 100.460775879421888, 7.092623830948106 ], [ 100.460775879421874, 7.09226450483444 ], [ 100.460865710950046, 7.092264504834434 ] ], [ [ 100.460416553308121, 7.093432314703775 ], [ 100.460416553308121, 7.093342483175424 ], [ 100.46059621636482, 7.093342483175426 ], [ 100.46059621636482, 7.093432314703772 ], [ 100.460416553308121, 7.093432314703775 ] ] ], [ [ [ 100.449816432955444, 7.093522146232222 ], [ 100.449816432955444, 7.093162820118545 ], [ 100.449906264483971, 7.093162820118549 ], [ 100.449906264483957, 7.093072988590106 ], [ 100.449816432955444, 7.093072988590118 ], [ 100.449816432955444, 7.092983157061767 ], [ 100.449906264483971, 7.092983157061763 ], [ 100.449906264483971, 7.092893325533315 ], [ 100.449816432955458, 7.092893325533334 ], [ 100.449816432955444, 7.092803494004897 ], [ 100.449906264483985, 7.092803494004885 ], [ 100.449906264483971, 7.092444167891312 ], [ 100.449816432955444, 7.092444167891319 ], [ 100.44981643295543, 7.092354336362866 ], [ 100.449726601427272, 7.092354336362879 ], [ 100.449726601427287, 7.092264504834437 ], [ 100.448648623086029, 7.09226450483444 ], [ 100.448648623086001, 7.092174673306001 ], [ 100.44837912850079, 7.092174673306 ], [ 100.44837912850079, 7.09226450483443 ], [ 100.448109633915564, 7.092264504834431 ], [ 100.448109633915564, 7.092174673305995 ], [ 100.448019802387392, 7.092174673305999 ], [ 100.448019802387378, 7.092264504834437 ], [ 100.447840139330339, 7.092264504834427 ], [ 100.447840139330339, 7.092354336362865 ], [ 100.447750307802167, 7.092354336362868 ], [ 100.447750307802167, 7.092444167891305 ], [ 100.447840139330324, 7.092444167891319 ], [ 100.447840139330339, 7.092533999419669 ], [ 100.447929970858866, 7.092533999419652 ], [ 100.447929970858866, 7.092623830948098 ], [ 100.448648623086015, 7.092623830948105 ], [ 100.448648623086001, 7.092713662476529 ], [ 100.448738454614542, 7.092713662476534 ], [ 100.448738454614542, 7.092803494004891 ], [ 100.448828286143069, 7.092803494004883 ], [ 100.448828286143069, 7.093162820118547 ], [ 100.448738454614542, 7.093162820118547 ], [ 100.448738454614542, 7.093342483175427 ], [ 100.448648623086001, 7.093342483175425 ], [ 100.448648623086015, 7.093432314703783 ], [ 100.448738454614542, 7.09343231470378 ], [ 100.448738454614542, 7.093522146232212 ], [ 100.448828286143055, 7.093522146232218 ], [ 100.448828286143069, 7.093611977760643 ], [ 100.449457106841692, 7.093611977760653 ], [ 100.449457106841692, 7.093701809289004 ], [ 100.449546938370219, 7.093701809288993 ], [ 100.449546938370204, 7.093611977760649 ], [ 100.44963676989876, 7.093611977760654 ], [ 100.449636769898746, 7.093522146232212 ], [ 100.449816432955444, 7.093522146232222 ] ] ], [ [ [ 100.455924976887459, 7.096037429027766 ], [ 100.455924976887459, 7.095947597499324 ], [ 100.456014808415986, 7.095947597499324 ], [ 100.456014808415986, 7.095857765970901 ], [ 100.456104639944513, 7.095857765970886 ], [ 100.456104639944513, 7.095767934442537 ], [ 100.45646396605791, 7.095767934442547 ], [ 100.45646396605791, 7.095678102914103 ], [ 100.45664362911495, 7.095678102914103 ], [ 100.456643629114978, 7.09558827138566 ], [ 100.456823292171663, 7.095588271385664 ], [ 100.456823292171677, 7.095498439857322 ], [ 100.45691312370019, 7.095498439857313 ], [ 100.456913123700176, 7.095408608328871 ], [ 100.457002955228376, 7.09540860832889 ], [ 100.457002955228376, 7.095318776800449 ], [ 100.457092786756874, 7.095318776800435 ], [ 100.457092786756888, 7.094959450686772 ], [ 100.457182618285415, 7.094959450686777 ], [ 100.457182618285415, 7.094869619158428 ], [ 100.457272449813601, 7.094869619158423 ], [ 100.457272449813601, 7.094779787629994 ], [ 100.457362281342114, 7.094779787629999 ], [ 100.457362281342114, 7.094510293044765 ], [ 100.457452112870627, 7.094510293044769 ], [ 100.457452112870641, 7.094330629987901 ], [ 100.457541944398812, 7.094330629987881 ], [ 100.457541944398812, 7.094240798459547 ], [ 100.457631775927339, 7.094240798459537 ], [ 100.457631775927339, 7.093971303874309 ], [ 100.457541944398812, 7.093971303874324 ], [ 100.457541944398812, 7.093881472345877 ], [ 100.457452112870641, 7.093881472345875 ], [ 100.457452112870641, 7.09379164081744 ], [ 100.456733460643136, 7.093791640817447 ], [ 100.456733460643136, 7.093701809289001 ], [ 100.456643629114964, 7.09370180928901 ], [ 100.45664362911495, 7.09361197776066 ], [ 100.456553797586437, 7.093611977760656 ], [ 100.456553797586437, 7.093252651646979 ], [ 100.456374134529739, 7.093252651646981 ], [ 100.456374134529753, 7.093162820118552 ], [ 100.456104639944513, 7.093162820118549 ], [ 100.456104639944513, 7.09307298859011 ], [ 100.455924976887459, 7.09307298859011 ], [ 100.455924976887459, 7.092983157061767 ], [ 100.455835145359273, 7.092983157061771 ], [ 100.455835145359288, 7.092893325533325 ], [ 100.455745313830761, 7.092893325533321 ], [ 100.455745313830761, 7.092803494004891 ], [ 100.455565650773707, 7.092803494004896 ], [ 100.455565650773707, 7.092893325533325 ], [ 100.455475819245535, 7.092893325533331 ], [ 100.455475819245535, 7.093072988590119 ], [ 100.455565650773693, 7.093072988590113 ], [ 100.455565650773707, 7.093252651646993 ], [ 100.455745313830747, 7.093252651646988 ], [ 100.455745313830775, 7.093342483175423 ], [ 100.455924976887459, 7.093342483175419 ], [ 100.455924976887459, 7.09343231470377 ], [ 100.456014808415986, 7.093432314703773 ], [ 100.456014808415986, 7.093522146232218 ], [ 100.456104639944513, 7.09352214623221 ], [ 100.456104639944513, 7.094150966931106 ], [ 100.456014808415972, 7.094150966931103 ], [ 100.456014808415986, 7.094240798459547 ], [ 100.455924976887459, 7.094240798459532 ], [ 100.455924976887459, 7.094330629987894 ], [ 100.455835145359288, 7.094330629987884 ], [ 100.455835145359302, 7.094510293044757 ], [ 100.455924976887459, 7.094510293044766 ], [ 100.455924976887459, 7.09477978762999 ], [ 100.456014808416001, 7.09477978763 ], [ 100.456014808415986, 7.094959450686781 ], [ 100.456104639944513, 7.094959450686775 ], [ 100.456104639944513, 7.09504928221521 ], [ 100.456194471472685, 7.095049282215212 ], [ 100.456194471472685, 7.095408608328875 ], [ 100.456104639944513, 7.095408608328879 ], [ 100.456104639944513, 7.095498439857319 ], [ 100.455924976887459, 7.095498439857325 ], [ 100.455924976887445, 7.095408608328882 ], [ 100.455745313830761, 7.095408608328885 ], [ 100.455745313830761, 7.095318776800441 ], [ 100.455655482302234, 7.095318776800449 ], [ 100.455655482302248, 7.095408608328873 ], [ 100.455475819245535, 7.095408608328885 ], [ 100.455475819245535, 7.095588271385665 ], [ 100.455385987717008, 7.095588271385665 ], [ 100.455385987717008, 7.096127260556127 ], [ 100.455565650773693, 7.096127260556115 ], [ 100.455565650773707, 7.09621709208455 ], [ 100.45565548230222, 7.096217092084559 ], [ 100.455655482302248, 7.096127260556123 ], [ 100.455835145359288, 7.096127260556126 ], [ 100.455835145359302, 7.096037429027766 ], [ 100.455924976887459, 7.096037429027766 ] ] ], [ [ [ 100.455835145359273, 7.099271364050575 ], [ 100.455835145359302, 7.099181532522127 ], [ 100.455745313830775, 7.099181532522119 ], [ 100.455745313830775, 7.099091700993787 ], [ 100.455655482302248, 7.099091700993775 ], [ 100.455655482302248, 7.099001869465341 ], [ 100.455565650773707, 7.099001869465346 ], [ 100.455565650773707, 7.098912037936906 ], [ 100.455026661603256, 7.098912037936901 ], [ 100.455026661603256, 7.099001869465334 ], [ 100.45493683007507, 7.099001869465351 ], [ 100.454936830075098, 7.099091700993777 ], [ 100.454577503961332, 7.099091700993783 ], [ 100.454577503961332, 7.099181532522117 ], [ 100.454397840904633, 7.099181532522121 ], [ 100.454397840904633, 7.099451027107445 ], [ 100.454487672432805, 7.099451027107446 ], [ 100.454487672432805, 7.099540858635786 ], [ 100.454577503961346, 7.099540858635783 ], [ 100.454577503961318, 7.099630690164222 ], [ 100.454667335489859, 7.099630690164236 ], [ 100.454667335489845, 7.099720521692673 ], [ 100.455835145359288, 7.09972052169267 ], [ 100.455835145359288, 7.099630690164237 ], [ 100.455924976887459, 7.09963069016422 ], [ 100.455924976887445, 7.099271364050559 ], [ 100.455835145359273, 7.099271364050575 ] ] ], [ [ [ 100.447840139330324, 7.102595130601799 ], [ 100.447840139330324, 7.102145972959782 ], [ 100.447750307802167, 7.102145972959783 ], [ 100.447750307802181, 7.101966309902906 ], [ 100.447301150159888, 7.10196630990291 ], [ 100.447301150159888, 7.101876478374554 ], [ 100.447121487103189, 7.101876478374559 ], [ 100.447121487103189, 7.10178664684612 ], [ 100.447031655574662, 7.101786646846119 ], [ 100.447031655574662, 7.101606983789251 ], [ 100.44694182404649, 7.101606983789241 ], [ 100.44694182404649, 7.101427320732461 ], [ 100.446851992517978, 7.101427320732464 ], [ 100.446851992517949, 7.101337489204011 ], [ 100.446582497932724, 7.101337489204027 ], [ 100.446582497932738, 7.101247657675674 ], [ 100.446313003347498, 7.101247657675676 ], [ 100.446313003347512, 7.101337489204022 ], [ 100.446223171819, 7.101337489204023 ], [ 100.446223171819, 7.101517152260898 ], [ 100.446133340290459, 7.101517152260903 ], [ 100.446133340290473, 7.101696815317678 ], [ 100.446043508762287, 7.101696815317688 ], [ 100.446043508762287, 7.102235804488147 ], [ 100.44595367723376, 7.102235804488147 ], [ 100.445953677233746, 7.102325636016579 ], [ 100.446043508762301, 7.102325636016582 ], [ 100.446043508762301, 7.102415467545015 ], [ 100.446133340290459, 7.102415467545011 ], [ 100.446133340290459, 7.102505299073444 ], [ 100.446313003347512, 7.102505299073446 ], [ 100.446313003347498, 7.1025951306018 ], [ 100.446762160989451, 7.102595130601788 ], [ 100.446762160989437, 7.10268496213023 ], [ 100.447031655574662, 7.102684962130233 ], [ 100.447031655574662, 7.102774793658677 ], [ 100.44766047627364, 7.10277479365867 ], [ 100.447660476273654, 7.102684962130227 ], [ 100.447750307802167, 7.102684962130231 ], [ 100.447750307802181, 7.102595130601807 ], [ 100.447840139330324, 7.102595130601799 ] ] ], [ [ [ 100.45179272658055, 7.105290076454135 ], [ 100.451882558109091, 7.105290076454142 ], [ 100.451882558109091, 7.105200244925785 ], [ 100.451972389637262, 7.105200244925786 ], [ 100.451972389637248, 7.105110413397357 ], [ 100.452152052694302, 7.105110413397344 ], [ 100.452152052694302, 7.105020581868912 ], [ 100.452241884222474, 7.105020581868922 ], [ 100.452241884222474, 7.10493075034056 ], [ 100.452421547279528, 7.104930750340564 ], [ 100.452421547279528, 7.104751087283693 ], [ 100.452511378807699, 7.104751087283683 ], [ 100.452511378807699, 7.104571424226902 ], [ 100.452601210336226, 7.104571424226898 ], [ 100.45260121033624, 7.104301929641684 ], [ 100.452691041864767, 7.104301929641681 ], [ 100.452691041864753, 7.104212098113249 ], [ 100.45278087339328, 7.104212098113243 ], [ 100.452780873393294, 7.1041222665848 ], [ 100.452960536449979, 7.104122266584806 ], [ 100.452960536449979, 7.104032435056445 ], [ 100.453140199506677, 7.104032435056455 ], [ 100.453140199506677, 7.103942603528017 ], [ 100.453679188677114, 7.103942603528015 ], [ 100.453679188677128, 7.103852771999579 ], [ 100.453769020205655, 7.103852771999574 ], [ 100.453769020205655, 7.103673108942783 ], [ 100.453858851734196, 7.103673108942797 ], [ 100.453858851734182, 7.10349344588592 ], [ 100.453948683262354, 7.103493445885912 ], [ 100.453948683262354, 7.103403614357562 ], [ 100.454128346319408, 7.103403614357568 ], [ 100.454128346319408, 7.103313782829129 ], [ 100.454218177847579, 7.103313782829125 ], [ 100.454218177847594, 7.10322395130068 ], [ 100.454308009376092, 7.103223951300678 ], [ 100.454308009376106, 7.103134119772246 ], [ 100.454397840904633, 7.103134119772247 ], [ 100.454397840904633, 7.102954456715463 ], [ 100.454487672432805, 7.102954456715466 ], [ 100.454487672432819, 7.102864625187016 ], [ 100.454667335489859, 7.102864625187014 ], [ 100.454667335489859, 7.102774793658676 ], [ 100.454846998546543, 7.102774793658678 ], [ 100.454846998546543, 7.102684962130231 ], [ 100.45502666160327, 7.102684962130237 ], [ 100.455026661603256, 7.102595130601802 ], [ 100.455116493131783, 7.102595130601803 ], [ 100.455116493131783, 7.102505299073444 ], [ 100.45520632466031, 7.102505299073453 ], [ 100.455206324660296, 7.102415467545008 ], [ 100.455296156188481, 7.102415467545003 ], [ 100.455296156188481, 7.102235804488141 ], [ 100.455385987717023, 7.102235804488143 ], [ 100.455385987717023, 7.102056141431344 ], [ 100.455475819245535, 7.102056141431352 ], [ 100.455475819245549, 7.101966309902906 ], [ 100.455565650773721, 7.101966309902905 ], [ 100.455565650773707, 7.101876478374556 ], [ 100.455655482302234, 7.101876478374562 ], [ 100.45565548230222, 7.101786646846127 ], [ 100.455745313830747, 7.101786646846122 ], [ 100.455745313830761, 7.101606983789247 ], [ 100.455835145359288, 7.10160698378925 ], [ 100.455835145359273, 7.101517152260888 ], [ 100.455924976887459, 7.101517152260903 ], [ 100.455924976887459, 7.101427320732458 ], [ 100.456014808416001, 7.101427320732463 ], [ 100.456014808415986, 7.101157826147227 ], [ 100.455924976887445, 7.101157826147238 ], [ 100.455924976887474, 7.101067994618799 ], [ 100.455835145359288, 7.101067994618802 ], [ 100.455835145359288, 7.100978163090439 ], [ 100.455745313830761, 7.100978163090454 ], [ 100.455745313830761, 7.10079850003358 ], [ 100.455655482302248, 7.100798500033567 ], [ 100.455655482302234, 7.100529005448338 ], [ 100.455565650773707, 7.100529005448336 ], [ 100.455565650773707, 7.100349342391548 ], [ 100.455475819245535, 7.10034934239156 ], [ 100.455475819245535, 7.100259510863113 ], [ 100.455116493131783, 7.100259510863118 ], [ 100.455116493131783, 7.100349342391564 ], [ 100.455026661603256, 7.100349342391562 ], [ 100.455026661603256, 7.100529005448338 ], [ 100.454936830075084, 7.100529005448344 ], [ 100.454936830075084, 7.100798500033566 ], [ 100.454846998546572, 7.100798500033561 ], [ 100.454846998546572, 7.100888331562 ], [ 100.454757167018045, 7.100888331562005 ], [ 100.45475716701803, 7.100978163090436 ], [ 100.454667335489859, 7.100978163090449 ], [ 100.454667335489859, 7.101067994618796 ], [ 100.454577503961318, 7.101067994618799 ], [ 100.454577503961332, 7.10115782614724 ], [ 100.454397840904633, 7.101157826147229 ], [ 100.454397840904633, 7.101247657675663 ], [ 100.454218177847565, 7.101247657675671 ], [ 100.454218177847579, 7.101337489204015 ], [ 100.454038514790881, 7.101337489204018 ], [ 100.454038514790895, 7.101247657675664 ], [ 100.453858851734182, 7.101247657675679 ], [ 100.453858851734182, 7.101157826147232 ], [ 100.453769020205641, 7.101157826147232 ], [ 100.453769020205641, 7.101067994618803 ], [ 100.453679188677128, 7.101067994618798 ], [ 100.453679188677143, 7.100978163090452 ], [ 100.453499525620444, 7.100978163090446 ], [ 100.453499525620416, 7.101067994618801 ], [ 100.453409694091917, 7.101067994618792 ], [ 100.453409694091917, 7.101427320732457 ], [ 100.453319862563745, 7.101427320732454 ], [ 100.453319862563731, 7.101517152260902 ], [ 100.452870704921452, 7.101517152260896 ], [ 100.452870704921438, 7.10142732073246 ], [ 100.45278087339328, 7.10142732073246 ], [ 100.452780873393266, 7.101337489204028 ], [ 100.452691041864767, 7.101337489204028 ], [ 100.452691041864753, 7.101157826147229 ], [ 100.452601210336226, 7.101157826147231 ], [ 100.452601210336226, 7.101067994618804 ], [ 100.452511378807699, 7.101067994618786 ], [ 100.452511378807699, 7.100978163090443 ], [ 100.452421547279513, 7.100978163090445 ], [ 100.452421547279513, 7.100888331562006 ], [ 100.452331715751015, 7.100888331562007 ], [ 100.452331715751001, 7.100798500033573 ], [ 100.452152052694302, 7.10079850003357 ], [ 100.452152052694302, 7.100708668505128 ], [ 100.452062221165775, 7.100708668505122 ], [ 100.452062221165775, 7.100798500033575 ], [ 100.451882558109077, 7.100798500033564 ], [ 100.451882558109091, 7.100888331562015 ], [ 100.45179272658055, 7.100888331562006 ], [ 100.45179272658055, 7.100978163090446 ], [ 100.451702895052023, 7.100978163090438 ], [ 100.451702895052009, 7.101067994618805 ], [ 100.451613063523851, 7.101067994618801 ], [ 100.451613063523851, 7.101157826147232 ], [ 100.451343568938626, 7.10115782614724 ], [ 100.451343568938626, 7.101247657675678 ], [ 100.451163905881572, 7.101247657675672 ], [ 100.451163905881572, 7.101157826147236 ], [ 100.450984242824873, 7.101157826147236 ], [ 100.450984242824873, 7.101067994618798 ], [ 100.45080457976816, 7.101067994618786 ], [ 100.450804579768175, 7.100978163090449 ], [ 100.450714748239662, 7.100978163090452 ], [ 100.450714748239648, 7.100888331562004 ], [ 100.450624916711121, 7.100888331562012 ], [ 100.450624916711121, 7.100618836976781 ], [ 100.450445253654422, 7.100618836976786 ], [ 100.450445253654422, 7.100529005448339 ], [ 100.450265590597724, 7.10052900544834 ], [ 100.450265590597724, 7.100618836976778 ], [ 100.450175759069197, 7.100618836976786 ], [ 100.450175759069211, 7.100708668505128 ], [ 100.45008592754067, 7.100708668505133 ], [ 100.45008592754067, 7.100888331562003 ], [ 100.449996096012498, 7.100888331562013 ], [ 100.449996096012484, 7.101067994618801 ], [ 100.449906264483971, 7.101067994618796 ], [ 100.449906264483971, 7.101517152260902 ], [ 100.449816432955444, 7.101517152260898 ], [ 100.449816432955458, 7.101876478374569 ], [ 100.449906264483971, 7.101876478374549 ], [ 100.449906264483971, 7.101966309902903 ], [ 100.449996096012498, 7.101966309902906 ], [ 100.449996096012498, 7.102056141431349 ], [ 100.45008592754067, 7.102056141431357 ], [ 100.45008592754067, 7.102235804488141 ], [ 100.450175759069182, 7.102235804488144 ], [ 100.450175759069211, 7.102415467545019 ], [ 100.450265590597709, 7.102415467545018 ], [ 100.450265590597738, 7.102505299073444 ], [ 100.450355422125895, 7.102505299073444 ], [ 100.450355422125909, 7.102684962130232 ], [ 100.450445253654436, 7.102684962130246 ], [ 100.450445253654436, 7.102864625187023 ], [ 100.450535085182949, 7.10286462518703 ], [ 100.450535085182949, 7.102954456715457 ], [ 100.450624916711121, 7.102954456715464 ], [ 100.450624916711121, 7.103134119772252 ], [ 100.450714748239648, 7.103134119772249 ], [ 100.450714748239662, 7.103223951300691 ], [ 100.450804579768175, 7.103223951300685 ], [ 100.450804579768175, 7.103673108942794 ], [ 100.450624916711121, 7.103673108942787 ], [ 100.450624916711106, 7.103762940471134 ], [ 100.450445253654422, 7.103762940471141 ], [ 100.450445253654422, 7.103673108942781 ], [ 100.450265590597709, 7.103673108942795 ], [ 100.450265590597724, 7.103583277414357 ], [ 100.449996096012498, 7.103583277414357 ], [ 100.449996096012484, 7.103493445885913 ], [ 100.449906264483971, 7.103493445885913 ], [ 100.449906264483957, 7.103583277414343 ], [ 100.449816432955444, 7.103583277414354 ], [ 100.449816432955458, 7.103673108942782 ], [ 100.449636769898746, 7.10367310894279 ], [ 100.449636769898746, 7.103762940471148 ], [ 100.449546938370204, 7.103762940471146 ], [ 100.449546938370233, 7.103852771999585 ], [ 100.449457106841706, 7.103852771999573 ], [ 100.449457106841678, 7.103942603528013 ], [ 100.44936727531352, 7.103942603528009 ], [ 100.44936727531352, 7.104212098113243 ], [ 100.449457106841678, 7.104212098113234 ], [ 100.449457106841692, 7.10430192964168 ], [ 100.449546938370233, 7.104301929641688 ], [ 100.449546938370219, 7.104481592698459 ], [ 100.449726601427272, 7.104481592698464 ], [ 100.449726601427287, 7.104661255755262 ], [ 100.449816432955444, 7.104661255755259 ], [ 100.449816432955444, 7.104751087283686 ], [ 100.449906264483985, 7.104751087283699 ], [ 100.449906264483971, 7.104840918812137 ], [ 100.449996096012484, 7.104840918812129 ], [ 100.449996096012498, 7.104930750340574 ], [ 100.45008592754067, 7.104930750340562 ], [ 100.450085927540655, 7.105020581868919 ], [ 100.450175759069197, 7.105020581868922 ], [ 100.450175759069182, 7.10511041339735 ], [ 100.450265590597724, 7.105110413397347 ], [ 100.450265590597709, 7.105200244925785 ], [ 100.450445253654422, 7.105200244925793 ], [ 100.450445253654422, 7.105290076454135 ], [ 100.450624916711135, 7.105290076454132 ], [ 100.450624916711121, 7.105200244925788 ], [ 100.450714748239648, 7.105200244925787 ], [ 100.450714748239648, 7.105110413397346 ], [ 100.450804579768175, 7.105110413397355 ], [ 100.450804579768175, 7.10493075034056 ], [ 100.451074074353386, 7.104930750340568 ], [ 100.451074074353414, 7.105020581868922 ], [ 100.451253737410099, 7.105020581868915 ], [ 100.451253737410099, 7.105200244925798 ], [ 100.451343568938626, 7.105200244925789 ], [ 100.45134356893864, 7.105290076454145 ], [ 100.451433400466797, 7.105290076454149 ], [ 100.451433400466797, 7.105469739511014 ], [ 100.451523231995338, 7.105469739511018 ], [ 100.451523231995324, 7.105559571039465 ], [ 100.451613063523837, 7.105559571039461 ], [ 100.451613063523851, 7.105469739511022 ], [ 100.451702895052023, 7.105469739511011 ], [ 100.451702895052009, 7.10537990798258 ], [ 100.451792726580564, 7.105379907982577 ], [ 100.45179272658055, 7.105290076454135 ] ], [ [ 100.452331715751001, 7.102145972959784 ], [ 100.452421547279528, 7.102145972959798 ], [ 100.452421547279528, 7.101966309902906 ], [ 100.452601210336226, 7.101966309902903 ], [ 100.45260121033624, 7.101876478374568 ], [ 100.452870704921452, 7.101876478374563 ], [ 100.452870704921452, 7.101966309902902 ], [ 100.453050367978506, 7.101966309902913 ], [ 100.453050367978491, 7.102056141431339 ], [ 100.453409694091903, 7.102056141431357 ], [ 100.453409694091903, 7.101966309902906 ], [ 100.453769020205655, 7.101966309902903 ], [ 100.453769020205641, 7.102145972959787 ], [ 100.453858851734182, 7.102145972959779 ], [ 100.453858851734182, 7.102325636016577 ], [ 100.453769020205655, 7.102325636016576 ], [ 100.453769020205655, 7.102415467545015 ], [ 100.453679188677114, 7.102415467545018 ], [ 100.453679188677128, 7.102505299073449 ], [ 100.453409694091903, 7.102505299073448 ], [ 100.453409694091917, 7.1025951306018 ], [ 100.45323003103519, 7.102595130601792 ], [ 100.45323003103519, 7.102684962130227 ], [ 100.453140199506691, 7.10268496213024 ], [ 100.453140199506663, 7.102774793658668 ], [ 100.452960536449979, 7.10277479365868 ], [ 100.452960536449993, 7.10286462518703 ], [ 100.452870704921438, 7.102864625187032 ], [ 100.452870704921452, 7.102954456715453 ], [ 100.45278087339328, 7.102954456715472 ], [ 100.45278087339328, 7.103223951300691 ], [ 100.452870704921438, 7.103223951300692 ], [ 100.452870704921452, 7.103313782829118 ], [ 100.452960536449964, 7.103313782829132 ], [ 100.452960536449979, 7.103493445885904 ], [ 100.452870704921438, 7.103493445885919 ], [ 100.452870704921438, 7.103583277414354 ], [ 100.45278087339328, 7.103583277414344 ], [ 100.45278087339328, 7.103493445885916 ], [ 100.452421547279528, 7.103493445885907 ], [ 100.452421547279528, 7.103403614357565 ], [ 100.452241884222474, 7.10340361435756 ], [ 100.452241884222474, 7.103313782829133 ], [ 100.452152052694302, 7.103313782829126 ], [ 100.452152052694302, 7.102774793658674 ], [ 100.45224188422246, 7.102774793658669 ], [ 100.452241884222474, 7.102505299073459 ], [ 100.452331715751001, 7.102505299073455 ], [ 100.452331715751001, 7.102145972959784 ] ] ], [ [ [ 100.461943689291317, 7.106727380908799 ], [ 100.461943689291303, 7.106637549380351 ], [ 100.462033520819475, 7.106637549380366 ], [ 100.462033520819489, 7.106547717851912 ], [ 100.462123352348002, 7.106547717851918 ], [ 100.462123352348002, 7.106457886323575 ], [ 100.462213183876514, 7.106457886323576 ], [ 100.462213183876514, 7.106188391738249 ], [ 100.462123352348002, 7.106188391738263 ], [ 100.462123352348002, 7.106098560209905 ], [ 100.462033520819475, 7.106098560209904 ], [ 100.462033520819475, 7.10600872868147 ], [ 100.461853857762776, 7.106008728681473 ], [ 100.461853857762776, 7.105918897153024 ], [ 100.46158436317755, 7.105918897153042 ], [ 100.461584363177565, 7.106008728681472 ], [ 100.461494531649024, 7.106008728681472 ], [ 100.461494531649024, 7.106098560209912 ], [ 100.461404700120497, 7.106098560209903 ], [ 100.461404700120497, 7.106188391738253 ], [ 100.461314868592325, 7.106188391738256 ], [ 100.461314868592325, 7.106278223266698 ], [ 100.461045374007099, 7.106278223266699 ], [ 100.461045374007099, 7.106368054795135 ], [ 100.460955542478573, 7.106368054795139 ], [ 100.460955542478573, 7.106457886323565 ], [ 100.460865710950046, 7.106457886323579 ], [ 100.46086571095006, 7.106547717851914 ], [ 100.46077587942186, 7.106547717851916 ], [ 100.460775879421874, 7.106817212437153 ], [ 100.460955542478573, 7.10681721243715 ], [ 100.460955542478587, 7.106907043965578 ], [ 100.461764026234263, 7.106907043965593 ], [ 100.461764026234249, 7.106817212437146 ], [ 100.461853857762776, 7.106817212437156 ], [ 100.461853857762776, 7.106727380908798 ], [ 100.461943689291317, 7.106727380908799 ] ] ], [ [ [ 100.455745313830761, 7.114632555409049 ], [ 100.455745313830747, 7.114542723880615 ], [ 100.455924976887459, 7.114542723880597 ], [ 100.455924976887445, 7.114452892352158 ], [ 100.456104639944513, 7.114452892352157 ], [ 100.456104639944499, 7.114363060823816 ], [ 100.456194471472685, 7.114363060823816 ], [ 100.456194471472685, 7.114273229295369 ], [ 100.456284303001226, 7.114273229295368 ], [ 100.456284303001212, 7.114183397766939 ], [ 100.456374134529739, 7.114183397766941 ], [ 100.456374134529739, 7.114093566238587 ], [ 100.45646396605791, 7.11409356623859 ], [ 100.456463966057896, 7.114003734710155 ], [ 100.456553797586437, 7.114003734710157 ], [ 100.456553797586437, 7.11382407165328 ], [ 100.456643629114964, 7.113824071653284 ], [ 100.456643629114964, 7.113734240124921 ], [ 100.45646396605791, 7.113734240124927 ], [ 100.456463966057925, 7.113554577068042 ], [ 100.456284303001212, 7.113554577068046 ], [ 100.456284303001198, 7.113464745539706 ], [ 100.456104639944513, 7.113464745539696 ], [ 100.456104639944499, 7.113374914011269 ], [ 100.456014808415986, 7.113374914011264 ], [ 100.456014808415986, 7.113105419426044 ], [ 100.455924976887474, 7.113105419426041 ], [ 100.455924976887474, 7.112656261783937 ], [ 100.455835145359288, 7.112656261783937 ], [ 100.455835145359288, 7.112566430255596 ], [ 100.455745313830747, 7.11256643025558 ], [ 100.455745313830761, 7.112476598727157 ], [ 100.455655482302234, 7.112476598727143 ], [ 100.45565548230222, 7.112386767198717 ], [ 100.455565650773707, 7.11238676719871 ], [ 100.455565650773707, 7.11229693567028 ], [ 100.455296156188496, 7.112296935670267 ], [ 100.455296156188481, 7.112386767198713 ], [ 100.455206324660324, 7.112386767198704 ], [ 100.45520632466031, 7.112566430255583 ], [ 100.455116493131783, 7.112566430255595 ], [ 100.455116493131797, 7.112746093312377 ], [ 100.455026661603256, 7.112746093312366 ], [ 100.455026661603256, 7.112835924840809 ], [ 100.454936830075084, 7.112835924840819 ], [ 100.45493683007507, 7.112925756369157 ], [ 100.454846998546557, 7.112925756369171 ], [ 100.454846998546557, 7.113015587897601 ], [ 100.454936830075084, 7.11301558789761 ], [ 100.454936830075084, 7.113105419426038 ], [ 100.455026661603256, 7.113105419426033 ], [ 100.455026661603256, 7.113015587897604 ], [ 100.455116493131783, 7.1130155878976 ], [ 100.455116493131783, 7.113105419426032 ], [ 100.455296156188481, 7.113105419426034 ], [ 100.455296156188481, 7.113195250954388 ], [ 100.455385987717008, 7.113195250954393 ], [ 100.455385987717023, 7.113285082482824 ], [ 100.455475819245521, 7.113285082482833 ], [ 100.455475819245535, 7.11337491401126 ], [ 100.455565650773707, 7.113374914011255 ], [ 100.455565650773707, 7.113464745539698 ], [ 100.455655482302234, 7.113464745539694 ], [ 100.455655482302234, 7.113644408596493 ], [ 100.455745313830747, 7.113644408596491 ], [ 100.455745313830775, 7.113734240124924 ], [ 100.45565548230222, 7.113734240124925 ], [ 100.455655482302248, 7.113913903181722 ], [ 100.455565650773721, 7.113913903181722 ], [ 100.455565650773707, 7.114003734710144 ], [ 100.455475819245535, 7.114003734710144 ], [ 100.455475819245535, 7.114093566238599 ], [ 100.454846998546557, 7.1140935662386 ], [ 100.454846998546557, 7.114244465758583 ], [ 100.454894257392553, 7.114337755705996 ], [ 100.454951874444831, 7.114461665538531 ], [ 100.454951410882302, 7.114461940095966 ], [ 100.455093107717289, 7.114689420976326 ], [ 100.455116493131769, 7.114737377412839 ], [ 100.455116493131769, 7.114722386937402 ], [ 100.455475819245535, 7.114722386937381 ], [ 100.455475819245549, 7.114632555409035 ], [ 100.455745313830761, 7.114632555409049 ] ] ], [ [ [ 100.47326246187113, 7.079688090856732 ], [ 100.47326246187113, 7.079598259328383 ], [ 100.473172630342603, 7.079598259328389 ], [ 100.473172630342589, 7.07941859627152 ], [ 100.473082798814076, 7.079418596271523 ], [ 100.473082798814076, 7.078969438629509 ], [ 100.472992967285904, 7.078969438629504 ], [ 100.47299296728589, 7.078879607101073 ], [ 100.472903135757377, 7.078879607101069 ], [ 100.472903135757392, 7.078789775572637 ], [ 100.47281330422885, 7.078789775572633 ], [ 100.472813304228865, 7.078699944044279 ], [ 100.472633641172138, 7.078699944044285 ], [ 100.472633641172152, 7.078610112515841 ], [ 100.472453978115453, 7.078610112515842 ], [ 100.472453978115453, 7.078699944044286 ], [ 100.472364146586941, 7.078699944044286 ], [ 100.472364146586926, 7.078789775572627 ], [ 100.472184483530228, 7.078789775572635 ], [ 100.472184483530228, 7.078879607101057 ], [ 100.472094652001715, 7.078879607101067 ], [ 100.472094652001687, 7.078969438629508 ], [ 100.472004820473174, 7.078969438629501 ], [ 100.47200482047316, 7.079059270157858 ], [ 100.471914988945016, 7.079059270157853 ], [ 100.471914988944988, 7.079238933214723 ], [ 100.472004820473174, 7.079238933214725 ], [ 100.472004820473188, 7.079328764743177 ], [ 100.472184483530228, 7.079328764743175 ], [ 100.472184483530228, 7.079238933214724 ], [ 100.472633641172152, 7.079238933214738 ], [ 100.472633641172152, 7.079328764743166 ], [ 100.472723472700679, 7.079328764743173 ], [ 100.472723472700679, 7.079418596271518 ], [ 100.47281330422885, 7.079418596271506 ], [ 100.47281330422885, 7.07959825932839 ], [ 100.472903135757377, 7.079598259328399 ], [ 100.472903135757363, 7.079867753913625 ], [ 100.47281330422885, 7.079867753913622 ], [ 100.47281330422885, 7.08004741697041 ], [ 100.472992967285904, 7.080047416970408 ], [ 100.472992967285904, 7.080137248498853 ], [ 100.473262461871116, 7.080137248498851 ], [ 100.47326246187113, 7.080047416970411 ], [ 100.473352293399302, 7.080047416970415 ], [ 100.473352293399316, 7.079688090856748 ], [ 100.47326246187113, 7.079688090856732 ] ] ], [ [ [ 100.469399706149446, 7.080316911555637 ], [ 100.469399706149446, 7.080227080027289 ], [ 100.469489537677617, 7.080227080027285 ], [ 100.469489537677617, 7.080047416970413 ], [ 100.469579369206144, 7.080047416970414 ], [ 100.469579369206144, 7.079957585441968 ], [ 100.469669200734671, 7.079957585441965 ], [ 100.469669200734671, 7.079688090856736 ], [ 100.469759032262843, 7.079688090856737 ], [ 100.469759032262843, 7.079598259328393 ], [ 100.46957936920613, 7.079598259328386 ], [ 100.469579369206144, 7.079508427799949 ], [ 100.469489537677617, 7.079508427799946 ], [ 100.469489537677617, 7.079598259328394 ], [ 100.469309874620919, 7.0795982593284 ], [ 100.469309874620919, 7.079688090856734 ], [ 100.468950548507181, 7.07968809085674 ], [ 100.468950548507166, 7.079777922385183 ], [ 100.468681053921927, 7.079777922385174 ], [ 100.468681053921955, 7.079688090856735 ], [ 100.46841155933673, 7.079688090856749 ], [ 100.46841155933673, 7.079598259328394 ], [ 100.46814206475149, 7.079598259328392 ], [ 100.46814206475149, 7.079777922385183 ], [ 100.468052233223332, 7.079777922385186 ], [ 100.468052233223304, 7.080047416970397 ], [ 100.468142064751504, 7.080047416970403 ], [ 100.468142064751476, 7.080137248498839 ], [ 100.468321727808529, 7.080137248498851 ], [ 100.468321727808544, 7.080227080027285 ], [ 100.468770885450468, 7.080227080027286 ], [ 100.468770885450468, 7.08031691155562 ], [ 100.468950548507166, 7.080316911555637 ], [ 100.468950548507181, 7.080406743084067 ], [ 100.469130211564206, 7.080406743084061 ], [ 100.469130211564234, 7.080496574612501 ], [ 100.469220043092406, 7.080496574612518 ], [ 100.469220043092378, 7.080406743084067 ], [ 100.469309874620919, 7.080406743084073 ], [ 100.469309874620919, 7.080316911555637 ], [ 100.469399706149446, 7.080316911555637 ] ] ], [ [ [ 100.471106505189326, 7.083910172692173 ], [ 100.471106505189326, 7.083820341163737 ], [ 100.471465831302709, 7.083820341163742 ], [ 100.471465831302737, 7.083730509635296 ], [ 100.471555662831236, 7.083730509635308 ], [ 100.47155566283125, 7.08364067810686 ], [ 100.471645494359791, 7.083640678106864 ], [ 100.471645494359791, 7.08355084657851 ], [ 100.471735325887948, 7.083550846578508 ], [ 100.471735325887963, 7.08337118352163 ], [ 100.471825157416475, 7.083371183521637 ], [ 100.47182515741649, 7.083281351993295 ], [ 100.471914988945002, 7.083281351993293 ], [ 100.471914988945002, 7.083101688936419 ], [ 100.472004820473174, 7.08310168893641 ], [ 100.472004820473174, 7.082562699765961 ], [ 100.472094652001701, 7.082562699765961 ], [ 100.472094652001715, 7.082383036709175 ], [ 100.472184483530228, 7.082383036709171 ], [ 100.472184483530228, 7.082023710595513 ], [ 100.472094652001701, 7.082023710595518 ], [ 100.472094652001701, 7.081933879067062 ], [ 100.472004820473174, 7.081933879067064 ], [ 100.472004820473174, 7.081844047538629 ], [ 100.471825157416461, 7.081844047538642 ], [ 100.47182515741649, 7.081933879067077 ], [ 100.471645494359777, 7.081933879067075 ], [ 100.471645494359791, 7.082023710595505 ], [ 100.471555662831264, 7.082023710595508 ], [ 100.47155566283125, 7.082113542123855 ], [ 100.471465831302723, 7.082113542123852 ], [ 100.471465831302709, 7.082293205180736 ], [ 100.471375999774565, 7.082293205180744 ], [ 100.471375999774551, 7.082472868237516 ], [ 100.47128616824601, 7.082472868237518 ], [ 100.471286168246024, 7.082562699765969 ], [ 100.470837010603745, 7.082562699765966 ], [ 100.470837010603731, 7.082742362822752 ], [ 100.470747179075559, 7.082742362822753 ], [ 100.470747179075573, 7.083191520464849 ], [ 100.470567516018505, 7.083191520464858 ], [ 100.470567516018519, 7.083281351993288 ], [ 100.470477684490348, 7.083281351993288 ], [ 100.470477684490348, 7.083371183521632 ], [ 100.470387852961821, 7.083371183521641 ], [ 100.470387852961821, 7.083550846578514 ], [ 100.47029802143328, 7.083550846578507 ], [ 100.470298021433308, 7.083640678106854 ], [ 100.470387852961821, 7.083640678106864 ], [ 100.470387852961821, 7.083820341163745 ], [ 100.470477684490348, 7.083820341163736 ], [ 100.470477684490348, 7.084000004220535 ], [ 100.470657347547032, 7.084000004220532 ], [ 100.470657347547061, 7.084089835748967 ], [ 100.470837010603745, 7.084089835748957 ], [ 100.470837010603745, 7.084000004220536 ], [ 100.471016673660799, 7.084000004220523 ], [ 100.471016673660799, 7.083910172692175 ], [ 100.471106505189326, 7.083910172692173 ] ] ], [ [ [ 100.465896276541159, 7.08382034116374 ], [ 100.465896276541159, 7.083640678106862 ], [ 100.4659861080697, 7.08364067810686 ], [ 100.465986108069686, 7.083550846578524 ], [ 100.466075939598213, 7.08355084657852 ], [ 100.466075939598213, 7.083371183521631 ], [ 100.466165771126384, 7.083371183521631 ], [ 100.466165771126384, 7.083281351993298 ], [ 100.466255602654911, 7.083281351993295 ], [ 100.466255602654925, 7.083101688936412 ], [ 100.466075939598227, 7.083101688936405 ], [ 100.466075939598213, 7.08301185740798 ], [ 100.465986108069671, 7.083011857407974 ], [ 100.465986108069671, 7.082922025879622 ], [ 100.465896276541159, 7.082922025879625 ], [ 100.465896276541159, 7.082832194351183 ], [ 100.465806445012987, 7.082832194351194 ], [ 100.465806445012987, 7.082742362822747 ], [ 100.465447118899235, 7.082742362822741 ], [ 100.46544711889922, 7.082832194351187 ], [ 100.465267455842536, 7.082832194351188 ], [ 100.465267455842536, 7.082922025879616 ], [ 100.465177624314009, 7.082922025879633 ], [ 100.465177624314009, 7.08310168893641 ], [ 100.465087792785482, 7.083101688936407 ], [ 100.465087792785482, 7.083191520464854 ], [ 100.464997961257311, 7.083191520464847 ], [ 100.464997961257311, 7.083461015050087 ], [ 100.465087792785482, 7.083461015050085 ], [ 100.465087792785482, 7.083640678106861 ], [ 100.465177624314009, 7.083640678106867 ], [ 100.465177624314009, 7.083820341163745 ], [ 100.465267455842536, 7.083820341163737 ], [ 100.465267455842536, 7.083910172692181 ], [ 100.465447118899249, 7.083910172692174 ], [ 100.465447118899235, 7.084000004220528 ], [ 100.46571661348446, 7.084000004220524 ], [ 100.465716613484474, 7.083910172692184 ], [ 100.465806445012973, 7.083910172692183 ], [ 100.465806445012987, 7.083820341163742 ], [ 100.465896276541159, 7.08382034116374 ] ] ], [ [ [ 100.463650488330842, 7.090467874266198 ], [ 100.463830151387896, 7.090467874266206 ], [ 100.463830151387896, 7.090378042737777 ], [ 100.463919982916039, 7.090378042737774 ], [ 100.463919982916039, 7.090288211209423 ], [ 100.46400981444458, 7.090288211209416 ], [ 100.464009814444566, 7.090108548152545 ], [ 100.464099645973107, 7.090108548152537 ], [ 100.464099645973107, 7.089928885095754 ], [ 100.464189477501293, 7.089928885095766 ], [ 100.464189477501279, 7.089569558982092 ], [ 100.464279309029806, 7.089569558982102 ], [ 100.464279309029806, 7.088671243697986 ], [ 100.464369140558333, 7.088671243697982 ], [ 100.464369140558333, 7.088581412169545 ], [ 100.464638635143558, 7.088581412169543 ], [ 100.464638635143558, 7.088671243697977 ], [ 100.464908129728784, 7.088671243697978 ], [ 100.464908129728769, 7.088761075226424 ], [ 100.465087792785482, 7.088761075226424 ], [ 100.465087792785482, 7.088850906754762 ], [ 100.465447118899235, 7.088850906754769 ], [ 100.465447118899235, 7.088761075226423 ], [ 100.465536950427762, 7.088761075226424 ], [ 100.465536950427762, 7.08867124369798 ], [ 100.465716613484474, 7.08867124369797 ], [ 100.46571661348446, 7.088581412169531 ], [ 100.465806445012987, 7.088581412169542 ], [ 100.465806445013001, 7.088491580641104 ], [ 100.465896276541159, 7.088491580641102 ], [ 100.465896276541159, 7.088311917584308 ], [ 100.465986108069686, 7.088311917584313 ], [ 100.465986108069686, 7.088042422999082 ], [ 100.466075939598198, 7.088042422999084 ], [ 100.466075939598198, 7.087862759942305 ], [ 100.46616577112637, 7.087862759942303 ], [ 100.466165771126384, 7.087683096885426 ], [ 100.466255602654925, 7.087683096885434 ], [ 100.466255602654911, 7.087503433828637 ], [ 100.466345434183452, 7.08750343382864 ], [ 100.466345434183438, 7.087323770771765 ], [ 100.46643526571161, 7.087323770771765 ], [ 100.46643526571161, 7.086784781601299 ], [ 100.466345434183438, 7.086784781601305 ], [ 100.466345434183438, 7.086694950072871 ], [ 100.466255602654911, 7.086694950072879 ], [ 100.466255602654911, 7.086605118544513 ], [ 100.466165771126384, 7.08660511854452 ], [ 100.46616577112637, 7.086515287016089 ], [ 100.466075939598213, 7.086515287016073 ], [ 100.466075939598227, 7.086245792430852 ], [ 100.466165771126384, 7.086245792430864 ], [ 100.466165771126384, 7.086155960902421 ], [ 100.466704760296821, 7.086155960902411 ], [ 100.466704760296835, 7.086066129373985 ], [ 100.466794591825376, 7.086066129373991 ], [ 100.466794591825362, 7.08597629784563 ], [ 100.466884423353889, 7.08597629784563 ], [ 100.466884423353889, 7.085886466317194 ], [ 100.466974254882061, 7.08588646631719 ], [ 100.466974254882061, 7.085796634788758 ], [ 100.467064086410574, 7.085796634788749 ], [ 100.467064086410588, 7.085167814089868 ], [ 100.466974254882061, 7.085167814089866 ], [ 100.466974254882061, 7.084808487976289 ], [ 100.466884423353875, 7.084808487976287 ], [ 100.466884423353889, 7.084718656447859 ], [ 100.466794591825362, 7.084718656447858 ], [ 100.466794591825362, 7.084628824919425 ], [ 100.466704760296835, 7.084628824919426 ], [ 100.466704760296821, 7.084538993390981 ], [ 100.466614928768664, 7.084538993390987 ], [ 100.466614928768664, 7.084449161862635 ], [ 100.466255602654911, 7.084449161862622 ], [ 100.466255602654897, 7.08453899339098 ], [ 100.466165771126384, 7.084538993390981 ], [ 100.466165771126384, 7.084449161862635 ], [ 100.465896276541159, 7.08444916186262 ], [ 100.465896276541145, 7.084538993390979 ], [ 100.465716613484474, 7.084538993390971 ], [ 100.46571661348446, 7.084628824919418 ], [ 100.465626781955933, 7.084628824919424 ], [ 100.465626781955919, 7.084718656447851 ], [ 100.465447118899249, 7.084718656447861 ], [ 100.465447118899249, 7.084808487976296 ], [ 100.465357287370722, 7.084808487976299 ], [ 100.465357287370708, 7.084898319504635 ], [ 100.465177624313995, 7.084898319504638 ], [ 100.465177624314023, 7.084988151033079 ], [ 100.464548803615031, 7.084988151033088 ], [ 100.464548803615031, 7.085077982561522 ], [ 100.464458972086518, 7.08507798256151 ], [ 100.464458972086504, 7.085167814089861 ], [ 100.464369140558333, 7.085167814089858 ], [ 100.464369140558333, 7.085257645618309 ], [ 100.464279309029806, 7.085257645618295 ], [ 100.46427930902982, 7.085347477146746 ], [ 100.464189477501293, 7.085347477146742 ], [ 100.464189477501264, 7.08543730867519 ], [ 100.464099645973107, 7.085437308675177 ], [ 100.464099645973121, 7.085527140203541 ], [ 100.46400981444458, 7.085527140203536 ], [ 100.46400981444458, 7.085616971731962 ], [ 100.463919982916067, 7.085616971731963 ], [ 100.463919982916053, 7.085706803260405 ], [ 100.463830151387882, 7.085706803260414 ], [ 100.463830151387882, 7.085796634788754 ], [ 100.46374031985934, 7.085796634788752 ], [ 100.463740319859355, 7.086155960902425 ], [ 100.463650488330828, 7.086155960902429 ], [ 100.463650488330842, 7.086245792430855 ], [ 100.463380993745588, 7.086245792430861 ], [ 100.463380993745602, 7.086155960902417 ], [ 100.463291162217416, 7.086155960902427 ], [ 100.46329116221743, 7.086066129373984 ], [ 100.463201330688918, 7.086066129373981 ], [ 100.463201330688904, 7.085796634788755 ], [ 100.46329116221743, 7.085796634788753 ], [ 100.46329116221743, 7.085616971731962 ], [ 100.463380993745602, 7.085616971731966 ], [ 100.463380993745588, 7.085527140203524 ], [ 100.463650488330828, 7.085527140203536 ], [ 100.463650488330828, 7.085347477146741 ], [ 100.463740319859369, 7.085347477146752 ], [ 100.46374031985934, 7.085257645618302 ], [ 100.463650488330842, 7.085257645618309 ], [ 100.463650488330813, 7.084898319504644 ], [ 100.463560656802656, 7.084898319504643 ], [ 100.463560656802656, 7.08462882491941 ], [ 100.463650488330813, 7.084628824919409 ], [ 100.463650488330828, 7.084179667277398 ], [ 100.463740319859355, 7.084179667277402 ], [ 100.463740319859355, 7.084089835748962 ], [ 100.464099645973107, 7.084089835748958 ], [ 100.464099645973093, 7.084179667277399 ], [ 100.464279309029806, 7.084179667277396 ], [ 100.464279309029806, 7.084269498805753 ], [ 100.464458972086504, 7.084269498805754 ], [ 100.464458972086504, 7.084179667277398 ], [ 100.464548803615031, 7.084179667277406 ], [ 100.464548803615045, 7.084089835748969 ], [ 100.464638635143558, 7.084089835748972 ], [ 100.464638635143558, 7.083820341163732 ], [ 100.46472846667173, 7.083820341163733 ], [ 100.46472846667173, 7.08346101505007 ], [ 100.464818298200271, 7.083461015050071 ], [ 100.464818298200242, 7.08337118352164 ], [ 100.46472846667173, 7.08337118352164 ], [ 100.46472846667173, 7.083191520464851 ], [ 100.464638635143558, 7.083191520464859 ], [ 100.464638635143558, 7.083011857407977 ], [ 100.464728466671716, 7.083011857407972 ], [ 100.46472846667173, 7.082832194351186 ], [ 100.464818298200271, 7.082832194351181 ], [ 100.464818298200257, 7.08265253129441 ], [ 100.464997961257311, 7.08265253129441 ], [ 100.464997961257325, 7.082562699765965 ], [ 100.465087792785482, 7.082562699765953 ], [ 100.465087792785482, 7.082113542123851 ], [ 100.464997961257311, 7.08211354212385 ], [ 100.464997961257311, 7.081844047538632 ], [ 100.465087792785482, 7.081844047538642 ], [ 100.465087792785482, 7.081664384481837 ], [ 100.465177624314009, 7.081664384481848 ], [ 100.465177624314009, 7.081574552953406 ], [ 100.465267455842536, 7.081574552953417 ], [ 100.465267455842536, 7.081215226839738 ], [ 100.465357287370693, 7.081215226839745 ], [ 100.465357287370708, 7.081125395311398 ], [ 100.465267455842536, 7.081125395311389 ], [ 100.465267455842536, 7.080855900726166 ], [ 100.465177624314009, 7.080855900726168 ], [ 100.465177624314009, 7.080406743084078 ], [ 100.465267455842536, 7.080406743084073 ], [ 100.465267455842536, 7.080227080027271 ], [ 100.465357287370693, 7.080227080027276 ], [ 100.465357287370693, 7.080137248498844 ], [ 100.46544711889922, 7.080137248498851 ], [ 100.465447118899235, 7.080047416970403 ], [ 100.465536950427776, 7.080047416970413 ], [ 100.465536950427762, 7.079957585441967 ], [ 100.465626781955933, 7.079957585441966 ], [ 100.465626781955933, 7.079867753913621 ], [ 100.465536950427762, 7.07986775391362 ], [ 100.465536950427762, 7.079777922385189 ], [ 100.46544711889922, 7.079777922385184 ], [ 100.46544711889922, 7.079688090856749 ], [ 100.465098838843872, 7.079688090856735 ], [ 100.464983666119366, 7.079879285701681 ], [ 100.464479592679481, 7.080855900726173 ], [ 100.464818298200242, 7.080855900726168 ], [ 100.464818298200257, 7.080945732254519 ], [ 100.464908129728784, 7.080945732254518 ], [ 100.464908129728784, 7.081305058368188 ], [ 100.464818298200257, 7.081305058368178 ], [ 100.464818298200257, 7.081394889896619 ], [ 100.464728466671744, 7.081394889896612 ], [ 100.464728466671744, 7.081484721424971 ], [ 100.464638635143544, 7.081484721424962 ], [ 100.464638635143544, 7.081574552953402 ], [ 100.464548803615031, 7.081574552953413 ], [ 100.464548803615031, 7.081664384481851 ], [ 100.46445897208649, 7.081664384481841 ], [ 100.464458972086504, 7.081754216010281 ], [ 100.464369140558318, 7.081754216010289 ], [ 100.464369140558333, 7.081844047538627 ], [ 100.464189477501279, 7.081844047538637 ], [ 100.464189477501279, 7.081933879067076 ], [ 100.464099645973107, 7.081933879067075 ], [ 100.464099645973107, 7.082023710595512 ], [ 100.46400981444458, 7.082023710595512 ], [ 100.46400981444458, 7.081933879067076 ], [ 100.463923201228596, 7.081933879067075 ], [ 100.463167309634827, 7.083398378143929 ], [ 100.462830238938508, 7.083949708472074 ], [ 100.462287388453319, 7.084879816816555 ], [ 100.461665569389083, 7.085860156934433 ], [ 100.461248337344529, 7.086323203674767 ], [ 100.460165275975669, 7.087154902060121 ], [ 100.459317267826989, 7.087779032120564 ], [ 100.458260596626317, 7.088374219398236 ], [ 100.458260596626317, 7.088401749112758 ], [ 100.45844025968303, 7.088401749112756 ], [ 100.458440259683016, 7.0884915806411 ], [ 100.459158911910521, 7.088491580641107 ], [ 100.459158911910521, 7.088581412169545 ], [ 100.459338574967219, 7.088581412169538 ], [ 100.459338574967219, 7.088671243697974 ], [ 100.45987756413767, 7.088671243697978 ], [ 100.45987756413767, 7.088581412169538 ], [ 100.459967395666212, 7.088581412169531 ], [ 100.459967395666212, 7.088671243697981 ], [ 100.460326721779609, 7.088671243697982 ], [ 100.460326721779595, 7.088581412169538 ], [ 100.460506384836648, 7.088581412169535 ], [ 100.460506384836648, 7.088491580641109 ], [ 100.460686047893347, 7.088491580641095 ], [ 100.460686047893347, 7.088401749112751 ], [ 100.460955542478558, 7.088401749112755 ], [ 100.460955542478573, 7.088311917584306 ], [ 100.461225037063798, 7.088311917584325 ], [ 100.461225037063798, 7.088222086055871 ], [ 100.461404700120497, 7.088222086055878 ], [ 100.461404700120482, 7.088132254527532 ], [ 100.461584363177536, 7.088132254527532 ], [ 100.46158436317755, 7.088042422999091 ], [ 100.461764026234235, 7.08804242299909 ], [ 100.461764026234249, 7.087952591470654 ], [ 100.461943689291317, 7.087952591470652 ], [ 100.461943689291289, 7.088042422999077 ], [ 100.462033520819475, 7.088042422999085 ], [ 100.462033520819475, 7.088132254527532 ], [ 100.461943689291317, 7.088132254527521 ], [ 100.461943689291303, 7.08822208605588 ], [ 100.461853857762776, 7.088222086055866 ], [ 100.461853857762776, 7.088401749112749 ], [ 100.461764026234249, 7.088401749112745 ], [ 100.461764026234249, 7.088491580641109 ], [ 100.461674194705722, 7.0884915806411 ], [ 100.461674194705722, 7.088671243697987 ], [ 100.46158436317755, 7.088671243697969 ], [ 100.46158436317755, 7.088850906754774 ], [ 100.461674194705736, 7.088850906754763 ], [ 100.461674194705722, 7.089120401339987 ], [ 100.461764026234249, 7.089120401339991 ], [ 100.461764026234235, 7.089210232868433 ], [ 100.46185385776279, 7.089210232868423 ], [ 100.461853857762776, 7.089300064396868 ], [ 100.462033520819475, 7.089300064396875 ], [ 100.462033520819489, 7.089569558982101 ], [ 100.461853857762776, 7.089569558982085 ], [ 100.461853857762776, 7.089659390510538 ], [ 100.461674194705722, 7.089659390510526 ], [ 100.461674194705722, 7.089749222038887 ], [ 100.461404700120497, 7.089749222038888 ], [ 100.461404700120497, 7.089839053567308 ], [ 100.461225037063812, 7.089839053567314 ], [ 100.461225037063798, 7.089928885095759 ], [ 100.461135205535271, 7.089928885095754 ], [ 100.461135205535271, 7.090198379680992 ], [ 100.461584363177565, 7.090198379680976 ], [ 100.461584363177536, 7.090288211209416 ], [ 100.461853857762776, 7.090288211209419 ], [ 100.46185385776279, 7.090378042737773 ], [ 100.462033520819475, 7.090378042737774 ], [ 100.462033520819475, 7.090467874266214 ], [ 100.462303015404686, 7.090467874266197 ], [ 100.462303015404686, 7.090557705794648 ], [ 100.462572509989926, 7.090557705794647 ], [ 100.462572509989926, 7.090647537322987 ], [ 100.462752173046979, 7.090647537322994 ], [ 100.462752173046979, 7.090737368851435 ], [ 100.463021667632205, 7.090737368851434 ], [ 100.463021667632219, 7.090647537322984 ], [ 100.463560656802656, 7.090647537322996 ], [ 100.463560656802656, 7.090557705794655 ], [ 100.463650488330828, 7.090557705794644 ], [ 100.463650488330842, 7.090467874266198 ] ], [ [ 100.463740319859355, 7.083820341163742 ], [ 100.463650488330828, 7.083820341163737 ], [ 100.463650488330842, 7.083910172692186 ], [ 100.46356065680267, 7.083910172692173 ], [ 100.463560656802656, 7.083640678106865 ], [ 100.463740319859355, 7.083640678106859 ], [ 100.463740319859355, 7.083820341163742 ] ], [ [ 100.464369140558333, 7.085976297845631 ], [ 100.46427930902982, 7.085976297845627 ], [ 100.464279309029806, 7.085886466317195 ], [ 100.464369140558318, 7.0858864663172 ], [ 100.464369140558333, 7.085706803260408 ], [ 100.464638635143558, 7.0857068032604 ], [ 100.464638635143558, 7.085796634788752 ], [ 100.46472846667173, 7.085796634788749 ], [ 100.46472846667173, 7.086245792430867 ], [ 100.464458972086504, 7.086245792430863 ], [ 100.464458972086504, 7.086155960902421 ], [ 100.464369140558347, 7.086155960902428 ], [ 100.464369140558333, 7.085976297845631 ] ], [ [ 100.464997961257325, 7.086425455487645 ], [ 100.465267455842536, 7.08642545548765 ], [ 100.465267455842522, 7.08660511854452 ], [ 100.465357287370708, 7.08660511854452 ], [ 100.465357287370722, 7.086694950072867 ], [ 100.465267455842522, 7.08669495007287 ], [ 100.465267455842522, 7.086784781601319 ], [ 100.464997961257311, 7.08678478160131 ], [ 100.464997961257311, 7.086694950072872 ], [ 100.464908129728784, 7.086694950072879 ], [ 100.464908129728769, 7.086515287016092 ], [ 100.464997961257311, 7.086515287016092 ], [ 100.464997961257325, 7.086425455487645 ] ], [ [ 100.462752173046979, 7.086694950072867 ], [ 100.462752173046979, 7.086515287016089 ], [ 100.462842004575151, 7.086515287016092 ], [ 100.462842004575151, 7.086425455487646 ], [ 100.463021667632205, 7.086425455487639 ], [ 100.463021667632205, 7.086515287016089 ], [ 100.463111499160377, 7.086515287016089 ], [ 100.463111499160377, 7.08687461312975 ], [ 100.463021667632219, 7.086874613129742 ], [ 100.463021667632205, 7.086964444658101 ], [ 100.462662341518453, 7.086964444658093 ], [ 100.462662341518453, 7.086694950072866 ], [ 100.462752173046979, 7.086694950072867 ] ], [ [ 100.462931836103678, 7.08912040133998 ], [ 100.462931836103678, 7.088940738283209 ], [ 100.463021667632205, 7.088940738283203 ], [ 100.463021667632205, 7.088850906754762 ], [ 100.463201330688904, 7.088850906754768 ], [ 100.463201330688904, 7.088761075226419 ], [ 100.463380993745602, 7.088761075226422 ], [ 100.463380993745602, 7.088850906754775 ], [ 100.463470825274143, 7.088850906754766 ], [ 100.463470825274129, 7.089210232868432 ], [ 100.463380993745602, 7.089210232868434 ], [ 100.463380993745616, 7.089300064396873 ], [ 100.46329116221743, 7.089300064396872 ], [ 100.46329116221743, 7.089389895925305 ], [ 100.463021667632205, 7.089389895925315 ], [ 100.463021667632191, 7.089300064396864 ], [ 100.462931836103678, 7.08930006439686 ], [ 100.462931836103692, 7.089210232868432 ], [ 100.462842004575151, 7.08921023286843 ], [ 100.462842004575151, 7.089120401339981 ], [ 100.462931836103678, 7.08912040133998 ] ] ], [ [ [ 100.470747179075587, 7.087233939243403 ], [ 100.470747179075573, 7.087144107714981 ], [ 100.470837010603745, 7.087144107714972 ], [ 100.470837010603731, 7.086964444658094 ], [ 100.470926842132272, 7.086964444658101 ], [ 100.470926842132272, 7.08678478160131 ], [ 100.471016673660813, 7.086784781601314 ], [ 100.471016673660799, 7.086694950072872 ], [ 100.471106505189312, 7.08669495007288 ], [ 100.47110650518934, 7.08651528701608 ], [ 100.471196336717497, 7.086515287016089 ], [ 100.471196336717497, 7.086335623959297 ], [ 100.471106505189312, 7.086335623959293 ], [ 100.471106505189326, 7.086245792430856 ], [ 100.471016673660799, 7.086245792430862 ], [ 100.471016673660785, 7.086155960902426 ], [ 100.470926842132286, 7.086155960902421 ], [ 100.470926842132258, 7.086066129373986 ], [ 100.470387852961821, 7.086066129373978 ], [ 100.470387852961821, 7.085976297845624 ], [ 100.470208189905122, 7.08597629784563 ], [ 100.470208189905108, 7.085886466317201 ], [ 100.469938695319897, 7.085886466317189 ], [ 100.469938695319883, 7.085796634788754 ], [ 100.469759032262843, 7.085796634788752 ], [ 100.469759032262857, 7.085706803260408 ], [ 100.46957936920613, 7.085706803260408 ], [ 100.469579369206144, 7.085616971731974 ], [ 100.469399706149431, 7.085616971731977 ], [ 100.469399706149431, 7.085527140203534 ], [ 100.469309874620919, 7.085527140203534 ], [ 100.469309874620919, 7.085437308675176 ], [ 100.469220043092392, 7.08543730867519 ], [ 100.469220043092392, 7.085347477146736 ], [ 100.468950548507181, 7.085347477146753 ], [ 100.468950548507166, 7.085257645618302 ], [ 100.468770885450468, 7.085257645618296 ], [ 100.468770885450454, 7.085167814089858 ], [ 100.468681053921941, 7.085167814089869 ], [ 100.468681053921927, 7.085257645618297 ], [ 100.468591222393755, 7.085257645618306 ], [ 100.468591222393769, 7.085527140203537 ], [ 100.468501390865242, 7.08552714020353 ], [ 100.468501390865242, 7.085796634788752 ], [ 100.468411559336715, 7.085796634788766 ], [ 100.468411559336715, 7.086066129373982 ], [ 100.468321727808558, 7.086066129373973 ], [ 100.468321727808544, 7.086964444658104 ], [ 100.468411559336715, 7.086964444658088 ], [ 100.46841155933673, 7.087054276186526 ], [ 100.468501390865256, 7.087054276186541 ], [ 100.468501390865242, 7.087144107714967 ], [ 100.468681053921941, 7.08714410771497 ], [ 100.468681053921941, 7.08723393924341 ], [ 100.468860716978995, 7.087233939243406 ], [ 100.468860716978995, 7.087323770771762 ], [ 100.469220043092392, 7.08732377077177 ], [ 100.469220043092392, 7.087233939243403 ], [ 100.469309874620919, 7.087233939243412 ], [ 100.469309874620919, 7.087144107714978 ], [ 100.469399706149446, 7.087144107714963 ], [ 100.469399706149446, 7.086874613129742 ], [ 100.469489537677617, 7.086874613129753 ], [ 100.469489537677632, 7.086694950072873 ], [ 100.46984886379137, 7.08669495007287 ], [ 100.46984886379137, 7.086784781601316 ], [ 100.469938695319883, 7.086784781601302 ], [ 100.469938695319883, 7.08687461312975 ], [ 100.470028526848054, 7.08687461312975 ], [ 100.470028526848068, 7.087054276186532 ], [ 100.470118358376595, 7.087054276186545 ], [ 100.470118358376595, 7.08723393924341 ], [ 100.470208189905122, 7.087233939243416 ], [ 100.470208189905122, 7.087413602300201 ], [ 100.470477684490348, 7.087413602300194 ], [ 100.470477684490362, 7.087323770771769 ], [ 100.470657347547032, 7.087323770771768 ], [ 100.470657347547046, 7.087233939243412 ], [ 100.470747179075587, 7.087233939243403 ] ] ], [ [ [ 100.465357287370708, 7.093072988590119 ], [ 100.465447118899249, 7.093072988590118 ], [ 100.465447118899235, 7.092893325533325 ], [ 100.465986108069686, 7.092893325533329 ], [ 100.465986108069686, 7.092983157061771 ], [ 100.466075939598227, 7.092983157061763 ], [ 100.466075939598198, 7.093072988590119 ], [ 100.466255602654925, 7.093072988590103 ], [ 100.466255602654897, 7.093162820118547 ], [ 100.466525097240137, 7.093162820118553 ], [ 100.466525097240151, 7.093072988590105 ], [ 100.466614928768678, 7.093072988590112 ], [ 100.466614928768664, 7.092983157061771 ], [ 100.466704760296835, 7.092983157061755 ], [ 100.466704760296835, 7.092893325533318 ], [ 100.467064086410602, 7.092893325533321 ], [ 100.467064086410602, 7.092803494004889 ], [ 100.467243749467286, 7.092803494004879 ], [ 100.467243749467272, 7.092623830948094 ], [ 100.467333580995827, 7.0926238309481 ], [ 100.467333580995799, 7.092444167891301 ], [ 100.467423412524354, 7.092444167891316 ], [ 100.467423412524326, 7.092264504834441 ], [ 100.467513244052512, 7.092264504834445 ], [ 100.467513244052512, 7.091725515663975 ], [ 100.467603075581053, 7.091725515663978 ], [ 100.467603075581039, 7.09163568413554 ], [ 100.467513244052512, 7.091635684135548 ], [ 100.467513244052512, 7.091545852607118 ], [ 100.467603075581039, 7.0915458526071 ], [ 100.467603075581039, 7.091366189550328 ], [ 100.46769290710958, 7.091366189550321 ], [ 100.467692907109566, 7.09127635802188 ], [ 100.467782738637737, 7.091276358021879 ], [ 100.467782738637752, 7.091096694965088 ], [ 100.467872570166264, 7.091096694965097 ], [ 100.467872570166278, 7.091006863436667 ], [ 100.467962401694791, 7.091006863436661 ], [ 100.467962401694791, 7.090917031908317 ], [ 100.468052233223318, 7.090917031908313 ], [ 100.468052233223318, 7.089659390510531 ], [ 100.467962401694805, 7.089659390510538 ], [ 100.467962401694791, 7.089569558982102 ], [ 100.468052233223332, 7.089569558982082 ], [ 100.468052233223318, 7.089389895925294 ], [ 100.468142064751476, 7.089389895925295 ], [ 100.468142064751476, 7.089300064396867 ], [ 100.468411559336715, 7.089300064396872 ], [ 100.468411559336715, 7.089389895925309 ], [ 100.468501390865242, 7.089389895925304 ], [ 100.468501390865242, 7.089479727453647 ], [ 100.468591222393769, 7.089479727453651 ], [ 100.468591222393755, 7.089569558982101 ], [ 100.468501390865242, 7.089569558982087 ], [ 100.468501390865242, 7.089659390510525 ], [ 100.468591222393769, 7.089659390510527 ], [ 100.468591222393783, 7.089749222038871 ], [ 100.468501390865242, 7.089749222038882 ], [ 100.468501390865256, 7.090108548152543 ], [ 100.468591222393769, 7.090108548152547 ], [ 100.468591222393769, 7.09028821120941 ], [ 100.468681053921941, 7.090288211209413 ], [ 100.468681053921927, 7.090557705794635 ], [ 100.468770885450468, 7.090557705794637 ], [ 100.468770885450454, 7.090647537322997 ], [ 100.468860716978995, 7.090647537323003 ], [ 100.46886071697898, 7.090737368851427 ], [ 100.468950548507166, 7.090737368851439 ], [ 100.468950548507152, 7.090647537322988 ], [ 100.46913021156422, 7.090647537323001 ], [ 100.469130211564234, 7.09055770579465 ], [ 100.469309874620919, 7.090557705794652 ], [ 100.469309874620919, 7.090467874266205 ], [ 100.469399706149446, 7.090467874266211 ], [ 100.469399706149446, 7.090198379680972 ], [ 100.469309874620919, 7.090198379680987 ], [ 100.469309874620919, 7.090108548152551 ], [ 100.469220043092392, 7.090108548152548 ], [ 100.469220043092378, 7.090018716624115 ], [ 100.46913021156422, 7.090018716624096 ], [ 100.46913021156422, 7.089928885095751 ], [ 100.469040380035679, 7.089928885095758 ], [ 100.469040380035707, 7.08974922203887 ], [ 100.468950548507166, 7.089749222038873 ], [ 100.468950548507166, 7.089659390510532 ], [ 100.469040380035707, 7.089659390510522 ], [ 100.469040380035693, 7.089479727453663 ], [ 100.469220043092406, 7.089479727453648 ], [ 100.469220043092392, 7.089389895925301 ], [ 100.46984886379137, 7.089389895925297 ], [ 100.469848863791384, 7.089300064396858 ], [ 100.470028526848054, 7.089300064396876 ], [ 100.470028526848068, 7.089210232868423 ], [ 100.47011835837661, 7.089210232868424 ], [ 100.47011835837661, 7.089120401339984 ], [ 100.470208189905108, 7.089120401339999 ], [ 100.470208189905122, 7.089030569811631 ], [ 100.470298021433294, 7.089030569811642 ], [ 100.470298021433308, 7.08885090675477 ], [ 100.470387852961807, 7.08885090675477 ], [ 100.470387852961821, 7.088491580641099 ], [ 100.470298021433294, 7.088491580641099 ], [ 100.47029802143328, 7.08840174911275 ], [ 100.470208189905108, 7.088401749112754 ], [ 100.470208189905122, 7.088311917584308 ], [ 100.46984886379137, 7.088311917584321 ], [ 100.46984886379137, 7.088222086055874 ], [ 100.469669200734671, 7.088222086055879 ], [ 100.469669200734671, 7.088132254527522 ], [ 100.469489537677617, 7.088132254527528 ], [ 100.469489537677632, 7.088042422999082 ], [ 100.469399706149446, 7.088042422999082 ], [ 100.469399706149446, 7.087952591470641 ], [ 100.469220043092378, 7.087952591470646 ], [ 100.469220043092378, 7.087862759942296 ], [ 100.46913021156422, 7.0878627599423 ], [ 100.469130211564234, 7.087772928413854 ], [ 100.468950548507166, 7.087772928413862 ], [ 100.468950548507181, 7.087683096885431 ], [ 100.468501390865242, 7.087683096885426 ], [ 100.468501390865242, 7.087593265356995 ], [ 100.468142064751504, 7.08759326535699 ], [ 100.468142064751504, 7.087683096885424 ], [ 100.468052233223318, 7.087683096885435 ], [ 100.468052233223318, 7.087862759942291 ], [ 100.467962401694791, 7.087862759942307 ], [ 100.467962401694791, 7.087952591470652 ], [ 100.467872570166278, 7.087952591470657 ], [ 100.46787257016625, 7.08813225452752 ], [ 100.467782738637752, 7.088132254527525 ], [ 100.467782738637737, 7.088491580641101 ], [ 100.467603075581039, 7.08849158064111 ], [ 100.467603075581039, 7.088581412169535 ], [ 100.467513244052512, 7.088581412169528 ], [ 100.467513244052512, 7.08876107522641 ], [ 100.467423412524326, 7.088761075226422 ], [ 100.46742341252434, 7.08894073828321 ], [ 100.467333580995827, 7.088940738283199 ], [ 100.467333580995799, 7.089300064396858 ], [ 100.467243749467286, 7.089300064396861 ], [ 100.467243749467301, 7.089389895925296 ], [ 100.467153917939115, 7.089389895925303 ], [ 100.467153917939115, 7.089479727453646 ], [ 100.466884423353875, 7.089479727453662 ], [ 100.466884423353889, 7.089659390510522 ], [ 100.466794591825362, 7.089659390510525 ], [ 100.466794591825362, 7.08992888509575 ], [ 100.466704760296835, 7.089928885095751 ], [ 100.466704760296835, 7.090018716624112 ], [ 100.466614928768664, 7.090018716624096 ], [ 100.466614928768664, 7.090108548152545 ], [ 100.466525097240137, 7.090108548152532 ], [ 100.466525097240137, 7.090198379680984 ], [ 100.466345434183438, 7.090198379680983 ], [ 100.466345434183438, 7.090288211209422 ], [ 100.466255602654911, 7.090288211209415 ], [ 100.466255602654897, 7.090378042737777 ], [ 100.466165771126384, 7.09037804273777 ], [ 100.466165771126398, 7.090467874266217 ], [ 100.466075939598213, 7.09046787426621 ], [ 100.466075939598198, 7.090557705794638 ], [ 100.465986108069671, 7.090557705794635 ], [ 100.4659861080697, 7.090647537322987 ], [ 100.465806445012987, 7.090647537322994 ], [ 100.465806445012973, 7.090737368851433 ], [ 100.46571661348446, 7.090737368851423 ], [ 100.46571661348446, 7.090827200379863 ], [ 100.465626781955947, 7.090827200379876 ], [ 100.465626781955933, 7.091006863436655 ], [ 100.465536950427762, 7.091006863436649 ], [ 100.465536950427762, 7.091186526493543 ], [ 100.465447118899235, 7.091186526493542 ], [ 100.465447118899249, 7.091366189550315 ], [ 100.465536950427776, 7.091366189550328 ], [ 100.465536950427762, 7.091456021078756 ], [ 100.465806445013001, 7.091456021078756 ], [ 100.465806445012987, 7.09154585260711 ], [ 100.466075939598213, 7.0915458526071 ], [ 100.466075939598227, 7.091635684135538 ], [ 100.466255602654925, 7.091635684135548 ], [ 100.466255602654897, 7.091725515663994 ], [ 100.466345434183438, 7.091725515663992 ], [ 100.466345434183438, 7.091815347192428 ], [ 100.46643526571161, 7.091815347192417 ], [ 100.46643526571161, 7.091905178720765 ], [ 100.466525097240137, 7.091905178720778 ], [ 100.466525097240137, 7.09217467330599 ], [ 100.466345434183438, 7.092174673306006 ], [ 100.466345434183438, 7.09226450483443 ], [ 100.466075939598213, 7.092264504834445 ], [ 100.466075939598213, 7.092174673306006 ], [ 100.465896276541145, 7.092174673306006 ], [ 100.465896276541159, 7.092084841777655 ], [ 100.465806445012987, 7.092084841777639 ], [ 100.465806445013001, 7.0919950102492 ], [ 100.46571661348446, 7.091995010249213 ], [ 100.46571661348446, 7.091905178720768 ], [ 100.465626781955919, 7.091905178720769 ], [ 100.465626781955933, 7.091815347192417 ], [ 100.465536950427762, 7.091815347192425 ], [ 100.465536950427762, 7.091725515663987 ], [ 100.465447118899235, 7.091725515663986 ], [ 100.465447118899235, 7.091635684135544 ], [ 100.465087792785482, 7.09163568413554 ], [ 100.465087792785468, 7.091725515663976 ], [ 100.464997961257325, 7.091725515663982 ], [ 100.464997961257311, 7.091815347192418 ], [ 100.464728466671744, 7.091815347192419 ], [ 100.464728466671744, 7.091905178720782 ], [ 100.464638635143558, 7.091905178720762 ], [ 100.464638635143558, 7.09208484177766 ], [ 100.464548803615031, 7.092084841777656 ], [ 100.464548803615017, 7.092174673305991 ], [ 100.464458972086504, 7.092174673306005 ], [ 100.46445897208649, 7.092264504834435 ], [ 100.464369140558347, 7.092264504834441 ], [ 100.464369140558333, 7.092354336362872 ], [ 100.464279309029806, 7.092354336362872 ], [ 100.464279309029806, 7.092533999419668 ], [ 100.464189477501293, 7.092533999419659 ], [ 100.464189477501279, 7.092713662476548 ], [ 100.464099645973121, 7.092713662476529 ], [ 100.464099645973121, 7.092803494004889 ], [ 100.464189477501293, 7.092803494004886 ], [ 100.464189477501279, 7.092893325533324 ], [ 100.464548803615017, 7.092893325533318 ], [ 100.464548803615017, 7.092983157061769 ], [ 100.464638635143572, 7.092983157061758 ], [ 100.464638635143558, 7.093072988590104 ], [ 100.464818298200271, 7.093072988590108 ], [ 100.464818298200257, 7.093252651646988 ], [ 100.464908129728798, 7.093252651646979 ], [ 100.464908129728798, 7.093342483175433 ], [ 100.464997961257311, 7.093342483175433 ], [ 100.464997961257296, 7.093432314703783 ], [ 100.465177624313995, 7.093432314703786 ], [ 100.465177624314009, 7.093342483175422 ], [ 100.465267455842536, 7.09334248317543 ], [ 100.46526745584255, 7.093252651646986 ], [ 100.465357287370693, 7.093252651646988 ], [ 100.465357287370708, 7.093072988590119 ] ] ], [ [ [ 100.464458972086504, 7.105379907982573 ], [ 100.464458972086504, 7.105200244925787 ], [ 100.464638635143544, 7.10520024492579 ], [ 100.464638635143558, 7.105110413397366 ], [ 100.46472846667173, 7.105110413397349 ], [ 100.46472846667173, 7.105020581868921 ], [ 100.464818298200257, 7.105020581868929 ], [ 100.464818298200257, 7.10493075034056 ], [ 100.464908129728798, 7.104930750340569 ], [ 100.464908129728798, 7.104840918812137 ], [ 100.464997961257311, 7.10484091881213 ], [ 100.464997961257325, 7.104751087283698 ], [ 100.465087792785482, 7.104751087283698 ], [ 100.465087792785482, 7.104571424226904 ], [ 100.465177624314009, 7.10457142422691 ], [ 100.465177624314009, 7.104391761170032 ], [ 100.465447118899235, 7.104391761170039 ], [ 100.465447118899235, 7.104301929641681 ], [ 100.465626781955947, 7.104301929641673 ], [ 100.465626781955933, 7.104122266584804 ], [ 100.46571661348446, 7.104122266584803 ], [ 100.46571661348446, 7.104032435056446 ], [ 100.465626781955933, 7.104032435056447 ], [ 100.465626781955933, 7.10376294047113 ], [ 100.465536950427762, 7.103762940471141 ], [ 100.465536950427762, 7.103673108942786 ], [ 100.465447118899235, 7.103673108942799 ], [ 100.465447118899235, 7.103583277414358 ], [ 100.465357287370708, 7.103583277414354 ], [ 100.465357287370708, 7.103493445885904 ], [ 100.465177624314009, 7.103493445885922 ], [ 100.465177624313995, 7.103403614357568 ], [ 100.465087792785468, 7.103403614357574 ], [ 100.465087792785468, 7.103493445885912 ], [ 100.464908129728798, 7.103493445885919 ], [ 100.464908129728784, 7.103673108942796 ], [ 100.464818298200242, 7.103673108942781 ], [ 100.464818298200257, 7.103852771999567 ], [ 100.46472846667173, 7.103852771999581 ], [ 100.46472846667173, 7.103942603528012 ], [ 100.464638635143572, 7.103942603528009 ], [ 100.464638635143558, 7.104032435056458 ], [ 100.464279309029806, 7.104032435056457 ], [ 100.46427930902982, 7.103942603528006 ], [ 100.464189477501293, 7.103942603528025 ], [ 100.464189477501279, 7.10385277199957 ], [ 100.464099645973107, 7.103852771999573 ], [ 100.464099645973107, 7.103673108942796 ], [ 100.46400981444458, 7.103673108942783 ], [ 100.46400981444458, 7.10358327741436 ], [ 100.464099645973121, 7.10358327741435 ], [ 100.464099645973107, 7.10331378282912 ], [ 100.464189477501279, 7.103313782829116 ], [ 100.464189477501279, 7.103134119772239 ], [ 100.464099645973107, 7.103134119772244 ], [ 100.464099645973121, 7.1030442882439 ], [ 100.463830151387882, 7.103044288243906 ], [ 100.463830151387882, 7.102954456715461 ], [ 100.463740319859355, 7.102954456715469 ], [ 100.463740319859355, 7.102774793658672 ], [ 100.463650488330828, 7.10277479365867 ], [ 100.463650488330828, 7.102505299073444 ], [ 100.464099645973107, 7.102505299073455 ], [ 100.464099645973121, 7.102595130601798 ], [ 100.464279309029806, 7.102595130601799 ], [ 100.464279309029806, 7.102684962130236 ], [ 100.464369140558333, 7.102684962130247 ], [ 100.464369140558318, 7.102595130601789 ], [ 100.464458972086518, 7.102595130601789 ], [ 100.46445897208649, 7.10250529907345 ], [ 100.464548803615031, 7.102505299073456 ], [ 100.464548803615017, 7.102415467545012 ], [ 100.464638635143558, 7.102415467545007 ], [ 100.464638635143558, 7.10250529907345 ], [ 100.46472846667173, 7.102505299073453 ], [ 100.464728466671744, 7.102595130601789 ], [ 100.464818298200257, 7.102595130601797 ], [ 100.464818298200271, 7.10268496213023 ], [ 100.464908129728769, 7.102684962130242 ], [ 100.464908129728769, 7.102774793658671 ], [ 100.465087792785482, 7.102774793658675 ], [ 100.465087792785468, 7.102864625187014 ], [ 100.465177624314009, 7.102864625187023 ], [ 100.465177624314009, 7.102774793658667 ], [ 100.465806445012987, 7.102774793658683 ], [ 100.465806445012987, 7.102864625187018 ], [ 100.466075939598213, 7.102864625187025 ], [ 100.466075939598213, 7.102774793658684 ], [ 100.466165771126384, 7.102774793658672 ], [ 100.46616577112637, 7.10250529907344 ], [ 100.466255602654911, 7.102505299073449 ], [ 100.466255602654911, 7.102325636016577 ], [ 100.46643526571161, 7.102325636016578 ], [ 100.466435265711624, 7.102235804488138 ], [ 100.466525097240137, 7.102235804488145 ], [ 100.466525097240137, 7.102145972959787 ], [ 100.466614928768664, 7.102145972959788 ], [ 100.466614928768664, 7.101606983789254 ], [ 100.466525097240137, 7.101606983789258 ], [ 100.466525097240137, 7.101517152260897 ], [ 100.466075939598213, 7.10151715226089 ], [ 100.466075939598213, 7.101427320732462 ], [ 100.465536950427776, 7.101427320732458 ], [ 100.465536950427776, 7.101517152260891 ], [ 100.465357287370708, 7.10151715226089 ], [ 100.465357287370708, 7.101427320732453 ], [ 100.465267455842536, 7.101427320732464 ], [ 100.465267455842522, 7.101337489204019 ], [ 100.465177624313995, 7.101337489204019 ], [ 100.465177624314009, 7.101067994618797 ], [ 100.465267455842536, 7.101067994618805 ], [ 100.465267455842536, 7.100888331562009 ], [ 100.4659861080697, 7.100888331562013 ], [ 100.4659861080697, 7.100708668505122 ], [ 100.466075939598198, 7.100708668505127 ], [ 100.466075939598213, 7.100618836976794 ], [ 100.465986108069686, 7.100618836976781 ], [ 100.4659861080697, 7.100439173919914 ], [ 100.466075939598198, 7.100439173919912 ], [ 100.466075939598213, 7.10025951086312 ], [ 100.466974254882047, 7.100259510863112 ], [ 100.466974254882061, 7.10016967933468 ], [ 100.467153917939115, 7.100169679334686 ], [ 100.467153917939115, 7.100079847806244 ], [ 100.467243749467272, 7.100079847806233 ], [ 100.467243749467286, 7.099990016277897 ], [ 100.467333580995813, 7.099990016277888 ], [ 100.467333580995813, 7.099900184749456 ], [ 100.467423412524354, 7.099900184749448 ], [ 100.46742341252434, 7.099540858635785 ], [ 100.467333580995813, 7.099540858635802 ], [ 100.467333580995827, 7.099451027107434 ], [ 100.466884423353889, 7.099451027107438 ], [ 100.466884423353889, 7.099540858635801 ], [ 100.466794591825362, 7.099540858635785 ], [ 100.466794591825348, 7.099630690164231 ], [ 100.466704760296835, 7.099630690164235 ], [ 100.466704760296835, 7.099720521692666 ], [ 100.466614928768649, 7.099720521692671 ], [ 100.466614928768678, 7.099810353221023 ], [ 100.466255602654925, 7.099810353221025 ], [ 100.466255602654897, 7.099720521692672 ], [ 100.466075939598213, 7.099720521692674 ], [ 100.466075939598213, 7.099630690164227 ], [ 100.465806445013001, 7.099630690164226 ], [ 100.465806445012987, 7.099720521692667 ], [ 100.465626781955919, 7.099720521692674 ], [ 100.465626781955919, 7.099810353221021 ], [ 100.465536950427762, 7.099810353221018 ], [ 100.465536950427762, 7.099990016277888 ], [ 100.46544711889922, 7.099990016277886 ], [ 100.46544711889922, 7.100079847806249 ], [ 100.465357287370693, 7.100079847806246 ], [ 100.465357287370693, 7.100259510863111 ], [ 100.465177624314009, 7.100259510863111 ], [ 100.465177624314009, 7.100349342391556 ], [ 100.465087792785482, 7.100349342391557 ], [ 100.465087792785482, 7.1004391739199 ], [ 100.464997961257311, 7.100439173919897 ], [ 100.464997961257311, 7.100529005448339 ], [ 100.464908129728769, 7.100529005448351 ], [ 100.464908129728769, 7.100618836976772 ], [ 100.464818298200257, 7.100618836976778 ], [ 100.464818298200257, 7.100708668505138 ], [ 100.464189477501279, 7.100708668505138 ], [ 100.464189477501279, 7.100798500033564 ], [ 100.464099645973107, 7.100798500033566 ], [ 100.464099645973107, 7.100888331562007 ], [ 100.463830151387882, 7.100888331561999 ], [ 100.463830151387882, 7.100798500033579 ], [ 100.463560656802656, 7.100798500033578 ], [ 100.463560656802656, 7.100888331562015 ], [ 100.463470825274129, 7.100888331562016 ], [ 100.463470825274143, 7.101067994618799 ], [ 100.463380993745588, 7.10106799461879 ], [ 100.463380993745616, 7.101157826147236 ], [ 100.463470825274143, 7.101157826147227 ], [ 100.463470825274143, 7.101337489204028 ], [ 100.463560656802656, 7.101337489204014 ], [ 100.46356065680267, 7.101786646846115 ], [ 100.463470825274143, 7.101786646846122 ], [ 100.463470825274129, 7.102595130601802 ], [ 100.463380993745602, 7.102595130601805 ], [ 100.463380993745602, 7.102774793658683 ], [ 100.463291162217445, 7.102774793658668 ], [ 100.463291162217416, 7.102954456715471 ], [ 100.463201330688904, 7.102954456715458 ], [ 100.463201330688918, 7.103134119772246 ], [ 100.463111499160377, 7.103134119772254 ], [ 100.463111499160362, 7.103313782829123 ], [ 100.463021667632205, 7.103313782829133 ], [ 100.463021667632191, 7.103403614357569 ], [ 100.462931836103678, 7.103403614357564 ], [ 100.462931836103678, 7.103493445885915 ], [ 100.462752173046965, 7.10349344588591 ], [ 100.462752173046994, 7.103403614357565 ], [ 100.462572509989926, 7.10340361435757 ], [ 100.462572509989926, 7.10331378282913 ], [ 100.462482678461754, 7.103313782829133 ], [ 100.462482678461754, 7.103223951300692 ], [ 100.462392846933227, 7.103223951300687 ], [ 100.462392846933227, 7.103313782829122 ], [ 100.4623030154047, 7.103313782829119 ], [ 100.4623030154047, 7.103493445885912 ], [ 100.462213183876543, 7.103493445885904 ], [ 100.462213183876528, 7.103673108942796 ], [ 100.462123352347987, 7.103673108942783 ], [ 100.462123352348002, 7.103852771999573 ], [ 100.462213183876514, 7.103852771999574 ], [ 100.462213183876514, 7.10394260352802 ], [ 100.4623030154047, 7.103942603528012 ], [ 100.4623030154047, 7.104032435056459 ], [ 100.462482678461754, 7.10403243505646 ], [ 100.462482678461754, 7.104212098113237 ], [ 100.462662341518453, 7.10421209811325 ], [ 100.462662341518467, 7.104391761170032 ], [ 100.462842004575151, 7.104391761170032 ], [ 100.462842004575151, 7.104571424226914 ], [ 100.462931836103692, 7.104571424226914 ], [ 100.462931836103664, 7.10484091881213 ], [ 100.462842004575151, 7.104840918812122 ], [ 100.462842004575151, 7.104930750340578 ], [ 100.462752173046979, 7.104930750340566 ], [ 100.462752173046994, 7.105020581868915 ], [ 100.462662341518453, 7.105020581868922 ], [ 100.462662341518453, 7.105110413397344 ], [ 100.462482678461754, 7.105110413397356 ], [ 100.462482678461754, 7.105020581868922 ], [ 100.462213183876528, 7.105020581868921 ], [ 100.462213183876543, 7.105110413397365 ], [ 100.462123352348016, 7.105110413397355 ], [ 100.462123352348002, 7.105290076454141 ], [ 100.462482678461754, 7.105290076454137 ], [ 100.46248267846174, 7.105379907982581 ], [ 100.462842004575151, 7.105379907982587 ], [ 100.462842004575165, 7.105290076454148 ], [ 100.463021667632205, 7.105290076454137 ], [ 100.463021667632191, 7.10520024492579 ], [ 100.463111499160362, 7.105200244925794 ], [ 100.463111499160377, 7.105110413397361 ], [ 100.46329116221743, 7.105110413397346 ], [ 100.46329116221743, 7.105020581868924 ], [ 100.463470825274129, 7.105020581868912 ], [ 100.463470825274129, 7.10511041339736 ], [ 100.463650488330828, 7.105110413397359 ], [ 100.463650488330828, 7.105200244925802 ], [ 100.46356065680267, 7.105200244925791 ], [ 100.463560656802656, 7.105290076454132 ], [ 100.463650488330842, 7.105290076454145 ], [ 100.463650488330828, 7.105379907982584 ], [ 100.463560656802656, 7.10537990798259 ], [ 100.463560656802656, 7.10573923409625 ], [ 100.463470825274129, 7.105739234096252 ], [ 100.463470825274129, 7.105918897153027 ], [ 100.46356065680267, 7.105918897153029 ], [ 100.463560656802642, 7.106008728681465 ], [ 100.463650488330842, 7.106008728681468 ], [ 100.463650488330842, 7.106098560209899 ], [ 100.464728466671716, 7.106098560209906 ], [ 100.464728466671716, 7.105829065624678 ], [ 100.464638635143558, 7.105829065624683 ], [ 100.464638635143558, 7.105739234096241 ], [ 100.464548803615017, 7.105739234096244 ], [ 100.464548803615031, 7.105649402567816 ], [ 100.464458972086518, 7.105649402567801 ], [ 100.46445897208649, 7.105559571039448 ], [ 100.464369140558318, 7.10555957103945 ], [ 100.464369140558333, 7.105379907982574 ], [ 100.464458972086504, 7.105379907982573 ] ], [ [ 100.463740319859369, 7.104212098113239 ], [ 100.463740319859355, 7.104571424226897 ], [ 100.463650488330828, 7.104571424226915 ], [ 100.463650488330828, 7.104661255755259 ], [ 100.463380993745602, 7.104661255755259 ], [ 100.463380993745602, 7.104571424226897 ], [ 100.463291162217445, 7.104571424226902 ], [ 100.463291162217445, 7.104122266584799 ], [ 100.463380993745602, 7.104122266584803 ], [ 100.463380993745602, 7.104032435056443 ], [ 100.463650488330813, 7.104032435056453 ], [ 100.463650488330828, 7.10421209811324 ], [ 100.463740319859369, 7.104212098113239 ] ] ] ] } },
{ "type": "Feature", "properties": { "TB_IDN": 901404, "TB_TN": "ต.บ้านหาร", "AP_IDN": 9014, "AP_TN": "อ.บางกล่ำ", "PV_IDN": 90, "PV_TN": "จ.สงขลา", "RE_NESDB": "South", "RE_ROYIN": "South", "F_AREA": 1905880.9675199999, "flood_area": 1191.18, "A": 1.906 }, "geometry": { "type": "MultiPolygon", "coordinates": [ [ [ [ 100.443887552080483, 7.061182796003912 ], [ 100.443977383608654, 7.061182796003913 ], [ 100.44397738360864, 7.06091330141869 ], [ 100.443887552080483, 7.060913301418692 ], [ 100.443887552080497, 7.060823469890235 ], [ 100.44379772055197, 7.060823469890253 ], [ 100.443797720551942, 7.060733638361802 ], [ 100.443528225966745, 7.060733638361806 ], [ 100.44352822596673, 7.060823469890255 ], [ 100.443438394438203, 7.060823469890245 ], [ 100.443438394438189, 7.060913301418682 ], [ 100.443079068324451, 7.060913301418687 ], [ 100.443079068324437, 7.060823469890243 ], [ 100.442989236796279, 7.060823469890253 ], [ 100.442989236796279, 7.060284480719787 ], [ 100.442809573739225, 7.060284480719786 ], [ 100.442809573739225, 7.060374312248233 ], [ 100.442719742211054, 7.060374312248235 ], [ 100.442719742211054, 7.06046414377659 ], [ 100.442629910682527, 7.060464143776572 ], [ 100.442629910682527, 7.060553975305019 ], [ 100.442540079154, 7.060553975305019 ], [ 100.442540079154, 7.06064380683345 ], [ 100.442450247625828, 7.060643806833448 ], [ 100.442450247625814, 7.061182796003912 ], [ 100.442540079153986, 7.061182796003914 ], [ 100.442540079154, 7.061272627532352 ], [ 100.442989236796294, 7.061272627532347 ], [ 100.442989236796279, 7.061362459060692 ], [ 100.443438394438189, 7.061362459060706 ], [ 100.443438394438189, 7.061272627532337 ], [ 100.443887552080483, 7.061272627532342 ], [ 100.443887552080483, 7.061182796003912 ] ] ], [ [ [ 100.434904399239159, 7.072321905527036 ], [ 100.434904399239173, 7.072142242470159 ], [ 100.434994230767686, 7.07214224247017 ], [ 100.434994230767686, 7.072052410941718 ], [ 100.43517389382437, 7.072052410941727 ], [ 100.43517389382437, 7.071962579413376 ], [ 100.435623051466308, 7.071962579413364 ], [ 100.435623051466308, 7.072052410941715 ], [ 100.435982377580061, 7.072052410941719 ], [ 100.435982377580061, 7.07196257941338 ], [ 100.436072209108602, 7.071962579413374 ], [ 100.436072209108588, 7.071333758714494 ], [ 100.436162040636759, 7.071333758714488 ], [ 100.436162040636759, 7.071154095657601 ], [ 100.436251872165286, 7.071154095657604 ], [ 100.4362518721653, 7.071064264129263 ], [ 100.436431535221999, 7.071064264129251 ], [ 100.436431535221985, 7.070974432600816 ], [ 100.436521366750512, 7.070974432600821 ], [ 100.436521366750512, 7.07106426412926 ], [ 100.43670102980721, 7.071064264129251 ], [ 100.43670102980721, 7.071154095657598 ], [ 100.436880692864264, 7.071154095657612 ], [ 100.436880692864264, 7.071243927186047 ], [ 100.436970524392436, 7.071243927186043 ], [ 100.436970524392436, 7.071154095657604 ], [ 100.43715018744949, 7.071154095657599 ], [ 100.437150187449475, 7.071064264129251 ], [ 100.437779008148468, 7.071064264129268 ], [ 100.437779008148468, 7.070974432600818 ], [ 100.437868839676639, 7.070974432600821 ], [ 100.437868839676653, 7.070884601072385 ], [ 100.437779008148482, 7.070884601072382 ], [ 100.437779008148468, 7.070794769544027 ], [ 100.437689176619926, 7.070794769544031 ], [ 100.437689176619941, 7.070704938015595 ], [ 100.4375993450914, 7.070704938015585 ], [ 100.437599345091428, 7.070615106487149 ], [ 100.437329850506188, 7.070615106487158 ], [ 100.437329850506188, 7.070525274958727 ], [ 100.436970524392436, 7.070525274958723 ], [ 100.436970524392436, 7.070435443430367 ], [ 100.436790861335723, 7.07043544343037 ], [ 100.436790861335737, 7.070345611901939 ], [ 100.436521366750512, 7.070345611901942 ], [ 100.436521366750512, 7.070255780373501 ], [ 100.436431535221985, 7.070255780373499 ], [ 100.436431535221971, 7.069986285788274 ], [ 100.436521366750512, 7.069986285788262 ], [ 100.436521366750512, 7.069806622731475 ], [ 100.436790861335737, 7.069806622731487 ], [ 100.436790861335751, 7.069896454259834 ], [ 100.437060355920977, 7.069896454259839 ], [ 100.437060355920963, 7.069986285788276 ], [ 100.437419682034701, 7.06998628578826 ], [ 100.437419682034715, 7.070076117316709 ], [ 100.437779008148468, 7.070076117316704 ], [ 100.437779008148482, 7.069986285788265 ], [ 100.437868839676639, 7.069986285788268 ], [ 100.437868839676653, 7.069896454259824 ], [ 100.43795867120518, 7.069896454259831 ], [ 100.437958671205166, 7.069806622731485 ], [ 100.438048502733707, 7.069806622731475 ], [ 100.438048502733693, 7.06962695967461 ], [ 100.438317997318919, 7.0696269596746 ], [ 100.438317997318919, 7.069716791203037 ], [ 100.438407828847104, 7.069716791203036 ], [ 100.43840782884709, 7.069806622731472 ], [ 100.438497660375631, 7.069806622731477 ], [ 100.438497660375617, 7.06989645425983 ], [ 100.438587491904144, 7.069896454259822 ], [ 100.438587491904144, 7.070076117316703 ], [ 100.438677323432302, 7.070076117316702 ], [ 100.43867732343233, 7.070255780373493 ], [ 100.438767154960829, 7.070255780373497 ], [ 100.438767154960857, 7.070345611901939 ], [ 100.438946818017541, 7.070345611901926 ], [ 100.438946818017541, 7.070255780373485 ], [ 100.439126481074609, 7.070255780373493 ], [ 100.439126481074595, 7.070165948845155 ], [ 100.439216312602767, 7.070165948845148 ], [ 100.439216312602767, 7.070076117316706 ], [ 100.43930614413128, 7.070076117316708 ], [ 100.439306144131294, 7.069986285788263 ], [ 100.439485807188007, 7.06998628578827 ], [ 100.439485807187992, 7.069896454259828 ], [ 100.43966547024506, 7.069896454259821 ], [ 100.439665470245032, 7.06980662273148 ], [ 100.439845133301731, 7.069806622731488 ], [ 100.439845133301731, 7.069716791203051 ], [ 100.439934964830258, 7.069716791203047 ], [ 100.439934964830272, 7.069537128146251 ], [ 100.439845133301745, 7.06953712814625 ], [ 100.439845133301731, 7.06935746508938 ], [ 100.439755301773218, 7.06935746508938 ], [ 100.439755301773218, 7.068998138975717 ], [ 100.439665470245046, 7.068998138975713 ], [ 100.439665470245046, 7.06890830744737 ], [ 100.439575638716519, 7.068908307447375 ], [ 100.439575638716519, 7.068818475918925 ], [ 100.439485807187992, 7.068818475918936 ], [ 100.439485807187992, 7.068638812862147 ], [ 100.439575638716519, 7.068638812862143 ], [ 100.439575638716519, 7.068459149805267 ], [ 100.439755301773218, 7.068459149805274 ], [ 100.439755301773218, 7.068369318276818 ], [ 100.44011462788697, 7.068369318276823 ], [ 100.440114627886985, 7.068459149805265 ], [ 100.440204459415497, 7.068459149805274 ], [ 100.440204459415497, 7.06854898133371 ], [ 100.440473954000737, 7.068548981333702 ], [ 100.440473954000723, 7.068369318276831 ], [ 100.440384122472182, 7.068369318276828 ], [ 100.440384122472196, 7.068189655220039 ], [ 100.440473954000737, 7.06818965522003 ], [ 100.440473954000709, 7.068009992163258 ], [ 100.440563785529264, 7.068009992163248 ], [ 100.44056378552925, 7.067920160634814 ], [ 100.441551932341625, 7.067920160634813 ], [ 100.441551932341625, 7.068009992163245 ], [ 100.441641763870166, 7.068009992163245 ], [ 100.441641763870152, 7.068099823691604 ], [ 100.441731595398323, 7.06809982369159 ], [ 100.441731595398338, 7.068189655220041 ], [ 100.44182142692685, 7.06818965522003 ], [ 100.44182142692685, 7.068459149805265 ], [ 100.441911258455377, 7.06845914980526 ], [ 100.441911258455363, 7.068728644390493 ], [ 100.442001089983549, 7.068728644390495 ], [ 100.442001089983549, 7.068908307447375 ], [ 100.442090921512076, 7.068908307447368 ], [ 100.442090921512062, 7.068998138975707 ], [ 100.442809573739211, 7.068998138975722 ], [ 100.442809573739225, 7.069087970504146 ], [ 100.443079068324465, 7.069087970504149 ], [ 100.443079068324437, 7.068998138975716 ], [ 100.443168899852992, 7.068998138975725 ], [ 100.443168899852978, 7.069087970504146 ], [ 100.443348562910046, 7.069087970504145 ], [ 100.443348562910032, 7.068998138975705 ], [ 100.443797720551942, 7.068998138975719 ], [ 100.443797720551956, 7.068818475918933 ], [ 100.443887552080483, 7.068818475918932 ], [ 100.443887552080483, 7.068728644390498 ], [ 100.443797720551956, 7.068728644390484 ], [ 100.443797720551956, 7.068548981333707 ], [ 100.443707889023429, 7.068548981333696 ], [ 100.443707889023429, 7.068459149805268 ], [ 100.443797720551942, 7.06845914980527 ], [ 100.44379772055197, 7.068279486748476 ], [ 100.443887552080483, 7.068279486748471 ], [ 100.443887552080483, 7.068189655220044 ], [ 100.443977383608654, 7.068189655220044 ], [ 100.443977383608669, 7.068099823691607 ], [ 100.44424687819388, 7.068099823691604 ], [ 100.44424687819388, 7.068009992163244 ], [ 100.444336709722407, 7.068009992163251 ], [ 100.444336709722393, 7.067920160634822 ], [ 100.444426541250934, 7.067920160634814 ], [ 100.444426541250934, 7.067830329106378 ], [ 100.444516372779105, 7.067830329106376 ], [ 100.444516372779105, 7.067650666049583 ], [ 100.444336709722393, 7.067650666049583 ], [ 100.444336709722407, 7.067560834521147 ], [ 100.444157046665723, 7.067560834521147 ], [ 100.444157046665708, 7.067471002992719 ], [ 100.443977383608654, 7.067471002992701 ], [ 100.443977383608654, 7.067111676879128 ], [ 100.444067215137181, 7.067111676879133 ], [ 100.444067215137181, 7.06693201382227 ], [ 100.444157046665708, 7.066932013822254 ], [ 100.444157046665723, 7.066842182293829 ], [ 100.44424687819388, 7.066842182293822 ], [ 100.44424687819388, 7.066752350765471 ], [ 100.444336709722393, 7.06675235076547 ], [ 100.444336709722421, 7.066572687708589 ], [ 100.444426541250934, 7.066572687708587 ], [ 100.444426541250934, 7.066393024651806 ], [ 100.444516372779105, 7.066393024651808 ], [ 100.444516372779091, 7.066303193123369 ], [ 100.444965530421385, 7.066303193123371 ], [ 100.444965530421399, 7.066393024651818 ], [ 100.445145193478069, 7.066393024651813 ], [ 100.445145193478083, 7.066303193123376 ], [ 100.44523502500661, 7.066303193123371 ], [ 100.44523502500661, 7.06621336159503 ], [ 100.445324856534782, 7.066213361595017 ], [ 100.445324856534782, 7.066123530066588 ], [ 100.445414688063295, 7.066123530066585 ], [ 100.445414688063309, 7.066033698538154 ], [ 100.445504519591836, 7.06603369853814 ], [ 100.445504519591836, 7.06567437242449 ], [ 100.445414688063295, 7.065674372424476 ], [ 100.445414688063309, 7.065584540896132 ], [ 100.445324856534782, 7.065584540896138 ], [ 100.445324856534782, 7.065494709367696 ], [ 100.445145193478083, 7.065494709367704 ], [ 100.445145193478069, 7.065584540896138 ], [ 100.445055361949557, 7.065584540896134 ], [ 100.445055361949557, 7.065764203952928 ], [ 100.444965530421385, 7.065764203952909 ], [ 100.444965530421385, 7.065854035481368 ], [ 100.444696035836159, 7.065854035481357 ], [ 100.444696035836159, 7.065764203952913 ], [ 100.444516372779105, 7.065764203952925 ], [ 100.444516372779091, 7.065674372424492 ], [ 100.44424687819388, 7.065674372424476 ], [ 100.444246878193866, 7.065584540896138 ], [ 100.444067215137167, 7.065584540896139 ], [ 100.444067215137167, 7.065494709367692 ], [ 100.443887552080483, 7.065494709367692 ], [ 100.443887552080483, 7.065404877839256 ], [ 100.443707889023429, 7.065404877839257 ], [ 100.443707889023415, 7.065225214782472 ], [ 100.443618057495257, 7.065225214782465 ], [ 100.443618057495243, 7.065045551725586 ], [ 100.44352822596673, 7.065045551725593 ], [ 100.44352822596673, 7.064955720197236 ], [ 100.443618057495257, 7.064955720197243 ], [ 100.443618057495257, 7.064776057140371 ], [ 100.443707889023429, 7.064776057140359 ], [ 100.443707889023429, 7.064596394083585 ], [ 100.443797720551956, 7.064596394083575 ], [ 100.443797720551942, 7.064506562555147 ], [ 100.44397738360864, 7.064506562555133 ], [ 100.443977383608654, 7.064416731026707 ], [ 100.44424687819388, 7.06441673102671 ], [ 100.44424687819388, 7.064506562555136 ], [ 100.444426541250948, 7.064506562555133 ], [ 100.444426541250934, 7.064596394083588 ], [ 100.445055361949557, 7.064596394083573 ], [ 100.445055361949557, 7.064686225612022 ], [ 100.44523502500661, 7.064686225612022 ], [ 100.445235025006625, 7.064596394083584 ], [ 100.445324856534782, 7.064596394083579 ], [ 100.445324856534796, 7.064416731026706 ], [ 100.445414688063309, 7.064416731026713 ], [ 100.445414688063309, 7.06405740491313 ], [ 100.445504519591836, 7.064057404913122 ], [ 100.445504519591836, 7.06387774185625 ], [ 100.445684182648534, 7.063877741856261 ], [ 100.445684182648534, 7.063787910327808 ], [ 100.445774014177047, 7.06378791032781 ], [ 100.445774014177076, 7.063698078799471 ], [ 100.445684182648549, 7.063698078799471 ], [ 100.445684182648534, 7.063608247271032 ], [ 100.445504519591836, 7.06360824727102 ], [ 100.44550451959185, 7.063518415742585 ], [ 100.445324856534768, 7.063518415742589 ], [ 100.445324856534768, 7.063428584214239 ], [ 100.445145193478069, 7.063428584214235 ], [ 100.445145193478083, 7.063338752685794 ], [ 100.445055361949557, 7.063338752685798 ], [ 100.445055361949557, 7.063248921157356 ], [ 100.444965530421385, 7.063248921157368 ], [ 100.444965530421385, 7.06306925810057 ], [ 100.444875698892872, 7.063069258100574 ], [ 100.444875698892872, 7.062889595043697 ], [ 100.444785867364331, 7.062889595043693 ], [ 100.444785867364331, 7.06270993198692 ], [ 100.444696035836159, 7.062709931986909 ], [ 100.444696035836159, 7.062620100458473 ], [ 100.444606204307632, 7.062620100458472 ], [ 100.444606204307632, 7.062530268930121 ], [ 100.44451637277912, 7.062530268930129 ], [ 100.444516372779105, 7.062440437401682 ], [ 100.444336709722421, 7.062440437401679 ], [ 100.444336709722407, 7.062350605873243 ], [ 100.44424687819388, 7.062350605873253 ], [ 100.44424687819388, 7.0622607743448 ], [ 100.444157046665708, 7.062260774344802 ], [ 100.444157046665708, 7.062170942816453 ], [ 100.443797720551956, 7.062170942816458 ], [ 100.443797720551956, 7.062260774344817 ], [ 100.443707889023429, 7.062260774344804 ], [ 100.443707889023443, 7.062350605873253 ], [ 100.443618057495257, 7.062350605873255 ], [ 100.443618057495257, 7.062440437401677 ], [ 100.44352822596673, 7.062440437401697 ], [ 100.44352822596673, 7.062530268930128 ], [ 100.443438394438203, 7.062530268930123 ], [ 100.443438394438203, 7.062620100458464 ], [ 100.443168899852964, 7.062620100458466 ], [ 100.443168899852978, 7.06253026893013 ], [ 100.442989236796279, 7.062530268930135 ], [ 100.442989236796294, 7.062620100458471 ], [ 100.442899405267767, 7.062620100458481 ], [ 100.442899405267752, 7.062799763515351 ], [ 100.442809573739225, 7.062799763515344 ], [ 100.442809573739211, 7.062889595043695 ], [ 100.442719742211054, 7.062889595043703 ], [ 100.442719742211068, 7.063069258100581 ], [ 100.442629910682527, 7.06306925810057 ], [ 100.442629910682513, 7.063159089629017 ], [ 100.442540079154, 7.063159089629018 ], [ 100.442540079153986, 7.063248921157372 ], [ 100.442450247625828, 7.063248921157365 ], [ 100.442450247625843, 7.063338752685806 ], [ 100.442180753040603, 7.063338752685808 ], [ 100.442180753040589, 7.063428584214233 ], [ 100.442090921512076, 7.063428584214233 ], [ 100.442090921512076, 7.063518415742585 ], [ 100.441911258455363, 7.063518415742589 ], [ 100.441911258455377, 7.063608247271035 ], [ 100.44182142692685, 7.063608247271038 ], [ 100.44182142692685, 7.063698078799471 ], [ 100.441731595398323, 7.063698078799462 ], [ 100.441731595398338, 7.063877741856254 ], [ 100.441641763870152, 7.06387774185626 ], [ 100.441641763870166, 7.064237067969914 ], [ 100.441551932341625, 7.064237067969911 ], [ 100.441551932341625, 7.064326899498352 ], [ 100.441462100813098, 7.064326899498354 ], [ 100.441462100813098, 7.064416731026699 ], [ 100.44137226928494, 7.064416731026709 ], [ 100.441372269284926, 7.064506562555139 ], [ 100.441282437756385, 7.064506562555136 ], [ 100.441282437756414, 7.0648658886688 ], [ 100.44137226928494, 7.064865888668796 ], [ 100.441372269284926, 7.064955720197235 ], [ 100.441282437756399, 7.064955720197245 ], [ 100.441282437756399, 7.065045551725589 ], [ 100.441372269284912, 7.065045551725593 ], [ 100.441372269284926, 7.065404877839258 ], [ 100.441282437756399, 7.065404877839262 ], [ 100.441282437756399, 7.065494709367692 ], [ 100.441192606227872, 7.0654947093677 ], [ 100.441192606227872, 7.065584540896135 ], [ 100.441102774699701, 7.065584540896124 ], [ 100.441102774699701, 7.065674372424485 ], [ 100.440923111642647, 7.065674372424485 ], [ 100.440923111642661, 7.065764203952914 ], [ 100.440833280114475, 7.065764203952924 ], [ 100.440833280114475, 7.065674372424488 ], [ 100.440653617057407, 7.065674372424487 ], [ 100.440653617057407, 7.06549470936769 ], [ 100.44056378552925, 7.065494709367694 ], [ 100.44056378552925, 7.065225214782476 ], [ 100.440653617057421, 7.065225214782465 ], [ 100.440653617057421, 7.065045551725586 ], [ 100.440743448585948, 7.065045551725583 ], [ 100.440743448585948, 7.064865888668805 ], [ 100.440923111642647, 7.064865888668797 ], [ 100.440923111642633, 7.064776057140365 ], [ 100.441012943171174, 7.064776057140372 ], [ 100.441012943171174, 7.064686225612024 ], [ 100.441102774699701, 7.064686225612017 ], [ 100.441102774699701, 7.064506562555145 ], [ 100.441192606227872, 7.064506562555152 ], [ 100.441192606227872, 7.063967573384684 ], [ 100.441282437756414, 7.063967573384686 ], [ 100.441282437756414, 7.063787910327807 ], [ 100.441372269284926, 7.063787910327822 ], [ 100.44137226928494, 7.063698078799457 ], [ 100.441282437756399, 7.063698078799474 ], [ 100.441282437756414, 7.063608247271038 ], [ 100.441372269284926, 7.063608247271027 ], [ 100.441372269284926, 7.063518415742596 ], [ 100.441282437756399, 7.06351841574258 ], [ 100.441282437756385, 7.063338752685798 ], [ 100.441192606227872, 7.063338752685791 ], [ 100.441192606227887, 7.063069258100577 ], [ 100.441282437756399, 7.063069258100582 ], [ 100.441282437756399, 7.062620100458471 ], [ 100.44137226928494, 7.062620100458473 ], [ 100.441372269284926, 7.062440437401685 ], [ 100.441462100813098, 7.062440437401685 ], [ 100.441462100813098, 7.062170942816468 ], [ 100.441372269284926, 7.062170942816466 ], [ 100.44137226928494, 7.061542122117577 ], [ 100.441282437756399, 7.061542122117576 ], [ 100.441282437756399, 7.061182796003904 ], [ 100.441192606227858, 7.061182796003902 ], [ 100.441192606227872, 7.060823469890255 ], [ 100.441102774699701, 7.060823469890254 ], [ 100.441102774699715, 7.0607336383618 ], [ 100.440923111642647, 7.060733638361816 ], [ 100.440923111642633, 7.060823469890241 ], [ 100.440473954000723, 7.060823469890243 ], [ 100.440473954000723, 7.060733638361814 ], [ 100.440294290944024, 7.060733638361804 ], [ 100.44029429094401, 7.060553975305018 ], [ 100.440204459415497, 7.060553975305027 ], [ 100.440204459415497, 7.060464143776577 ], [ 100.440114627886985, 7.060464143776572 ], [ 100.44011462788697, 7.060284480719798 ], [ 100.440024796358443, 7.060284480719794 ], [ 100.440024796358458, 7.060194649191351 ], [ 100.439934964830272, 7.060194649191351 ], [ 100.439934964830272, 7.060104817663003 ], [ 100.439755301773204, 7.060104817663011 ], [ 100.439755301773218, 7.060194649191347 ], [ 100.439575638716519, 7.060194649191358 ], [ 100.439575638716533, 7.060284480719796 ], [ 100.439485807188007, 7.060284480719791 ], [ 100.439485807187978, 7.060374312248229 ], [ 100.439395975659821, 7.060374312248233 ], [ 100.439395975659821, 7.060553975305011 ], [ 100.439216312602767, 7.060553975305015 ], [ 100.439216312602767, 7.060643806833454 ], [ 100.439036649546082, 7.060643806833457 ], [ 100.439036649546068, 7.060553975305014 ], [ 100.438946818017541, 7.060553975305028 ], [ 100.438946818017541, 7.060464143776583 ], [ 100.43885698648937, 7.060464143776583 ], [ 100.43885698648937, 7.060284480719785 ], [ 100.438767154960843, 7.060284480719795 ], [ 100.438767154960843, 7.060183310698726 ], [ 100.437868839676653, 7.060378515240501 ], [ 100.437868839676639, 7.060464143776579 ], [ 100.437779008148468, 7.060464143776589 ], [ 100.437779008148453, 7.060553975305009 ], [ 100.437689176619941, 7.060553975305027 ], [ 100.437689176619941, 7.060643806833464 ], [ 100.437599345091414, 7.060643806833449 ], [ 100.437599345091414, 7.060733638361801 ], [ 100.437329850506188, 7.060733638361799 ], [ 100.437329850506188, 7.060643806833456 ], [ 100.43715018744949, 7.060643806833461 ], [ 100.43715018744949, 7.060553975305021 ], [ 100.43713096180619, 7.060553975305103 ], [ 100.436611198279039, 7.060681700667747 ], [ 100.436611198279039, 7.060733638361808 ], [ 100.436521366750512, 7.060733638361813 ], [ 100.436521366750512, 7.060823469890241 ], [ 100.436162040636759, 7.060823469890243 ], [ 100.436162040636745, 7.060913301418688 ], [ 100.436072209108588, 7.060913301418685 ], [ 100.436072209108602, 7.061452290589133 ], [ 100.435982377580046, 7.061452290589142 ], [ 100.435982377580061, 7.06154212211758 ], [ 100.435892546051548, 7.061542122117569 ], [ 100.435892546051534, 7.061631953646019 ], [ 100.435533219938137, 7.06163195364601 ], [ 100.435533219938151, 7.061542122117568 ], [ 100.435353556881097, 7.061542122117578 ], [ 100.435353556881097, 7.061452290589128 ], [ 100.435343205833135, 7.061452290589216 ], [ 100.434645902341941, 7.063049834282459 ], [ 100.434185747011938, 7.06394163528457 ], [ 100.434185747012023, 7.064147236441476 ], [ 100.434275578540181, 7.064147236441485 ], [ 100.434275578540181, 7.064686225612018 ], [ 100.434185747012009, 7.064686225612009 ], [ 100.434185747012009, 7.064955720197234 ], [ 100.434275578540181, 7.064955720197253 ], [ 100.434275578540195, 7.065045551725587 ], [ 100.434185747012009, 7.065045551725596 ], [ 100.434185747012009, 7.065135383254036 ], [ 100.434275578540181, 7.065135383254037 ], [ 100.434275578540181, 7.065225214782466 ], [ 100.434185747012009, 7.065225214782476 ], [ 100.434185747012023, 7.065584540896126 ], [ 100.434275578540166, 7.065584540896139 ], [ 100.434275578540181, 7.065943867009712 ], [ 100.434185747012009, 7.065943867009698 ], [ 100.434185747012009, 7.06630319312337 ], [ 100.434275578540166, 7.066303193123367 ], [ 100.434275578540195, 7.066393024651805 ], [ 100.434365410068708, 7.066393024651806 ], [ 100.434365410068693, 7.066482856180251 ], [ 100.434455241597234, 7.066482856180256 ], [ 100.434455241597234, 7.066572687708589 ], [ 100.434545073125392, 7.0665726877086 ], [ 100.434545073125406, 7.066662519237042 ], [ 100.434634904653933, 7.066662519237035 ], [ 100.434634904653933, 7.066752350765463 ], [ 100.43472473618246, 7.066752350765483 ], [ 100.43472473618246, 7.067021845350697 ], [ 100.434634904653933, 7.067021845350691 ], [ 100.434634904653933, 7.067740497578025 ], [ 100.434455241597234, 7.067740497578016 ], [ 100.434455241597234, 7.067830329106375 ], [ 100.434185747012009, 7.067830329106378 ], [ 100.434185747012009, 7.067740497578032 ], [ 100.434006083954955, 7.067740497578022 ], [ 100.434006083954941, 7.067650666049593 ], [ 100.433916252426428, 7.067650666049577 ], [ 100.433916252426428, 7.06738117146437 ], [ 100.433826420898257, 7.067381171464358 ], [ 100.433826420898257, 7.066932013822254 ], [ 100.433916252426428, 7.066932013822268 ], [ 100.433916252426414, 7.066842182293827 ], [ 100.433826420898257, 7.066842182293825 ], [ 100.433826420898257, 7.066752350765474 ], [ 100.433916252426414, 7.066752350765466 ], [ 100.433916252426428, 7.066662519237041 ], [ 100.433826420898242, 7.066662519237042 ], [ 100.433826420898257, 7.066393024651806 ], [ 100.433754322220125, 7.066393024651816 ], [ 100.433787583294816, 7.069626959674615 ], [ 100.433826420898257, 7.069626959674602 ], [ 100.433826420898271, 7.0687286443905 ], [ 100.433916252426428, 7.068728644390481 ], [ 100.433916252426428, 7.068638812862132 ], [ 100.434095915483482, 7.068638812862139 ], [ 100.434095915483482, 7.06872864439049 ], [ 100.434275578540166, 7.068728644390498 ], [ 100.434275578540195, 7.06881847591893 ], [ 100.434634904653919, 7.068818475918938 ], [ 100.434634904653947, 7.068908307447366 ], [ 100.434814567710632, 7.068908307447365 ], [ 100.434814567710646, 7.06908797050415 ], [ 100.434904399239159, 7.069087970504151 ], [ 100.434904399239159, 7.0691778020326 ], [ 100.434814567710646, 7.069177802032589 ], [ 100.434814567710617, 7.06935746508938 ], [ 100.43472473618246, 7.06935746508938 ], [ 100.43472473618246, 7.069447296617821 ], [ 100.434634904653933, 7.06944729661782 ], [ 100.434634904653947, 7.06953712814625 ], [ 100.434455241597234, 7.06953712814625 ], [ 100.434455241597234, 7.069626959674598 ], [ 100.434365410068708, 7.069626959674601 ], [ 100.434365410068708, 7.069716791203036 ], [ 100.434275578540181, 7.069716791203034 ], [ 100.434275578540181, 7.069896454259837 ], [ 100.434365410068708, 7.069896454259838 ], [ 100.434365410068693, 7.070076117316711 ], [ 100.434455241597234, 7.070076117316701 ], [ 100.43445524159722, 7.070615106487156 ], [ 100.434365410068722, 7.070615106487166 ], [ 100.434365410068708, 7.070884601072379 ], [ 100.434455241597234, 7.070884601072378 ], [ 100.434455241597249, 7.071064264129255 ], [ 100.434634904653947, 7.071064264129268 ], [ 100.434634904653947, 7.071154095657611 ], [ 100.434814567710632, 7.071154095657599 ], [ 100.434814567710646, 7.071333758714477 ], [ 100.434994230767686, 7.071333758714494 ], [ 100.434994230767686, 7.071603253299704 ], [ 100.434904399239159, 7.071603253299706 ], [ 100.434904399239173, 7.071693084828141 ], [ 100.434814567710632, 7.071693084828138 ], [ 100.434814567710632, 7.071782916356502 ], [ 100.434365410068708, 7.07178291635649 ], [ 100.434365410068708, 7.071872747884941 ], [ 100.434275578540195, 7.07187274788493 ], [ 100.434275578540181, 7.071962579413369 ], [ 100.434185747012009, 7.071962579413369 ], [ 100.434185747011995, 7.072142242470158 ], [ 100.434275578540195, 7.07214224247016 ], [ 100.434275578540195, 7.07232190552704 ], [ 100.434365410068708, 7.072321905527042 ], [ 100.434365410068708, 7.072411737055377 ], [ 100.434455241597234, 7.072411737055392 ], [ 100.434455241597234, 7.072501568583816 ], [ 100.434724736182474, 7.07250156858383 ], [ 100.43472473618246, 7.072411737055376 ], [ 100.434814567710617, 7.072411737055392 ], [ 100.434814567710632, 7.072321905527029 ], [ 100.434904399239159, 7.072321905527036 ] ], [ [ 100.434994230767686, 7.063159089629018 ], [ 100.434994230767686, 7.06297942657214 ], [ 100.435353556881068, 7.062979426572139 ], [ 100.435353556881083, 7.063069258100571 ], [ 100.4362518721653, 7.063069258100583 ], [ 100.436251872165286, 7.06315908962902 ], [ 100.436521366750512, 7.063159089629012 ], [ 100.436521366750512, 7.063248921157361 ], [ 100.436611198279039, 7.063248921157369 ], [ 100.436611198279053, 7.063608247271024 ], [ 100.436521366750512, 7.063608247271037 ], [ 100.436521366750512, 7.063698078799455 ], [ 100.436431535221985, 7.063698078799466 ], [ 100.436431535221985, 7.063787910327815 ], [ 100.436162040636759, 7.063787910327817 ], [ 100.436162040636773, 7.063698078799463 ], [ 100.435623051466294, 7.063698078799457 ], [ 100.435623051466308, 7.063608247271018 ], [ 100.435263725352911, 7.063608247271032 ], [ 100.435263725352911, 7.063518415742581 ], [ 100.435084062295857, 7.063518415742596 ], [ 100.435084062295857, 7.06342858421424 ], [ 100.4349942307677, 7.063428584214238 ], [ 100.434994230767686, 7.063248921157374 ], [ 100.434904399239159, 7.063248921157371 ], [ 100.434904399239159, 7.063159089629004 ], [ 100.434994230767686, 7.063159089629018 ] ], [ [ 100.440653617057407, 7.066932013822266 ], [ 100.440743448585948, 7.066932013822258 ], [ 100.440743448585934, 7.066752350765473 ], [ 100.440833280114489, 7.066752350765467 ], [ 100.440833280114475, 7.066662519237036 ], [ 100.440923111642647, 7.066662519237034 ], [ 100.440923111642633, 7.066033698538151 ], [ 100.441012943171174, 7.06603369853814 ], [ 100.441012943171174, 7.065854035481362 ], [ 100.441282437756414, 7.065854035481362 ], [ 100.441282437756414, 7.065943867009704 ], [ 100.441462100813084, 7.065943867009716 ], [ 100.441462100813098, 7.066033698538144 ], [ 100.441551932341625, 7.066033698538146 ], [ 100.441551932341639, 7.066123530066582 ], [ 100.441641763870152, 7.066123530066574 ], [ 100.441641763870138, 7.066662519237027 ], [ 100.441551932341625, 7.066662519237037 ], [ 100.441551932341625, 7.066842182293819 ], [ 100.441462100813098, 7.066842182293818 ], [ 100.441462100813112, 7.067111676879143 ], [ 100.44137226928494, 7.067111676879135 ], [ 100.441372269284926, 7.06720150840748 ], [ 100.441282437756385, 7.067201508407492 ], [ 100.441282437756399, 7.06729133993592 ], [ 100.441192606227872, 7.067291339935934 ], [ 100.441192606227858, 7.067381171464366 ], [ 100.440923111642647, 7.067381171464355 ], [ 100.440923111642633, 7.067291339935926 ], [ 100.440743448585934, 7.067291339935922 ], [ 100.440743448585948, 7.067111676879135 ], [ 100.440653617057421, 7.067111676879132 ], [ 100.440653617057407, 7.066932013822266 ] ], [ [ 100.436611198279039, 7.068099823691607 ], [ 100.436521366750512, 7.068099823691599 ], [ 100.436521366750512, 7.068189655220039 ], [ 100.436431535221999, 7.068189655220036 ], [ 100.436431535221985, 7.06827948674847 ], [ 100.436341703693813, 7.06827948674847 ], [ 100.436341703693813, 7.068369318276835 ], [ 100.436251872165286, 7.068369318276822 ], [ 100.436251872165272, 7.06845914980526 ], [ 100.436162040636759, 7.068459149805272 ], [ 100.436162040636745, 7.068548981333702 ], [ 100.435982377580061, 7.068548981333701 ], [ 100.435982377580061, 7.068459149805263 ], [ 100.435892546051534, 7.068459149805266 ], [ 100.435892546051534, 7.067740497578031 ], [ 100.435982377580046, 7.067740497578018 ], [ 100.435982377580061, 7.067560834521156 ], [ 100.436162040636759, 7.067560834521142 ], [ 100.436162040636773, 7.067471002992706 ], [ 100.436431535221985, 7.06747100299272 ], [ 100.436431535221999, 7.067560834521155 ], [ 100.436521366750512, 7.06756083452114 ], [ 100.436521366750526, 7.06774049757803 ], [ 100.436611198279039, 7.067740497578018 ], [ 100.436611198279039, 7.068099823691607 ] ], [ [ 100.438317997318933, 7.068728644390491 ], [ 100.438317997318919, 7.068638812862149 ], [ 100.438228165790392, 7.068638812862147 ], [ 100.438228165790392, 7.068369318276822 ], [ 100.438317997318919, 7.068369318276821 ], [ 100.438317997318919, 7.068189655220031 ], [ 100.43840782884709, 7.068189655220039 ], [ 100.438407828847104, 7.0680998236916 ], [ 100.438497660375617, 7.068099823691597 ], [ 100.438497660375603, 7.068009992163254 ], [ 100.438856986489355, 7.068009992163253 ], [ 100.43885698648937, 7.068099823691594 ], [ 100.438946818017541, 7.068099823691608 ], [ 100.438946818017541, 7.068638812862143 ], [ 100.438856986489355, 7.068638812862133 ], [ 100.438856986489384, 7.068728644390498 ], [ 100.438767154960843, 7.068728644390481 ], [ 100.438767154960843, 7.068818475918923 ], [ 100.438497660375617, 7.068818475918926 ], [ 100.438497660375617, 7.068728644390483 ], [ 100.438317997318933, 7.068728644390491 ] ], [ [ 100.437329850506188, 7.069537128146263 ], [ 100.437240018978017, 7.069537128146256 ], [ 100.437240018978031, 7.069357465089377 ], [ 100.437329850506188, 7.06935746508938 ], [ 100.437329850506188, 7.068998138975721 ], [ 100.437419682034715, 7.068998138975718 ], [ 100.437419682034729, 7.068728644390496 ], [ 100.437509513563256, 7.068728644390492 ], [ 100.437509513563228, 7.068548981333694 ], [ 100.437599345091414, 7.068548981333695 ], [ 100.437599345091428, 7.068459149805259 ], [ 100.437868839676639, 7.068459149805257 ], [ 100.437868839676639, 7.068548981333699 ], [ 100.437958671205152, 7.0685489813337 ], [ 100.43795867120518, 7.068728644390481 ], [ 100.438048502733707, 7.068728644390496 ], [ 100.438048502733707, 7.068818475918933 ], [ 100.437958671205166, 7.068818475918918 ], [ 100.437958671205166, 7.068998138975705 ], [ 100.437868839676639, 7.068998138975716 ], [ 100.437868839676639, 7.069537128146247 ], [ 100.437779008148453, 7.069537128146254 ], [ 100.437779008148453, 7.069626959674604 ], [ 100.437329850506188, 7.069626959674602 ], [ 100.437329850506188, 7.069537128146263 ] ], [ [ 100.434904399239159, 7.070525274958714 ], [ 100.4349942307677, 7.070525274958724 ], [ 100.434994230767671, 7.070435443430367 ], [ 100.435173893824384, 7.070435443430367 ], [ 100.435173893824384, 7.070525274958722 ], [ 100.435263725352911, 7.070525274958728 ], [ 100.435263725352897, 7.070704938015588 ], [ 100.435173893824384, 7.070704938015585 ], [ 100.435173893824398, 7.070794769544033 ], [ 100.435084062295857, 7.070794769544028 ], [ 100.435084062295857, 7.070704938015588 ], [ 100.434994230767686, 7.070704938015593 ], [ 100.434994230767671, 7.070615106487161 ], [ 100.434904399239173, 7.070615106487162 ], [ 100.434904399239159, 7.070525274958714 ] ] ], [ [ [ 100.442719742211068, 7.073220220811156 ], [ 100.442809573739211, 7.073220220811148 ], [ 100.44280957373924, 7.072860894697481 ], [ 100.442899405267752, 7.072860894697491 ], [ 100.442899405267752, 7.07268123164062 ], [ 100.442989236796294, 7.072681231640612 ], [ 100.442989236796279, 7.072501568583832 ], [ 100.443079068324451, 7.072501568583824 ], [ 100.443079068324465, 7.072411737055382 ], [ 100.443168899852992, 7.072411737055382 ], [ 100.443168899852964, 7.072321905527029 ], [ 100.443258731381505, 7.072321905527041 ], [ 100.443258731381519, 7.072052410941716 ], [ 100.443348562910032, 7.072052410941722 ], [ 100.443348562910046, 7.071513421771273 ], [ 100.443258731381519, 7.071513421771281 ], [ 100.443258731381505, 7.071064264129259 ], [ 100.443348562910032, 7.071064264129268 ], [ 100.443348562910018, 7.070974432600819 ], [ 100.443438394438189, 7.070974432600825 ], [ 100.443438394438203, 7.070884601072384 ], [ 100.443618057495257, 7.070884601072385 ], [ 100.443618057495243, 7.070794769544027 ], [ 100.444157046665708, 7.070794769544042 ], [ 100.444157046665708, 7.070704938015598 ], [ 100.44424687819388, 7.070704938015594 ], [ 100.44424687819388, 7.070615106487161 ], [ 100.444426541250934, 7.070615106487153 ], [ 100.444426541250934, 7.070525274958724 ], [ 100.44451637277912, 7.070525274958722 ], [ 100.44451637277912, 7.070435443430367 ], [ 100.444606204307632, 7.070435443430363 ], [ 100.444606204307647, 7.070255780373487 ], [ 100.444696035836174, 7.0702557803735 ], [ 100.444696035836159, 7.070165948845142 ], [ 100.444785867364331, 7.070165948845155 ], [ 100.444785867364331, 7.069986285788262 ], [ 100.444696035836159, 7.069986285788262 ], [ 100.444696035836159, 7.069896454259838 ], [ 100.444516372779105, 7.069896454259828 ], [ 100.44451637277912, 7.069806622731475 ], [ 100.444067215137167, 7.069806622731472 ], [ 100.444067215137181, 7.069716791203048 ], [ 100.443887552080483, 7.069716791203033 ], [ 100.443887552080483, 7.069626959674602 ], [ 100.44352822596673, 7.06962695967461 ], [ 100.443528225966716, 7.069537128146247 ], [ 100.443258731381491, 7.06953712814625 ], [ 100.443258731381505, 7.069626959674606 ], [ 100.443168899852978, 7.069626959674608 ], [ 100.443168899852964, 7.069716791203033 ], [ 100.443079068324451, 7.069716791203049 ], [ 100.443079068324451, 7.069806622731485 ], [ 100.442989236796294, 7.069806622731479 ], [ 100.442989236796265, 7.06989645425982 ], [ 100.442809573739225, 7.069896454259831 ], [ 100.442809573739211, 7.069986285788271 ], [ 100.442629910682527, 7.069986285788266 ], [ 100.442629910682527, 7.069896454259828 ], [ 100.442180753040589, 7.069896454259837 ], [ 100.442180753040617, 7.06980662273149 ], [ 100.441911258455377, 7.069806622731472 ], [ 100.441911258455391, 7.069716791203038 ], [ 100.441731595398323, 7.069716791203032 ], [ 100.441731595398323, 7.069626959674601 ], [ 100.441551932341625, 7.069626959674606 ], [ 100.441551932341625, 7.069537128146258 ], [ 100.441102774699701, 7.069537128146263 ], [ 100.441102774699701, 7.069626959674602 ], [ 100.441012943171174, 7.069626959674611 ], [ 100.441012943171174, 7.069896454259836 ], [ 100.441102774699701, 7.06989645425983 ], [ 100.441102774699701, 7.06998628578826 ], [ 100.441012943171174, 7.069986285788272 ], [ 100.441012943171174, 7.070076117316708 ], [ 100.441102774699701, 7.07007611731671 ], [ 100.441102774699715, 7.070165948845136 ], [ 100.440923111642633, 7.070165948845149 ], [ 100.440923111642647, 7.070255780373484 ], [ 100.440833280114475, 7.070255780373483 ], [ 100.440833280114475, 7.070345611901941 ], [ 100.440743448585962, 7.070345611901931 ], [ 100.440743448585948, 7.070435443430373 ], [ 100.440653617057436, 7.070435443430376 ], [ 100.440653617057436, 7.070525274958717 ], [ 100.44056378552925, 7.070525274958729 ], [ 100.44056378552925, 7.070704938015595 ], [ 100.440473954000723, 7.070704938015601 ], [ 100.440473954000723, 7.070794769544027 ], [ 100.440384122472196, 7.070794769544041 ], [ 100.440384122472196, 7.070884601072386 ], [ 100.440294290944024, 7.070884601072388 ], [ 100.44029429094401, 7.070974432600817 ], [ 100.440204459415497, 7.070974432600828 ], [ 100.440204459415511, 7.071064264129257 ], [ 100.439934964830272, 7.071064264129261 ], [ 100.439934964830272, 7.071154095657598 ], [ 100.439575638716519, 7.071154095657605 ], [ 100.439575638716533, 7.071064264129257 ], [ 100.439036649546082, 7.071064264129253 ], [ 100.439036649546068, 7.070974432600813 ], [ 100.438946818017541, 7.070974432600818 ], [ 100.438946818017541, 7.071064264129258 ], [ 100.438677323432316, 7.071064264129258 ], [ 100.43867732343233, 7.070974432600814 ], [ 100.43840782884709, 7.070974432600828 ], [ 100.43840782884709, 7.071064264129249 ], [ 100.438317997318933, 7.07106426412926 ], [ 100.438317997318919, 7.071333758714486 ], [ 100.438497660375631, 7.071333758714491 ], [ 100.438497660375617, 7.071423590242842 ], [ 100.438677323432316, 7.071423590242838 ], [ 100.438677323432316, 7.071513421771267 ], [ 100.438856986489384, 7.071513421771273 ], [ 100.43885698648937, 7.0716032532997 ], [ 100.439036649546068, 7.071603253299718 ], [ 100.439036649546068, 7.07169308482814 ], [ 100.439126481074581, 7.071693084828151 ], [ 100.439126481074609, 7.07178291635649 ], [ 100.439306144131294, 7.071782916356496 ], [ 100.439306144131308, 7.071872747884929 ], [ 100.439395975659821, 7.071872747884944 ], [ 100.439395975659821, 7.071782916356493 ], [ 100.439485807187992, 7.07178291635649 ], [ 100.439485807187992, 7.071693084828139 ], [ 100.439665470245046, 7.071693084828144 ], [ 100.439665470245046, 7.071603253299713 ], [ 100.439755301773218, 7.071603253299703 ], [ 100.439755301773218, 7.071513421771273 ], [ 100.439845133301745, 7.071513421771265 ], [ 100.439845133301745, 7.071423590242835 ], [ 100.44038412247221, 7.071423590242835 ], [ 100.440384122472196, 7.071333758714484 ], [ 100.440563785529235, 7.071333758714489 ], [ 100.44056378552925, 7.071243927186043 ], [ 100.440653617057421, 7.071243927186054 ], [ 100.440653617057407, 7.07115409565761 ], [ 100.440833280114475, 7.071154095657612 ], [ 100.440833280114461, 7.071064264129257 ], [ 100.440923111642647, 7.071064264129248 ], [ 100.440923111642647, 7.070974432600815 ], [ 100.441012943171174, 7.070974432600818 ], [ 100.441012943171174, 7.070884601072386 ], [ 100.441282437756399, 7.07088460107239 ], [ 100.441282437756399, 7.070794769544036 ], [ 100.441462100813112, 7.070794769544038 ], [ 100.441462100813098, 7.070884601072379 ], [ 100.441641763870152, 7.070884601072385 ], [ 100.441641763870152, 7.07097443260083 ], [ 100.441731595398338, 7.070974432600822 ], [ 100.441731595398309, 7.070884601072384 ], [ 100.442270584568789, 7.070884601072382 ], [ 100.442270584568774, 7.070974432600812 ], [ 100.442450247625814, 7.070974432600811 ], [ 100.442450247625828, 7.071154095657607 ], [ 100.442629910682527, 7.071154095657606 ], [ 100.442629910682527, 7.071333758714477 ], [ 100.442719742211068, 7.071333758714493 ], [ 100.442719742211054, 7.071423590242823 ], [ 100.442809573739225, 7.071423590242833 ], [ 100.442809573739225, 7.071782916356499 ], [ 100.442719742211054, 7.07178291635649 ], [ 100.442719742211054, 7.071872747884928 ], [ 100.442450247625814, 7.071872747884941 ], [ 100.442450247625828, 7.071962579413367 ], [ 100.442360416097287, 7.071962579413364 ], [ 100.442360416097287, 7.072142242470166 ], [ 100.442270584568789, 7.072142242470162 ], [ 100.442270584568774, 7.072321905527032 ], [ 100.442180753040603, 7.072321905527044 ], [ 100.442180753040603, 7.072501568583821 ], [ 100.442090921512076, 7.072501568583832 ], [ 100.442090921512076, 7.072681231640614 ], [ 100.442180753040603, 7.072681231640608 ], [ 100.442180753040603, 7.072860894697484 ], [ 100.442270584568789, 7.072860894697481 ], [ 100.442270584568774, 7.073130389282723 ], [ 100.442360416097301, 7.073130389282711 ], [ 100.442360416097301, 7.073310052339509 ], [ 100.442540079154, 7.073310052339506 ], [ 100.442540079154, 7.073399883867946 ], [ 100.442629910682527, 7.073399883867941 ], [ 100.442629910682527, 7.073310052339494 ], [ 100.442719742211054, 7.073310052339497 ], [ 100.442719742211068, 7.073220220811156 ] ] ], [ [ [ 100.433017937142566, 7.072411737055392 ], [ 100.432838274085526, 7.07241173705539 ], [ 100.432838274085526, 7.072321905527041 ], [ 100.432748442557354, 7.072321905527032 ], [ 100.432748442557354, 7.072142242470153 ], [ 100.432568779500301, 7.072142242470158 ], [ 100.432568779500301, 7.071962579413364 ], [ 100.43202979032985, 7.071962579413378 ], [ 100.43202979032985, 7.072052410941724 ], [ 100.431939958801678, 7.072052410941713 ], [ 100.431939958801664, 7.072142242470162 ], [ 100.431850127273137, 7.072142242470156 ], [ 100.431850127273151, 7.072321905527032 ], [ 100.431760295744624, 7.072321905527035 ], [ 100.431760295744624, 7.072771063169042 ], [ 100.431850127273151, 7.07277106316906 ], [ 100.431850127273165, 7.072950726225836 ], [ 100.431939958801678, 7.072950726225846 ], [ 100.431939958801692, 7.073040557754266 ], [ 100.432119621858376, 7.073040557754281 ], [ 100.432119621858376, 7.073130389282709 ], [ 100.432389116443588, 7.07313038928271 ], [ 100.432389116443588, 7.073040557754275 ], [ 100.432478947972115, 7.073040557754275 ], [ 100.432478947972129, 7.072950726225844 ], [ 100.432568779500301, 7.072950726225833 ], [ 100.432568779500286, 7.072860894697481 ], [ 100.43274844255734, 7.072860894697486 ], [ 100.432748442557354, 7.072950726225844 ], [ 100.432928105614053, 7.072950726225836 ], [ 100.432928105614067, 7.07322022081114 ], [ 100.43301793714258, 7.073220220811146 ], [ 100.43301793714258, 7.073399883867944 ], [ 100.433106410941093, 7.073399883867946 ], [ 100.433093160454433, 7.07232190552703 ], [ 100.43301793714258, 7.072321905527036 ], [ 100.433017937142566, 7.072411737055392 ] ] ], [ [ [ 100.436251872165286, 7.0737592099816 ], [ 100.436341703693813, 7.073759209981593 ], [ 100.436341703693813, 7.073489715396372 ], [ 100.436251872165286, 7.073489715396375 ], [ 100.436251872165286, 7.073310052339507 ], [ 100.436072209108588, 7.073310052339495 ], [ 100.436072209108588, 7.073130389282718 ], [ 100.435892546051534, 7.073130389282706 ], [ 100.435892546051534, 7.073040557754267 ], [ 100.435533219938137, 7.073040557754275 ], [ 100.435533219938137, 7.072950726225843 ], [ 100.435173893824384, 7.07295072622583 ], [ 100.435173893824398, 7.072860894697486 ], [ 100.434814567710632, 7.072860894697478 ], [ 100.434814567710617, 7.073130389282719 ], [ 100.434904399239173, 7.073130389282708 ], [ 100.434904399239159, 7.073220220811158 ], [ 100.434994230767686, 7.073220220811156 ], [ 100.434994230767686, 7.073399883867944 ], [ 100.435084062295857, 7.07339988386794 ], [ 100.435084062295857, 7.073579546924734 ], [ 100.435173893824384, 7.073579546924725 ], [ 100.435173893824384, 7.073669378453167 ], [ 100.435263725352897, 7.073669378453162 ], [ 100.435263725352911, 7.073849041509955 ], [ 100.435353556881083, 7.073849041509946 ], [ 100.435353556881083, 7.073938873038396 ], [ 100.435982377580061, 7.073938873038393 ], [ 100.435982377580075, 7.073849041509953 ], [ 100.436251872165286, 7.073849041509942 ], [ 100.436251872165286, 7.0737592099816 ] ] ], [ [ [ 100.458260596626317, 7.088311917584321 ], [ 100.458260596626317, 7.088374219398236 ], [ 100.459317267826989, 7.087779032120564 ], [ 100.460165275975669, 7.087154902060121 ], [ 100.461248337344529, 7.086323203674767 ], [ 100.461665569389083, 7.085860156934433 ], [ 100.462287388453319, 7.084879816816555 ], [ 100.462830238938508, 7.083949708472074 ], [ 100.463167309634827, 7.083398378143929 ], [ 100.463923201228596, 7.081933879067075 ], [ 100.463919982916053, 7.081933879067069 ], [ 100.463919982916067, 7.08175421601029 ], [ 100.46400981444458, 7.081754216010297 ], [ 100.464009814444594, 7.081484721424978 ], [ 100.464099645973107, 7.081484721424962 ], [ 100.464099645973107, 7.081305058368181 ], [ 100.464189477501279, 7.081305058368184 ], [ 100.464189477501279, 7.081125395311398 ], [ 100.46427930902982, 7.081125395311402 ], [ 100.46427930902982, 7.080945732254526 ], [ 100.464369140558333, 7.080945732254511 ], [ 100.464369140558333, 7.08085590072617 ], [ 100.464479592679481, 7.080855900726173 ], [ 100.464983666119366, 7.079879285701681 ], [ 100.465098838843872, 7.079688090856735 ], [ 100.464908129728769, 7.079688090856746 ], [ 100.464908129728784, 7.079777922385183 ], [ 100.464818298200271, 7.079777922385173 ], [ 100.464818298200257, 7.079867753913607 ], [ 100.463740319859355, 7.079867753913621 ], [ 100.46374031985934, 7.079957585441969 ], [ 100.463650488330828, 7.079957585441962 ], [ 100.463650488330828, 7.080047416970405 ], [ 100.463830151387882, 7.0800474169704 ], [ 100.463830151387867, 7.080137248498843 ], [ 100.46400981444458, 7.080137248498844 ], [ 100.46400981444458, 7.080227080027285 ], [ 100.464099645973107, 7.080227080027274 ], [ 100.464099645973107, 7.080316911555632 ], [ 100.464189477501293, 7.080316911555622 ], [ 100.464189477501279, 7.080406743084079 ], [ 100.46427930902982, 7.080406743084069 ], [ 100.464279309029806, 7.080496574612502 ], [ 100.464369140558333, 7.080496574612511 ], [ 100.464369140558318, 7.080586406140859 ], [ 100.464279309029806, 7.080586406140849 ], [ 100.464279309029806, 7.080766069197721 ], [ 100.46400981444458, 7.08076606919774 ], [ 100.46400981444458, 7.080855900726165 ], [ 100.46329116221743, 7.08085590072618 ], [ 100.463291162217445, 7.080945732254517 ], [ 100.463201330688918, 7.080945732254524 ], [ 100.463201330688904, 7.081035563782958 ], [ 100.463111499160377, 7.081035563782962 ], [ 100.463111499160377, 7.081484721424979 ], [ 100.463021667632191, 7.081484721424968 ], [ 100.463021667632205, 7.082203373652296 ], [ 100.462931836103692, 7.082203373652307 ], [ 100.462931836103678, 7.082293205180746 ], [ 100.462842004575151, 7.082293205180733 ], [ 100.462842004575151, 7.082383036709167 ], [ 100.462662341518453, 7.082383036709182 ], [ 100.462662341518453, 7.082472868237527 ], [ 100.462572509989926, 7.082472868237518 ], [ 100.46257250998994, 7.082383036709175 ], [ 100.462392846933213, 7.082383036709183 ], [ 100.462392846933227, 7.082293205180744 ], [ 100.46203352081946, 7.082293205180732 ], [ 100.462033520819475, 7.082203373652305 ], [ 100.461853857762776, 7.082203373652302 ], [ 100.461853857762776, 7.082113542123863 ], [ 100.461674194705722, 7.082113542123857 ], [ 100.461674194705722, 7.082023710595506 ], [ 100.461494531649024, 7.082023710595516 ], [ 100.461494531649024, 7.081933879067073 ], [ 100.461404700120497, 7.081933879067078 ], [ 100.461404700120497, 7.081844047538642 ], [ 100.461135205535257, 7.081844047538635 ], [ 100.461135205535285, 7.082023710595512 ], [ 100.461045374007099, 7.082023710595518 ], [ 100.461045374007099, 7.082113542123865 ], [ 100.460865710950046, 7.082113542123854 ], [ 100.460865710950046, 7.082203373652305 ], [ 100.460326721779595, 7.082203373652298 ], [ 100.460326721779595, 7.082383036709182 ], [ 100.460416553308121, 7.082383036709175 ], [ 100.460416553308121, 7.082472868237522 ], [ 100.460506384836634, 7.082472868237521 ], [ 100.460506384836648, 7.083011857407979 ], [ 100.460416553308121, 7.083011857407971 ], [ 100.460416553308136, 7.083101688936423 ], [ 100.460326721779595, 7.08310168893642 ], [ 100.460326721779609, 7.08319152046484 ], [ 100.460236890251423, 7.083191520464844 ], [ 100.460236890251423, 7.083281351993292 ], [ 100.460057227194369, 7.083281351993285 ], [ 100.460057227194369, 7.083191520464854 ], [ 100.459518238023918, 7.083191520464856 ], [ 100.459518238023918, 7.083281351993288 ], [ 100.459428406495746, 7.083281351993288 ], [ 100.459428406495746, 7.083461015050082 ], [ 100.459338574967219, 7.083461015050073 ], [ 100.459338574967219, 7.083640678106857 ], [ 100.459248743438692, 7.083640678106859 ], [ 100.459248743438692, 7.083910172692174 ], [ 100.459158911910507, 7.083910172692173 ], [ 100.459158911910507, 7.084000004220522 ], [ 100.459069080382008, 7.084000004220525 ], [ 100.459069080382008, 7.084089835748959 ], [ 100.458979248853467, 7.084089835748962 ], [ 100.458979248853467, 7.084179667277401 ], [ 100.458799585796768, 7.084179667277398 ], [ 100.458799585796783, 7.084089835748961 ], [ 100.458709754268241, 7.084089835748959 ], [ 100.458709754268241, 7.084000004220532 ], [ 100.458619922739715, 7.084000004220534 ], [ 100.458619922739715, 7.083820341163737 ], [ 100.458530091211543, 7.083820341163738 ], [ 100.458530091211543, 7.083640678106858 ], [ 100.458440259683016, 7.083640678106854 ], [ 100.458440259683002, 7.08346101505007 ], [ 100.458350428154503, 7.083461015050069 ], [ 100.458350428154489, 7.083281351993299 ], [ 100.45844025968303, 7.083281351993297 ], [ 100.458440259683016, 7.083101688936411 ], [ 100.458530091211543, 7.083101688936416 ], [ 100.458530091211543, 7.082922025879616 ], [ 100.458619922739729, 7.08292202587963 ], [ 100.458619922739729, 7.082832194351184 ], [ 100.458709754268227, 7.082832194351181 ], [ 100.458709754268241, 7.082652531294396 ], [ 100.458619922739715, 7.082652531294404 ], [ 100.458619922739715, 7.082293205180735 ], [ 100.458709754268227, 7.082293205180737 ], [ 100.458709754268241, 7.082113542123863 ], [ 100.458799585796768, 7.082113542123854 ], [ 100.458799585796754, 7.082023710595504 ], [ 100.458979248853467, 7.082023710595514 ], [ 100.458979248853467, 7.081933879067075 ], [ 100.459069080381994, 7.081933879067073 ], [ 100.459069080381994, 7.08184404753864 ], [ 100.459248743438678, 7.081844047538627 ], [ 100.459248743438692, 7.081754216010291 ], [ 100.459338574967234, 7.081754216010277 ], [ 100.459338574967219, 7.081664384481846 ], [ 100.459428406495732, 7.08166438448184 ], [ 100.459428406495732, 7.081484721424968 ], [ 100.459518238023918, 7.08148472142498 ], [ 100.459518238023918, 7.081035563782961 ], [ 100.459428406495761, 7.081035563782962 ], [ 100.459428406495761, 7.080945732254522 ], [ 100.459248743438707, 7.080945732254524 ], [ 100.459248743438692, 7.081035563782963 ], [ 100.459069080381994, 7.081035563782957 ], [ 100.459069080381994, 7.080945732254523 ], [ 100.458979248853467, 7.080945732254511 ], [ 100.458979248853467, 7.080855900726164 ], [ 100.458889417325295, 7.080855900726163 ], [ 100.458889417325295, 7.080586406140863 ], [ 100.458979248853467, 7.08058640614085 ], [ 100.458979248853467, 7.080496574612513 ], [ 100.45906908038198, 7.080496574612507 ], [ 100.459069080381994, 7.080406743084076 ], [ 100.459158911910535, 7.08040674308408 ], [ 100.459158911910521, 7.080316911555635 ], [ 100.459248743438707, 7.080316911555627 ], [ 100.459248743438678, 7.080047416970408 ], [ 100.459338574967234, 7.080047416970409 ], [ 100.459338574967219, 7.079867753913618 ], [ 100.459248743438692, 7.07986775391362 ], [ 100.459248743438678, 7.07977792238519 ], [ 100.459158911910521, 7.079777922385182 ], [ 100.459158911910521, 7.079867753913621 ], [ 100.45906908038198, 7.079867753913626 ], [ 100.459069080381994, 7.079957585441971 ], [ 100.458979248853481, 7.079957585441965 ], [ 100.458979248853467, 7.080047416970396 ], [ 100.458889417325281, 7.0800474169704 ], [ 100.458889417325295, 7.080137248498835 ], [ 100.458709754268256, 7.080137248498847 ], [ 100.458709754268256, 7.080047416970415 ], [ 100.458619922739715, 7.080047416970407 ], [ 100.458619922739729, 7.079957585441964 ], [ 100.458440259683016, 7.079957585441973 ], [ 100.458440259683002, 7.079777922385173 ], [ 100.458080933569249, 7.079777922385178 ], [ 100.458080933569263, 7.079867753913627 ], [ 100.457541944398827, 7.07986775391362 ], [ 100.457541944398812, 7.07977792238518 ], [ 100.457092786756888, 7.079777922385173 ], [ 100.457092786756903, 7.079688090856747 ], [ 100.457002955228376, 7.079688090856748 ], [ 100.457002955228376, 7.079418596271525 ], [ 100.457092786756888, 7.079418596271516 ], [ 100.457092786756874, 7.078969438629499 ], [ 100.457002955228376, 7.078969438629509 ], [ 100.457002955228361, 7.078879607101059 ], [ 100.456913123700176, 7.07887960710107 ], [ 100.45691312370019, 7.078789775572636 ], [ 100.456823292171663, 7.078789775572629 ], [ 100.456823292171677, 7.078699944044287 ], [ 100.45664362911495, 7.07869994404428 ], [ 100.456643629114964, 7.078789775572627 ], [ 100.456463966057925, 7.078789775572626 ], [ 100.456463966057925, 7.078699944044272 ], [ 100.456374134529739, 7.078699944044285 ], [ 100.456374134529739, 7.078789775572618 ], [ 100.456284303001212, 7.078789775572619 ], [ 100.456284303001198, 7.078969438629509 ], [ 100.456194471472685, 7.078969438629497 ], [ 100.456194471472685, 7.079059270157851 ], [ 100.456104639944499, 7.079059270157842 ], [ 100.456104639944513, 7.079149101686295 ], [ 100.456014808415986, 7.079149101686294 ], [ 100.456014808415986, 7.079238933214724 ], [ 100.455745313830761, 7.079238933214729 ], [ 100.455745313830761, 7.079328764743159 ], [ 100.455565650773707, 7.079328764743174 ], [ 100.455565650773707, 7.079418596271524 ], [ 100.455385987717008, 7.07941859627151 ], [ 100.455385987717008, 7.079508427799959 ], [ 100.455296156188481, 7.079508427799946 ], [ 100.455296156188481, 7.07941859627152 ], [ 100.455116493131783, 7.079418596271525 ], [ 100.455116493131797, 7.079328764743157 ], [ 100.455026661603256, 7.079328764743176 ], [ 100.455026661603256, 7.079238933214728 ], [ 100.45493683007507, 7.07923893321473 ], [ 100.454936830075084, 7.079059270157847 ], [ 100.454846998546543, 7.079059270157857 ], [ 100.454846998546557, 7.078969438629501 ], [ 100.454936830075098, 7.078969438629511 ], [ 100.454936830075084, 7.078789775572632 ], [ 100.455026661603256, 7.078789775572624 ], [ 100.455026661603242, 7.078610112515834 ], [ 100.45520632466031, 7.078610112515846 ], [ 100.45520632466031, 7.078520280987396 ], [ 100.455296156188481, 7.078520280987401 ], [ 100.455296156188481, 7.078340617930611 ], [ 100.455116493131783, 7.078340617930612 ], [ 100.455116493131783, 7.078250786402176 ], [ 100.454936830075084, 7.078250786402182 ], [ 100.454936830075084, 7.078160954873744 ], [ 100.45475716701803, 7.078160954873738 ], [ 100.454757167018016, 7.078071123345383 ], [ 100.454487672432805, 7.078071123345394 ], [ 100.454487672432805, 7.078160954873743 ], [ 100.454397840904633, 7.078160954873735 ], [ 100.454397840904633, 7.078071123345389 ], [ 100.453769020205655, 7.078071123345382 ], [ 100.453769020205669, 7.078340617930608 ], [ 100.453858851734196, 7.078340617930618 ], [ 100.453858851734182, 7.078520280987399 ], [ 100.453948683262354, 7.078520280987403 ], [ 100.453948683262354, 7.078789775572616 ], [ 100.453769020205655, 7.078789775572631 ], [ 100.453769020205655, 7.078879607101056 ], [ 100.453679188677143, 7.078879607101066 ], [ 100.453679188677114, 7.078969438629506 ], [ 100.453230031035204, 7.078969438629497 ], [ 100.45323003103519, 7.079059270157851 ], [ 100.452960536449964, 7.079059270157857 ], [ 100.452960536449979, 7.078969438629502 ], [ 100.452601210336212, 7.078969438629504 ], [ 100.45260121033624, 7.0791491016863 ], [ 100.452511378807699, 7.079149101686288 ], [ 100.452511378807699, 7.079238933214726 ], [ 100.452421547279528, 7.079238933214728 ], [ 100.452421547279528, 7.079328764743176 ], [ 100.452331715751001, 7.079328764743176 ], [ 100.452331715751001, 7.07950842779995 ], [ 100.45224188422246, 7.079508427799959 ], [ 100.452241884222488, 7.079688090856747 ], [ 100.452331715750987, 7.079688090856734 ], [ 100.452331715751001, 7.080137248498851 ], [ 100.452421547279528, 7.080137248498837 ], [ 100.452421547279528, 7.080316911555622 ], [ 100.452511378807699, 7.080316911555625 ], [ 100.452511378807699, 7.080406743084072 ], [ 100.452601210336226, 7.080406743084061 ], [ 100.452601210336226, 7.080496574612511 ], [ 100.452780873393294, 7.080496574612508 ], [ 100.45278087339328, 7.08058640614085 ], [ 100.453050367978491, 7.080586406140849 ], [ 100.453050367978506, 7.080676237669286 ], [ 100.453140199506677, 7.080676237669302 ], [ 100.453140199506677, 7.080945732254513 ], [ 100.453050367978506, 7.080945732254523 ], [ 100.453050367978491, 7.081035563782948 ], [ 100.452960536449993, 7.081035563782953 ], [ 100.452960536449993, 7.081125395311391 ], [ 100.452601210336212, 7.081125395311391 ], [ 100.45260121033624, 7.081215226839742 ], [ 100.452511378807699, 7.081215226839746 ], [ 100.452511378807714, 7.081305058368187 ], [ 100.452421547279528, 7.081305058368184 ], [ 100.452421547279528, 7.081394889896614 ], [ 100.452331715751001, 7.081394889896624 ], [ 100.452331715750987, 7.081484721424964 ], [ 100.452241884222474, 7.081484721424962 ], [ 100.452241884222474, 7.081664384481841 ], [ 100.452152052694302, 7.081664384481841 ], [ 100.452152052694302, 7.08175421601028 ], [ 100.452331715751001, 7.081754216010291 ], [ 100.452331715750987, 7.081664384481856 ], [ 100.452960536449979, 7.081664384481847 ], [ 100.452960536449993, 7.081754216010288 ], [ 100.453140199506677, 7.081754216010276 ], [ 100.453140199506677, 7.081844047538626 ], [ 100.453319862563731, 7.081844047538632 ], [ 100.453319862563731, 7.08193387906707 ], [ 100.453409694091917, 7.081933879067077 ], [ 100.453409694091903, 7.082023710595517 ], [ 100.453499525620416, 7.082023710595505 ], [ 100.45349952562043, 7.082113542123867 ], [ 100.453589357148957, 7.082113542123856 ], [ 100.453589357148942, 7.082383036709183 ], [ 100.453679188677143, 7.082383036709166 ], [ 100.453679188677114, 7.083011857407964 ], [ 100.453589357148957, 7.083011857407973 ], [ 100.453589357148957, 7.083101688936411 ], [ 100.453409694091903, 7.083101688936405 ], [ 100.453409694091903, 7.083011857407977 ], [ 100.453230031035204, 7.083011857407977 ], [ 100.453230031035204, 7.082922025879634 ], [ 100.453140199506663, 7.082922025879623 ], [ 100.453140199506691, 7.082832194351184 ], [ 100.453050367978506, 7.082832194351191 ], [ 100.453050367978506, 7.082742362822756 ], [ 100.452960536449979, 7.082742362822746 ], [ 100.452960536449979, 7.082383036709182 ], [ 100.452870704921452, 7.082383036709171 ], [ 100.452870704921452, 7.082293205180734 ], [ 100.452691041864767, 7.082293205180734 ], [ 100.452691041864767, 7.082472868237518 ], [ 100.452601210336226, 7.08247286823753 ], [ 100.452601210336212, 7.082922025879621 ], [ 100.452511378807699, 7.082922025879633 ], [ 100.452511378807685, 7.083101688936411 ], [ 100.452421547279528, 7.083101688936423 ], [ 100.452421547279528, 7.08319152046484 ], [ 100.452152052694302, 7.08319152046486 ], [ 100.452152052694302, 7.083101688936403 ], [ 100.451972389637234, 7.083101688936417 ], [ 100.451972389637248, 7.083461015050078 ], [ 100.452062221165775, 7.083461015050086 ], [ 100.452062221165775, 7.083640678106857 ], [ 100.452152052694302, 7.083640678106856 ], [ 100.452152052694302, 7.083820341163732 ], [ 100.452241884222474, 7.083820341163742 ], [ 100.452241884222474, 7.084000004220524 ], [ 100.452152052694302, 7.084000004220519 ], [ 100.452152052694302, 7.084089835748967 ], [ 100.452062221165775, 7.084089835748967 ], [ 100.452062221165775, 7.084179667277405 ], [ 100.451972389637248, 7.084179667277408 ], [ 100.451972389637234, 7.084269498805753 ], [ 100.451792726580535, 7.084269498805758 ], [ 100.451792726580564, 7.084449161862628 ], [ 100.451702895052009, 7.084449161862621 ], [ 100.451702895052023, 7.084538993390971 ], [ 100.45179272658055, 7.084538993390969 ], [ 100.451792726580535, 7.084898319504647 ], [ 100.451702895052023, 7.084898319504632 ], [ 100.451702895052023, 7.085077982561526 ], [ 100.451613063523851, 7.085077982561523 ], [ 100.451613063523851, 7.085167814089867 ], [ 100.451433400466797, 7.085167814089872 ], [ 100.451433400466797, 7.085257645618313 ], [ 100.451163905881572, 7.085257645618301 ], [ 100.451163905881572, 7.085167814089869 ], [ 100.450984242824873, 7.085167814089867 ], [ 100.450984242824859, 7.085077982561517 ], [ 100.450804579768175, 7.085077982561514 ], [ 100.450804579768175, 7.085167814089866 ], [ 100.450714748239633, 7.085167814089867 ], [ 100.450714748239648, 7.085257645618304 ], [ 100.45080457976816, 7.085257645618311 ], [ 100.450804579768175, 7.085347477146736 ], [ 100.450984242824887, 7.085347477146744 ], [ 100.450984242824873, 7.085437308675187 ], [ 100.4510740743534, 7.085437308675186 ], [ 100.4510740743534, 7.085527140203538 ], [ 100.451253737410099, 7.085527140203523 ], [ 100.451253737410084, 7.085616971731973 ], [ 100.451343568938611, 7.085616971731978 ], [ 100.451343568938626, 7.085706803260415 ], [ 100.451433400466797, 7.0857068032604 ], [ 100.451433400466783, 7.085796634788765 ], [ 100.451523231995324, 7.085796634788766 ], [ 100.451523231995338, 7.085886466317198 ], [ 100.451613063523851, 7.085886466317197 ], [ 100.451613063523851, 7.085976297845636 ], [ 100.451702895052023, 7.085976297845632 ], [ 100.451702895052023, 7.086066129373979 ], [ 100.451882558109077, 7.086066129373991 ], [ 100.451882558109077, 7.08615596090241 ], [ 100.452062221165775, 7.086155960902411 ], [ 100.452062221165775, 7.086245792430865 ], [ 100.452331715751001, 7.086245792430861 ], [ 100.452331715751001, 7.086335623959299 ], [ 100.452511378807699, 7.086335623959299 ], [ 100.452511378807685, 7.086425455487647 ], [ 100.452780873393266, 7.086425455487647 ], [ 100.45278087339328, 7.086335623959299 ], [ 100.452870704921452, 7.086335623959299 ], [ 100.452870704921452, 7.08624579243086 ], [ 100.452960536449964, 7.086245792430859 ], [ 100.452960536449993, 7.086155960902412 ], [ 100.453050367978506, 7.086155960902413 ], [ 100.453050367978491, 7.08543730867518 ], [ 100.453140199506677, 7.085437308675182 ], [ 100.453140199506663, 7.085257645618309 ], [ 100.453230031035204, 7.085257645618308 ], [ 100.453230031035204, 7.084808487976283 ], [ 100.453319862563731, 7.084808487976283 ], [ 100.453319862563731, 7.084718656447848 ], [ 100.454218177847565, 7.084718656447855 ], [ 100.454218177847594, 7.084808487976293 ], [ 100.454667335489859, 7.084808487976301 ], [ 100.454667335489845, 7.084718656447851 ], [ 100.454757167018045, 7.084718656447853 ], [ 100.45475716701803, 7.084359330334198 ], [ 100.454667335489845, 7.084359330334184 ], [ 100.454667335489859, 7.082922025879618 ], [ 100.454757167018045, 7.082922025879623 ], [ 100.454757167018045, 7.082742362822746 ], [ 100.454846998546557, 7.08274236282274 ], [ 100.454846998546572, 7.082652531294407 ], [ 100.454936830075098, 7.082652531294395 ], [ 100.45493683007507, 7.082562699765959 ], [ 100.45520632466031, 7.082562699765972 ], [ 100.45520632466031, 7.08274236282275 ], [ 100.455296156188481, 7.08274236282274 ], [ 100.455296156188481, 7.082832194351197 ], [ 100.455385987717008, 7.082832194351184 ], [ 100.455385987717023, 7.083011857407968 ], [ 100.455475819245535, 7.083011857407969 ], [ 100.455475819245535, 7.083101688936418 ], [ 100.455565650773707, 7.083101688936415 ], [ 100.455565650773707, 7.083191520464842 ], [ 100.455475819245549, 7.083191520464846 ], [ 100.455475819245549, 7.083281351993291 ], [ 100.455565650773721, 7.083281351993286 ], [ 100.455565650773707, 7.083371183521647 ], [ 100.455475819245549, 7.083371183521631 ], [ 100.455475819245549, 7.083461015050069 ], [ 100.455655482302234, 7.083461015050076 ], [ 100.455655482302248, 7.083371183521638 ], [ 100.456104639944499, 7.083371183521646 ], [ 100.456104639944513, 7.083461015050081 ], [ 100.456194471472685, 7.083461015050071 ], [ 100.456194471472685, 7.083550846578524 ], [ 100.456284303001212, 7.083550846578523 ], [ 100.456284303001212, 7.08364067810687 ], [ 100.456643629114964, 7.083640678106857 ], [ 100.456643629114964, 7.083101688936413 ], [ 100.456553797586437, 7.083101688936408 ], [ 100.456553797586452, 7.083011857407971 ], [ 100.45664362911495, 7.08301185740798 ], [ 100.45664362911495, 7.082832194351189 ], [ 100.456823292171663, 7.082832194351182 ], [ 100.456823292171677, 7.082742362822747 ], [ 100.457182618285401, 7.082742362822747 ], [ 100.457182618285401, 7.082652531294405 ], [ 100.457362281342114, 7.082652531294394 ], [ 100.457362281342114, 7.082742362822747 ], [ 100.457452112870641, 7.082742362822741 ], [ 100.457452112870641, 7.082922025879633 ], [ 100.457541944398827, 7.082922025879633 ], [ 100.457541944398827, 7.083101688936423 ], [ 100.457631775927325, 7.083101688936406 ], [ 100.457631775927339, 7.083281351993298 ], [ 100.457541944398812, 7.083281351993286 ], [ 100.457541944398827, 7.083461015050077 ], [ 100.457452112870655, 7.083461015050068 ], [ 100.457452112870641, 7.083550846578516 ], [ 100.457362281342114, 7.083550846578524 ], [ 100.457362281342128, 7.083640678106871 ], [ 100.457272449813587, 7.083640678106858 ], [ 100.457272449813573, 7.083820341163737 ], [ 100.457182618285429, 7.083820341163742 ], [ 100.457182618285415, 7.084988151033074 ], [ 100.457272449813573, 7.084988151033077 ], [ 100.457272449813587, 7.085167814089861 ], [ 100.457362281342114, 7.085167814089862 ], [ 100.457362281342114, 7.085347477146748 ], [ 100.457452112870627, 7.085347477146749 ], [ 100.457452112870627, 7.085437308675182 ], [ 100.457811438984024, 7.085437308675184 ], [ 100.457811438984038, 7.085527140203534 ], [ 100.457901270512565, 7.085527140203529 ], [ 100.457901270512565, 7.085616971731972 ], [ 100.457991102041092, 7.085616971731972 ], [ 100.457991102041078, 7.085796634788758 ], [ 100.458080933569263, 7.085796634788753 ], [ 100.458080933569249, 7.085886466317199 ], [ 100.458260596626317, 7.085886466317198 ], [ 100.458260596626317, 7.085796634788767 ], [ 100.458530091211543, 7.085796634788763 ], [ 100.458530091211529, 7.085886466317193 ], [ 100.458709754268241, 7.08588646631719 ], [ 100.458709754268241, 7.086066129373974 ], [ 100.458799585796768, 7.086066129373988 ], [ 100.458799585796768, 7.086155960902428 ], [ 100.458709754268227, 7.086155960902423 ], [ 100.458709754268256, 7.086335623959292 ], [ 100.4586199227397, 7.08633562395929 ], [ 100.458619922739729, 7.086425455487638 ], [ 100.458350428154475, 7.086425455487645 ], [ 100.458350428154475, 7.086335623959295 ], [ 100.458260596626317, 7.086335623959296 ], [ 100.458260596626317, 7.086245792430859 ], [ 100.457991102041092, 7.086245792430863 ], [ 100.457991102041106, 7.086874613129747 ], [ 100.458260596626332, 7.086874613129753 ], [ 100.458260596626303, 7.086964444658093 ], [ 100.458350428154503, 7.086964444658107 ], [ 100.458350428154503, 7.087054276186536 ], [ 100.458440259683016, 7.087054276186526 ], [ 100.458440259683002, 7.08723393924341 ], [ 100.458350428154475, 7.087233939243412 ], [ 100.458350428154475, 7.087323770771755 ], [ 100.458260596626317, 7.087323770771768 ], [ 100.458260596626317, 7.087413602300195 ], [ 100.45817076509779, 7.087413602300199 ], [ 100.45817076509779, 7.087503433828631 ], [ 100.457901270512579, 7.087503433828642 ], [ 100.457901270512551, 7.087593265356989 ], [ 100.457811438984038, 7.087593265356978 ], [ 100.457811438984024, 7.087503433828627 ], [ 100.457631775927339, 7.087503433828628 ], [ 100.457631775927339, 7.087413602300204 ], [ 100.457362281342114, 7.087413602300208 ], [ 100.457362281342114, 7.087323770771768 ], [ 100.457182618285415, 7.087323770771769 ], [ 100.457182618285429, 7.087233939243417 ], [ 100.457002955228376, 7.087233939243408 ], [ 100.457002955228361, 7.087144107714966 ], [ 100.456913123700176, 7.087144107714975 ], [ 100.45691312370019, 7.087054276186526 ], [ 100.456823292171649, 7.087054276186537 ], [ 100.456823292171663, 7.086874613129749 ], [ 100.456733460643136, 7.086874613129737 ], [ 100.456733460643136, 7.086784781601316 ], [ 100.456823292171663, 7.086784781601309 ], [ 100.456823292171663, 7.086605118544526 ], [ 100.456913123700204, 7.08660511854453 ], [ 100.45691312370019, 7.086066129373991 ], [ 100.456733460643122, 7.086066129373989 ], [ 100.456733460643136, 7.086515287016076 ], [ 100.456643629114964, 7.086515287016079 ], [ 100.456643629114964, 7.087413602300198 ], [ 100.456553797586437, 7.087413602300191 ], [ 100.456553797586437, 7.08750343382864 ], [ 100.456643629114964, 7.087503433828643 ], [ 100.456643629114964, 7.087683096885425 ], [ 100.456733460643136, 7.087683096885429 ], [ 100.456733460643136, 7.087772928413864 ], [ 100.456913123700176, 7.087772928413871 ], [ 100.456913123700176, 7.08795259147066 ], [ 100.457002955228347, 7.087952591470641 ], [ 100.457002955228361, 7.088491580641104 ], [ 100.457092786756888, 7.088491580641107 ], [ 100.457092786756903, 7.088671243697979 ], [ 100.457182618285415, 7.088671243697976 ], [ 100.457182618285415, 7.088761075226406 ], [ 100.457216138257635, 7.088761075226419 ], [ 100.457901270512579, 7.088536012718312 ], [ 100.457901270512551, 7.0884915806411 ], [ 100.457991102041092, 7.088491580641096 ], [ 100.457991102041106, 7.088311917584305 ], [ 100.458260596626317, 7.088311917584321 ] ], [ [ 100.456194471472685, 7.081215226839753 ], [ 100.456104639944499, 7.081215226839745 ], [ 100.456104639944513, 7.080945732254529 ], [ 100.456194471472685, 7.080945732254521 ], [ 100.456194471472685, 7.08085590072618 ], [ 100.456374134529753, 7.080855900726164 ], [ 100.456374134529739, 7.080766069197725 ], [ 100.456823292171649, 7.080766069197737 ], [ 100.456823292171663, 7.080945732254509 ], [ 100.45691312370019, 7.080945732254517 ], [ 100.45691312370019, 7.081215226839749 ], [ 100.456823292171663, 7.081215226839751 ], [ 100.456823292171663, 7.081305058368186 ], [ 100.456733460643136, 7.081305058368192 ], [ 100.456733460643136, 7.081394889896628 ], [ 100.456284303001198, 7.081394889896619 ], [ 100.456284303001226, 7.081305058368191 ], [ 100.456194471472685, 7.081305058368184 ], [ 100.456194471472685, 7.081215226839753 ] ], [ [ 100.458619922739729, 7.084808487976295 ], [ 100.458799585796768, 7.084808487976286 ], [ 100.458799585796783, 7.08489831950464 ], [ 100.458889417325295, 7.084898319504645 ], [ 100.458889417325295, 7.084988151033089 ], [ 100.458799585796768, 7.084988151033075 ], [ 100.458799585796768, 7.085167814089876 ], [ 100.458619922739715, 7.085167814089866 ], [ 100.458619922739729, 7.085077982561523 ], [ 100.458530091211557, 7.085077982561523 ], [ 100.458530091211529, 7.084898319504652 ], [ 100.458619922739715, 7.084898319504645 ], [ 100.458619922739729, 7.084808487976295 ] ] ], [ [ [ 100.44837912850079, 7.087862759942309 ], [ 100.448468960029302, 7.087862759942309 ], [ 100.448468960029317, 7.087593265356993 ], [ 100.448558791557829, 7.087593265356987 ], [ 100.448558791557829, 7.087233939243405 ], [ 100.448648623086015, 7.087233939243417 ], [ 100.448648623086015, 7.087054276186534 ], [ 100.448738454614542, 7.087054276186537 ], [ 100.448738454614542, 7.08687461312975 ], [ 100.448828286143069, 7.086874613129745 ], [ 100.448828286143055, 7.086425455487646 ], [ 100.448738454614542, 7.086425455487653 ], [ 100.448738454614542, 7.086335623959302 ], [ 100.448828286143069, 7.086335623959299 ], [ 100.448828286143069, 7.086066129373975 ], [ 100.448738454614528, 7.086066129373987 ], [ 100.448738454614542, 7.085976297845624 ], [ 100.448468960029317, 7.08597629784563 ], [ 100.448468960029317, 7.085886466317194 ], [ 100.44810963391555, 7.085886466317199 ], [ 100.448109633915564, 7.085976297845627 ], [ 100.447929970858866, 7.08597629784563 ], [ 100.447929970858866, 7.086155960902423 ], [ 100.447840139330353, 7.086155960902412 ], [ 100.447840139330339, 7.086245792430855 ], [ 100.447750307802153, 7.086245792430849 ], [ 100.447750307802153, 7.086335623959293 ], [ 100.44766047627364, 7.086335623959298 ], [ 100.44766047627364, 7.086425455487636 ], [ 100.447570644745099, 7.08642545548765 ], [ 100.447570644745113, 7.086605118544523 ], [ 100.447480813216941, 7.086605118544522 ], [ 100.447480813216941, 7.086694950072878 ], [ 100.447390981688415, 7.086694950072864 ], [ 100.447390981688429, 7.086784781601314 ], [ 100.447301150159888, 7.086784781601309 ], [ 100.447301150159873, 7.086964444658101 ], [ 100.44721131863173, 7.0869644446581 ], [ 100.44721131863173, 7.087144107714982 ], [ 100.447031655574662, 7.087144107714975 ], [ 100.447031655574662, 7.087323770771765 ], [ 100.44694182404649, 7.087323770771757 ], [ 100.44694182404649, 7.087503433828634 ], [ 100.446851992517949, 7.08750343382863 ], [ 100.446851992517978, 7.087952591470655 ], [ 100.44694182404649, 7.087952591470642 ], [ 100.44694182404649, 7.088042422999092 ], [ 100.447031655574662, 7.088042422999084 ], [ 100.447031655574648, 7.088132254527532 ], [ 100.447301150159902, 7.088132254527524 ], [ 100.447301150159902, 7.088042422999077 ], [ 100.4473909816884, 7.088042422999082 ], [ 100.4473909816884, 7.08795259147065 ], [ 100.447480813216941, 7.087952591470657 ], [ 100.447480813216956, 7.087862759942305 ], [ 100.447570644745099, 7.087862759942296 ], [ 100.447570644745113, 7.087772928413861 ], [ 100.447660476273654, 7.087772928413854 ], [ 100.44766047627364, 7.087683096885418 ], [ 100.447840139330353, 7.087683096885419 ], [ 100.447840139330339, 7.087772928413853 ], [ 100.447929970858866, 7.087772928413856 ], [ 100.447929970858866, 7.087952591470652 ], [ 100.448019802387407, 7.087952591470655 ], [ 100.448019802387392, 7.088132254527516 ], [ 100.44810963391555, 7.088132254527521 ], [ 100.448109633915564, 7.088222086055873 ], [ 100.448289296972632, 7.088222086055882 ], [ 100.448289296972618, 7.088132254527532 ], [ 100.44837912850079, 7.088132254527524 ], [ 100.44837912850079, 7.087862759942309 ] ] ], [ [ [ 100.454397840904647, 7.089569558982097 ], [ 100.454487672432819, 7.089569558982097 ], [ 100.454487672432805, 7.08921023286844 ], [ 100.454577503961346, 7.089210232868424 ], [ 100.454577503961332, 7.089030569811634 ], [ 100.454667335489859, 7.089030569811634 ], [ 100.454667335489859, 7.088940738283194 ], [ 100.454936830075084, 7.088940738283211 ], [ 100.454936830075084, 7.088850906754759 ], [ 100.455026661603242, 7.08885090675476 ], [ 100.455026661603242, 7.088761075226424 ], [ 100.455116493131783, 7.088761075226422 ], [ 100.455116493131783, 7.088401749112749 ], [ 100.455026661603256, 7.088401749112758 ], [ 100.45502666160327, 7.088311917584307 ], [ 100.455116493131783, 7.08831191758432 ], [ 100.455116493131783, 7.087593265356981 ], [ 100.455206324660324, 7.087593265356984 ], [ 100.455206324660296, 7.08732377077177 ], [ 100.455296156188481, 7.087323770771755 ], [ 100.455296156188481, 7.087144107714964 ], [ 100.455385987717008, 7.087144107714974 ], [ 100.455385987717008, 7.087054276186543 ], [ 100.455565650773693, 7.087054276186534 ], [ 100.455565650773707, 7.086964444658101 ], [ 100.455745313830761, 7.086964444658092 ], [ 100.455745313830761, 7.086874613129756 ], [ 100.455835145359288, 7.08687461312975 ], [ 100.455835145359288, 7.086784781601311 ], [ 100.455924976887459, 7.086784781601313 ], [ 100.455924976887459, 7.086335623959304 ], [ 100.455835145359273, 7.086335623959301 ], [ 100.455835145359273, 7.085796634788752 ], [ 100.455745313830775, 7.085796634788751 ], [ 100.455745313830775, 7.0857068032604 ], [ 100.455565650773707, 7.085706803260405 ], [ 100.455565650773707, 7.085796634788755 ], [ 100.455296156188481, 7.085796634788748 ], [ 100.455296156188481, 7.085886466317195 ], [ 100.454936830075084, 7.085886466317203 ], [ 100.454936830075084, 7.085976297845624 ], [ 100.454846998546557, 7.08597629784564 ], [ 100.454846998546557, 7.086066129373978 ], [ 100.454308009376092, 7.086066129373988 ], [ 100.454308009376092, 7.086155960902427 ], [ 100.454218177847565, 7.086155960902427 ], [ 100.454218177847579, 7.086335623959292 ], [ 100.454128346319408, 7.086335623959292 ], [ 100.454128346319393, 7.086515287016081 ], [ 100.454218177847594, 7.086515287016088 ], [ 100.454218177847579, 7.086694950072871 ], [ 100.454308009376092, 7.086694950072871 ], [ 100.454308009376106, 7.086784781601311 ], [ 100.454397840904633, 7.086784781601316 ], [ 100.454397840904633, 7.086874613129738 ], [ 100.454487672432805, 7.086874613129754 ], [ 100.454487672432805, 7.086964444658093 ], [ 100.454577503961332, 7.086964444658096 ], [ 100.454577503961332, 7.087323770771764 ], [ 100.454397840904619, 7.087323770771762 ], [ 100.454397840904647, 7.087413602300205 ], [ 100.454308009376106, 7.087413602300199 ], [ 100.454308009376106, 7.087503433828639 ], [ 100.454218177847594, 7.087503433828632 ], [ 100.454218177847594, 7.087683096885415 ], [ 100.454128346319408, 7.087683096885425 ], [ 100.454128346319408, 7.088222086055867 ], [ 100.454038514790867, 7.088222086055879 ], [ 100.454038514790881, 7.088581412169539 ], [ 100.454128346319408, 7.088581412169539 ], [ 100.454128346319422, 7.089210232868432 ], [ 100.454038514790881, 7.089210232868425 ], [ 100.454038514790867, 7.089389895925307 ], [ 100.453948683262354, 7.089389895925311 ], [ 100.453948683262354, 7.089749222038887 ], [ 100.453858851734196, 7.089749222038874 ], [ 100.453858851734182, 7.089839053567321 ], [ 100.453769020205655, 7.089839053567323 ], [ 100.453769020205641, 7.089909181392011 ], [ 100.453796711915828, 7.089900503664689 ], [ 100.453834837864704, 7.089871815439994 ], [ 100.45430800937612, 7.089716380972657 ], [ 100.454308009376106, 7.089659390510531 ], [ 100.454397840904619, 7.089659390510532 ], [ 100.454397840904647, 7.089569558982097 ] ] ], [ [ [ 100.45179272658055, 7.089749222038884 ], [ 100.451792726580535, 7.089659390510527 ], [ 100.451882558109062, 7.089659390510525 ], [ 100.451882558109077, 7.089389895925309 ], [ 100.451702895052023, 7.089389895925305 ], [ 100.451702895052023, 7.089210232868423 ], [ 100.451523231995338, 7.089210232868434 ], [ 100.451523231995324, 7.089120401339988 ], [ 100.451433400466797, 7.089120401339985 ], [ 100.451433400466797, 7.089030569811644 ], [ 100.451343568938626, 7.08903056981165 ], [ 100.451343568938626, 7.088850906754761 ], [ 100.451253737410099, 7.088850906754768 ], [ 100.451253737410099, 7.088581412169535 ], [ 100.451343568938626, 7.088581412169539 ], [ 100.45134356893864, 7.08849158064109 ], [ 100.451253737410099, 7.088491580641101 ], [ 100.451253737410099, 7.08840174911276 ], [ 100.451343568938626, 7.088401749112742 ], [ 100.45134356893864, 7.088311917584309 ], [ 100.451253737410099, 7.088311917584318 ], [ 100.451253737410113, 7.088222086055872 ], [ 100.451343568938626, 7.088222086055873 ], [ 100.451343568938626, 7.087952591470647 ], [ 100.451433400466783, 7.087952591470644 ], [ 100.451433400466797, 7.087593265356978 ], [ 100.451343568938626, 7.087593265356984 ], [ 100.451343568938626, 7.087413602300202 ], [ 100.451253737410099, 7.087413602300194 ], [ 100.451253737410084, 7.08705427618654 ], [ 100.451343568938626, 7.087054276186527 ], [ 100.451343568938626, 7.086515287016092 ], [ 100.451253737410099, 7.086515287016084 ], [ 100.451253737410099, 7.086425455487642 ], [ 100.451163905881586, 7.086425455487651 ], [ 100.451163905881558, 7.086335623959299 ], [ 100.4510740743534, 7.086335623959304 ], [ 100.4510740743534, 7.086245792430856 ], [ 100.450714748239648, 7.086245792430856 ], [ 100.450714748239648, 7.086335623959299 ], [ 100.450624916711121, 7.086335623959299 ], [ 100.450624916711121, 7.086515287016092 ], [ 100.450535085182949, 7.086515287016095 ], [ 100.450535085182949, 7.086694950072871 ], [ 100.450445253654422, 7.086694950072878 ], [ 100.450445253654422, 7.086874613129738 ], [ 100.450535085182949, 7.086874613129737 ], [ 100.450535085182949, 7.086964444658096 ], [ 100.450624916711135, 7.086964444658092 ], [ 100.450624916711121, 7.087054276186541 ], [ 100.450714748239662, 7.087054276186534 ], [ 100.450714748239648, 7.087144107714972 ], [ 100.450804579768175, 7.087144107714981 ], [ 100.450804579768175, 7.087233939243406 ], [ 100.450894411296346, 7.087233939243412 ], [ 100.450894411296346, 7.087952591470644 ], [ 100.450804579768175, 7.087952591470646 ], [ 100.450804579768175, 7.088132254527522 ], [ 100.450714748239662, 7.088132254527525 ], [ 100.450714748239648, 7.088491580641096 ], [ 100.450535085182949, 7.088491580641095 ], [ 100.450535085182949, 7.088581412169541 ], [ 100.450445253654436, 7.088581412169532 ], [ 100.450445253654422, 7.088671243697983 ], [ 100.45008592754067, 7.088671243697982 ], [ 100.450085927540684, 7.088761075226421 ], [ 100.449906264483971, 7.088761075226421 ], [ 100.449906264483985, 7.088940738283193 ], [ 100.449816432955458, 7.088940738283197 ], [ 100.449816432955444, 7.089210232868433 ], [ 100.449906264483957, 7.089210232868431 ], [ 100.449906264483971, 7.089300064396864 ], [ 100.450175759069197, 7.089300064396875 ], [ 100.450175759069182, 7.089389895925303 ], [ 100.450445253654422, 7.08938989592531 ], [ 100.450445253654408, 7.089479727453654 ], [ 100.450624916711121, 7.08947972745366 ], [ 100.450624916711121, 7.089659390510529 ], [ 100.450714748239648, 7.089659390510524 ], [ 100.450714748239648, 7.089749222038876 ], [ 100.450804579768175, 7.089749222038882 ], [ 100.45080457976816, 7.090467874266204 ], [ 100.45089441129636, 7.0904678742662 ], [ 100.450894411296332, 7.090647537322994 ], [ 100.450984242824873, 7.090647537322987 ], [ 100.450984242824873, 7.090813138303483 ], [ 100.451067586208453, 7.090780820853165 ], [ 100.451600853366344, 7.090576701600453 ], [ 100.452247961520783, 7.090378042737855 ], [ 100.452062221165789, 7.090378042737764 ], [ 100.452062221165761, 7.090288211209422 ], [ 100.45179272658055, 7.090288211209424 ], [ 100.451792726580535, 7.090198379680985 ], [ 100.451702895052023, 7.09019837968099 ], [ 100.451702895052037, 7.090108548152537 ], [ 100.451613063523837, 7.090108548152547 ], [ 100.451613063523837, 7.089928885095752 ], [ 100.451702895052037, 7.089928885095761 ], [ 100.451702895052037, 7.089749222038875 ], [ 100.45179272658055, 7.089749222038884 ] ] ] ] } },
{ "type": "Feature", "properties": { "TB_IDN": 901602, "TB_TN": "ต.ทุ่งลาน", "AP_IDN": 9016, "AP_TN": "อ.คลองหอยโข่ง", "PV_IDN": 90, "PV_TN": "จ.สงขลา", "RE_NESDB": "South", "RE_ROYIN": "South", "F_AREA": 20710.2366975, "flood_area": 12.9439, "A": 0.021 }, "geometry": { "type": "MultiPolygon", "coordinates": [ [ [ [ 100.450445253654422, 6.870021303543297 ], [ 100.450445253654422, 6.869931472014858 ], [ 100.450535085182949, 6.869931472014858 ], [ 100.450535085182949, 6.86984164048642 ], [ 100.450624916711121, 6.86984164048642 ], [ 100.450624916711121, 6.86975180895807 ], [ 100.450714748239648, 6.869751808958071 ], [ 100.450714748239648, 6.869572145901195 ], [ 100.450894411296346, 6.869572145901195 ], [ 100.450894411296346, 6.869392482844408 ], [ 100.4510740743534, 6.869392482844408 ], [ 100.4510740743534, 6.869302651315969 ], [ 100.451433400466797, 6.869302651315969 ], [ 100.451433400466797, 6.869033156730743 ], [ 100.450265590597724, 6.869033156730744 ], [ 100.450265590597724, 6.868943325202307 ], [ 100.45008592754067, 6.868943325202306 ], [ 100.45008592754067, 6.868853493673956 ], [ 100.449996096012498, 6.868853493673956 ], [ 100.449996096012498, 6.868763662145519 ], [ 100.449906264483971, 6.868763662145519 ], [ 100.449906264483971, 6.868673830617079 ], [ 100.44936727531352, 6.868673830617081 ], [ 100.44936727531352, 6.868763662145518 ], [ 100.449187612256466, 6.868763662145518 ], [ 100.449187612256466, 6.868943325202306 ], [ 100.449097780728295, 6.868943325202306 ], [ 100.449097780728295, 6.869212819787531 ], [ 100.449187612256466, 6.869212819787532 ], [ 100.449187612256466, 6.869302651315969 ], [ 100.44936727531352, 6.86930265131597 ], [ 100.44936727531352, 6.869392482844408 ], [ 100.449457106841692, 6.869392482844407 ], [ 100.449457106841692, 6.869482314372846 ], [ 100.449546938370219, 6.869482314372846 ], [ 100.449546938370219, 6.869572145901196 ], [ 100.449636769898746, 6.869572145901195 ], [ 100.449636769898746, 6.869661977429633 ], [ 100.449726601427272, 6.869661977429633 ], [ 100.449726601427272, 6.869841640486422 ], [ 100.449816432955444, 6.86984164048642 ], [ 100.449816432955444, 6.869931472014858 ], [ 100.45008592754067, 6.869931472014858 ], [ 100.45008592754067, 6.870021303543297 ], [ 100.450445253654422, 6.870021303543297 ] ] ] ] } }
]
}
