{
"type": "FeatureCollection",
"name": "flood_20251122",
"crs": { "type": "name", "properties": { "name": "urn:ogc:def:crs:OGC:1.3:CRS84" } },
"features": [
{ "type": "Feature", "properties": { "TB_IDN": 901003, "TB_TN": "ต.พังลา", "AP_IDN": 9010, "AP_TN": "อ.สะเดา", "PV_IDN": 90, "PV_TN": "จ.สงขลา", "RE_NESDB": "South", "RE_ROYIN": "South", "F_AREA": 268939.320549, "flood_area": 168.087, "A": 0.269 }, "geometry": { "type": "MultiPolygon", "coordinates": [ [ [ [ 100.446431625493915, 6.794665986722001 ], [ 100.446431625493929, 6.794441407900949 ], [ 100.446880783135853, 6.794441407900944 ], [ 100.446880783135853, 6.794216829079899 ], [ 100.447105361957171, 6.794216829079887 ], [ 100.447105361957171, 6.793767671437875 ], [ 100.446880783135867, 6.793767671437872 ], [ 100.446880783135839, 6.793543092616836 ], [ 100.445982467852005, 6.79354309261684 ], [ 100.445982467852005, 6.793318513795774 ], [ 100.445533310209726, 6.793318513795779 ], [ 100.445533310209726, 6.793093934974821 ], [ 100.444634994925892, 6.793093934974819 ], [ 100.444634994925877, 6.793318513795788 ], [ 100.443961258462622, 6.793318513795781 ], [ 100.443961258462636, 6.79354309261684 ], [ 100.443287521999409, 6.793543092616826 ], [ 100.443287521999409, 6.793767671437887 ], [ 100.443062943178433, 6.793767671437879 ], [ 100.443062943178433, 6.79399225025894 ], [ 100.443287521999395, 6.793992250258929 ], [ 100.443287521999395, 6.79444140790094 ], [ 100.443512100820712, 6.794441407900935 ], [ 100.443512100820712, 6.794665986722005 ], [ 100.443736679641674, 6.794665986722 ], [ 100.443736679641674, 6.794890565543043 ], [ 100.443961258462636, 6.794890565543053 ], [ 100.443961258462636, 6.794665986721997 ], [ 100.445533310209726, 6.794665986721991 ], [ 100.445533310209711, 6.794890565543049 ], [ 100.446207046672953, 6.794890565543048 ], [ 100.446207046672953, 6.794665986721987 ], [ 100.446431625493915, 6.794665986722001 ] ] ], [ [ [ 100.442838364357456, 6.79578888082716 ], [ 100.44283836435747, 6.795115144364003 ], [ 100.442613785536508, 6.795115144364017 ], [ 100.442613785536494, 6.794665986722 ], [ 100.442389206715532, 6.794665986721992 ], [ 100.442389206715532, 6.794441407900949 ], [ 100.442164627894215, 6.794441407900938 ], [ 100.442164627894229, 6.794216829079891 ], [ 100.441940049073281, 6.794216829079885 ], [ 100.441940049073267, 6.794441407900956 ], [ 100.441715470252305, 6.794441407900936 ], [ 100.441715470252305, 6.795115144364017 ], [ 100.441940049073267, 6.795115144364018 ], [ 100.441940049073253, 6.795358839272439 ], [ 100.44228797310808, 6.795582676212002 ], [ 100.442351410087682, 6.795646896844636 ], [ 100.442386664892354, 6.79572370729189 ], [ 100.442416676177089, 6.79582090866763 ], [ 100.442418001374122, 6.795853422550859 ], [ 100.442420817387315, 6.795859149550356 ], [ 100.442419242456538, 6.795883872672654 ], [ 100.442433677504553, 6.796238038469163 ], [ 100.442613785536508, 6.796238038469172 ], [ 100.442613785536508, 6.795788880827152 ], [ 100.442838364357456, 6.79578888082716 ] ] ], [ [ [ 100.446656204314891, 6.811060240657204 ], [ 100.446656204314905, 6.810835661836142 ], [ 100.447329940778147, 6.810835661836148 ], [ 100.447329940778133, 6.810161925373087 ], [ 100.447105361957171, 6.810161925373089 ], [ 100.447105361957156, 6.810386504194055 ], [ 100.446207046672967, 6.810386504194048 ], [ 100.446207046672967, 6.81016192537309 ], [ 100.445982467852019, 6.810161925373078 ], [ 100.445982467852005, 6.809937346552039 ], [ 100.446207046672967, 6.809937346552032 ], [ 100.446207046672967, 6.807916137162759 ], [ 100.445982467852005, 6.807916137162746 ], [ 100.445982467852019, 6.80724240069968 ], [ 100.446207046672967, 6.807242400699693 ], [ 100.446207046672953, 6.806793243057593 ], [ 100.446656204314877, 6.806793243057579 ], [ 100.446656204314891, 6.80656866423654 ], [ 100.446880783135853, 6.806568664236543 ], [ 100.446880783135853, 6.805894927773473 ], [ 100.446431625493929, 6.805894927773478 ], [ 100.446431625493915, 6.805445770131462 ], [ 100.446207046672967, 6.805445770131468 ], [ 100.446207046672981, 6.805221191310414 ], [ 100.445982467852005, 6.805221191310416 ], [ 100.445982467852005, 6.803873718384186 ], [ 100.445533310209711, 6.803873718384192 ], [ 100.445533310209711, 6.80364913956315 ], [ 100.445308731388749, 6.803649139563147 ], [ 100.445308731388764, 6.804098297205255 ], [ 100.445084152567802, 6.804098297205252 ], [ 100.445084152567787, 6.804772033668315 ], [ 100.444859573746839, 6.804772033668306 ], [ 100.444859573746839, 6.804996612489354 ], [ 100.444688553619628, 6.804996612489364 ], [ 100.444641565590771, 6.805050116054305 ], [ 100.444634994925877, 6.80505497810178 ], [ 100.444634994925877, 6.805221191310418 ], [ 100.444410416104574, 6.805221191310405 ], [ 100.44441041610456, 6.805445770131469 ], [ 100.444185837283612, 6.805445770131451 ], [ 100.444185837283612, 6.805492737267325 ], [ 100.444207208853186, 6.805539562090893 ], [ 100.44422019305506, 6.805624769289267 ], [ 100.444209963877839, 6.805707900755784 ], [ 100.44416611195922, 6.805901103688806 ], [ 100.444093893203146, 6.805993526802585 ], [ 100.44397142669645, 6.80607596611237 ], [ 100.443845536870327, 6.806090664664355 ], [ 100.443758698087947, 6.806053366503598 ], [ 100.443645274646101, 6.805938515189639 ], [ 100.443547633458522, 6.805797961991839 ], [ 100.443512100820712, 6.805725166575399 ], [ 100.443512100820712, 6.805894927773471 ], [ 100.443287521999395, 6.805894927773474 ], [ 100.443287521999395, 6.806344085415584 ], [ 100.443062943178433, 6.806344085415576 ], [ 100.443062943178418, 6.80696653184908 ], [ 100.443210522634288, 6.806907015406377 ], [ 100.443300874803683, 6.806953387011058 ], [ 100.443305089381454, 6.806953963018134 ], [ 100.443375545192595, 6.806980877869454 ], [ 100.443452623764458, 6.807007834431761 ], [ 100.443478335772539, 6.807044465620066 ], [ 100.443481490330569, 6.807046084639483 ], [ 100.44377159000463, 6.807343624326064 ], [ 100.444193220902648, 6.807948501831214 ], [ 100.444315226273432, 6.808190592419132 ], [ 100.444334497795055, 6.80839568866917 ], [ 100.444230814414425, 6.80850573942346 ], [ 100.44423684797971, 6.808577352629318 ], [ 100.444267283260857, 6.808648163296858 ], [ 100.444333298485532, 6.808679467227767 ], [ 100.444401751372524, 6.808675478106468 ], [ 100.444471554058467, 6.808635011711353 ], [ 100.44453088759974, 6.808553629745112 ], [ 100.444642755926964, 6.808525320291941 ], [ 100.444667966788899, 6.808536285321805 ], [ 100.444731530020633, 6.808542882069664 ], [ 100.444790996230111, 6.808563112185739 ], [ 100.444962550872162, 6.808656864162577 ], [ 100.444971467463091, 6.808668287709319 ], [ 100.445055149434396, 6.808704683740483 ], [ 100.445080629467057, 6.808805278834143 ], [ 100.445106448295746, 6.809019127504398 ], [ 100.445081570511988, 6.809119873092436 ], [ 100.444863733138959, 6.809483226878616 ], [ 100.444711520349031, 6.809681436560872 ], [ 100.444609745755571, 6.809840725212116 ], [ 100.444572379354042, 6.809910302428031 ], [ 100.444525267530977, 6.810024785755641 ], [ 100.444453868123261, 6.810148965807223 ], [ 100.444442726249164, 6.810269725767206 ], [ 100.444536964175768, 6.810611083015088 ], [ 100.444634994925863, 6.810611083015099 ], [ 100.444634994925877, 6.810962696307001 ], [ 100.444651427059938, 6.810974703989319 ], [ 100.444736608710272, 6.811033552215614 ], [ 100.444747474593768, 6.811048662605529 ], [ 100.444755145279728, 6.811060240657203 ], [ 100.444859573746839, 6.811060240657199 ], [ 100.444859573746839, 6.811284819478157 ], [ 100.445757889031043, 6.811284819478163 ], [ 100.445757889031043, 6.811060240657197 ], [ 100.446656204314891, 6.811060240657204 ] ] ], [ [ [ 100.439477413747738, 6.826780758129256 ], [ 100.439494674915181, 6.826774703523014 ], [ 100.439550588324892, 6.826701595643609 ], [ 100.439593577299945, 6.826613421431683 ], [ 100.439612896569329, 6.826525237406189 ], [ 100.439614990809574, 6.826437041507516 ], [ 100.439614946473583, 6.82635530163024 ], [ 100.439582643991457, 6.826305810387752 ], [ 100.439558949938515, 6.82624557177917 ], [ 100.439543857874284, 6.826172430821779 ], [ 100.439552399970125, 6.826073486773723 ], [ 100.439610441862314, 6.825991778761544 ], [ 100.439685724350994, 6.825935891972926 ], [ 100.439694260862922, 6.825930121280641 ], [ 100.439694260862922, 6.82565786402408 ], [ 100.439469682041988, 6.825657864024076 ], [ 100.43946968204196, 6.825433285203113 ], [ 100.43902052440005, 6.825433285203115 ], [ 100.43902052440005, 6.824984127561011 ], [ 100.438795945579088, 6.824984127561015 ], [ 100.438795945579088, 6.824534969918925 ], [ 100.438571366757785, 6.824534969918926 ], [ 100.43857136675777, 6.823636654634805 ], [ 100.438346787936808, 6.82363665463481 ], [ 100.438346787936794, 6.823412075813839 ], [ 100.43820390111442, 6.823412075813832 ], [ 100.438146198868779, 6.823527922331202 ], [ 100.438075227200869, 6.823652777855787 ], [ 100.437993481017713, 6.823762290174296 ], [ 100.437921528220571, 6.823814579292485 ], [ 100.437851194873346, 6.823837435048874 ], [ 100.437746501647425, 6.823845559580149 ], [ 100.437689141041986, 6.823858073641219 ], [ 100.437673051473936, 6.823881223754433 ], [ 100.437673051473922, 6.824085812276913 ], [ 100.43751044212749, 6.824085812276914 ], [ 100.437448472652591, 6.824179324110205 ], [ 100.437448472652605, 6.824226354969406 ], [ 100.437461808114051, 6.824310391097951 ], [ 100.437673051473922, 6.82431039109795 ], [ 100.437673051473908, 6.824374490194842 ], [ 100.437743178356357, 6.824365670136023 ], [ 100.437991917678133, 6.824411811810766 ], [ 100.438157864877581, 6.82449614425019 ], [ 100.438323050008378, 6.824558692763411 ], [ 100.438460790259953, 6.824655540231221 ], [ 100.438531827692344, 6.824735150335074 ], [ 100.43857675530694, 6.824832153468954 ], [ 100.43869716668469, 6.824967618290976 ], [ 100.438719035427951, 6.825134548692474 ], [ 100.438727823912544, 6.825152488215416 ], [ 100.438755857203986, 6.825260041754296 ], [ 100.438775305775096, 6.825447170670293 ], [ 100.438790391068125, 6.825492346386182 ], [ 100.438872186061658, 6.825563366685773 ], [ 100.43894534241285, 6.82557200534622 ], [ 100.439067959653997, 6.825535501759235 ], [ 100.439102387372188, 6.825522616400859 ], [ 100.43914973338623, 6.825531245239479 ], [ 100.439175588736532, 6.82558933328557 ], [ 100.439218685161364, 6.825727010058058 ], [ 100.439197203826893, 6.825782924308348 ], [ 100.439072508583592, 6.825974294185176 ], [ 100.439053188829433, 6.826053869948854 ], [ 100.439072599022282, 6.826142069513129 ], [ 100.439169547752556, 6.826370129175388 ], [ 100.439199694134032, 6.826419618750128 ], [ 100.43928579580232, 6.826484193621807 ], [ 100.43934606179549, 6.82650788786962 ], [ 100.439384801210011, 6.826525118058452 ], [ 100.439402027364565, 6.826550939336462 ], [ 100.439395599143509, 6.826596107795034 ], [ 100.439316050475753, 6.826712228934928 ], [ 100.439296702932538, 6.826755241167026 ], [ 100.439303180328409, 6.826778908783952 ], [ 100.43933115788407, 6.826804735045257 ], [ 100.439369893604379, 6.826819812046337 ], [ 100.439415069873235, 6.826802626152472 ], [ 100.43946968204196, 6.826783470137823 ], [ 100.43946968204196, 6.826780758129245 ], [ 100.439477413747738, 6.826780758129256 ] ] ] ] } },
{ "type": "Feature", "properties": { "TB_IDN": 901006, "TB_TN": "ต.ท่าโพธิ์", "AP_IDN": 9010, "AP_TN": "อ.สะเดา", "PV_IDN": 90, "PV_TN": "จ.สงขลา", "RE_NESDB": "South", "RE_ROYIN": "South", "F_AREA": 117045.791896, "flood_area": 73.1536, "A": 0.117 }, "geometry": { "type": "MultiPolygon", "coordinates": [ [ [ [ 100.441041733789064, 6.787254885628019 ], [ 100.441041733789078, 6.786805727985917 ], [ 100.440817154968087, 6.786805727985923 ], [ 100.440817154968101, 6.786131991522852 ], [ 100.440592576147139, 6.786131991522868 ], [ 100.440592576147139, 6.785907412701818 ], [ 100.439469682041988, 6.785907412701813 ], [ 100.439469682041988, 6.786131991522868 ], [ 100.438795945579088, 6.786131991522861 ], [ 100.438795945579102, 6.786356570343922 ], [ 100.43857136675777, 6.78635657034391 ], [ 100.43857136675777, 6.786805727985928 ], [ 100.438795945579088, 6.786805727985916 ], [ 100.438795945579088, 6.787254885628024 ], [ 100.43902052440005, 6.787254885628022 ], [ 100.43902052440005, 6.787704043270034 ], [ 100.439245103220998, 6.787704043270045 ], [ 100.439245103221012, 6.787928622091098 ], [ 100.439694260862936, 6.787928622091094 ], [ 100.439694260862936, 6.787704043270031 ], [ 100.440143418505215, 6.787704043270045 ], [ 100.44014341850523, 6.787479464448987 ], [ 100.440367997326177, 6.787479464448992 ], [ 100.440367997326177, 6.787704043270033 ], [ 100.440592576147139, 6.787704043270047 ], [ 100.440592576147139, 6.787928622091091 ], [ 100.440817154968101, 6.787928622091091 ], [ 100.440817154968101, 6.788377779733106 ], [ 100.441041733789078, 6.788377779733095 ], [ 100.441041733789064, 6.788602358554161 ], [ 100.441274534189361, 6.788602358554149 ], [ 100.441242854203963, 6.788581521159147 ], [ 100.441220905845029, 6.788550673886579 ], [ 100.441212816361087, 6.788525542343078 ], [ 100.441194502853847, 6.788414035708568 ], [ 100.441189611474471, 6.788349978864747 ], [ 100.441198285390442, 6.788319462878919 ], [ 100.441289110858818, 6.788156255333128 ], [ 100.441300628947445, 6.7881202036617 ], [ 100.441332901862737, 6.787964713144876 ], [ 100.441347378477474, 6.787911995928422 ], [ 100.441513699783357, 6.787718989816 ], [ 100.4415709569993, 6.787704043270042 ], [ 100.441490891431343, 6.787704043270034 ], [ 100.441490891431343, 6.787479464448986 ], [ 100.441266312610395, 6.787479464448991 ], [ 100.441266312610381, 6.787254885628033 ], [ 100.441041733789064, 6.787254885628019 ] ] ], [ [ [ 100.440491024680441, 6.792444600149707 ], [ 100.440585825995043, 6.79236515390332 ], [ 100.440625108823426, 6.792155617381588 ], [ 100.440614568972833, 6.791966173237122 ], [ 100.440773747354228, 6.791816114808789 ], [ 100.440963388772545, 6.791845468317124 ], [ 100.441122715736611, 6.791745270870511 ], [ 100.441125159751635, 6.791736373652533 ], [ 100.441130000864135, 6.791597319013351 ], [ 100.441121740371599, 6.79153360408792 ], [ 100.441101813583273, 6.791481387070017 ], [ 100.441047506677563, 6.791373974659843 ], [ 100.440919039417324, 6.791095357200874 ], [ 100.440918408340721, 6.791072725585538 ], [ 100.440817154968101, 6.791072725585535 ], [ 100.440817154968087, 6.790848146764485 ], [ 100.440143418505215, 6.790848146764493 ], [ 100.440143418505215, 6.791072725585542 ], [ 100.439918839684253, 6.79107272558553 ], [ 100.439918839684253, 6.791971040869659 ], [ 100.440143418505215, 6.791971040869662 ], [ 100.440143418505201, 6.792420198511667 ], [ 100.440367997326163, 6.79242019851166 ], [ 100.440367997326192, 6.792457675242098 ], [ 100.440476649991879, 6.792444913540808 ], [ 100.440476376991072, 6.79244255496969 ], [ 100.440491024680441, 6.792444600149707 ] ] ], [ [ [ 100.439918839684253, 6.830149440444739 ], [ 100.439918839684267, 6.829924861623686 ], [ 100.439694260862936, 6.829924861623691 ], [ 100.439694260862936, 6.829700282802648 ], [ 100.439918839684267, 6.829700282802645 ], [ 100.439918839684239, 6.829026546339577 ], [ 100.440367997326177, 6.829026546339571 ], [ 100.440367997326177, 6.828801967518534 ], [ 100.440817154968101, 6.828801967518525 ], [ 100.440817154968101, 6.828850068443733 ], [ 100.441032255453706, 6.828803446576126 ], [ 100.441149883566382, 6.82880721318066 ], [ 100.441190783934275, 6.828812377581293 ], [ 100.44132127961521, 6.828794818707658 ], [ 100.441560275305633, 6.828719091348872 ], [ 100.44159641000158, 6.828577388697471 ], [ 100.441490891431343, 6.828577388697471 ], [ 100.441490891431329, 6.82837114895025 ], [ 100.441486818176003, 6.828363402341822 ], [ 100.441461470283855, 6.828358771485228 ], [ 100.441317011779688, 6.828361650694366 ], [ 100.441259946159818, 6.828385716466053 ], [ 100.441054887993545, 6.828503715191342 ], [ 100.440965075311283, 6.828526538407278 ], [ 100.44088729042592, 6.828513905126281 ], [ 100.440749933031995, 6.828482660771794 ], [ 100.440644757548569, 6.828438127926206 ], [ 100.440577639191929, 6.828392882657793 ], [ 100.440451118464594, 6.828262785892608 ], [ 100.440390835971812, 6.828206136540103 ], [ 100.440313401860266, 6.828137126586259 ], [ 100.440257796075585, 6.828104347321535 ], [ 100.440200939929284, 6.828080048007789 ], [ 100.4401557018099, 6.828073851087553 ], [ 100.440104932789893, 6.828073392340386 ], [ 100.44010501690741, 6.828073081001884 ], [ 100.439975295623825, 6.828078652098874 ], [ 100.439902124500691, 6.828072158777712 ], [ 100.43985262949262, 6.828065680638274 ], [ 100.439397879759994, 6.82790365223442 ], [ 100.439245103220998, 6.827903652234407 ], [ 100.439245103221012, 6.828352809876438 ], [ 100.43902052440005, 6.828352809876418 ], [ 100.43902052440005, 6.828801967518521 ], [ 100.439245103221012, 6.828801967518536 ], [ 100.439245103221012, 6.830149440444744 ], [ 100.439469682041988, 6.830149440444739 ], [ 100.439469682041974, 6.830374019265703 ], [ 100.439694260862922, 6.83037401926571 ], [ 100.439694260862936, 6.830149440444744 ], [ 100.439918839684253, 6.830149440444739 ] ] ], [ [ [ 100.446880783135853, 6.834865595686361 ], [ 100.446880783135853, 6.834416438044275 ], [ 100.446656204314905, 6.83441643804426 ], [ 100.446656204314905, 6.833967280402254 ], [ 100.446207046672967, 6.833967280402261 ], [ 100.446207046672953, 6.83383756904683 ], [ 100.44575411348336, 6.83371877400858 ], [ 100.445457468507385, 6.83349041191959 ], [ 100.445415069311764, 6.833293543939098 ], [ 100.445084152567802, 6.833293543939103 ], [ 100.445084152567802, 6.833967280402258 ], [ 100.445308731388764, 6.83396728040226 ], [ 100.445308731388764, 6.834191859223219 ], [ 100.445533310209711, 6.834191859223226 ], [ 100.445533310209726, 6.834641016865312 ], [ 100.445982467852005, 6.83464101686531 ], [ 100.445982467852005, 6.83486559568638 ], [ 100.446431625493929, 6.834865595686374 ], [ 100.446431625493929, 6.835090174507322 ], [ 100.446656204314891, 6.835090174507325 ], [ 100.446656204314877, 6.834865595686378 ], [ 100.446880783135853, 6.834865595686361 ] ] ] ] } },
{ "type": "Feature", "properties": { "TB_IDN": 901101, "TB_TN": "ต.หาดใหญ่", "AP_IDN": 9011, "AP_TN": "อ.หาดใหญ่", "PV_IDN": 90, "PV_TN": "จ.สงขลา", "RE_NESDB": "South", "RE_ROYIN": "South", "F_AREA": 12897.935945200001, "flood_area": 8.06121, "A": 0.013 }, "geometry": { "type": "MultiPolygon", "coordinates": [ [ [ [ 100.453618147766846, 7.006443814953158 ], [ 100.453618147766846, 7.006219236132109 ], [ 100.453842726587808, 7.006219236132107 ], [ 100.453842726587808, 7.005994657311145 ], [ 100.454067305409126, 7.005994657311145 ], [ 100.454067305409126, 7.005770078490094 ], [ 100.454251461993863, 7.005770078490094 ], [ 100.454291884230088, 7.005598616070809 ], [ 100.454291884230088, 7.005545499669043 ], [ 100.454067305409126, 7.005545499669044 ], [ 100.454067305409126, 7.005320920847994 ], [ 100.453842726587808, 7.005320920847993 ], [ 100.453842726587808, 7.005545499669043 ], [ 100.452719832482643, 7.005545499669044 ], [ 100.452719832482643, 7.005994657311144 ], [ 100.45294441130396, 7.005994657311145 ], [ 100.45294441130396, 7.006443814953158 ], [ 100.453618147766846, 7.006443814953158 ] ] ] ] } },
{ "type": "Feature", "properties": { "TB_IDN": 901102, "TB_TN": "ต.ควนลัง", "AP_IDN": 9011, "AP_TN": "อ.หาดใหญ่", "PV_IDN": 90, "PV_TN": "จ.สงขลา", "RE_NESDB": "South", "RE_ROYIN": "South", "F_AREA": 2831520.1425000001, "flood_area": 1769.7, "A": 2.832 }, "geometry": { "type": "MultiPolygon", "coordinates": [ [ [ [ 100.390062341415401, 6.95973142017893 ], [ 100.389837762594439, 6.959731420178935 ], [ 100.389837762594453, 6.959506841357881 ], [ 100.389455112619004, 6.959506841357888 ], [ 100.389454440290763, 6.959530147776008 ], [ 100.389454775547222, 6.959644130467384 ], [ 100.389475820535907, 6.959727203230631 ], [ 100.389560061360882, 6.959907026905786 ], [ 100.389632787127269, 6.960011153231732 ], [ 100.3896772277715, 6.960080809552623 ], [ 100.389686666079143, 6.96012498134695 ], [ 100.389686775579818, 6.960162200863204 ], [ 100.389686857717066, 6.960190119343813 ], [ 100.389681867310458, 6.960212881720329 ], [ 100.38967532755818, 6.960227367625159 ], [ 100.389665026626162, 6.960240682608497 ], [ 100.389661423567347, 6.960248343891559 ], [ 100.389617388488105, 6.960315935949835 ], [ 100.389613183773463, 6.96032470538424 ], [ 100.389613183773477, 6.960854314284089 ], [ 100.389837762594453, 6.960854314284102 ], [ 100.389837762594439, 6.961078893105135 ], [ 100.390062341415401, 6.961078893105141 ], [ 100.390062341415401, 6.960854314284101 ], [ 100.390286920236363, 6.960854314284102 ], [ 100.390286920236363, 6.95995599899998 ], [ 100.390062341415401, 6.95995599899998 ], [ 100.390062341415401, 6.95973142017893 ] ] ], [ [ [ 100.406905752992529, 6.963100102494434 ], [ 100.407130331813846, 6.963100102494431 ], [ 100.407130331813846, 6.962650944852326 ], [ 100.406905752992529, 6.962650944852317 ], [ 100.406905752992515, 6.962426366031282 ], [ 100.406681174171567, 6.962426366031282 ], [ 100.406681174171567, 6.962875523673366 ], [ 100.406232016529643, 6.96287552367337 ], [ 100.406232016529628, 6.963100102494423 ], [ 100.405782858887719, 6.963100102494426 ], [ 100.405782858887719, 6.963549260136441 ], [ 100.405558280066401, 6.963549260136436 ], [ 100.405558280066415, 6.963998417778539 ], [ 100.405333701245439, 6.963998417778538 ], [ 100.405333701245439, 6.964222996599502 ], [ 100.405782858887704, 6.964222996599507 ], [ 100.405782858887704, 6.96399841777855 ], [ 100.406681174171553, 6.963998417778535 ], [ 100.406681174171567, 6.963773838957485 ], [ 100.406905752992529, 6.963773838957485 ], [ 100.406905752992529, 6.963100102494434 ] ] ], [ [ [ 100.404210807140288, 6.970062045946293 ], [ 100.403986228319326, 6.970062045946286 ], [ 100.403986228319326, 6.970286624767346 ], [ 100.40376164949835, 6.970286624767343 ], [ 100.40376164949835, 6.970735782409438 ], [ 100.403537070677373, 6.970735782409442 ], [ 100.403537070677388, 6.971409518872513 ], [ 100.404210807140274, 6.971409518872516 ], [ 100.404210807140288, 6.971184940051466 ], [ 100.404435385961236, 6.971184940051451 ], [ 100.40443538596125, 6.970286624767352 ], [ 100.404210807140288, 6.970286624767351 ], [ 100.404210807140288, 6.970062045946293 ] ] ], [ [ [ 100.410948171771267, 6.974104464724846 ], [ 100.410948171771267, 6.973655307082835 ], [ 100.411172750592229, 6.973655307082836 ], [ 100.411172750592229, 6.97320614944074 ], [ 100.411397329413191, 6.973206149440746 ], [ 100.411397329413191, 6.972981570619695 ], [ 100.411621908234139, 6.972981570619687 ], [ 100.411621908234153, 6.972532412977673 ], [ 100.411397329413191, 6.972532412977678 ], [ 100.411397329413191, 6.972083255335566 ], [ 100.411172750592229, 6.972083255335578 ], [ 100.411172750592229, 6.971634097693556 ], [ 100.410723592950291, 6.971634097693559 ], [ 100.410723592950319, 6.972307834156632 ], [ 100.410499014129357, 6.972307834156615 ], [ 100.410499014129357, 6.972532412977679 ], [ 100.410274435308025, 6.972532412977666 ], [ 100.410274435308025, 6.972756991798631 ], [ 100.410049856487063, 6.972756991798633 ], [ 100.410049856487049, 6.973206149440747 ], [ 100.409825277666101, 6.973206149440747 ], [ 100.409825277666101, 6.973430728261793 ], [ 100.409600698845139, 6.973430728261792 ], [ 100.409600698845125, 6.973655307082849 ], [ 100.409376120024177, 6.973655307082839 ], [ 100.409376120024177, 6.973430728261782 ], [ 100.408926962381898, 6.973430728261798 ], [ 100.408926962381898, 6.972981570619695 ], [ 100.40870238356095, 6.972981570619697 ], [ 100.408702383560936, 6.972756991798632 ], [ 100.408926962381898, 6.972756991798644 ], [ 100.408926962381898, 6.972532412977679 ], [ 100.408702383560936, 6.972532412977676 ], [ 100.408702383560936, 6.972083255335581 ], [ 100.408253225919012, 6.972083255335564 ], [ 100.408253225919012, 6.972307834156624 ], [ 100.408028647097694, 6.972307834156615 ], [ 100.408028647097694, 6.972756991798631 ], [ 100.407804068276747, 6.972756991798627 ], [ 100.407804068276732, 6.973206149440746 ], [ 100.40802864709768, 6.973206149440735 ], [ 100.408028647097694, 6.974012812421151 ], [ 100.408179944385907, 6.974029301602721 ], [ 100.408200687427751, 6.974028977482886 ], [ 100.408201336165703, 6.974070421014956 ], [ 100.408140422656459, 6.974154298471412 ], [ 100.408036707441553, 6.974155928096909 ], [ 100.408028647097694, 6.974153383383671 ], [ 100.408028647097709, 6.974778201187909 ], [ 100.409151541202874, 6.97477820118791 ], [ 100.409151541202846, 6.975002780008961 ], [ 100.410049856487063, 6.975002780008974 ], [ 100.410049856487049, 6.974553622366961 ], [ 100.410274435308025, 6.974553622366946 ], [ 100.410274435308025, 6.97432904354591 ], [ 100.410723592950305, 6.974329043545913 ], [ 100.410723592950305, 6.974104464724856 ], [ 100.410948171771267, 6.974104464724846 ] ] ], [ [ [ 100.38197750385828, 6.975451937651075 ], [ 100.381977503858266, 6.975227358830028 ], [ 100.381752925037333, 6.975227358830016 ], [ 100.381752925037304, 6.975002780008961 ], [ 100.381528346216356, 6.975002780008976 ], [ 100.381528346216342, 6.974778201187918 ], [ 100.381752925037318, 6.97477820118791 ], [ 100.381752925037318, 6.974329043545907 ], [ 100.38197750385828, 6.974329043545912 ], [ 100.381977503858295, 6.973430728261792 ], [ 100.381752925037318, 6.973430728261797 ], [ 100.381752925037318, 6.973206149440731 ], [ 100.381528346216371, 6.973206149440728 ], [ 100.381528346216371, 6.973430728261797 ], [ 100.380854609753115, 6.973430728261787 ], [ 100.380854609753115, 6.973206149440744 ], [ 100.380630030932153, 6.973206149440744 ], [ 100.380630030932153, 6.973430728261778 ], [ 100.380405452111191, 6.973430728261787 ], [ 100.380405452111205, 6.973655307082831 ], [ 100.380180873290229, 6.973655307082842 ], [ 100.380180873290243, 6.973879885903812 ], [ 100.380405452111191, 6.973879885903796 ], [ 100.380405452111177, 6.974329043545906 ], [ 100.380630030932153, 6.974329043545906 ], [ 100.380630030932139, 6.974778201187926 ], [ 100.380854609753115, 6.974778201187908 ], [ 100.380854609753115, 6.975002780008957 ], [ 100.381079188574432, 6.975002780008961 ], [ 100.381079188574432, 6.975451937651075 ], [ 100.381303767395394, 6.975451937651078 ], [ 100.381303767395394, 6.976799410577204 ], [ 100.381752925037318, 6.976799410577204 ], [ 100.381752925037318, 6.97635025293519 ], [ 100.381977503858295, 6.976350252935186 ], [ 100.381977503858295, 6.975901095293088 ], [ 100.382202082679242, 6.97590109529308 ], [ 100.382202082679228, 6.975451937651068 ], [ 100.38197750385828, 6.975451937651075 ] ] ], [ [ [ 100.396799706046409, 6.976799410577189 ], [ 100.396799706046394, 6.976574831756142 ], [ 100.39635054840447, 6.976574831756154 ], [ 100.39635054840447, 6.976350252935177 ], [ 100.395676811941229, 6.976350252935192 ], [ 100.395676811941229, 6.976125674114138 ], [ 100.394553917836063, 6.976125674114126 ], [ 100.394553917836063, 6.975901095293085 ], [ 100.394329339015101, 6.975901095293073 ], [ 100.394329339015101, 6.975451937651071 ], [ 100.394104760194139, 6.97545193765107 ], [ 100.394104760194139, 6.975227358830012 ], [ 100.393431023730898, 6.975227358830021 ], [ 100.393431023730898, 6.975451937651078 ], [ 100.392532708446694, 6.975451937651078 ], [ 100.392532708446694, 6.975227358830026 ], [ 100.39208355080477, 6.975227358830015 ], [ 100.39208355080477, 6.975002780008975 ], [ 100.391858971983808, 6.975002780008963 ], [ 100.391858971983808, 6.974553622366956 ], [ 100.391634393162491, 6.974553622366945 ], [ 100.391634393162505, 6.9743290435459 ], [ 100.391409814341529, 6.974329043545913 ], [ 100.391409814341529, 6.974104464724858 ], [ 100.390511499057681, 6.974104464724856 ], [ 100.390511499057681, 6.973879885903808 ], [ 100.390062341415415, 6.973879885903802 ], [ 100.390062341415401, 6.973655307082848 ], [ 100.389837762594453, 6.973655307082849 ], [ 100.389837762594425, 6.973206149440731 ], [ 100.389613183773463, 6.973206149440733 ], [ 100.389613183773477, 6.972981570619692 ], [ 100.389388604952501, 6.972981570619689 ], [ 100.389388604952515, 6.972756991798629 ], [ 100.389164026131212, 6.972756991798631 ], [ 100.389164026131212, 6.972307834156621 ], [ 100.388939447310236, 6.972307834156616 ], [ 100.38893944731025, 6.971858676514525 ], [ 100.389164026131198, 6.971858676514521 ], [ 100.389164026131198, 6.971409518872515 ], [ 100.389388604952529, 6.971409518872507 ], [ 100.38938860495243, 6.970991210492399 ], [ 100.389371952784515, 6.970980878749732 ], [ 100.389358176523672, 6.970960361230397 ], [ 100.388714868489274, 6.970960361230413 ], [ 100.388714868489274, 6.971184940051458 ], [ 100.388490289668312, 6.971184940051453 ], [ 100.388490289668312, 6.97140951887251 ], [ 100.388265710847335, 6.9714095188725 ], [ 100.38826571084735, 6.971858676514515 ], [ 100.388490289668297, 6.971858676514533 ], [ 100.388490289668312, 6.972307834156625 ], [ 100.38826571084735, 6.97230783415662 ], [ 100.388265710847364, 6.972532412977677 ], [ 100.38781655320507, 6.972532412977664 ], [ 100.387816553205084, 6.972307834156626 ], [ 100.387591974384108, 6.972307834156617 ], [ 100.387591974384122, 6.971858676514518 ], [ 100.38781655320507, 6.971858676514517 ], [ 100.38781655320507, 6.971634097693568 ], [ 100.387367395563146, 6.971634097693561 ], [ 100.387367395563146, 6.971858676514519 ], [ 100.387142816742184, 6.971858676514518 ], [ 100.387142816742184, 6.972083255335569 ], [ 100.386918237920867, 6.972083255335574 ], [ 100.386918237920867, 6.972307834156632 ], [ 100.386469080278943, 6.972307834156614 ], [ 100.386469080278943, 6.972083255335574 ], [ 100.385570764994753, 6.972083255335574 ], [ 100.385570764994739, 6.971858676514516 ], [ 100.385121607352829, 6.971858676514514 ], [ 100.385121607352815, 6.971634097693558 ], [ 100.384897028531839, 6.971634097693561 ], [ 100.384897028531839, 6.971858676514513 ], [ 100.384672449710891, 6.971858676514512 ], [ 100.384672449710891, 6.972981570619685 ], [ 100.384447870889574, 6.972981570619689 ], [ 100.384447870889588, 6.973206149440734 ], [ 100.384223292068611, 6.973206149440745 ], [ 100.384223292068611, 6.973430728261797 ], [ 100.383998713247649, 6.973430728261789 ], [ 100.383998713247635, 6.973655307082844 ], [ 100.383324976784408, 6.97365530708283 ], [ 100.383324976784394, 6.974104464724854 ], [ 100.383100397963446, 6.974104464724858 ], [ 100.38310039796346, 6.97432904354591 ], [ 100.383324976784422, 6.974329043545897 ], [ 100.383324976784408, 6.976574831756154 ], [ 100.383774134426687, 6.976574831756142 ], [ 100.383774134426687, 6.976350252935193 ], [ 100.383998713247635, 6.976350252935189 ], [ 100.383998713247649, 6.976125674114139 ], [ 100.384223292068611, 6.97612567411413 ], [ 100.384223292068611, 6.975901095293083 ], [ 100.384447870889559, 6.975901095293073 ], [ 100.384447870889574, 6.97567651647203 ], [ 100.384672449710905, 6.975676516472029 ], [ 100.384672449710891, 6.975227358830025 ], [ 100.385121607352815, 6.975227358830025 ], [ 100.385121607352829, 6.97545193765107 ], [ 100.385346186173791, 6.975451937651077 ], [ 100.385346186173791, 6.975676516472026 ], [ 100.385795343816056, 6.97567651647203 ], [ 100.385795343816042, 6.975901095293074 ], [ 100.386244501457966, 6.975901095293071 ], [ 100.386244501457981, 6.975676516472028 ], [ 100.386693659099905, 6.975676516472035 ], [ 100.386693659099919, 6.975901095293088 ], [ 100.386918237920867, 6.975901095293073 ], [ 100.386918237920852, 6.976350252935178 ], [ 100.38714281674217, 6.976350252935193 ], [ 100.387142816742184, 6.976574831756142 ], [ 100.387591974384122, 6.976574831756151 ], [ 100.387591974384108, 6.976799410577204 ], [ 100.388041132026032, 6.976799410577196 ], [ 100.388041132026032, 6.977473147040358 ], [ 100.388490289668297, 6.977473147040354 ], [ 100.388490289668312, 6.977023989398242 ], [ 100.388714868489288, 6.977023989398239 ], [ 100.388714868489274, 6.976574831756151 ], [ 100.388939447310236, 6.976574831756154 ], [ 100.388939447310236, 6.976350252935184 ], [ 100.390062341415387, 6.976350252935175 ], [ 100.390062341415387, 6.976574831756136 ], [ 100.390286920236363, 6.97657483175615 ], [ 100.390286920236349, 6.977248568219289 ], [ 100.390511499057681, 6.977248568219305 ], [ 100.390511499057666, 6.977473147040348 ], [ 100.391185235520553, 6.977473147040342 ], [ 100.391185235520567, 6.97769772586132 ], [ 100.391409814341529, 6.977697725861312 ], [ 100.391409814341515, 6.977922304682362 ], [ 100.391634393162505, 6.977922304682355 ], [ 100.391634393162491, 6.978146883503418 ], [ 100.392532708446694, 6.978146883503404 ], [ 100.392532708446694, 6.977922304682363 ], [ 100.392981866088974, 6.977922304682354 ], [ 100.392981866088974, 6.978146883503413 ], [ 100.393206444909936, 6.978146883503405 ], [ 100.393206444909936, 6.978371462324472 ], [ 100.39365560255186, 6.978371462324468 ], [ 100.393655602551846, 6.978596041145433 ], [ 100.394104760194139, 6.978596041145417 ], [ 100.394104760194139, 6.978371462324463 ], [ 100.395003075477973, 6.978371462324467 ], [ 100.395003075477973, 6.978596041145432 ], [ 100.395227654299305, 6.97859604114543 ], [ 100.395227654299319, 6.978820619966471 ], [ 100.395452233120253, 6.978820619966475 ], [ 100.395452233120281, 6.979045198787532 ], [ 100.395676811941243, 6.97904519878752 ], [ 100.395676811941229, 6.979269777608586 ], [ 100.396575127225418, 6.979269777608569 ], [ 100.396575127225432, 6.979494356429536 ], [ 100.397024284867356, 6.979494356429537 ], [ 100.397024284867371, 6.979269777608573 ], [ 100.397248863688318, 6.979269777608573 ], [ 100.397248863688318, 6.977922304682367 ], [ 100.397024284867356, 6.97792230468237 ], [ 100.397024284867356, 6.9767994105772 ], [ 100.396799706046409, 6.976799410577189 ] ], [ [ 100.386244501457981, 6.974104464724857 ], [ 100.386244501457966, 6.974553622366948 ], [ 100.385795343816042, 6.974553622366951 ], [ 100.385795343816042, 6.974104464724863 ], [ 100.386244501457981, 6.974104464724857 ] ] ], [ [ [ 100.375240139227628, 6.979718935250586 ], [ 100.375240139227643, 6.979943514071638 ], [ 100.375464718048605, 6.979943514071642 ], [ 100.375464718048605, 6.980168092892682 ], [ 100.375913875690529, 6.980168092892685 ], [ 100.375913875690543, 6.9797189352506 ], [ 100.375689296869567, 6.979718935250597 ], [ 100.375689296869552, 6.979494356429544 ], [ 100.375464718048605, 6.979494356429535 ], [ 100.375464718048605, 6.978820619966473 ], [ 100.375689296869567, 6.978820619966482 ], [ 100.375689296869567, 6.978146883503407 ], [ 100.375464718048605, 6.978146883503418 ], [ 100.375464718048605, 6.97837146232447 ], [ 100.374566402764401, 6.978371462324461 ], [ 100.374566402764401, 6.97859604114543 ], [ 100.374341823943453, 6.978596041145435 ], [ 100.374341823943439, 6.97882061996648 ], [ 100.37389266630116, 6.978820619966478 ], [ 100.373892666301174, 6.979269777608588 ], [ 100.373668087480198, 6.979269777608576 ], [ 100.373668087480198, 6.979718935250589 ], [ 100.37389266630116, 6.979718935250588 ], [ 100.373892666301174, 6.980168092892702 ], [ 100.374117245122477, 6.980168092892686 ], [ 100.374117245122463, 6.980617250534713 ], [ 100.374566402764401, 6.980617250534703 ], [ 100.374566402764401, 6.980392671713648 ], [ 100.374790981585349, 6.980392671713649 ], [ 100.374790981585349, 6.979943514071635 ], [ 100.375015560406325, 6.979943514071635 ], [ 100.375015560406311, 6.979718935250599 ], [ 100.375240139227628, 6.979718935250586 ] ] ], [ [ [ 100.378608821542784, 6.979718935250587 ], [ 100.378608821542784, 6.979943514071645 ], [ 100.378159663900846, 6.979943514071651 ], [ 100.37815966390086, 6.979718935250584 ], [ 100.377710506258936, 6.979718935250597 ], [ 100.377710506258921, 6.979943514071642 ], [ 100.377485927437618, 6.979943514071648 ], [ 100.377485927437604, 6.980392671713657 ], [ 100.377261348616642, 6.980392671713663 ], [ 100.377261348616656, 6.981290986997863 ], [ 100.377485927437618, 6.981290986997861 ], [ 100.377485927437618, 6.981515565818815 ], [ 100.37771050625895, 6.981515565818829 ], [ 100.377710506258936, 6.981740144639881 ], [ 100.377935085079883, 6.981740144639867 ], [ 100.377935085079898, 6.98196472346093 ], [ 100.378384242721822, 6.981964723460923 ], [ 100.378384242721822, 6.982189302281982 ], [ 100.379057979185063, 6.982189302281967 ], [ 100.379057979185077, 6.981964723460925 ], [ 100.379282558006025, 6.981964723460928 ], [ 100.379282558006039, 6.979943514071642 ], [ 100.379057979185063, 6.979943514071642 ], [ 100.379057979185049, 6.979718935250586 ], [ 100.378608821542784, 6.979718935250587 ] ] ], [ [ [ 100.381752925037318, 6.981066408176809 ], [ 100.382202082679242, 6.981066408176807 ], [ 100.382202082679257, 6.980841829355753 ], [ 100.38242666150056, 6.980841829355756 ], [ 100.382426661500574, 6.980392671713651 ], [ 100.380405452111191, 6.980392671713648 ], [ 100.380405452111205, 6.980617250534711 ], [ 100.380180873290215, 6.980617250534701 ], [ 100.380180873290229, 6.98106640817681 ], [ 100.379956294469267, 6.981066408176809 ], [ 100.379956294469267, 6.981515565818814 ], [ 100.380180873290229, 6.981515565818815 ], [ 100.380180873290229, 6.981964723460916 ], [ 100.380630030932153, 6.981964723460929 ], [ 100.380630030932153, 6.981515565818829 ], [ 100.381528346216356, 6.981515565818813 ], [ 100.381528346216356, 6.981290986997861 ], [ 100.381752925037333, 6.981290986997861 ], [ 100.381752925037318, 6.981066408176809 ] ] ], [ [ [ 100.38714281674217, 6.981515565818814 ], [ 100.387142816742184, 6.981290986997848 ], [ 100.387591974384108, 6.981290986997864 ], [ 100.387591974384094, 6.980168092892696 ], [ 100.387142816742184, 6.98016809289269 ], [ 100.387142816742184, 6.980392671713654 ], [ 100.386918237920867, 6.980392671713658 ], [ 100.386918237920867, 6.980617250534706 ], [ 100.386019922637018, 6.980617250534706 ], [ 100.386019922637018, 6.980841829355756 ], [ 100.385795343816042, 6.980841829355755 ], [ 100.385795343816056, 6.98196472346092 ], [ 100.386019922637033, 6.981964723460925 ], [ 100.386019922637018, 6.982189302281975 ], [ 100.386244501457981, 6.98218930228198 ], [ 100.386244501457981, 6.981964723460919 ], [ 100.386693659099905, 6.981964723460913 ], [ 100.38669365909989, 6.981740144639866 ], [ 100.386918237920852, 6.981740144639866 ], [ 100.386918237920867, 6.981515565818817 ], [ 100.38714281674217, 6.981515565818814 ] ] ], [ [ [ 100.40331249185607, 6.983761354029149 ], [ 100.40331249185607, 6.983312196387042 ], [ 100.403537070677388, 6.983312196387058 ], [ 100.403537070677402, 6.982413881102936 ], [ 100.403312491856056, 6.982413881102945 ], [ 100.40331249185607, 6.981964723460929 ], [ 100.403537070677388, 6.981964723460919 ], [ 100.403537070677373, 6.981515565818815 ], [ 100.403986228319297, 6.981515565818825 ], [ 100.403986228319312, 6.981740144639877 ], [ 100.404435385961236, 6.981740144639873 ], [ 100.404435385961236, 6.982189302281983 ], [ 100.404659964782567, 6.982189302281969 ], [ 100.404659964782553, 6.982413881102943 ], [ 100.404435385961236, 6.982413881102942 ], [ 100.404435385961222, 6.982638459923983 ], [ 100.404210807140288, 6.982638459923982 ], [ 100.404210807140288, 6.983087617566079 ], [ 100.403986228319312, 6.983087617566093 ], [ 100.403986228319312, 6.983536775208097 ], [ 100.404435385961236, 6.983536775208099 ], [ 100.404435385961222, 6.983312196387047 ], [ 100.405109122424477, 6.98331219638705 ], [ 100.405109122424477, 6.983536775208096 ], [ 100.405333701245439, 6.983536775208091 ], [ 100.405333701245439, 6.983761354029142 ], [ 100.405558280066415, 6.983761354029159 ], [ 100.405558280066401, 6.983536775208107 ], [ 100.405782858887733, 6.983536775208101 ], [ 100.405782858887733, 6.982863038745028 ], [ 100.406007437708695, 6.982863038745041 ], [ 100.406007437708681, 6.981964723460929 ], [ 100.405782858887719, 6.981964723460931 ], [ 100.405782858887719, 6.981740144639864 ], [ 100.405109122424477, 6.981740144639874 ], [ 100.405109122424477, 6.981515565818812 ], [ 100.404884543603515, 6.981515565818824 ], [ 100.404884543603529, 6.981290986997853 ], [ 100.404659964782553, 6.981290986997867 ], [ 100.404659964782553, 6.981066408176807 ], [ 100.40443538596125, 6.981066408176811 ], [ 100.404435385961236, 6.980617250534713 ], [ 100.404210807140274, 6.980617250534707 ], [ 100.404210807140288, 6.980392671713648 ], [ 100.403986228319312, 6.980392671713648 ], [ 100.403986228319312, 6.980168092892695 ], [ 100.40331249185607, 6.980168092892685 ], [ 100.40331249185607, 6.979943514071636 ], [ 100.402414176572208, 6.979943514071649 ], [ 100.402414176572222, 6.980168092892702 ], [ 100.401740440108966, 6.9801680928927 ], [ 100.401740440108981, 6.979943514071638 ], [ 100.401515861288019, 6.979943514071644 ], [ 100.401515861288033, 6.979718935250581 ], [ 100.401291282467056, 6.979718935250585 ], [ 100.401291282467056, 6.979269777608573 ], [ 100.400168388361891, 6.979269777608581 ], [ 100.400168388361891, 6.97949435642954 ], [ 100.399943809540929, 6.979494356429537 ], [ 100.399943809540915, 6.979718935250581 ], [ 100.399719230719612, 6.979718935250599 ], [ 100.399719230719612, 6.979943514071642 ], [ 100.399270073077673, 6.979943514071633 ], [ 100.399270073077687, 6.9801680928927 ], [ 100.39904549425674, 6.980168092892684 ], [ 100.399045494256725, 6.980392671713658 ], [ 100.398820915435763, 6.980392671713658 ], [ 100.398820915435749, 6.980617250534699 ], [ 100.399045494256725, 6.980617250534716 ], [ 100.399045494256725, 6.980841829355755 ], [ 100.398820915435778, 6.980841829355761 ], [ 100.398820915435778, 6.981066408176804 ], [ 100.399045494256725, 6.981066408176816 ], [ 100.399045494256725, 6.981290986997861 ], [ 100.398820915435763, 6.98129098699785 ], [ 100.398820915435763, 6.981515565818817 ], [ 100.39904549425674, 6.981515565818826 ], [ 100.399045494256725, 6.981964723460925 ], [ 100.399270073077687, 6.981964723460917 ], [ 100.399270073077702, 6.982189302281983 ], [ 100.39949465189865, 6.98218930228197 ], [ 100.39949465189865, 6.981964723460933 ], [ 100.399943809540929, 6.981964723460921 ], [ 100.399943809540929, 6.982189302281973 ], [ 100.400168388361891, 6.982189302281966 ], [ 100.400168388361905, 6.983087617566094 ], [ 100.400392967182853, 6.983087617566081 ], [ 100.400392967182867, 6.983312196387041 ], [ 100.400842124824791, 6.983312196387049 ], [ 100.400842124824777, 6.983087617566084 ], [ 100.401515861288019, 6.98308761756609 ], [ 100.401515861288019, 6.98331219638705 ], [ 100.401740440108981, 6.983312196387049 ], [ 100.401740440108981, 6.983536775208108 ], [ 100.401965018929943, 6.983536775208103 ], [ 100.401965018929943, 6.98376135402916 ], [ 100.402189597750905, 6.98376135402915 ], [ 100.40218959775089, 6.984210511671171 ], [ 100.402414176572208, 6.984210511671172 ], [ 100.402414176572222, 6.984435090492214 ], [ 100.402638755393198, 6.984435090492214 ], [ 100.402638755393198, 6.984210511671169 ], [ 100.402863334214146, 6.984210511671175 ], [ 100.402863334214146, 6.983985932850209 ], [ 100.403087913035108, 6.98398593285021 ], [ 100.403087913035108, 6.983761354029148 ], [ 100.40331249185607, 6.983761354029149 ] ] ], [ [ [ 100.388714868489274, 6.983312196387047 ], [ 100.388939447310236, 6.983312196387059 ], [ 100.388939447310221, 6.982863038745034 ], [ 100.389164026131198, 6.982863038745039 ], [ 100.389164026131198, 6.982638459923981 ], [ 100.389388604952515, 6.982638459923979 ], [ 100.389388604952515, 6.982413881102937 ], [ 100.390286920236377, 6.982413881102929 ], [ 100.390286920236363, 6.982638459923988 ], [ 100.390511499057681, 6.982638459923995 ], [ 100.390511499057695, 6.982863038745038 ], [ 100.390736077878628, 6.982863038745045 ], [ 100.390736077878628, 6.98331219638706 ], [ 100.39096065669959, 6.983312196387059 ], [ 100.39096065669959, 6.983536775208106 ], [ 100.391185235520567, 6.983536775208109 ], [ 100.391185235520553, 6.983761354029151 ], [ 100.392308129625732, 6.983761354029153 ], [ 100.392308129625732, 6.983536775208099 ], [ 100.392532708446694, 6.983536775208106 ], [ 100.39253270844668, 6.982863038745045 ], [ 100.392308129625732, 6.982863038745047 ], [ 100.392308129625732, 6.982638459923975 ], [ 100.39208355080477, 6.982638459923989 ], [ 100.392083550804756, 6.982413881102939 ], [ 100.391634393162505, 6.982413881102928 ], [ 100.391634393162491, 6.982189302281967 ], [ 100.391409814341529, 6.982189302281969 ], [ 100.391409814341529, 6.981964723460917 ], [ 100.390960656699605, 6.981964723460925 ], [ 100.390960656699605, 6.981740144639881 ], [ 100.390511499057695, 6.98174014463988 ], [ 100.390511499057681, 6.981515565818817 ], [ 100.390062341415401, 6.981515565818817 ], [ 100.390062341415401, 6.98129098699785 ], [ 100.389837762594439, 6.981290986997854 ], [ 100.389837762594425, 6.980841829355766 ], [ 100.389164026131198, 6.980841829355759 ], [ 100.389164026131198, 6.981066408176815 ], [ 100.388490289668297, 6.981066408176803 ], [ 100.388490289668297, 6.981515565818824 ], [ 100.38826571084735, 6.981515565818817 ], [ 100.38826571084735, 6.981740144639871 ], [ 100.388490289668312, 6.981740144639874 ], [ 100.388490289668326, 6.983087617566095 ], [ 100.38826571084735, 6.983087617566096 ], [ 100.38826571084735, 6.983536775208102 ], [ 100.388490289668297, 6.983536775208093 ], [ 100.388490289668297, 6.984210511671159 ], [ 100.388714868489274, 6.984210511671174 ], [ 100.388714868489288, 6.983985932850192 ], [ 100.388939447310236, 6.983985932850212 ], [ 100.388939447310236, 6.983761354029162 ], [ 100.388714868489274, 6.983761354029151 ], [ 100.388714868489274, 6.983312196387047 ] ] ], [ [ [ 100.407579489455784, 6.98376135402916 ], [ 100.407804068276732, 6.983761354029148 ], [ 100.407804068276718, 6.983536775208091 ], [ 100.408253225919012, 6.983536775208093 ], [ 100.408253225919012, 6.982638459923982 ], [ 100.408477804739974, 6.982638459923975 ], [ 100.408477804739974, 6.981964723460925 ], [ 100.408253225919026, 6.981964723460922 ], [ 100.408253225919012, 6.981515565818819 ], [ 100.408028647097709, 6.981515565818822 ], [ 100.408028647097694, 6.981066408176815 ], [ 100.407804068276747, 6.981066408176813 ], [ 100.407804068276732, 6.981290986997852 ], [ 100.40757948945577, 6.981290986997861 ], [ 100.40757948945577, 6.981740144639875 ], [ 100.407354910634808, 6.981740144639878 ], [ 100.407354910634808, 6.983087617566083 ], [ 100.407130331813832, 6.983087617566091 ], [ 100.40713033181386, 6.983312196387049 ], [ 100.406905752992529, 6.983312196387049 ], [ 100.406905752992529, 6.983761354029158 ], [ 100.406681174171567, 6.98376135402916 ], [ 100.406681174171581, 6.984659669313274 ], [ 100.406905752992529, 6.984659669313276 ], [ 100.406905752992529, 6.984884248134317 ], [ 100.407130331813846, 6.984884248134319 ], [ 100.407130331813832, 6.984659669313261 ], [ 100.407354910634808, 6.984659669313271 ], [ 100.407354910634808, 6.984210511671175 ], [ 100.407579489455756, 6.984210511671166 ], [ 100.407579489455784, 6.98376135402916 ] ] ], [ [ [ 100.396575127225432, 6.983536775208109 ], [ 100.396350548404456, 6.983536775208105 ], [ 100.396350548404456, 6.983312196387041 ], [ 100.396125969583167, 6.983312196387041 ], [ 100.396125969583153, 6.983087617566079 ], [ 100.395676811941243, 6.983087617566079 ], [ 100.395676811941243, 6.982863038745047 ], [ 100.394553917836063, 6.982863038745045 ], [ 100.394553917836063, 6.983087617566082 ], [ 100.394329339015101, 6.983087617566095 ], [ 100.394329339015101, 6.983312196387047 ], [ 100.394104760194125, 6.983312196387041 ], [ 100.394104760194139, 6.983985932850195 ], [ 100.395003075478002, 6.983985932850202 ], [ 100.395003075477973, 6.984210511671163 ], [ 100.395452233120281, 6.984210511671161 ], [ 100.395452233120281, 6.984435090492211 ], [ 100.395676811941229, 6.984435090492219 ], [ 100.395676811941243, 6.984210511671161 ], [ 100.39635054840447, 6.984210511671175 ], [ 100.39635054840447, 6.983985932850209 ], [ 100.396575127225447, 6.983985932850205 ], [ 100.396575127225432, 6.983536775208109 ] ] ], [ [ [ 100.412295644697394, 6.996786925648868 ], [ 100.41229564469738, 6.99633776800684 ], [ 100.411172750592229, 6.996337768006843 ], [ 100.411172750592229, 6.996786925648862 ], [ 100.410948171771267, 6.996786925648863 ], [ 100.410948171771267, 6.997644543919387 ], [ 100.411202772819252, 6.997876754355077 ], [ 100.411217499388727, 6.997888366987353 ], [ 100.411246668503679, 6.997909819754021 ], [ 100.411397329413205, 6.997909819754022 ], [ 100.411397329413191, 6.997685240932978 ], [ 100.411621908234153, 6.997685240932968 ], [ 100.411621908234167, 6.997236083290955 ], [ 100.41184648705547, 6.997236083290955 ], [ 100.41184648705547, 6.996786925648862 ], [ 100.412295644697394, 6.996786925648868 ] ] ], [ [ [ 100.433630632695198, 6.937048959254922 ], [ 100.433630632695184, 6.937043265999816 ], [ 100.433513442404916, 6.936884237788423 ], [ 100.433470696426426, 6.936824380434053 ], [ 100.433406053874222, 6.936824380433873 ], [ 100.433406053874137, 6.936733861224937 ], [ 100.433365730357878, 6.936677396053476 ], [ 100.433195660439367, 6.936561080205049 ], [ 100.432754251231344, 6.93651717948279 ], [ 100.432226232603782, 6.936518772983504 ], [ 100.431841573925595, 6.936531244740026 ], [ 100.431509767255193, 6.936562396558311 ], [ 100.431160265663891, 6.936650828591022 ], [ 100.431160265663877, 6.937048959254922 ], [ 100.431384844484839, 6.93704895925492 ], [ 100.431384844484867, 6.937273538075984 ], [ 100.432058580948095, 6.937273538075984 ], [ 100.432058580948095, 6.937498116897025 ], [ 100.432507738590019, 6.937498116897024 ], [ 100.432507738590019, 6.937722695717988 ], [ 100.432956896232284, 6.937722695717986 ], [ 100.432956896232312, 6.937498116897015 ], [ 100.433181475053246, 6.937498116897019 ], [ 100.43318147505326, 6.937273538075968 ], [ 100.433406053874222, 6.93727353807598 ], [ 100.433406053874236, 6.937048959254915 ], [ 100.433630632695198, 6.937048959254922 ] ] ], [ [ [ 100.436457250952699, 6.945143431272834 ], [ 100.438140636678185, 6.94520153970477 ], [ 100.439824021614044, 6.945259651114666 ], [ 100.442955435650489, 6.945458702331599 ], [ 100.443512100820698, 6.945375186558184 ], [ 100.443512100820698, 6.945133796812042 ], [ 100.443287521999395, 6.945133796812037 ], [ 100.443287521999409, 6.944909217990995 ], [ 100.442389206715546, 6.944909217990984 ], [ 100.442389206715532, 6.944684639169937 ], [ 100.442164627894215, 6.944684639169935 ], [ 100.442164627894215, 6.944460060348892 ], [ 100.441940049073267, 6.944460060348887 ], [ 100.441940049073267, 6.944235481527849 ], [ 100.442164627894243, 6.944235481527847 ], [ 100.442164627894229, 6.943337166243717 ], [ 100.441940049073267, 6.943337166243721 ], [ 100.441940049073267, 6.942663429780656 ], [ 100.441266312610381, 6.942663429780657 ], [ 100.441266312610381, 6.943786323885835 ], [ 100.441041733789064, 6.943786323885819 ], [ 100.441041733789078, 6.944460060348884 ], [ 100.440817154968101, 6.944460060348889 ], [ 100.440817154968101, 6.94490921799099 ], [ 100.440592576147139, 6.944909217991 ], [ 100.440592576147125, 6.945133796812054 ], [ 100.439694260862922, 6.94513379681205 ], [ 100.439694260862936, 6.944909217990991 ], [ 100.439245103220998, 6.944909217990994 ], [ 100.439245103220998, 6.944684639169945 ], [ 100.438795945579088, 6.944684639169936 ], [ 100.438795945579088, 6.944460060348888 ], [ 100.438346787936808, 6.944460060348894 ], [ 100.438346787936794, 6.944235481527841 ], [ 100.437897630294898, 6.944235481527848 ], [ 100.437897630294884, 6.944010902706885 ], [ 100.436999315010681, 6.944010902706879 ], [ 100.436999315010667, 6.944460060348892 ], [ 100.436774736189719, 6.944460060348884 ], [ 100.436774736189719, 6.944909217990989 ], [ 100.436550157368757, 6.944909217990985 ], [ 100.436550157368742, 6.945133796812041 ], [ 100.436325578547439, 6.945133796812042 ], [ 100.436325578547439, 6.945358375633004 ], [ 100.435876420905515, 6.945358375633 ], [ 100.435876420905515, 6.945133796812046 ], [ 100.435427263263591, 6.945133796812047 ], [ 100.435427263263577, 6.944909217990994 ], [ 100.434528947979388, 6.944909217990991 ], [ 100.434528947979388, 6.945133796812035 ], [ 100.43430436915844, 6.945133796812036 ], [ 100.434304369158426, 6.945358375633 ], [ 100.434528947979388, 6.945358375633001 ], [ 100.434528947979402, 6.945807533275107 ], [ 100.43475352680035, 6.945807533275106 ], [ 100.43475352680035, 6.946032112096164 ], [ 100.435651842084539, 6.946032112096164 ], [ 100.435651842084567, 6.945807533275113 ], [ 100.435876420905515, 6.945807533275106 ], [ 100.435876420905529, 6.946032112096158 ], [ 100.436100999726477, 6.946032112096169 ], [ 100.436100999726492, 6.9458075332751 ], [ 100.436325578547439, 6.94580753327511 ], [ 100.436325578547425, 6.946705848559229 ], [ 100.436100999726477, 6.946705848559224 ], [ 100.436100999726492, 6.946930427380266 ], [ 100.436774736189719, 6.946930427380265 ], [ 100.436774736189733, 6.946256690917122 ], [ 100.43692166075185, 6.946256690917116 ], [ 100.436828695543326, 6.946061167702606 ], [ 100.436715426137383, 6.945697422509445 ], [ 100.436457250952699, 6.945143431272834 ] ] ], [ [ [ 100.42352458574905, 6.944235481527848 ], [ 100.42352458574905, 6.944460060348889 ], [ 100.423300006927732, 6.944460060348892 ], [ 100.423300006927747, 6.945807533275109 ], [ 100.423075428106756, 6.945807533275105 ], [ 100.423075428106756, 6.946032112096152 ], [ 100.423300006927747, 6.946032112096163 ], [ 100.423300006927718, 6.946930427380264 ], [ 100.42307542810677, 6.946930427380278 ], [ 100.42307542810677, 6.947155006201227 ], [ 100.423524585749064, 6.947155006201234 ], [ 100.42352458574905, 6.946256690917128 ], [ 100.423749164569998, 6.946256690917119 ], [ 100.423749164569998, 6.944909217990984 ], [ 100.42397374339096, 6.944909217991 ], [ 100.423973743390974, 6.944235481527845 ], [ 100.42352458574905, 6.944235481527848 ] ] ], [ [ [ 100.433181475053274, 6.948727057948506 ], [ 100.43318147505326, 6.94850247912746 ], [ 100.432956896232298, 6.94850247912745 ], [ 100.432956896232298, 6.948277900306403 ], [ 100.432732317410967, 6.948277900306396 ], [ 100.432732317410967, 6.94805332148535 ], [ 100.432507738590019, 6.948053321485352 ], [ 100.432507738590004, 6.947828742664392 ], [ 100.432283159769057, 6.94782874266439 ], [ 100.432283159769057, 6.94805332148536 ], [ 100.432058580948095, 6.948053321485352 ], [ 100.432058580948095, 6.948277900306404 ], [ 100.431834002127147, 6.948277900306405 ], [ 100.431834002127118, 6.948502479127457 ], [ 100.431609423305815, 6.94850247912746 ], [ 100.431609423305829, 6.94872705794851 ], [ 100.431160265663891, 6.948727057948502 ], [ 100.431160265663877, 6.948951636769555 ], [ 100.431609423305815, 6.948951636769555 ], [ 100.431609423305815, 6.949176215590517 ], [ 100.432058580948095, 6.949176215590508 ], [ 100.43205858094808, 6.949400794411566 ], [ 100.432732317410981, 6.949400794411561 ], [ 100.432732317410967, 6.949625373232611 ], [ 100.432956896232312, 6.949625373232624 ], [ 100.432956896232298, 6.94940079441157 ], [ 100.43318147505326, 6.949400794411565 ], [ 100.43318147505326, 6.949176215590508 ], [ 100.433406053874222, 6.949176215590511 ], [ 100.433406053874236, 6.948727057948494 ], [ 100.433181475053274, 6.948727057948506 ] ] ], [ [ [ 100.418134694044184, 6.969612888304288 ], [ 100.418359272865146, 6.969612888304274 ], [ 100.418359272865132, 6.968939151841214 ], [ 100.418583851686108, 6.968939151841217 ], [ 100.418583851686108, 6.96848999419911 ], [ 100.418808430507426, 6.968489994199109 ], [ 100.418808430507426, 6.968040836557018 ], [ 100.41925758814935, 6.968040836557009 ], [ 100.419257588149364, 6.967816257736058 ], [ 100.419706745791274, 6.967816257736051 ], [ 100.419706745791288, 6.967591678914996 ], [ 100.419931324612591, 6.967591678914998 ], [ 100.419931324612605, 6.966693363630881 ], [ 100.419706745791288, 6.966693363630891 ], [ 100.419706745791274, 6.966244205988787 ], [ 100.419482166970326, 6.966244205988777 ], [ 100.419482166970312, 6.96444757542056 ], [ 100.41925758814935, 6.964447575420556 ], [ 100.41925758814935, 6.964222996599508 ], [ 100.419033009328388, 6.9642229965995 ], [ 100.419033009328402, 6.963998417778535 ], [ 100.418583851686122, 6.963998417778538 ], [ 100.418583851686108, 6.964222996599509 ], [ 100.418359272865132, 6.964222996599502 ], [ 100.418359272865146, 6.964896733062653 ], [ 100.418134694044184, 6.964896733062657 ], [ 100.418134694044184, 6.965570469525722 ], [ 100.417910115223222, 6.965570469525715 ], [ 100.417910115223208, 6.965795048346761 ], [ 100.41768553640226, 6.965795048346768 ], [ 100.41768553640226, 6.966019627167811 ], [ 100.417460957580957, 6.966019627167827 ], [ 100.417460957580943, 6.966244205988783 ], [ 100.417236378759981, 6.966244205988781 ], [ 100.417236378759981, 6.966693363630885 ], [ 100.416787221118057, 6.966693363630887 ], [ 100.416787221118057, 6.966917942451945 ], [ 100.416562642297094, 6.966917942451943 ], [ 100.41656264229708, 6.967142521272899 ], [ 100.416338063475777, 6.967142521272892 ], [ 100.416338063475791, 6.967591678915007 ], [ 100.417011799939019, 6.967591678915 ], [ 100.417011799939019, 6.967816257736043 ], [ 100.417236378759981, 6.967816257736049 ], [ 100.417236378759966, 6.968040836557003 ], [ 100.417460957580943, 6.968040836557004 ], [ 100.417460957580943, 6.968489994199117 ], [ 100.417236378759981, 6.968489994199116 ], [ 100.417236378759981, 6.968714573020156 ], [ 100.417011799939033, 6.968714573020156 ], [ 100.417011799939019, 6.968939151841221 ], [ 100.416562642297094, 6.968939151841225 ], [ 100.41656264229708, 6.969388309483229 ], [ 100.416338063475777, 6.96938830948323 ], [ 100.416338063475777, 6.969837467125322 ], [ 100.416113484654815, 6.969837467125338 ], [ 100.416113484654815, 6.970062045946301 ], [ 100.416338063475791, 6.970062045946302 ], [ 100.416338063475777, 6.970286624767349 ], [ 100.416562642297094, 6.970286624767343 ], [ 100.41656264229708, 6.970511203588393 ], [ 100.416787221118057, 6.970511203588394 ], [ 100.416787221118057, 6.970735782409443 ], [ 100.417685536402274, 6.970735782409449 ], [ 100.41768553640226, 6.970286624767345 ], [ 100.417910115223222, 6.970286624767339 ], [ 100.417910115223222, 6.969837467125323 ], [ 100.418134694044184, 6.969837467125334 ], [ 100.418134694044184, 6.969612888304288 ] ] ], [ [ [ 100.419706745791288, 6.971634097693551 ], [ 100.41970674579126, 6.9714095188725 ], [ 100.419931324612591, 6.971409518872513 ], [ 100.419931324612591, 6.970062045946286 ], [ 100.419706745791274, 6.970062045946293 ], [ 100.41970674579126, 6.969837467125323 ], [ 100.419257588149364, 6.969837467125326 ], [ 100.419257588149364, 6.9700620459463 ], [ 100.419033009328388, 6.970062045946301 ], [ 100.419033009328388, 6.970286624767351 ], [ 100.418808430507426, 6.970286624767336 ], [ 100.418808430507426, 6.970735782409448 ], [ 100.418583851686108, 6.97073578240945 ], [ 100.418583851686122, 6.970960361230408 ], [ 100.418359272865132, 6.970960361230415 ], [ 100.418359272865146, 6.971409518872511 ], [ 100.418134694044184, 6.971409518872511 ], [ 100.418134694044184, 6.971858676514525 ], [ 100.418359272865146, 6.971858676514521 ], [ 100.418359272865146, 6.972307834156624 ], [ 100.418583851686108, 6.972307834156619 ], [ 100.418583851686108, 6.972532412977676 ], [ 100.419033009328388, 6.972532412977682 ], [ 100.419033009328373, 6.972307834156624 ], [ 100.41925758814935, 6.972307834156617 ], [ 100.419257588149364, 6.972083255335577 ], [ 100.419482166970297, 6.972083255335564 ], [ 100.419482166970312, 6.971634097693568 ], [ 100.419706745791288, 6.971634097693551 ] ] ], [ [ [ 100.412744802339333, 6.975901095293084 ], [ 100.412744802339319, 6.976125674114137 ], [ 100.412969381160636, 6.976125674114127 ], [ 100.412969381160636, 6.976350252935194 ], [ 100.413643117623522, 6.976350252935189 ], [ 100.413643117623536, 6.975451937651075 ], [ 100.41341853880256, 6.97545193765107 ], [ 100.41341853880256, 6.975227358830021 ], [ 100.413193959981598, 6.975227358830018 ], [ 100.413193959981612, 6.975002780008957 ], [ 100.412744802339304, 6.975002780008976 ], [ 100.412744802339333, 6.975227358830024 ], [ 100.412520223518371, 6.975227358830011 ], [ 100.412520223518356, 6.975901095293076 ], [ 100.412744802339333, 6.975901095293084 ] ] ], [ [ [ 100.415664327012891, 6.976799410577188 ], [ 100.415439748191929, 6.976799410577197 ], [ 100.415439748191915, 6.976574831756144 ], [ 100.415215169370967, 6.976574831756144 ], [ 100.415215169370953, 6.976125674114122 ], [ 100.414766011728673, 6.976125674114139 ], [ 100.414766011728673, 6.975901095293091 ], [ 100.414541432907725, 6.975901095293085 ], [ 100.414541432907725, 6.975676516472024 ], [ 100.414092275265801, 6.975676516472023 ], [ 100.414092275265787, 6.976350252935182 ], [ 100.414316854086763, 6.97635025293518 ], [ 100.414316854086763, 6.976574831756152 ], [ 100.414766011728688, 6.976574831756154 ], [ 100.414766011728688, 6.976799410577201 ], [ 100.41499059054965, 6.976799410577194 ], [ 100.414990590549664, 6.977023989398245 ], [ 100.415215169370967, 6.977023989398251 ], [ 100.415215169370967, 6.978146883503419 ], [ 100.415439748191929, 6.978146883503421 ], [ 100.415439748191929, 6.978371462324456 ], [ 100.415664327012877, 6.978371462324468 ], [ 100.415664327012891, 6.978146883503422 ], [ 100.415888905833867, 6.978146883503403 ], [ 100.415888905833853, 6.977248568219288 ], [ 100.415664327012891, 6.977248568219308 ], [ 100.415664327012891, 6.976799410577188 ] ] ], [ [ [ 100.421076631518815, 6.979945821947228 ], [ 100.421021332765307, 6.979834231169541 ], [ 100.420979966173022, 6.979665113567562 ], [ 100.420990943324668, 6.9796021369726 ], [ 100.420980933497191, 6.979521935990138 ], [ 100.420960467340976, 6.979479676103514 ], [ 100.420924948148325, 6.979425126550729 ], [ 100.420864575577809, 6.979335389476608 ], [ 100.420847630279141, 6.97929047111292 ], [ 100.420846151160802, 6.97926977760857 ], [ 100.420829639896439, 6.979269777608579 ], [ 100.420829639896454, 6.97904519878752 ], [ 100.420605061075477, 6.979045198787526 ], [ 100.420605061075477, 6.978820619966483 ], [ 100.420380482254515, 6.978820619966469 ], [ 100.420380482254515, 6.978621956071444 ], [ 100.420365543942054, 6.978573457579387 ], [ 100.420361016036267, 6.978543484672662 ], [ 100.420360920761311, 6.978518788728607 ], [ 100.4203652527884, 6.97849760271096 ], [ 100.420379297808026, 6.978477261035063 ], [ 100.420380482254515, 6.978476376532637 ], [ 100.420380482254529, 6.978146883503409 ], [ 100.420155903433553, 6.978146883503417 ], [ 100.420155903433553, 6.97775812924867 ], [ 100.420057558542922, 6.977740919873862 ], [ 100.419980462109066, 6.977717679176313 ], [ 100.41994796226119, 6.97769772586131 ], [ 100.419931324612605, 6.977697725861306 ], [ 100.419931324612605, 6.977685872581005 ], [ 100.419917109638774, 6.977673902374125 ], [ 100.419902572164531, 6.977652468373422 ], [ 100.419899204103586, 6.97761392166714 ], [ 100.419905273491338, 6.977567681499712 ], [ 100.419918188370815, 6.977530014545371 ], [ 100.419931324612591, 6.977503039833208 ], [ 100.419931324612605, 6.977473147040341 ], [ 100.419706745791274, 6.977473147040358 ], [ 100.419706745791274, 6.977023989398256 ], [ 100.419482166970312, 6.977023989398258 ], [ 100.419482166970312, 6.976350252935179 ], [ 100.41925758814935, 6.976350252935188 ], [ 100.419257588149335, 6.976125674114127 ], [ 100.418808430507426, 6.976125674114136 ], [ 100.418808430507426, 6.975901095293073 ], [ 100.418134694044184, 6.975901095293076 ], [ 100.418134694044198, 6.97635025293518 ], [ 100.417236378759966, 6.976350252935182 ], [ 100.417236378759981, 6.97612567411413 ], [ 100.417011799939004, 6.976125674114139 ], [ 100.417011799939033, 6.976350252935186 ], [ 100.416787221118057, 6.976350252935174 ], [ 100.416787221118057, 6.976574831756139 ], [ 100.416562642297094, 6.976574831756143 ], [ 100.416562642297094, 6.977922304682359 ], [ 100.417685536402246, 6.977922304682365 ], [ 100.41768553640226, 6.977697725861309 ], [ 100.418359272865146, 6.977697725861306 ], [ 100.418359272865146, 6.977473147040341 ], [ 100.419257588149364, 6.97747314704036 ], [ 100.419257588149364, 6.977697725861303 ], [ 100.419482166970297, 6.97769772586132 ], [ 100.419482166970297, 6.979718935250591 ], [ 100.419706745791274, 6.979718935250588 ], [ 100.41970674579126, 6.980168092892689 ], [ 100.419931324612591, 6.980168092892687 ], [ 100.419931324612605, 6.980392671713655 ], [ 100.420333095508951, 6.980392671713664 ], [ 100.420449204584386, 6.98036544719591 ], [ 100.420663676375113, 6.980369116278546 ], [ 100.420717071706633, 6.980392671713653 ], [ 100.421069664747108, 6.980392671713647 ], [ 100.421070710117561, 6.980380562192985 ], [ 100.421092689585123, 6.980205045104656 ], [ 100.421097100074178, 6.980121086007556 ], [ 100.42109692979858, 6.980073651037379 ], [ 100.421085974412904, 6.979979314971749 ], [ 100.421076631518815, 6.979945821947228 ] ] ], [ [ [ 100.412166751804577, 6.981143447197846 ], [ 100.413643117623522, 6.98098670181468 ], [ 100.413643117623536, 6.980841829355755 ], [ 100.41386769644447, 6.980841829355749 ], [ 100.41386769644447, 6.980168092892683 ], [ 100.413643117623522, 6.980168092892696 ], [ 100.413643117623522, 6.979943514071646 ], [ 100.41341853880256, 6.979943514071648 ], [ 100.41341853880256, 6.979718935250583 ], [ 100.412969381160622, 6.979718935250593 ], [ 100.412969381160636, 6.979943514071649 ], [ 100.412295644697394, 6.979943514071648 ], [ 100.412295644697394, 6.980168092892691 ], [ 100.411621908234139, 6.9801680928927 ], [ 100.411621908234153, 6.979943514071643 ], [ 100.411172750592243, 6.979943514071633 ], [ 100.411172750592229, 6.979718935250583 ], [ 100.410948171771253, 6.979718935250583 ], [ 100.410948171771267, 6.979494356429536 ], [ 100.410723592950305, 6.979494356429532 ], [ 100.410723592950305, 6.979718935250601 ], [ 100.410499014129343, 6.979718935250595 ], [ 100.410499014129343, 6.979943514071645 ], [ 100.41027443530804, 6.979943514071649 ], [ 100.410274435308025, 6.980617250534711 ], [ 100.410499014129343, 6.980617250534704 ], [ 100.410499014129329, 6.980841829355754 ], [ 100.410948171771281, 6.980841829355755 ], [ 100.410948171771267, 6.981515565818815 ], [ 100.411621908234153, 6.981515565818811 ], [ 100.411621908234153, 6.981290986997848 ], [ 100.413643117623522, 6.981290986997857 ], [ 100.413643117623522, 6.981050387252225 ], [ 100.412167738587144, 6.981204935215976 ], [ 100.412166751804577, 6.981143447197846 ] ] ], [ [ [ 100.423847197243546, 6.982344211015273 ], [ 100.423916654152023, 6.982199815602327 ], [ 100.424097560806302, 6.982061771521269 ], [ 100.424198322211936, 6.981968013547341 ], [ 100.42419832221195, 6.981740144639862 ], [ 100.424218865194717, 6.981740144639867 ], [ 100.424160967151025, 6.981682347709607 ], [ 100.424149604230109, 6.98167687821285 ], [ 100.424118508166259, 6.981665916741997 ], [ 100.424118141761753, 6.981666863771379 ], [ 100.424032091024458, 6.981633548739063 ], [ 100.42396693280601, 6.981598994088011 ], [ 100.423901459651987, 6.981561345230818 ], [ 100.423670333497867, 6.981474244192876 ], [ 100.423662470936947, 6.981473708609832 ], [ 100.423656428200943, 6.981473732042367 ], [ 100.423617021919327, 6.981492446603204 ], [ 100.423519659480505, 6.98153691127738 ], [ 100.423481391413645, 6.981549821152679 ], [ 100.423444258966938, 6.981555765204423 ], [ 100.423390834544975, 6.981552491806873 ], [ 100.423305993578211, 6.98153193480356 ], [ 100.423244119932619, 6.981515565818816 ], [ 100.42307542810677, 6.981515565818826 ], [ 100.42307542810677, 6.983536775208102 ], [ 100.423412243515045, 6.983536775208109 ], [ 100.423412677409743, 6.983535852946988 ], [ 100.423505646012785, 6.983426896341126 ], [ 100.42352458574905, 6.983399288580152 ], [ 100.42352458574905, 6.983087617566096 ], [ 100.423749164570012, 6.983087617566089 ], [ 100.423749164570012, 6.982863038745032 ], [ 100.423881205115265, 6.982863038745044 ], [ 100.423905669229555, 6.982718662289358 ], [ 100.423847197243546, 6.982344211015273 ] ] ], [ [ [ 100.412520223518356, 6.983312196387047 ], [ 100.412520223518342, 6.983761354029143 ], [ 100.41229564469738, 6.983761354029152 ], [ 100.412295644697394, 6.984210511671171 ], [ 100.412071065876432, 6.984210511671155 ], [ 100.412071065876418, 6.985108826955281 ], [ 100.41229564469738, 6.985108826955275 ], [ 100.412295644697394, 6.985333405776336 ], [ 100.413193959981598, 6.985333405776321 ], [ 100.413193959981598, 6.984210511671163 ], [ 100.412969381160636, 6.98421051167117 ], [ 100.412969381160622, 6.983985932850209 ], [ 100.413193959981598, 6.983985932850195 ], [ 100.413193959981598, 6.98376135402915 ], [ 100.412969381160636, 6.983761354029152 ], [ 100.41296938116065, 6.983312196387049 ], [ 100.412520223518356, 6.983312196387047 ] ] ], [ [ [ 100.416338063475791, 6.984435090492207 ], [ 100.416562642297094, 6.984435090492222 ], [ 100.416562642297109, 6.984659669313275 ], [ 100.417460957580928, 6.984659669313259 ], [ 100.417460957580943, 6.984435090492214 ], [ 100.41768553640226, 6.984435090492213 ], [ 100.41768553640226, 6.984210511671172 ], [ 100.417910115223222, 6.984210511671161 ], [ 100.417910115223222, 6.983903566708376 ], [ 100.417830136925645, 6.98391310337646 ], [ 100.417733423923934, 6.983927492632026 ], [ 100.417672674387788, 6.983932345231505 ], [ 100.417654833283819, 6.98393377254541 ], [ 100.417586307534549, 6.983935990698453 ], [ 100.417501605850603, 6.983922147797496 ], [ 100.417460957580943, 6.98391434942098 ], [ 100.417460957580943, 6.983985932850199 ], [ 100.416787221118057, 6.983985932850206 ], [ 100.416787221118057, 6.983655783071312 ], [ 100.416746831488126, 6.983620298366526 ], [ 100.416659617072611, 6.983536775208103 ], [ 100.415888905833853, 6.983536775208097 ], [ 100.415888905833853, 6.983761354029154 ], [ 100.414541432907725, 6.983761354029147 ], [ 100.414541432907725, 6.983985932850199 ], [ 100.414092275265801, 6.983985932850196 ], [ 100.414092275265801, 6.983761354029158 ], [ 100.41386769644447, 6.983761354029158 ], [ 100.41386769644447, 6.984210511671171 ], [ 100.414092275265801, 6.984210511671157 ], [ 100.414092275265801, 6.984435090492222 ], [ 100.414316854086763, 6.984435090492207 ], [ 100.414316854086778, 6.984659669313267 ], [ 100.414541432907725, 6.984659669313263 ], [ 100.414541432907725, 6.985108826955287 ], [ 100.41499059054965, 6.985108826955273 ], [ 100.41499059054965, 6.984884248134317 ], [ 100.416113484654801, 6.984884248134314 ], [ 100.416113484654801, 6.984659669313273 ], [ 100.416338063475763, 6.984659669313264 ], [ 100.416338063475791, 6.984435090492207 ] ] ], [ [ [ 100.440544237653313, 7.000694044164346 ], [ 100.440456105155121, 7.00061314796687 ], [ 100.440451056324449, 7.000604765606453 ], [ 100.440367997326163, 7.000604765606366 ], [ 100.440367997326192, 7.000521958097778 ], [ 100.440211491893209, 7.000380186785312 ], [ 100.440143418505215, 7.000380186785319 ], [ 100.44014341850523, 7.000331966010656 ], [ 100.439990446317424, 7.000231807834154 ], [ 100.439862349052348, 7.000169778153289 ], [ 100.439824194926459, 7.000155607964352 ], [ 100.439694260862936, 7.000155607964349 ], [ 100.43969426086295, 7.000107351316167 ], [ 100.439565682117419, 7.00005959802409 ], [ 100.439245103221026, 6.999962867973277 ], [ 100.439245103220998, 7.000604765606375 ], [ 100.439469682041974, 7.000604765606357 ], [ 100.439469682041974, 7.001053923248461 ], [ 100.439918839684253, 7.001053923248467 ], [ 100.439918839684253, 7.001278502069426 ], [ 100.44014341850523, 7.001278502069441 ], [ 100.440143418505215, 7.001053923248477 ], [ 100.440367997326163, 7.001053923248474 ], [ 100.440367997326177, 7.000829344427427 ], [ 100.440592576147139, 7.000829344427417 ], [ 100.440592576147125, 7.000722242238001 ], [ 100.440544237653313, 7.000694044164346 ] ] ], [ [ [ 100.431160265663877, 7.002625974995648 ], [ 100.430711108021953, 7.002625974995658 ], [ 100.430711108021967, 7.003075132637743 ], [ 100.430486529200991, 7.003075132637757 ], [ 100.430486529200991, 7.003299711458714 ], [ 100.43003737155874, 7.003299711458703 ], [ 100.430037371558726, 7.003524290279755 ], [ 100.429588213916787, 7.003524290279761 ], [ 100.429588213916787, 7.003299711458708 ], [ 100.42891447745356, 7.003299711458712 ], [ 100.42891447745356, 7.003524290279761 ], [ 100.428465319811636, 7.003524290279767 ], [ 100.428465319811636, 7.004422605563886 ], [ 100.428689898632598, 7.00442260556388 ], [ 100.428689898632612, 7.004647184384919 ], [ 100.429363635095839, 7.004647184384925 ], [ 100.429363635095839, 7.00509634202694 ], [ 100.429588213916816, 7.005096342026937 ], [ 100.429588213916816, 7.005770078490092 ], [ 100.430037371558726, 7.005770078490086 ], [ 100.43003737155874, 7.00554549966904 ], [ 100.430261950379688, 7.005545499669044 ], [ 100.430261950379688, 7.005770078490086 ], [ 100.430486529201005, 7.005770078490086 ], [ 100.430486529201005, 7.00599465731114 ], [ 100.430711108021967, 7.005994657311155 ], [ 100.430711108021981, 7.006219236132117 ], [ 100.430935686842943, 7.006219236132115 ], [ 100.430935686842929, 7.005994657311146 ], [ 100.431160265663891, 7.005994657311136 ], [ 100.431160265663905, 7.005770078490086 ], [ 100.431384844484853, 7.005770078490098 ], [ 100.431384844484839, 7.00487176320598 ], [ 100.431160265663891, 7.004871763205982 ], [ 100.431160265663877, 7.002625974995648 ] ], [ [ 100.430261950379688, 7.00419802674282 ], [ 100.430037371558711, 7.004198026742824 ], [ 100.430037371558726, 7.003973447921867 ], [ 100.430711108021953, 7.003973447921855 ], [ 100.430711108021967, 7.004198026742826 ], [ 100.430486529201005, 7.00419802674282 ], [ 100.430486529201005, 7.004422605563886 ], [ 100.430261950379673, 7.004422605563875 ], [ 100.430261950379688, 7.00419802674282 ] ] ], [ [ [ 100.447554519599095, 6.949400794411559 ], [ 100.447779098420057, 6.949400794411565 ], [ 100.447779098420071, 6.949176215590521 ], [ 100.448228256062322, 6.949176215590525 ], [ 100.448228256062322, 6.949009800747715 ], [ 100.448220615007969, 6.94900549400502 ], [ 100.448121386969561, 6.948991613487316 ], [ 100.447802140893586, 6.948990180310361 ], [ 100.447730539260178, 6.948973826214067 ], [ 100.447687656776466, 6.948951636769548 ], [ 100.447554519599109, 6.948951636769555 ], [ 100.447554519599095, 6.949176215590517 ], [ 100.447329940778133, 6.949176215590519 ], [ 100.447329940778147, 6.949625373232611 ], [ 100.446880783135853, 6.94962537323261 ], [ 100.446880783135867, 6.949849952053663 ], [ 100.446656204314891, 6.949849952053676 ], [ 100.446656204314905, 6.950523688516729 ], [ 100.447105361957171, 6.950523688516727 ], [ 100.447105361957171, 6.950299109695681 ], [ 100.447329940778147, 6.950299109695679 ], [ 100.447329940778133, 6.949849952053668 ], [ 100.447554519599095, 6.949849952053664 ], [ 100.447554519599095, 6.949400794411559 ] ] ], [ [ [ 100.447105361957171, 6.95366779201118 ], [ 100.447105361957185, 6.953892370832133 ], [ 100.447329940778133, 6.953892370832144 ], [ 100.447329940778147, 6.954116949653186 ], [ 100.447779098420042, 6.954116949653185 ], [ 100.447779098420071, 6.954341528474237 ], [ 100.448003677241019, 6.954341528474233 ], [ 100.448003677241019, 6.953892370832131 ], [ 100.448228256062336, 6.953892370832142 ], [ 100.448228256062336, 6.953667792011172 ], [ 100.448003677241033, 6.95366779201118 ], [ 100.448003677241005, 6.952994055548032 ], [ 100.447554519599095, 6.952994055548027 ], [ 100.447554519599095, 6.952769476727073 ], [ 100.447329940778133, 6.952769476727058 ], [ 100.447329940778133, 6.95254489790601 ], [ 100.447105361957156, 6.952544897906016 ], [ 100.447105361957171, 6.952769476727054 ], [ 100.446880783135853, 6.952769476727066 ], [ 100.446880783135839, 6.95299405554803 ], [ 100.446431625493929, 6.952994055548028 ], [ 100.446431625493929, 6.953218634369075 ], [ 100.444634994925877, 6.953218634369075 ], [ 100.444634994925877, 6.953443213190121 ], [ 100.44441041610456, 6.953443213190135 ], [ 100.44441041610456, 6.95411694965319 ], [ 100.444185837283598, 6.954116949653186 ], [ 100.444185837283612, 6.954790686116262 ], [ 100.444634994925877, 6.954790686116257 ], [ 100.444634994925877, 6.954566107295283 ], [ 100.445757889031043, 6.9545661072953 ], [ 100.445757889031043, 6.954790686116256 ], [ 100.445982467852005, 6.954790686116257 ], [ 100.445982467852005, 6.955015264937303 ], [ 100.446207046672967, 6.955015264937313 ], [ 100.446207046672981, 6.955239843758362 ], [ 100.446656204314877, 6.955239843758363 ], [ 100.446656204314891, 6.955464422579417 ], [ 100.447105361957171, 6.955464422579405 ], [ 100.447105361957171, 6.955015264937297 ], [ 100.446880783135853, 6.955015264937315 ], [ 100.446880783135867, 6.954790686116262 ], [ 100.446656204314905, 6.954790686116255 ], [ 100.446656204314891, 6.954341528474238 ], [ 100.446431625493915, 6.95434152847425 ], [ 100.446431625493929, 6.953892370832149 ], [ 100.446656204314891, 6.953892370832135 ], [ 100.446656204314891, 6.953667792011172 ], [ 100.447105361957171, 6.95366779201118 ] ] ], [ [ [ 100.450024886630388, 6.955015264937305 ], [ 100.450024886630388, 6.954566107295295 ], [ 100.449575728988464, 6.954566107295285 ], [ 100.449575728988449, 6.954790686116257 ], [ 100.449351150167487, 6.954790686116252 ], [ 100.449351150167502, 6.955239843758362 ], [ 100.449126571346184, 6.95523984375836 ], [ 100.449126571346184, 6.955464422579413 ], [ 100.44867741370426, 6.955464422579401 ], [ 100.44867741370426, 6.955239843758355 ], [ 100.448452834883284, 6.955239843758355 ], [ 100.448452834883298, 6.955015264937301 ], [ 100.448228256062336, 6.955015264937309 ], [ 100.448228256062336, 6.954566107295301 ], [ 100.448003677241005, 6.954566107295282 ], [ 100.448003677241019, 6.955015264937316 ], [ 100.447779098420071, 6.955015264937299 ], [ 100.447779098420057, 6.956362737863521 ], [ 100.448003677241019, 6.956362737863518 ], [ 100.448003677241033, 6.956587316684492 ], [ 100.448452834883298, 6.95658731668449 ], [ 100.448452834883298, 6.956811895505533 ], [ 100.449351150167502, 6.956811895505543 ], [ 100.449351150167487, 6.956587316684478 ], [ 100.449575728988464, 6.956587316684478 ], [ 100.449575728988464, 6.95546442257941 ], [ 100.449800307809411, 6.955464422579416 ], [ 100.449800307809426, 6.955015264937309 ], [ 100.450024886630388, 6.955015264937305 ] ] ], [ [ [ 100.453618147766832, 6.958722214887851 ], [ 100.453579362122269, 6.958774426136165 ], [ 100.45342266967377, 6.958895030035832 ], [ 100.453339487434363, 6.958932770726757 ], [ 100.45325856566302, 6.958948922548327 ], [ 100.453193637048713, 6.958975031284483 ], [ 100.453146335981117, 6.958971323365449 ], [ 100.453094260349843, 6.958981717555918 ], [ 100.4529646525299, 6.958969365448141 ], [ 100.452944814037366, 6.958955526109938 ], [ 100.45294441130396, 6.958955494539724 ], [ 100.45294441130396, 6.959282262536913 ], [ 100.453168990124936, 6.959282262536909 ], [ 100.453168990124922, 6.960180577821041 ], [ 100.452944411303946, 6.960180577821031 ], [ 100.45294441130396, 6.961078893105157 ], [ 100.452719832482657, 6.961078893105135 ], [ 100.452719832482643, 6.961303471926205 ], [ 100.453393568945884, 6.961303471926191 ], [ 100.453393568945899, 6.961078893105151 ], [ 100.453168990124922, 6.961078893105139 ], [ 100.453168990124922, 6.960854314284099 ], [ 100.45339356894587, 6.960854314284089 ], [ 100.453393568945884, 6.96018057782103 ], [ 100.453618147766846, 6.96018057782104 ], [ 100.453618147766832, 6.958722214887851 ] ] ], [ [ [ 100.457485352977301, 6.960580034873184 ], [ 100.457444885923621, 6.960591135185396 ], [ 100.457328808982211, 6.960613590564559 ], [ 100.457145663135194, 6.960706776198972 ], [ 100.457116203622036, 6.960744813688309 ], [ 100.457047214625575, 6.960923619697775 ], [ 100.456962861061356, 6.961041099173965 ], [ 100.456962177808435, 6.961040817324478 ], [ 100.456891071632995, 6.961140034101314 ], [ 100.456801316638007, 6.96119700639221 ], [ 100.456649534684601, 6.96124879536061 ], [ 100.456325898593079, 6.961304648391619 ], [ 100.456088514798154, 6.961296278234865 ], [ 100.456088514798139, 6.961752629568202 ], [ 100.456313093619102, 6.961752629568217 ], [ 100.456313093619102, 6.961977208389252 ], [ 100.456528222669334, 6.961977208389267 ], [ 100.456568791787518, 6.961910697572234 ], [ 100.45662340888272, 6.961877258519193 ], [ 100.456829732224065, 6.961813479954638 ], [ 100.457237744458538, 6.961516832448866 ], [ 100.457272464767328, 6.961466736166378 ], [ 100.457392659046917, 6.961161338072006 ], [ 100.457418559125429, 6.961084282833712 ], [ 100.457506823024545, 6.960752431345914 ], [ 100.457516052474105, 6.960656965676157 ], [ 100.457506680520581, 6.9605856825635 ], [ 100.457485352977301, 6.960580034873184 ] ] ], [ [ [ 100.455414778335253, 6.973655307082836 ], [ 100.455414778335253, 6.973206149440738 ], [ 100.455190199514291, 6.973206149440741 ], [ 100.455190199514291, 6.972981570619686 ], [ 100.455414778335253, 6.972981570619689 ], [ 100.455414778335268, 6.972532412977682 ], [ 100.455639357156215, 6.972532412977671 ], [ 100.455639357156215, 6.972307834156622 ], [ 100.455863935977163, 6.972307834156621 ], [ 100.455863935977163, 6.972083255335578 ], [ 100.456088514798139, 6.972083255335574 ], [ 100.456088514798139, 6.971858676514526 ], [ 100.456313093619102, 6.971858676514523 ], [ 100.456313093619102, 6.969612888304281 ], [ 100.456537672440433, 6.969612888304289 ], [ 100.456537672440419, 6.969163730662187 ], [ 100.456762251261367, 6.96916373066217 ], [ 100.456762251261381, 6.968939151841218 ], [ 100.456537672440433, 6.968939151841207 ], [ 100.456537672440405, 6.968714573020166 ], [ 100.456313093619102, 6.968714573020157 ], [ 100.456313093619102, 6.968489994199107 ], [ 100.455863935977177, 6.968489994199119 ], [ 100.455863935977192, 6.968265415378065 ], [ 100.455414778335268, 6.968265415378069 ], [ 100.455414778335253, 6.968489994199111 ], [ 100.455190199514277, 6.968489994199109 ], [ 100.455190199514291, 6.968714573020174 ], [ 100.455414778335253, 6.968714573020169 ], [ 100.455414778335253, 6.969163730662172 ], [ 100.455639357156215, 6.969163730662175 ], [ 100.455639357156201, 6.96961288830428 ], [ 100.455190199514291, 6.96961288830428 ], [ 100.455190199514291, 6.96938830948323 ], [ 100.454965620692988, 6.969388309483223 ], [ 100.454965620692974, 6.969612888304277 ], [ 100.454741041872012, 6.969612888304273 ], [ 100.454741041872012, 6.969837467125324 ], [ 100.45451646305105, 6.969837467125335 ], [ 100.45451646305105, 6.970062045946301 ], [ 100.45406730540914, 6.970062045946291 ], [ 100.454067305409126, 6.970286624767337 ], [ 100.453393568945884, 6.970286624767354 ], [ 100.453393568945899, 6.969612888304276 ], [ 100.453618147766832, 6.969612888304274 ], [ 100.453618147766832, 6.96938830948322 ], [ 100.453842726587808, 6.96938830948322 ], [ 100.453842726587794, 6.968714573020169 ], [ 100.453618147766846, 6.968714573020174 ], [ 100.453618147766846, 6.968040836557009 ], [ 100.453842726587823, 6.968040836557018 ], [ 100.453842726587823, 6.967591678914996 ], [ 100.454067305409126, 6.967591678915003 ], [ 100.45406730540914, 6.967142521272903 ], [ 100.453842726587808, 6.967142521272901 ], [ 100.453842726587794, 6.966693363630889 ], [ 100.453393568945884, 6.966693363630892 ], [ 100.45339356894587, 6.966468784809842 ], [ 100.453168990124936, 6.966468784809827 ], [ 100.453168990124936, 6.966244205988777 ], [ 100.45294441130396, 6.966244205988792 ], [ 100.452944411303974, 6.966019627167822 ], [ 100.452719832482629, 6.966019627167815 ], [ 100.452719832482643, 6.966244205988777 ], [ 100.452046096019757, 6.966244205988781 ], [ 100.452046096019757, 6.966019627167825 ], [ 100.451821517198795, 6.966019627167826 ], [ 100.451821517198809, 6.965570469525724 ], [ 100.451596938377477, 6.965570469525729 ], [ 100.451596938377477, 6.965121311883699 ], [ 100.451147780735553, 6.965121311883703 ], [ 100.451147780735539, 6.964672154241598 ], [ 100.450923201914591, 6.964672154241598 ], [ 100.450923201914591, 6.964222996599512 ], [ 100.451147780735553, 6.964222996599501 ], [ 100.451147780735553, 6.963773838957493 ], [ 100.450923201914591, 6.963773838957489 ], [ 100.450923201914591, 6.963549260136434 ], [ 100.450698623093629, 6.963549260136436 ], [ 100.450698623093629, 6.963324681315394 ], [ 100.450474044272681, 6.963324681315387 ], [ 100.450474044272667, 6.963100102494424 ], [ 100.45024946545135, 6.963100102494416 ], [ 100.45024946545135, 6.962875523673373 ], [ 100.450024886630388, 6.962875523673369 ], [ 100.450024886630374, 6.962201787210305 ], [ 100.450474044272667, 6.962201787210318 ], [ 100.450474044272667, 6.961977208389255 ], [ 100.450698623093643, 6.961977208389256 ], [ 100.450698623093629, 6.961528050747166 ], [ 100.450474044272667, 6.961528050747168 ], [ 100.450474044272667, 6.961078893105147 ], [ 100.45024946545135, 6.961078893105139 ], [ 100.45024946545135, 6.959955998999983 ], [ 100.449126571346184, 6.959955998999972 ], [ 100.449126571346184, 6.959731420178941 ], [ 100.448901992525222, 6.959731420178937 ], [ 100.448901992525222, 6.959955998999987 ], [ 100.448452834883298, 6.959955998999984 ], [ 100.448452834883312, 6.960405156641995 ], [ 100.448228256062336, 6.960405156641991 ], [ 100.448228256062336, 6.961078893105143 ], [ 100.448003677241033, 6.961078893105145 ], [ 100.448003677241019, 6.961528050747162 ], [ 100.448228256062322, 6.961528050747156 ], [ 100.44822825606235, 6.961752629568209 ], [ 100.448452834883298, 6.961752629568219 ], [ 100.448452834883298, 6.961977208389261 ], [ 100.448901992525222, 6.961977208389253 ], [ 100.448901992525222, 6.962201787210313 ], [ 100.449126571346184, 6.962201787210303 ], [ 100.449126571346184, 6.963100102494423 ], [ 100.448901992525222, 6.963100102494433 ], [ 100.448901992525208, 6.963549260136432 ], [ 100.44867741370426, 6.963549260136442 ], [ 100.448677413704246, 6.964222996599508 ], [ 100.448901992525222, 6.9642229965995 ], [ 100.448901992525222, 6.964672154241601 ], [ 100.44912657134617, 6.964672154241605 ], [ 100.449126571346184, 6.965121311883699 ], [ 100.448901992525222, 6.965121311883705 ], [ 100.448901992525222, 6.965345890704672 ], [ 100.449126571346184, 6.965345890704671 ], [ 100.44912657134617, 6.966468784809843 ], [ 100.448901992525236, 6.966468784809839 ], [ 100.448901992525222, 6.967142521272901 ], [ 100.449126571346184, 6.967142521272906 ], [ 100.449126571346184, 6.967367100093956 ], [ 100.449575728988478, 6.967367100093946 ], [ 100.449575728988464, 6.967591678914993 ], [ 100.449800307809411, 6.967591678914996 ], [ 100.449800307809426, 6.967816257736054 ], [ 100.449575728988449, 6.967816257736057 ], [ 100.449575728988478, 6.968265415378068 ], [ 100.449800307809426, 6.968265415378055 ], [ 100.449800307809426, 6.968489994199119 ], [ 100.450024886630388, 6.968489994199118 ], [ 100.450024886630388, 6.968714573020169 ], [ 100.45024946545135, 6.968714573020172 ], [ 100.45024946545135, 6.969388309483224 ], [ 100.450474044272667, 6.969388309483235 ], [ 100.450474044272667, 6.96961288830428 ], [ 100.450698623093629, 6.969612888304278 ], [ 100.450698623093629, 6.969837467125322 ], [ 100.451372359556501, 6.969837467125334 ], [ 100.45137235955653, 6.969388309483228 ], [ 100.451596938377477, 6.969388309483231 ], [ 100.451596938377463, 6.969163730662184 ], [ 100.451147780735567, 6.969163730662179 ], [ 100.451147780735553, 6.968265415378058 ], [ 100.451372359556515, 6.968265415378059 ], [ 100.451372359556515, 6.968040836557016 ], [ 100.451596938377477, 6.968040836557007 ], [ 100.451596938377492, 6.967816257736049 ], [ 100.451821517198795, 6.967816257736056 ], [ 100.451821517198795, 6.968040836557019 ], [ 100.452270674840705, 6.968040836557009 ], [ 100.452270674840719, 6.968489994199121 ], [ 100.452495253661681, 6.96848999419911 ], [ 100.452495253661667, 6.969163730662172 ], [ 100.452046096019757, 6.969163730662187 ], [ 100.452046096019757, 6.970286624767343 ], [ 100.451821517198795, 6.970286624767345 ], [ 100.45182151719878, 6.970511203588397 ], [ 100.451372359556501, 6.970511203588396 ], [ 100.451372359556515, 6.970286624767341 ], [ 100.451147780735567, 6.970286624767349 ], [ 100.451147780735553, 6.970511203588391 ], [ 100.450923201914605, 6.970511203588394 ], [ 100.450923201914591, 6.971409518872507 ], [ 100.450698623093643, 6.971409518872517 ], [ 100.450698623093629, 6.971634097693558 ], [ 100.450474044272667, 6.971634097693557 ], [ 100.450474044272667, 6.9714095188725 ], [ 100.450249465451364, 6.971409518872514 ], [ 100.45024946545135, 6.971184940051457 ], [ 100.449351150167516, 6.97118494005145 ], [ 100.449351150167502, 6.971409518872511 ], [ 100.449126571346184, 6.971409518872504 ], [ 100.449126571346198, 6.971634097693556 ], [ 100.448901992525236, 6.971634097693556 ], [ 100.448901992525222, 6.971858676514514 ], [ 100.448677413704274, 6.971858676514514 ], [ 100.44867741370426, 6.972083255335575 ], [ 100.448901992525222, 6.972083255335566 ], [ 100.448901992525222, 6.972307834156633 ], [ 100.449351150167502, 6.972307834156627 ], [ 100.449351150167516, 6.972083255335571 ], [ 100.449575728988478, 6.97208325533557 ], [ 100.449575728988464, 6.971858676514527 ], [ 100.450024886630388, 6.971858676514518 ], [ 100.450024886630374, 6.972083255335569 ], [ 100.450698623093615, 6.972083255335582 ], [ 100.450698623093615, 6.972307834156624 ], [ 100.451147780735553, 6.972307834156618 ], [ 100.451147780735553, 6.972532412977671 ], [ 100.451372359556515, 6.972532412977668 ], [ 100.451372359556515, 6.972756991798629 ], [ 100.451596938377477, 6.972756991798631 ], [ 100.451596938377477, 6.972532412977682 ], [ 100.452495253661681, 6.972532412977679 ], [ 100.452495253661681, 6.972756991798631 ], [ 100.452719832482643, 6.972756991798631 ], [ 100.452719832482643, 6.972532412977684 ], [ 100.453168990124922, 6.97253241297768 ], [ 100.453168990124936, 6.972307834156632 ], [ 100.453393568945884, 6.972307834156618 ], [ 100.453393568945884, 6.971634097693557 ], [ 100.453618147766846, 6.971634097693563 ], [ 100.453618147766832, 6.971184940051457 ], [ 100.453842726587808, 6.971184940051461 ], [ 100.453842726587823, 6.970960361230405 ], [ 100.454291884230088, 6.970960361230415 ], [ 100.454291884230088, 6.970735782409453 ], [ 100.454965620692974, 6.970735782409447 ], [ 100.454965620692974, 6.970960361230414 ], [ 100.455190199514291, 6.970960361230409 ], [ 100.455190199514306, 6.971634097693553 ], [ 100.454965620692988, 6.971634097693551 ], [ 100.45496562069296, 6.972083255335565 ], [ 100.454741041872026, 6.972083255335574 ], [ 100.454741041872012, 6.972756991798638 ], [ 100.454516463051036, 6.972756991798641 ], [ 100.45451646305105, 6.972981570619683 ], [ 100.454291884230102, 6.972981570619691 ], [ 100.454291884230088, 6.972756991798632 ], [ 100.453618147766832, 6.972756991798637 ], [ 100.453618147766846, 6.972981570619697 ], [ 100.453842726587808, 6.972981570619686 ], [ 100.453842726587808, 6.973206149440737 ], [ 100.454291884230088, 6.973206149440741 ], [ 100.454291884230088, 6.973430728261786 ], [ 100.45451646305105, 6.973430728261792 ], [ 100.45451646305105, 6.973879885903799 ], [ 100.454741041872012, 6.973879885903812 ], [ 100.454741041872012, 6.974329043545901 ], [ 100.454965620692974, 6.974329043545904 ], [ 100.454965620692974, 6.974553622366952 ], [ 100.455190199514306, 6.974553622366956 ], [ 100.455190199514291, 6.974329043545897 ], [ 100.455414778335239, 6.974329043545913 ], [ 100.455414778335253, 6.974104464724852 ], [ 100.455639357156215, 6.974104464724849 ], [ 100.455639357156201, 6.973655307082833 ], [ 100.455414778335253, 6.973655307082836 ] ] ], [ [ [ 100.446656204314891, 6.970735782409443 ], [ 100.447105361957171, 6.97073578240944 ], [ 100.447105361957185, 6.970960361230412 ], [ 100.447329940778133, 6.970960361230397 ], [ 100.447329940778147, 6.971184940051455 ], [ 100.447779098420057, 6.971184940051463 ], [ 100.447779098420057, 6.970286624767352 ], [ 100.447554519599095, 6.970286624767344 ], [ 100.447554519599095, 6.970062045946294 ], [ 100.446880783135839, 6.970062045946291 ], [ 100.446880783135853, 6.970286624767343 ], [ 100.446656204314891, 6.970286624767354 ], [ 100.446656204314891, 6.970735782409443 ] ] ], [ [ [ 100.443062943178433, 6.975901095293087 ], [ 100.443062943178433, 6.975451937651068 ], [ 100.441336197082279, 6.975451937651072 ], [ 100.441391084585192, 6.97552256074502 ], [ 100.441579576857634, 6.975758829631335 ], [ 100.441769530615971, 6.975990714517312 ], [ 100.442301515739288, 6.976631249718714 ], [ 100.44244199057249, 6.976799410577193 ], [ 100.442613785536508, 6.976799410577206 ], [ 100.442613785536508, 6.976350252935174 ], [ 100.443062943178433, 6.976350252935191 ], [ 100.443062943178447, 6.976125674114133 ], [ 100.443287521999395, 6.976125674114128 ], [ 100.443287521999395, 6.975901095293085 ], [ 100.443062943178433, 6.975901095293087 ] ] ], [ [ [ 100.457435987724267, 6.979718935250601 ], [ 100.457435987724281, 6.979494356429537 ], [ 100.457211408903319, 6.979494356429552 ], [ 100.457211408903319, 6.979269777608586 ], [ 100.456313093619116, 6.979269777608581 ], [ 100.456313093619102, 6.979494356429538 ], [ 100.456537672440419, 6.979494356429545 ], [ 100.456537672440419, 6.979718935250595 ], [ 100.456762251261381, 6.979718935250588 ], [ 100.456762251261381, 6.981290986997853 ], [ 100.456986830082357, 6.981290986997862 ], [ 100.456986830082343, 6.981515565818818 ], [ 100.457211408903305, 6.981515565818819 ], [ 100.457211408903305, 6.981290986997855 ], [ 100.457435987724253, 6.981290986997852 ], [ 100.457435987724253, 6.980392671713648 ], [ 100.457211408903291, 6.980392671713648 ], [ 100.457211408903305, 6.979718935250591 ], [ 100.457435987724267, 6.979718935250601 ] ] ], [ [ [ 100.45406730540914, 6.980168092892692 ], [ 100.453842726587794, 6.98016809289269 ], [ 100.453842726587808, 6.97994351407164 ], [ 100.453393568945884, 6.979943514071651 ], [ 100.453393568945884, 6.979718935250594 ], [ 100.453168990124908, 6.979718935250598 ], [ 100.453168990124922, 6.979494356429536 ], [ 100.452719832482643, 6.979494356429544 ], [ 100.452719832482643, 6.980392671713658 ], [ 100.452944411303974, 6.980392671713651 ], [ 100.45294441130396, 6.980617250534717 ], [ 100.453168990124922, 6.980617250534714 ], [ 100.453168990124922, 6.980841829355759 ], [ 100.453393568945884, 6.980841829355755 ], [ 100.453393568945884, 6.981515565818816 ], [ 100.453618147766861, 6.981515565818823 ], [ 100.453618147766846, 6.981740144639883 ], [ 100.454067305409126, 6.981740144639868 ], [ 100.454067305409112, 6.981290986997859 ], [ 100.454291884230088, 6.981290986997855 ], [ 100.454291884230088, 6.980392671713663 ], [ 100.45406730540914, 6.980392671713648 ], [ 100.45406730540914, 6.980168092892692 ] ] ], [ [ [ 100.447105361957171, 7.00464718438492 ], [ 100.447105361957171, 7.004422605563868 ], [ 100.446656204314905, 7.004422605563873 ], [ 100.446656204314891, 7.003973447921864 ], [ 100.446207046672967, 7.003973447921865 ], [ 100.446207046672953, 7.00374886910082 ], [ 100.445982467852005, 7.003748869100815 ], [ 100.445982467852019, 7.003299711458708 ], [ 100.445757889031043, 7.003299711458712 ], [ 100.445757889031043, 7.003075132637754 ], [ 100.445533310209726, 7.003075132637756 ], [ 100.445533310209711, 7.002625974995641 ], [ 100.445308731388778, 7.002625974995653 ], [ 100.445308731388764, 7.0024013961746 ], [ 100.445533310209726, 7.002401396174601 ], [ 100.445533310209726, 7.001726267741793 ], [ 100.445300793196267, 7.00213499440062 ], [ 100.44495471385045, 7.002772166808536 ], [ 100.444697463291917, 7.003748869100821 ], [ 100.445084152567802, 7.003748869100805 ], [ 100.445084152567802, 7.003524290279757 ], [ 100.445308731388778, 7.003524290279758 ], [ 100.445308731388764, 7.003973447921857 ], [ 100.445533310209726, 7.003973447921861 ], [ 100.445533310209726, 7.004647184384929 ], [ 100.445757889031043, 7.004647184384928 ], [ 100.445757889031043, 7.005096342026946 ], [ 100.445982467852019, 7.005096342026939 ], [ 100.445982467852005, 7.005320920847995 ], [ 100.446207046672967, 7.005320920847994 ], [ 100.446207046672953, 7.005545499669049 ], [ 100.446431625493915, 7.005545499669046 ], [ 100.446431625493929, 7.005770078490099 ], [ 100.446880783135853, 7.005770078490094 ], [ 100.446880783135853, 7.005096342026938 ], [ 100.447105361957171, 7.005096342026934 ], [ 100.447105361957171, 7.004871763205975 ], [ 100.446880783135867, 7.004871763205982 ], [ 100.446880783135853, 7.004647184384931 ], [ 100.447105361957171, 7.00464718438492 ] ] ], [ [ [ 100.446431625493929, 7.006668393774212 ], [ 100.446431625493929, 7.006443814953162 ], [ 100.445982467852005, 7.006443814953154 ], [ 100.445982467852005, 7.006668393774212 ], [ 100.445757889031043, 7.0066683937742 ], [ 100.445757889031043, 7.00644381495316 ], [ 100.445533310209726, 7.006443814953159 ], [ 100.445533310209726, 7.006219236132107 ], [ 100.445308731388764, 7.006219236132098 ], [ 100.445308731388764, 7.005994657311136 ], [ 100.445084152567787, 7.005994657311152 ], [ 100.445084152567802, 7.005770078490102 ], [ 100.444859573746839, 7.005770078490086 ], [ 100.444859573746839, 7.005545499669053 ], [ 100.444634994925892, 7.005545499669052 ], [ 100.444634994925863, 7.005096342026935 ], [ 100.44441041610456, 7.005096342026934 ], [ 100.444410416104546, 7.004838700148881 ], [ 100.444275057492248, 7.005352615717202 ], [ 100.444029406951088, 7.006443814953148 ], [ 100.444185837283598, 7.006443814953162 ], [ 100.444185837283612, 7.006219236132101 ], [ 100.444859573746825, 7.006219236132118 ], [ 100.444859573746839, 7.006892972595256 ], [ 100.445084152567802, 7.00689297259526 ], [ 100.445084152567802, 7.007342130237276 ], [ 100.445533310209726, 7.007342130237264 ], [ 100.445533310209726, 7.007117551416217 ], [ 100.445757889031043, 7.00711755141623 ], [ 100.445757889031029, 7.006892972595263 ], [ 100.446207046672967, 7.006892972595268 ], [ 100.446207046672967, 7.006668393774208 ], [ 100.446431625493929, 7.006668393774212 ] ] ], [ [ [ 100.449126571346184, 7.010261654910659 ], [ 100.449351150167502, 7.01026165491066 ], [ 100.449351150167516, 7.00981249726857 ], [ 100.449575728988464, 7.00981249726857 ], [ 100.449575728988478, 7.009363339626561 ], [ 100.449800307809426, 7.009363339626549 ], [ 100.449800307809426, 7.009138760805498 ], [ 100.448901992525222, 7.009138760805498 ], [ 100.448901992525208, 7.008914181984443 ], [ 100.448452834883312, 7.008914181984454 ], [ 100.448452834883284, 7.008689603163499 ], [ 100.448003677241033, 7.008689603163486 ], [ 100.448003677241019, 7.008914181984451 ], [ 100.447779098420042, 7.008914181984456 ], [ 100.447779098420042, 7.009138760805493 ], [ 100.448003677241033, 7.0091387608055 ], [ 100.448003677241019, 7.009587918447607 ], [ 100.448452834883284, 7.0095879184476 ], [ 100.448452834883298, 7.010037076089623 ], [ 100.448677413704274, 7.010037076089613 ], [ 100.44867741370426, 7.010710812552768 ], [ 100.448452834883298, 7.010710812552778 ], [ 100.448452834883298, 7.01115997019479 ], [ 100.448228256062336, 7.011159970194776 ], [ 100.448228256062336, 7.011833706657844 ], [ 100.448677413704246, 7.011833706657843 ], [ 100.44867741370426, 7.011384549015832 ], [ 100.448901992525208, 7.011384549015838 ], [ 100.448901992525222, 7.010710812552762 ], [ 100.449126571346184, 7.010710812552762 ], [ 100.449126571346184, 7.010261654910659 ] ] ], [ [ [ 100.441940049073253, 7.014079494868178 ], [ 100.441715470252305, 7.01407949486817 ], [ 100.441715470252291, 7.014304073689238 ], [ 100.441490891431343, 7.014304073689219 ], [ 100.441490891431357, 7.015202388973337 ], [ 100.441715470252305, 7.015202388973337 ], [ 100.441715470252319, 7.015426967794388 ], [ 100.441940049073267, 7.015426967794389 ], [ 100.441940049073267, 7.015651546615363 ], [ 100.442196389082227, 7.015651546615353 ], [ 100.442141348058399, 7.015418174450825 ], [ 100.442080123315435, 7.014833140746771 ], [ 100.442095587823331, 7.01434116973342 ], [ 100.442170422025185, 7.013832053207146 ], [ 100.442274418248289, 7.01318117958406 ], [ 100.442164627894229, 7.013181179584057 ], [ 100.442164627894229, 7.013854916047134 ], [ 100.441940049073267, 7.013854916047129 ], [ 100.441940049073253, 7.014079494868178 ] ] ], [ [ [ 100.451921907559708, 7.015651546615364 ], [ 100.452034267034946, 7.015174941923737 ], [ 100.451953583829848, 7.015077788554303 ], [ 100.451551389751998, 7.014599861611297 ], [ 100.451372359556515, 7.014325662845824 ], [ 100.451372359556515, 7.014528652510275 ], [ 100.451147780735553, 7.014528652510274 ], [ 100.451147780735539, 7.014753231331231 ], [ 100.450474044272667, 7.01475323133124 ], [ 100.450474044272667, 7.014977810152299 ], [ 100.45024946545135, 7.014977810152294 ], [ 100.450249465451364, 7.01520238897334 ], [ 100.449800307809426, 7.01520238897335 ], [ 100.449800307809426, 7.01565154661535 ], [ 100.450474044272667, 7.015651546615364 ], [ 100.450474044272681, 7.015876125436412 ], [ 100.450698623093629, 7.015876125436401 ], [ 100.450698623093629, 7.016325283078501 ], [ 100.450923201914591, 7.016325283078512 ], [ 100.450923201914591, 7.016100704257462 ], [ 100.451147780735553, 7.016100704257448 ], [ 100.451147780735553, 7.015876125436397 ], [ 100.451821517198809, 7.015876125436397 ], [ 100.451821517198795, 7.015651546615353 ], [ 100.451921907559708, 7.015651546615364 ] ] ] ] } },
{ "type": "Feature", "properties": { "TB_IDN": 901107, "TB_TN": "ต.คลองอู่ตะเภา", "AP_IDN": 9011, "AP_TN": "อ.หาดใหญ่", "PV_IDN": 90, "PV_TN": "จ.สงขลา", "RE_NESDB": "South", "RE_ROYIN": "South", "F_AREA": 175752.31825499999, "flood_area": 109.845, "A": 0.176 }, "geometry": { "type": "MultiPolygon", "coordinates": [ [ [ [ 100.445982467852005, 7.039456901644532 ], [ 100.445982467852005, 7.03923232282356 ], [ 100.446431625493943, 7.039232322823575 ], [ 100.446431625493929, 7.039007744002513 ], [ 100.446656204314891, 7.039007744002521 ], [ 100.446656204314905, 7.038783165181459 ], [ 100.446431625493929, 7.038783165181467 ], [ 100.446431625493929, 7.038558586360417 ], [ 100.445533310209726, 7.038558586360414 ], [ 100.445533310209726, 7.038783165181467 ], [ 100.445308731388764, 7.038783165181458 ], [ 100.445308731388749, 7.039007744002513 ], [ 100.445084152567816, 7.039007744002514 ], [ 100.445084152567787, 7.038783165181454 ], [ 100.444859573746854, 7.038783165181454 ], [ 100.444859573746854, 7.038558586360409 ], [ 100.444634994925877, 7.038558586360416 ], [ 100.444634994925877, 7.037884849897356 ], [ 100.444185837283612, 7.037884849897344 ], [ 100.444185837283612, 7.037660271076296 ], [ 100.443961258462622, 7.0376602710763 ], [ 100.443961258462622, 7.037884849897355 ], [ 100.443736679641688, 7.037884849897346 ], [ 100.443736679641674, 7.0381094287184 ], [ 100.443961258462622, 7.038109428718407 ], [ 100.443961258462622, 7.038783165181466 ], [ 100.443736679641688, 7.038783165181472 ], [ 100.443736679641674, 7.039456901644529 ], [ 100.444185837283598, 7.039456901644533 ], [ 100.444185837283598, 7.039681480465577 ], [ 100.445757889031043, 7.039681480465577 ], [ 100.445757889031043, 7.039456901644535 ], [ 100.445982467852005, 7.039456901644532 ] ] ], [ [ [ 100.442613785536508, 7.039906059286635 ], [ 100.442613785536508, 7.039681480465578 ], [ 100.442838364357485, 7.03968148046558 ], [ 100.442838364357485, 7.039232322823564 ], [ 100.443062943178433, 7.039232322823557 ], [ 100.443062943178433, 7.038783165181457 ], [ 100.44328752199938, 7.038783165181457 ], [ 100.443287521999395, 7.038558586360422 ], [ 100.443062943178433, 7.038558586360407 ], [ 100.443062943178418, 7.038334007539353 ], [ 100.442838364357485, 7.038334007539357 ], [ 100.44283836435747, 7.038558586360423 ], [ 100.442389206715532, 7.038558586360419 ], [ 100.442389206715561, 7.039232322823572 ], [ 100.441266312610381, 7.039232322823569 ], [ 100.441266312610381, 7.03968148046558 ], [ 100.441490891431343, 7.03968148046557 ], [ 100.441490891431329, 7.03990605928663 ], [ 100.441940049073281, 7.039906059286623 ], [ 100.441940049073267, 7.040130638107673 ], [ 100.442389206715561, 7.040130638107681 ], [ 100.442389206715532, 7.039906059286628 ], [ 100.442613785536508, 7.039906059286635 ] ] ], [ [ [ 100.445533310209726, 7.046418845096484 ], [ 100.445533310209711, 7.046194266275429 ], [ 100.445308731388764, 7.046194266275438 ], [ 100.445308731388764, 7.045969687454387 ], [ 100.445084152567787, 7.045969687454387 ], [ 100.445084152567802, 7.045520529812363 ], [ 100.445308731388764, 7.045520529812368 ], [ 100.445308731388749, 7.045071372170258 ], [ 100.445533310209726, 7.045071372170258 ], [ 100.445533310209726, 7.044622214528254 ], [ 100.445757889031043, 7.044622214528244 ], [ 100.445757889031043, 7.04417305688615 ], [ 100.444185837283584, 7.044173056886143 ], [ 100.444185837283598, 7.043948478065188 ], [ 100.44373667964166, 7.043948478065181 ], [ 100.443736679641674, 7.043723899244131 ], [ 100.443062943178418, 7.043723899244131 ], [ 100.443062943178433, 7.043948478065189 ], [ 100.44283836435747, 7.043948478065181 ], [ 100.44283836435747, 7.044173056886161 ], [ 100.442613785536508, 7.044173056886147 ], [ 100.442613785536508, 7.044846793349302 ], [ 100.443062943178447, 7.044846793349311 ], [ 100.443062943178433, 7.045071372170272 ], [ 100.443287521999395, 7.045071372170265 ], [ 100.44328752199938, 7.045295950991309 ], [ 100.443512100820726, 7.045295950991316 ], [ 100.443512100820698, 7.046418845096492 ], [ 100.44328752199938, 7.046418845096484 ], [ 100.443287521999409, 7.04664342391754 ], [ 100.443062943178433, 7.046643423917531 ], [ 100.443062943178433, 7.046868002738491 ], [ 100.44396125846265, 7.046868002738493 ], [ 100.443961258462636, 7.047092581559557 ], [ 100.444185837283598, 7.047092581559543 ], [ 100.444185837283598, 7.047766318022709 ], [ 100.444410416104574, 7.047766318022708 ], [ 100.444410416104546, 7.048215475664711 ], [ 100.444634994925892, 7.048215475664716 ], [ 100.444634994925863, 7.048440054485764 ], [ 100.444859573746825, 7.048440054485759 ], [ 100.444859573746839, 7.048889212127779 ], [ 100.445084152567802, 7.048889212127776 ], [ 100.445084152567816, 7.049113790948824 ], [ 100.445171625279187, 7.049113790948836 ], [ 100.445653468720778, 7.04641884509649 ], [ 100.445533310209726, 7.046418845096484 ] ] ], [ [ [ 100.435202684442629, 7.058995259074178 ], [ 100.435202684442643, 7.058546101432081 ], [ 100.435427263263591, 7.058546101432078 ], [ 100.435427263263577, 7.058321522611022 ], [ 100.436100999726477, 7.058321522611017 ], [ 100.436100999726463, 7.058096943790065 ], [ 100.436325578547439, 7.058096943790058 ], [ 100.436325578547439, 7.057872364969021 ], [ 100.436550157368757, 7.057872364969021 ], [ 100.436550157368742, 7.057198628505942 ], [ 100.435876420905515, 7.057198628505953 ], [ 100.435876420905515, 7.057423207326916 ], [ 100.435651842084539, 7.057423207326901 ], [ 100.435651842084553, 7.057647786147951 ], [ 100.435427263263591, 7.05764778614796 ], [ 100.435427263263605, 7.057872364969015 ], [ 100.435309219124704, 7.057872364969008 ], [ 100.435303056647399, 7.058121707983077 ], [ 100.435268361906893, 7.058312138177347 ], [ 100.435219338651748, 7.058432119115952 ], [ 100.435128026874409, 7.058566332942587 ], [ 100.435050887846003, 7.058721647013436 ], [ 100.435009095282197, 7.058898000737948 ], [ 100.434918174349022, 7.059159095384375 ], [ 100.434902738027446, 7.059219837895233 ], [ 100.434978105621312, 7.05921983789523 ], [ 100.434978105621298, 7.058995259074173 ], [ 100.435202684442629, 7.058995259074178 ] ] ] ] } },
{ "type": "Feature", "properties": { "TB_IDN": 901108, "TB_TN": "ต.ฉลุง", "AP_IDN": 9011, "AP_TN": "อ.หาดใหญ่", "PV_IDN": 90, "PV_TN": "จ.สงขลา", "RE_NESDB": "South", "RE_ROYIN": "South", "F_AREA": 238053.94083599999, "flood_area": 148.784, "A": 0.238 }, "geometry": { "type": "MultiPolygon", "coordinates": [ [ [ [ 100.39208355080477, 6.994990295080626 ], [ 100.392532708446694, 6.994990295080622 ], [ 100.392532708446694, 6.994765716259578 ], [ 100.392757287267656, 6.994765716259579 ], [ 100.392757287267656, 6.994316558617575 ], [ 100.392532708446709, 6.994316558617562 ], [ 100.39253270844668, 6.993867400975473 ], [ 100.39208355080477, 6.993867400975472 ], [ 100.39208355080477, 6.994091979796509 ], [ 100.391858971983808, 6.994091979796506 ], [ 100.391858971983822, 6.994541137438623 ], [ 100.391634393162491, 6.994541137438612 ], [ 100.391634393162491, 6.994990295080621 ], [ 100.391858971983808, 6.994990295080626 ], [ 100.391858971983808, 6.995214873901686 ], [ 100.392083550804756, 6.995214873901689 ], [ 100.39208355080477, 6.994990295080626 ] ] ], [ [ [ 100.397473442509281, 7.002401396174602 ], [ 100.397698021330598, 7.002401396174593 ], [ 100.397698021330598, 7.002176817353645 ], [ 100.39792260015156, 7.002176817353639 ], [ 100.397922600151574, 7.001727659711531 ], [ 100.398147178972508, 7.001727659711539 ], [ 100.398147178972522, 7.001278502069426 ], [ 100.398371757793484, 7.00127850206944 ], [ 100.398371757793484, 7.001053923248469 ], [ 100.398596336614446, 7.001053923248469 ], [ 100.398596336614432, 7.000440944061329 ], [ 100.398424933018063, 6.999997574402925 ], [ 100.397823230134989, 6.998371420215346 ], [ 100.397816545054411, 6.998358977396133 ], [ 100.397698021330598, 6.998358977396133 ], [ 100.397698021330612, 6.99858355621708 ], [ 100.397473442509281, 6.998583556217095 ], [ 100.397473442509281, 6.99835897739613 ], [ 100.397248863688318, 6.998358977396125 ], [ 100.397248863688318, 6.998134398575079 ], [ 100.397024284867356, 6.998134398575083 ], [ 100.397024284867356, 6.996786925648859 ], [ 100.397248863688304, 6.996786925648869 ], [ 100.397248863688318, 6.996757749368538 ], [ 100.397100815302849, 6.996342796146087 ], [ 100.396947710266204, 6.996043957441191 ], [ 100.396870121415745, 6.995888610364833 ], [ 100.396799706046409, 6.995888610364735 ], [ 100.396799706046309, 6.995750538247011 ], [ 100.396755255247172, 6.995664031543695 ], [ 100.39635054840447, 6.995664031543701 ], [ 100.39635054840447, 6.995439452722736 ], [ 100.395901390762191, 6.995439452722727 ], [ 100.395901390762177, 6.995664031543689 ], [ 100.395452233120267, 6.995664031543701 ], [ 100.395452233120253, 6.995439452722738 ], [ 100.395227654299319, 6.995439452722731 ], [ 100.395227654299319, 6.9956640315437 ], [ 100.394553917836078, 6.995664031543685 ], [ 100.394553917836063, 6.995888610364748 ], [ 100.394329339015087, 6.995888610364744 ], [ 100.394329339015101, 6.996113189185798 ], [ 100.393880181372822, 6.996113189185802 ], [ 100.393880181372822, 6.996337768006846 ], [ 100.39365560255186, 6.996337768006843 ], [ 100.393655602551846, 6.997011504469903 ], [ 100.393431023730912, 6.997011504469907 ], [ 100.393431023730912, 6.99723608329096 ], [ 100.393206444909936, 6.997236083290961 ], [ 100.393206444909936, 6.997685240932963 ], [ 100.39365560255186, 6.997685240932972 ], [ 100.39365560255186, 6.997909819754017 ], [ 100.394553917836049, 6.997909819754024 ], [ 100.394553917836049, 6.998134398575076 ], [ 100.39477849665704, 6.998134398575083 ], [ 100.394778496657025, 6.998808135038136 ], [ 100.395003075478002, 6.998808135038132 ], [ 100.395003075478002, 6.999257292680238 ], [ 100.395227654299305, 6.999257292680246 ], [ 100.395227654299291, 6.999481871501201 ], [ 100.395452233120267, 6.999481871501212 ], [ 100.395452233120281, 6.999706450322258 ], [ 100.395676811941229, 6.999706450322245 ], [ 100.395676811941243, 6.999931029143302 ], [ 100.395901390762191, 6.999931029143296 ], [ 100.395901390762191, 7.000380186785313 ], [ 100.395676811941229, 7.00038018678532 ], [ 100.395676811941243, 7.000829344427425 ], [ 100.395901390762191, 7.000829344427415 ], [ 100.395901390762191, 7.001053923248481 ], [ 100.396125969583167, 7.001053923248478 ], [ 100.396125969583153, 7.001278502069423 ], [ 100.39635054840447, 7.001278502069423 ], [ 100.39635054840447, 7.001503080890489 ], [ 100.396575127225432, 7.001503080890484 ], [ 100.396575127225432, 7.002350514360375 ], [ 100.397473442509295, 7.002512131804679 ], [ 100.397473442509281, 7.002401396174602 ] ] ] ] } },
{ "type": "Feature", "properties": { "TB_IDN": 901112, "TB_TN": "ต.ทุ่งตำเสา", "AP_IDN": 9011, "AP_TN": "อ.หาดใหญ่", "PV_IDN": 90, "PV_TN": "จ.สงขลา", "RE_NESDB": "South", "RE_ROYIN": "South", "F_AREA": 2632734.41291, "flood_area": 1645.46, "A": 2.633 }, "geometry": { "type": "MultiPolygon", "coordinates": [ [ [ [ 100.333917636157835, 6.956587316684483 ], [ 100.333917636157821, 6.956362737863515 ], [ 100.333693057336887, 6.956362737863522 ], [ 100.333693057336873, 6.95613815904248 ], [ 100.333468478515911, 6.956138159042463 ], [ 100.333468478515925, 6.955913580221409 ], [ 100.333019320873973, 6.95591358022143 ], [ 100.333019320873987, 6.956811895505528 ], [ 100.33279474205267, 6.956811895505527 ], [ 100.33279474205267, 6.957036474326594 ], [ 100.333019320873987, 6.957036474326577 ], [ 100.333019320873987, 6.957261053147643 ], [ 100.333917636157835, 6.957261053147633 ], [ 100.333917636157835, 6.95703647432659 ], [ 100.334142214979153, 6.957036474326582 ], [ 100.334142214979153, 6.956587316684483 ], [ 100.333917636157835, 6.956587316684483 ] ] ], [ [ [ 100.319769170432963, 6.956587316684476 ], [ 100.319769170432963, 6.956811895505536 ], [ 100.319544591612001, 6.956811895505531 ], [ 100.319544591611987, 6.957710210789659 ], [ 100.319320012791039, 6.957710210789658 ], [ 100.319320012791053, 6.957934789610709 ], [ 100.319544591612001, 6.957934789610694 ], [ 100.319544591611987, 6.958159368431742 ], [ 100.319769170432977, 6.958159368431751 ], [ 100.319769170432963, 6.958383947252796 ], [ 100.31999374925428, 6.958383947252799 ], [ 100.31999374925428, 6.958159368431757 ], [ 100.320442906896218, 6.958159368431752 ], [ 100.320442906896218, 6.956587316684487 ], [ 100.319769170432963, 6.956587316684476 ] ] ], [ [ [ 100.34132873725207, 6.961977208389262 ], [ 100.34132873725207, 6.961752629568206 ], [ 100.341553316073032, 6.961752629568215 ], [ 100.341553316073032, 6.961528050747159 ], [ 100.34177789489398, 6.96152805074716 ], [ 100.341777894893994, 6.959731420178934 ], [ 100.341553316073032, 6.959731420178926 ], [ 100.341553316073032, 6.959506841357869 ], [ 100.34132873725207, 6.959506841357888 ], [ 100.34132873725207, 6.959282262536923 ], [ 100.341104158431094, 6.959282262536914 ], [ 100.341104158431108, 6.959057683715868 ], [ 100.340655000788828, 6.959057683715868 ], [ 100.340655000788814, 6.958833104894806 ], [ 100.340430421967866, 6.958833104894807 ], [ 100.340430421967866, 6.958608526073769 ], [ 100.339307527862715, 6.958608526073761 ], [ 100.339307527862715, 6.958833104894808 ], [ 100.338858370220763, 6.958833104894817 ], [ 100.338858370220791, 6.95905768371586 ], [ 100.338184633757535, 6.959057683715868 ], [ 100.338184633757535, 6.95950684135788 ], [ 100.338409212578497, 6.959506841357872 ], [ 100.338409212578512, 6.960405156641992 ], [ 100.338633791399459, 6.960405156641994 ], [ 100.338633791399459, 6.960629735463046 ], [ 100.338858370220791, 6.960629735463043 ], [ 100.338858370220777, 6.960405156641996 ], [ 100.339756685504625, 6.960405156641987 ], [ 100.339756685504611, 6.960180577821032 ], [ 100.339981264325928, 6.960180577821025 ], [ 100.339981264325942, 6.960405156641999 ], [ 100.340430421967866, 6.960405156641987 ], [ 100.340430421967866, 6.961078893105141 ], [ 100.340205843146904, 6.96107889310515 ], [ 100.340205843146904, 6.961303471926191 ], [ 100.339981264325942, 6.961303471926197 ], [ 100.339981264325928, 6.961752629568219 ], [ 100.340205843146904, 6.961752629568204 ], [ 100.340205843146904, 6.961977208389255 ], [ 100.340430421967852, 6.961977208389253 ], [ 100.340430421967881, 6.962201787210316 ], [ 100.340655000788843, 6.962201787210319 ], [ 100.340655000788843, 6.962426366031267 ], [ 100.340879579609791, 6.962426366031272 ], [ 100.340879579609776, 6.962201787210319 ], [ 100.341104158431108, 6.962201787210312 ], [ 100.341104158431108, 6.961977208389253 ], [ 100.34132873725207, 6.961977208389262 ] ] ], [ [ [ 100.331671847947874, 6.960854314284093 ], [ 100.33122269030558, 6.960854314284098 ], [ 100.331222690305594, 6.961078893105152 ], [ 100.330998111484618, 6.961078893105149 ], [ 100.330998111484604, 6.961303471926191 ], [ 100.330773532663656, 6.961303471926207 ], [ 100.330773532663642, 6.961752629568209 ], [ 100.330998111484618, 6.961752629568219 ], [ 100.330998111484604, 6.961977208389267 ], [ 100.331447269126542, 6.961977208389252 ], [ 100.331447269126542, 6.961752629568207 ], [ 100.331896426768822, 6.961752629568206 ], [ 100.331896426768822, 6.961078893105141 ], [ 100.331671847947845, 6.961078893105137 ], [ 100.331671847947874, 6.960854314284093 ] ] ], [ [ [ 100.336837160831408, 6.963773838957485 ], [ 100.337960054936573, 6.963773838957481 ], [ 100.337960054936573, 6.96354926013644 ], [ 100.338409212578483, 6.963549260136447 ], [ 100.338409212578497, 6.963100102494417 ], [ 100.338633791399459, 6.963100102494425 ], [ 100.338633791399459, 6.962875523673367 ], [ 100.339307527862701, 6.96287552367338 ], [ 100.339307527862687, 6.96226314130874 ], [ 100.339242236968602, 6.962209396508398 ], [ 100.339234718975959, 6.962201787210303 ], [ 100.338858370220777, 6.962201787210317 ], [ 100.338858370220791, 6.961977208389269 ], [ 100.338409212578483, 6.961977208389266 ], [ 100.338409212578512, 6.961528050747151 ], [ 100.33818463375755, 6.961528050747161 ], [ 100.338184633757521, 6.961141913427622 ], [ 100.338118300738103, 6.961078893105154 ], [ 100.337735476115611, 6.961078893105141 ], [ 100.337735476115611, 6.960963329085377 ], [ 100.337562903587241, 6.961033745783435 ], [ 100.337363504954538, 6.961015865733913 ], [ 100.337223077837834, 6.960964619890783 ], [ 100.337112099965609, 6.96088378082842 ], [ 100.336986209626758, 6.960751341438026 ], [ 100.336955708751333, 6.960629735463044 ], [ 100.336163424368166, 6.96062973546305 ], [ 100.336163424368152, 6.960405156641987 ], [ 100.335714266726242, 6.960405156641994 ], [ 100.335714266726242, 6.960323595643689 ], [ 100.335691088019644, 6.960325258692057 ], [ 100.335340323355041, 6.960304116101608 ], [ 100.335115167121472, 6.960315817548362 ], [ 100.3350527432506, 6.960434034016004 ], [ 100.335040530263001, 6.960445031893544 ], [ 100.335040530263015, 6.960629735463053 ], [ 100.334815951442025, 6.960629735463055 ], [ 100.334815951442039, 6.961078893105141 ], [ 100.334142214979138, 6.961078893105146 ], [ 100.334142214979153, 6.960854314284092 ], [ 100.333693057336873, 6.960854314284096 ], [ 100.333693057336859, 6.960629735463054 ], [ 100.333243899694949, 6.960629735463048 ], [ 100.333243899694949, 6.960481443464457 ], [ 100.333121801409675, 6.960405156642 ], [ 100.33279474205267, 6.960405156641989 ], [ 100.33279474205267, 6.960854314284095 ], [ 100.332570163231708, 6.960854314284086 ], [ 100.332570163231708, 6.961752629568212 ], [ 100.332794742052684, 6.961752629568204 ], [ 100.33279474205267, 6.961977208389258 ], [ 100.333468478515911, 6.961977208389253 ], [ 100.333468478515911, 6.961752629568203 ], [ 100.333693057336873, 6.961752629568209 ], [ 100.333693057336873, 6.961977208389252 ], [ 100.334366793800115, 6.961977208389261 ], [ 100.334366793800129, 6.9617526295682 ], [ 100.334591372621077, 6.961752629568215 ], [ 100.334591372621077, 6.96152805074715 ], [ 100.334815951442039, 6.961528050747154 ], [ 100.334815951442053, 6.961303471926188 ], [ 100.335265109084318, 6.961303471926188 ], [ 100.335265109084318, 6.961528050747154 ], [ 100.335489687905294, 6.961528050747154 ], [ 100.335489687905294, 6.961752629568203 ], [ 100.335714266726242, 6.961752629568212 ], [ 100.335714266726228, 6.96197720838926 ], [ 100.335938845547204, 6.961977208389269 ], [ 100.335938845547204, 6.962426366031271 ], [ 100.335714266726242, 6.962426366031283 ], [ 100.335714266726242, 6.962650944852319 ], [ 100.33548968790528, 6.962650944852321 ], [ 100.33548968790528, 6.962426366031266 ], [ 100.335040530263015, 6.962426366031274 ], [ 100.335040530263001, 6.962201787210311 ], [ 100.334815951442025, 6.962201787210304 ], [ 100.334815951442039, 6.962426366031274 ], [ 100.334591372621077, 6.962426366031267 ], [ 100.334591372621077, 6.962650944852318 ], [ 100.334366793800115, 6.962650944852324 ], [ 100.334366793800115, 6.963549260136443 ], [ 100.334591372621077, 6.963549260136436 ], [ 100.334591372621091, 6.964672154241597 ], [ 100.334815951442025, 6.964672154241606 ], [ 100.334815951442053, 6.964447575420561 ], [ 100.335040530263001, 6.964447575420553 ], [ 100.335040530263001, 6.964222996599508 ], [ 100.335714266726242, 6.964222996599507 ], [ 100.335714266726242, 6.96444757542055 ], [ 100.33593884554719, 6.964447575420555 ], [ 100.335938845547204, 6.964896733062649 ], [ 100.336388003189469, 6.964896733062659 ], [ 100.336388003189469, 6.964222996599512 ], [ 100.336612582010446, 6.964222996599511 ], [ 100.336612582010446, 6.963998417778544 ], [ 100.336837160831408, 6.963998417778543 ], [ 100.336837160831408, 6.963773838957485 ] ] ], [ [ [ 100.324485325674587, 6.96534589070466 ], [ 100.324485325674601, 6.964896733062651 ], [ 100.32470990449589, 6.964896733062653 ], [ 100.324709904495904, 6.964447575420562 ], [ 100.324934483316881, 6.964447575420553 ], [ 100.324934483316881, 6.963773838957485 ], [ 100.324260746853639, 6.963773838957493 ], [ 100.324260746853625, 6.963998417778533 ], [ 100.324036168032649, 6.963998417778544 ], [ 100.324036168032663, 6.9642229965995 ], [ 100.323811589211701, 6.964222996599505 ], [ 100.323811589211687, 6.964447575420559 ], [ 100.323587010390739, 6.964447575420549 ], [ 100.323587010390739, 6.965570469525716 ], [ 100.323811589211715, 6.965570469525712 ], [ 100.323811589211701, 6.965795048346767 ], [ 100.324036168032663, 6.965795048346769 ], [ 100.324036168032649, 6.965570469525716 ], [ 100.324260746853625, 6.965570469525728 ], [ 100.324260746853639, 6.965345890704674 ], [ 100.324485325674587, 6.96534589070466 ] ] ], [ [ [ 100.330099796200415, 6.964672154241607 ], [ 100.329875217379453, 6.964672154241604 ], [ 100.329875217379438, 6.9642229965995 ], [ 100.329650638558476, 6.964222996599495 ], [ 100.329650638558491, 6.963998417778546 ], [ 100.329201480916225, 6.963998417778531 ], [ 100.329201480916211, 6.964222996599511 ], [ 100.32807858681106, 6.9642229965995 ], [ 100.328078586811046, 6.964447575420559 ], [ 100.327854007990084, 6.964447575420551 ], [ 100.327854007990084, 6.964672154241605 ], [ 100.32807858681106, 6.964672154241609 ], [ 100.328078586811031, 6.965121311883716 ], [ 100.328303165632363, 6.965121311883707 ], [ 100.328303165632349, 6.965345890704675 ], [ 100.328752323274287, 6.965345890704678 ], [ 100.328752323274301, 6.964896733062659 ], [ 100.329201480916211, 6.964896733062654 ], [ 100.329201480916197, 6.96512131188371 ], [ 100.329426059737514, 6.965121311883707 ], [ 100.329426059737528, 6.965570469525719 ], [ 100.329650638558491, 6.965570469525719 ], [ 100.329650638558491, 6.96579504834677 ], [ 100.330099796200429, 6.965795048346767 ], [ 100.330099796200429, 6.965570469525719 ], [ 100.330324375021377, 6.965570469525718 ], [ 100.330324375021362, 6.965121311883716 ], [ 100.330099796200415, 6.965121311883705 ], [ 100.330099796200415, 6.964672154241607 ] ] ], [ [ [ 100.332345584410746, 6.966019627167814 ], [ 100.332121005589784, 6.966019627167811 ], [ 100.332121005589784, 6.965570469525711 ], [ 100.331896426768822, 6.965570469525725 ], [ 100.331896426768836, 6.965345890704671 ], [ 100.33167184794786, 6.96534589070467 ], [ 100.33167184794786, 6.965121311883714 ], [ 100.33122269030558, 6.96512131188371 ], [ 100.33122269030558, 6.965570469525716 ], [ 100.330998111484618, 6.965570469525711 ], [ 100.330998111484604, 6.966693363630878 ], [ 100.33122269030558, 6.966693363630875 ], [ 100.331222690305594, 6.966917942451943 ], [ 100.33167184794786, 6.966917942451933 ], [ 100.33167184794786, 6.967142521272905 ], [ 100.331896426768807, 6.967142521272891 ], [ 100.331896426768822, 6.966917942451938 ], [ 100.332121005589784, 6.966917942451929 ], [ 100.332121005589769, 6.966244205988785 ], [ 100.332345584410731, 6.966244205988779 ], [ 100.332345584410746, 6.966019627167814 ] ] ], [ [ [ 100.326955692706235, 6.966693363630884 ], [ 100.326955692706221, 6.966468784809827 ], [ 100.327180271527183, 6.966468784809837 ], [ 100.327180271527212, 6.965795048346777 ], [ 100.326955692706235, 6.965795048346761 ], [ 100.32695569270625, 6.965570469525719 ], [ 100.326731113884918, 6.965570469525719 ], [ 100.326731113884918, 6.966019627167829 ], [ 100.326506535063956, 6.966019627167821 ], [ 100.326506535063942, 6.966468784809829 ], [ 100.326281956243008, 6.966468784809838 ], [ 100.326281956242994, 6.966693363630881 ], [ 100.32583279860107, 6.966693363630892 ], [ 100.32583279860107, 6.966244205988785 ], [ 100.325159062137814, 6.966244205988787 ], [ 100.325159062137828, 6.966917942451926 ], [ 100.325608219779753, 6.966917942451945 ], [ 100.325608219779767, 6.967142521272891 ], [ 100.32583279860107, 6.967142521272892 ], [ 100.32583279860107, 6.967367100093942 ], [ 100.326506535063956, 6.967367100093945 ], [ 100.326506535063956, 6.966917942451929 ], [ 100.326731113884918, 6.966917942451929 ], [ 100.326731113884932, 6.966693363630874 ], [ 100.326955692706235, 6.966693363630884 ] ] ], [ [ [ 100.328976902095249, 6.966693363630877 ], [ 100.329201480916197, 6.966693363630887 ], [ 100.329201480916197, 6.966244205988787 ], [ 100.328976902095249, 6.966244205988779 ], [ 100.328976902095235, 6.966019627167813 ], [ 100.328527744453325, 6.966019627167815 ], [ 100.328527744453311, 6.96624420598879 ], [ 100.328303165632363, 6.96624420598879 ], [ 100.328303165632349, 6.966693363630882 ], [ 100.328078586811046, 6.966693363630893 ], [ 100.328078586811046, 6.967367100093948 ], [ 100.328527744453325, 6.967367100093956 ], [ 100.328527744453311, 6.967142521272892 ], [ 100.328752323274287, 6.967142521272899 ], [ 100.328752323274287, 6.966917942451939 ], [ 100.328976902095235, 6.966917942451926 ], [ 100.328976902095249, 6.966693363630877 ] ] ], [ [ [ 100.336388003189484, 6.971858676514517 ], [ 100.33661258201046, 6.971858676514522 ], [ 100.33661258201046, 6.972083255335568 ], [ 100.336837160831408, 6.972083255335571 ], [ 100.336837160831408, 6.972307834156619 ], [ 100.337735476115611, 6.97230783415662 ], [ 100.337735476115597, 6.972532412977677 ], [ 100.337960054936573, 6.97253241297768 ], [ 100.337960054936573, 6.972756991798642 ], [ 100.338633791399459, 6.972756991798638 ], [ 100.338633791399459, 6.972532412977664 ], [ 100.338409212578497, 6.972532412977683 ], [ 100.338409212578497, 6.972307834156623 ], [ 100.338633791399459, 6.972307834156624 ], [ 100.338633791399459, 6.972083255335577 ], [ 100.338409212578512, 6.972083255335575 ], [ 100.338409212578512, 6.971634097693565 ], [ 100.337960054936573, 6.971634097693568 ], [ 100.337960054936573, 6.971184940051456 ], [ 100.337735476115611, 6.971184940051459 ], [ 100.337735476115611, 6.970960361230405 ], [ 100.337286318473346, 6.970960361230405 ], [ 100.337286318473332, 6.970735782409436 ], [ 100.33706173965237, 6.970735782409443 ], [ 100.33706173965237, 6.970960361230411 ], [ 100.336837160831394, 6.9709603612304 ], [ 100.336837160831408, 6.971184940051458 ], [ 100.335489687905266, 6.971184940051455 ], [ 100.335489687905294, 6.97096036123041 ], [ 100.335040530263001, 6.970960361230415 ], [ 100.335040530263001, 6.970735782409443 ], [ 100.334815951442053, 6.970735782409448 ], [ 100.334815951442025, 6.970286624767335 ], [ 100.33548968790528, 6.970286624767342 ], [ 100.33548968790528, 6.970062045946293 ], [ 100.335714266726242, 6.970062045946301 ], [ 100.335714266726228, 6.969837467125323 ], [ 100.336163424368166, 6.969837467125337 ], [ 100.336163424368152, 6.969388309483227 ], [ 100.336388003189498, 6.969388309483225 ], [ 100.336388003189469, 6.968265415378059 ], [ 100.33661258201046, 6.968265415378054 ], [ 100.336612582010446, 6.968040836557012 ], [ 100.337286318473332, 6.968040836557019 ], [ 100.337286318473332, 6.967367100093945 ], [ 100.336837160831394, 6.967367100093943 ], [ 100.336837160831408, 6.967591678915008 ], [ 100.33661258201046, 6.967591678915008 ], [ 100.336612582010446, 6.967367100093949 ], [ 100.336388003189484, 6.967367100093954 ], [ 100.336388003189484, 6.967591678915003 ], [ 100.335714266726242, 6.967591678914993 ], [ 100.335714266726228, 6.967367100093955 ], [ 100.33548968790528, 6.967367100093951 ], [ 100.33548968790528, 6.966693363630877 ], [ 100.335265109084332, 6.966693363630891 ], [ 100.335265109084304, 6.966468784809843 ], [ 100.335040530263001, 6.966468784809837 ], [ 100.335040530263001, 6.966244205988773 ], [ 100.334815951442025, 6.966244205988773 ], [ 100.334815951442039, 6.966468784809842 ], [ 100.334591372621077, 6.96646878480984 ], [ 100.334591372621077, 6.966693363630888 ], [ 100.333917636157835, 6.966693363630884 ], [ 100.33391763615785, 6.967142521272901 ], [ 100.333693057336873, 6.967142521272897 ], [ 100.333693057336887, 6.967816257736055 ], [ 100.333468478515925, 6.967816257736049 ], [ 100.333468478515911, 6.968040836557011 ], [ 100.333243899694949, 6.96804083655702 ], [ 100.333243899694949, 6.968714573020157 ], [ 100.333468478515911, 6.96871457302016 ], [ 100.333468478515911, 6.968939151841217 ], [ 100.333917636157835, 6.96893915184122 ], [ 100.333917636157835, 6.968714573020158 ], [ 100.334142214979153, 6.968714573020175 ], [ 100.334142214979153, 6.968489994199119 ], [ 100.333917636157835, 6.96848999419911 ], [ 100.333917636157835, 6.968265415378056 ], [ 100.334142214979138, 6.968265415378058 ], [ 100.334142214979153, 6.968040836557011 ], [ 100.3343667938001, 6.968040836557016 ], [ 100.334366793800115, 6.968265415378066 ], [ 100.334591372621077, 6.968265415378059 ], [ 100.334591372621077, 6.969163730662187 ], [ 100.334366793800129, 6.969163730662171 ], [ 100.334366793800129, 6.970511203588392 ], [ 100.334142214979153, 6.970511203588384 ], [ 100.334142214979167, 6.970960361230401 ], [ 100.333917636157835, 6.970960361230409 ], [ 100.333917636157835, 6.971634097693553 ], [ 100.334142214979167, 6.971634097693568 ], [ 100.334142214979138, 6.971858676514516 ], [ 100.334366793800129, 6.971858676514529 ], [ 100.334366793800115, 6.972083255335577 ], [ 100.334815951442039, 6.972083255335578 ], [ 100.334815951442039, 6.972532412977667 ], [ 100.335265109084318, 6.97253241297767 ], [ 100.335265109084318, 6.972756991798642 ], [ 100.335714266726256, 6.972756991798641 ], [ 100.335714266726242, 6.972981570619678 ], [ 100.335938845547204, 6.972981570619695 ], [ 100.335938845547219, 6.972532412977673 ], [ 100.335714266726228, 6.972532412977677 ], [ 100.335714266726242, 6.972083255335571 ], [ 100.335938845547204, 6.972083255335565 ], [ 100.335938845547219, 6.971634097693552 ], [ 100.336388003189498, 6.971634097693555 ], [ 100.336388003189484, 6.971858676514517 ] ] ], [ [ [ 100.379282558006025, 6.951871161442865 ], [ 100.379507136826973, 6.951871161442869 ], [ 100.379507136826987, 6.951646582621904 ], [ 100.379731715647949, 6.951646582621888 ], [ 100.379731715647949, 6.951197424979796 ], [ 100.379956294469267, 6.951197424979785 ], [ 100.379956294469267, 6.950748267337784 ], [ 100.379731715647949, 6.950748267337791 ], [ 100.379731715647949, 6.95052368851674 ], [ 100.379057979185063, 6.950523688516736 ], [ 100.379057979185063, 6.950299109695686 ], [ 100.378833400364087, 6.950299109695685 ], [ 100.378833400364101, 6.950074530874633 ], [ 100.378608821542784, 6.950074530874631 ], [ 100.378608821542784, 6.949625373232624 ], [ 100.378833400364101, 6.949625373232614 ], [ 100.378833400364101, 6.948727057948505 ], [ 100.379057979185077, 6.948727057948507 ], [ 100.379057979185077, 6.948277900306396 ], [ 100.379282558006025, 6.948277900306409 ], [ 100.379282558006025, 6.948053321485347 ], [ 100.379507136827002, 6.94805332148535 ], [ 100.379507136826973, 6.947828742664392 ], [ 100.380180873290229, 6.947828742664394 ], [ 100.380180873290229, 6.947604163843332 ], [ 100.380630030932153, 6.947604163843341 ], [ 100.380630030932167, 6.947379585022285 ], [ 100.380854609753115, 6.947379585022284 ], [ 100.380854609753101, 6.947155006201235 ], [ 100.381752925037304, 6.947155006201234 ], [ 100.381752925037318, 6.94693042738027 ], [ 100.38197750385828, 6.94693042738027 ], [ 100.38197750385828, 6.946705848559228 ], [ 100.382202082679242, 6.946705848559217 ], [ 100.382202082679257, 6.946256690917112 ], [ 100.381752925037318, 6.946256690917132 ], [ 100.381752925037304, 6.946032112096163 ], [ 100.381528346216356, 6.94603211209616 ], [ 100.381528346216356, 6.945807533275111 ], [ 100.381752925037304, 6.945807533275103 ], [ 100.381752925037318, 6.945358375633012 ], [ 100.38197750385828, 6.945358375633002 ], [ 100.381977503858295, 6.945133796812043 ], [ 100.382202082679228, 6.945133796812049 ], [ 100.382202082679257, 6.944235481527847 ], [ 100.382426661500546, 6.944235481527832 ], [ 100.38242666150056, 6.943786323885829 ], [ 100.382202082679257, 6.943786323885825 ], [ 100.382202082679242, 6.943561745064769 ], [ 100.38197750385828, 6.94356174506477 ], [ 100.381977503858266, 6.943337166243726 ], [ 100.381528346216356, 6.943337166243717 ], [ 100.381528346216356, 6.943112587422759 ], [ 100.381303767395394, 6.943112587422761 ], [ 100.381303767395394, 6.941540535675488 ], [ 100.381079188574432, 6.941540535675496 ], [ 100.381079188574432, 6.941989693317603 ], [ 100.380854609753129, 6.941989693317607 ], [ 100.380854609753115, 6.943786323885826 ], [ 100.380630030932153, 6.943786323885832 ], [ 100.380630030932153, 6.944010902706885 ], [ 100.380180873290229, 6.944010902706881 ], [ 100.380180873290243, 6.944235481527845 ], [ 100.379731715647964, 6.944235481527844 ], [ 100.379731715647964, 6.944010902706871 ], [ 100.378833400364115, 6.944010902706871 ], [ 100.378833400364101, 6.943786323885827 ], [ 100.37860882154277, 6.943786323885829 ], [ 100.37860882154277, 6.943337166243718 ], [ 100.37815966390086, 6.943337166243718 ], [ 100.37815966390086, 6.943112587422754 ], [ 100.377485927437633, 6.943112587422764 ], [ 100.377485927437618, 6.943337166243726 ], [ 100.377261348616656, 6.943337166243726 ], [ 100.377261348616656, 6.943561745064785 ], [ 100.377036769795694, 6.943561745064775 ], [ 100.377036769795694, 6.943786323885824 ], [ 100.376363033332808, 6.943786323885822 ], [ 100.376363033332794, 6.943561745064785 ], [ 100.376138454511505, 6.94356174506478 ], [ 100.376138454511491, 6.943786323885825 ], [ 100.375689296869567, 6.943786323885821 ], [ 100.375689296869567, 6.944010902706885 ], [ 100.374790981585363, 6.944010902706881 ], [ 100.374790981585363, 6.94423548152785 ], [ 100.374341823943439, 6.944235481527832 ], [ 100.374341823943425, 6.944460060348895 ], [ 100.374117245122477, 6.9444600603489 ], [ 100.374117245122477, 6.94468463916995 ], [ 100.37389266630116, 6.944684639169944 ], [ 100.37389266630116, 6.944909217990998 ], [ 100.374117245122463, 6.94490921799099 ], [ 100.374117245122477, 6.945133796812035 ], [ 100.374790981585363, 6.945133796812041 ], [ 100.374790981585363, 6.945807533275109 ], [ 100.374566402764401, 6.945807533275101 ], [ 100.374566402764401, 6.946481269738174 ], [ 100.374790981585377, 6.946481269738167 ], [ 100.374790981585377, 6.946705848559223 ], [ 100.375913875690529, 6.946705848559224 ], [ 100.375913875690514, 6.94693042738027 ], [ 100.376138454511491, 6.946930427380265 ], [ 100.376138454511491, 6.947604163843335 ], [ 100.375913875690529, 6.947604163843334 ], [ 100.375913875690543, 6.948053321485353 ], [ 100.375689296869581, 6.948053321485343 ], [ 100.375689296869567, 6.948502479127455 ], [ 100.375464718048605, 6.948502479127459 ], [ 100.375464718048605, 6.948727057948504 ], [ 100.375689296869581, 6.948727057948503 ], [ 100.375689296869581, 6.948951636769556 ], [ 100.375913875690529, 6.948951636769561 ], [ 100.375913875690529, 6.949176215590521 ], [ 100.376363033332808, 6.949176215590511 ], [ 100.376363033332808, 6.949625373232625 ], [ 100.37658761215377, 6.949625373232612 ], [ 100.37658761215377, 6.95007453087463 ], [ 100.376363033332808, 6.950074530874628 ], [ 100.376363033332808, 6.95029910969569 ], [ 100.376138454511505, 6.950299109695685 ], [ 100.376138454511477, 6.950523688516741 ], [ 100.375913875690529, 6.950523688516725 ], [ 100.375913875690529, 6.950748267337793 ], [ 100.375464718048605, 6.950748267337784 ], [ 100.375464718048605, 6.950972846158737 ], [ 100.375240139227628, 6.950972846158735 ], [ 100.375240139227643, 6.951422003800851 ], [ 100.37546471804859, 6.951422003800843 ], [ 100.375464718048605, 6.951646582621895 ], [ 100.375689296869567, 6.951646582621898 ], [ 100.375689296869567, 6.951871161442861 ], [ 100.375913875690529, 6.951871161442868 ], [ 100.375913875690529, 6.952095740263915 ], [ 100.376812190974732, 6.952095740263919 ], [ 100.376812190974732, 6.951871161442851 ], [ 100.377261348616656, 6.951871161442861 ], [ 100.37726134861667, 6.952095740263911 ], [ 100.377485927437618, 6.952095740263902 ], [ 100.377485927437633, 6.952320319084954 ], [ 100.377935085079898, 6.95232031908497 ], [ 100.377935085079898, 6.952544897906009 ], [ 100.378384242721822, 6.952544897906012 ], [ 100.378384242721822, 6.952320319084967 ], [ 100.379057979185063, 6.952320319084965 ], [ 100.379057979185063, 6.952095740263919 ], [ 100.379282558006025, 6.952095740263911 ], [ 100.379282558006025, 6.951871161442865 ] ], [ [ 100.381303767395408, 6.944460060348887 ], [ 100.38130376739538, 6.945358375633005 ], [ 100.380854609753115, 6.945358375633011 ], [ 100.380854609753115, 6.945133796812041 ], [ 100.380630030932153, 6.945133796812043 ], [ 100.380630030932153, 6.944684639169935 ], [ 100.380854609753115, 6.944684639169946 ], [ 100.380854609753115, 6.944460060348901 ], [ 100.381303767395408, 6.944460060348887 ] ], [ [ 100.376587612153756, 6.945807533275103 ], [ 100.376812190974732, 6.945807533275103 ], [ 100.376812190974746, 6.946032112096155 ], [ 100.37658761215377, 6.94603211209615 ], [ 100.376587612153756, 6.945807533275103 ] ], [ [ 100.380405452111191, 6.945807533275113 ], [ 100.380854609753115, 6.945807533275099 ], [ 100.380854609753115, 6.946032112096156 ], [ 100.381079188574446, 6.946032112096156 ], [ 100.381079188574432, 6.946481269738179 ], [ 100.380854609753115, 6.946481269738178 ], [ 100.380854609753101, 6.946705848559222 ], [ 100.380630030932153, 6.946705848559216 ], [ 100.380630030932167, 6.946481269738177 ], [ 100.380180873290229, 6.946481269738179 ], [ 100.380180873290229, 6.946032112096162 ], [ 100.380405452111191, 6.946032112096159 ], [ 100.380405452111191, 6.945807533275113 ] ] ], [ [ [ 100.383549555605725, 6.962650944852319 ], [ 100.383774134426687, 6.962650944852315 ], [ 100.383774134426673, 6.961303471926205 ], [ 100.383998713247635, 6.961303471926199 ], [ 100.383998713247649, 6.960180577821038 ], [ 100.384223292068611, 6.96018057782103 ], [ 100.384223292068611, 6.959731420178936 ], [ 100.384447870889574, 6.959731420178938 ], [ 100.384447870889574, 6.959506841357875 ], [ 100.384672449710877, 6.95950684135787 ], [ 100.384672449710891, 6.959057683715866 ], [ 100.383774134426673, 6.95905768371587 ], [ 100.383774134426673, 6.958833104894811 ], [ 100.383549555605711, 6.958833104894825 ], [ 100.383549555605725, 6.957261053147641 ], [ 100.383324976784408, 6.957261053147629 ], [ 100.383324976784408, 6.956811895505531 ], [ 100.383100397963446, 6.956811895505536 ], [ 100.383100397963432, 6.956587316684475 ], [ 100.383324976784394, 6.956587316684481 ], [ 100.383324976784422, 6.955913580221428 ], [ 100.383549555605711, 6.955913580221425 ], [ 100.383549555605725, 6.955464422579413 ], [ 100.383324976784394, 6.955464422579406 ], [ 100.383324976784408, 6.955239843758354 ], [ 100.382875819142484, 6.955239843758356 ], [ 100.382875819142484, 6.955015264937312 ], [ 100.382426661500574, 6.955015264937306 ], [ 100.38242666150056, 6.954790686116262 ], [ 100.382202082679228, 6.954790686116251 ], [ 100.382202082679242, 6.954566107295295 ], [ 100.38197750385828, 6.954566107295287 ], [ 100.381977503858266, 6.954341528474242 ], [ 100.381752925037318, 6.954341528474241 ], [ 100.381752925037304, 6.955239843758361 ], [ 100.381528346216356, 6.955239843758354 ], [ 100.381528346216356, 6.955689001400377 ], [ 100.381752925037318, 6.955689001400367 ], [ 100.381752925037318, 6.95613815904246 ], [ 100.381977503858295, 6.956138159042473 ], [ 100.38197750385828, 6.957036474326586 ], [ 100.381752925037318, 6.95703647432658 ], [ 100.381752925037333, 6.957261053147629 ], [ 100.381528346216356, 6.957261053147633 ], [ 100.381528346216356, 6.957485631968694 ], [ 100.381079188574432, 6.957485631968684 ], [ 100.381079188574432, 6.957261053147636 ], [ 100.380854609753115, 6.95726105314764 ], [ 100.380854609753101, 6.95703647432658 ], [ 100.381079188574418, 6.957036474326594 ], [ 100.381079188574418, 6.956587316684488 ], [ 100.38130376739538, 6.956587316684488 ], [ 100.381303767395394, 6.956138159042466 ], [ 100.380405452111191, 6.956138159042476 ], [ 100.380405452111191, 6.955913580221423 ], [ 100.380180873290215, 6.955913580221416 ], [ 100.380180873290229, 6.955689001400379 ], [ 100.379956294469267, 6.95568900140037 ], [ 100.379956294469267, 6.955015264937302 ], [ 100.380180873290229, 6.955015264937303 ], [ 100.380180873290229, 6.954566107295283 ], [ 100.380405452111205, 6.954566107295294 ], [ 100.380405452111205, 6.953892370832135 ], [ 100.380630030932139, 6.953892370832139 ], [ 100.380630030932167, 6.95353569364321 ], [ 100.380599642537959, 6.953526447913327 ], [ 100.380556523707867, 6.953510825419992 ], [ 100.380504094024928, 6.953491834263348 ], [ 100.380466779808074, 6.953468679759255 ], [ 100.380443426503447, 6.95344548364923 ], [ 100.380441678418322, 6.95344321319013 ], [ 100.380405452111205, 6.953443213190134 ], [ 100.380405452111191, 6.953379457767943 ], [ 100.38040283898745, 6.953370317330297 ], [ 100.380387853731463, 6.953317926328885 ], [ 100.380326140849988, 6.953218634369067 ], [ 100.379507136826987, 6.953218634369085 ], [ 100.379507136826987, 6.953443213190117 ], [ 100.379282558006025, 6.953443213190135 ], [ 100.379282558006039, 6.953667792011168 ], [ 100.379057979185063, 6.953667792011175 ], [ 100.379057979185049, 6.953892370832145 ], [ 100.378608821542784, 6.953892370832134 ], [ 100.37860882154277, 6.953667792011172 ], [ 100.378159663900846, 6.953667792011182 ], [ 100.37815966390086, 6.953443213190125 ], [ 100.376587612153784, 6.953443213190129 ], [ 100.37658761215377, 6.953218634369069 ], [ 100.376138454511491, 6.95321863436908 ], [ 100.376138454511491, 6.952994055548027 ], [ 100.375689296869567, 6.952994055548017 ], [ 100.375689296869567, 6.954341528474249 ], [ 100.375464718048605, 6.954341528474234 ], [ 100.375464718048605, 6.954790686116257 ], [ 100.375240139227657, 6.954790686116255 ], [ 100.375240139227643, 6.955239843758348 ], [ 100.375015560406325, 6.955239843758367 ], [ 100.375015560406325, 6.955464422579401 ], [ 100.37389266630116, 6.955464422579398 ], [ 100.37389266630116, 6.955689001400377 ], [ 100.373668087480198, 6.955689001400364 ], [ 100.373668087480198, 6.955913580221419 ], [ 100.374566402764401, 6.955913580221424 ], [ 100.374566402764415, 6.956138159042464 ], [ 100.374790981585363, 6.956138159042469 ], [ 100.374790981585363, 6.957261053147642 ], [ 100.375015560406339, 6.957261053147633 ], [ 100.375015560406311, 6.95748563196869 ], [ 100.375240139227643, 6.95748563196869 ], [ 100.375240139227643, 6.95815936843176 ], [ 100.375015560406325, 6.958159368431751 ], [ 100.375015560406325, 6.958833104894809 ], [ 100.375464718048605, 6.95883310489481 ], [ 100.37546471804859, 6.958608526073768 ], [ 100.376812190974732, 6.958608526073754 ], [ 100.376812190974732, 6.958383947252807 ], [ 100.37703676979568, 6.958383947252799 ], [ 100.377036769795694, 6.958159368431755 ], [ 100.377485927437618, 6.958159368431755 ], [ 100.377485927437604, 6.958383947252797 ], [ 100.37771050625895, 6.958383947252799 ], [ 100.377710506258936, 6.959057683715875 ], [ 100.377485927437618, 6.959057683715871 ], [ 100.377485927437604, 6.959282262536912 ], [ 100.376812190974732, 6.959282262536924 ], [ 100.376812190974732, 6.959506841357888 ], [ 100.375689296869552, 6.959506841357886 ], [ 100.375689296869567, 6.959731420178927 ], [ 100.375240139227643, 6.959731420178929 ], [ 100.375240139227643, 6.959955998999984 ], [ 100.375015560406325, 6.959955999 ], [ 100.375015560406311, 6.960180577821038 ], [ 100.374566402764401, 6.960180577821022 ], [ 100.374566402764401, 6.960854314284094 ], [ 100.375015560406325, 6.960854314284105 ], [ 100.375015560406325, 6.961078893105148 ], [ 100.375240139227628, 6.961078893105154 ], [ 100.375240139227657, 6.961303471926191 ], [ 100.375464718048605, 6.961303471926187 ], [ 100.37546471804859, 6.962201787210319 ], [ 100.374566402764401, 6.962201787210313 ], [ 100.374566402764415, 6.962426366031264 ], [ 100.374341823943439, 6.962426366031266 ], [ 100.374341823943439, 6.962650944852316 ], [ 100.374117245122463, 6.962650944852316 ], [ 100.374117245122477, 6.963100102494422 ], [ 100.374341823943439, 6.963100102494432 ], [ 100.374341823943439, 6.963324681315394 ], [ 100.375689296869567, 6.963324681315393 ], [ 100.375689296869567, 6.963100102494433 ], [ 100.375913875690514, 6.963100102494417 ], [ 100.375913875690543, 6.962875523673382 ], [ 100.37703676979568, 6.962875523673368 ], [ 100.377036769795694, 6.962650944852322 ], [ 100.377261348616656, 6.962650944852324 ], [ 100.37726134861667, 6.962426366031281 ], [ 100.377485927437618, 6.962426366031265 ], [ 100.377485927437604, 6.961977208389253 ], [ 100.377935085079898, 6.961977208389261 ], [ 100.377935085079898, 6.961752629568207 ], [ 100.37815966390086, 6.961752629568199 ], [ 100.37815966390086, 6.961528050747161 ], [ 100.378384242721836, 6.961528050747162 ], [ 100.378384242721822, 6.961078893105153 ], [ 100.378608821542784, 6.96107889310515 ], [ 100.378608821542784, 6.9608543142841 ], [ 100.378833400364101, 6.960854314284103 ], [ 100.378833400364101, 6.960629735463041 ], [ 100.379057979185063, 6.960629735463038 ], [ 100.379057979185063, 6.960405156641987 ], [ 100.379507136826973, 6.960405156641991 ], [ 100.379507136826973, 6.960629735463039 ], [ 100.379731715647935, 6.960629735463045 ], [ 100.379731715647949, 6.961528050747154 ], [ 100.379956294469281, 6.961528050747167 ], [ 100.379956294469267, 6.961752629568201 ], [ 100.380854609753115, 6.961752629568207 ], [ 100.380854609753115, 6.96197720838927 ], [ 100.381528346216371, 6.96197720838926 ], [ 100.381528346216356, 6.962201787210308 ], [ 100.381752925037318, 6.962201787210311 ], [ 100.381752925037318, 6.963100102494423 ], [ 100.38197750385828, 6.963100102494429 ], [ 100.381977503858266, 6.963324681315383 ], [ 100.382875819142498, 6.963324681315396 ], [ 100.382875819142484, 6.963100102494435 ], [ 100.383100397963446, 6.963100102494422 ], [ 100.383100397963446, 6.962875523673373 ], [ 100.383549555605711, 6.962875523673381 ], [ 100.383549555605725, 6.962650944852319 ] ], [ [ 100.379956294469281, 6.956362737863513 ], [ 100.380180873290229, 6.956362737863528 ], [ 100.380180873290215, 6.956587316684484 ], [ 100.380405452111191, 6.956587316684485 ], [ 100.380405452111205, 6.957036474326577 ], [ 100.380180873290243, 6.957036474326589 ], [ 100.380180873290215, 6.957261053147642 ], [ 100.379731715647949, 6.957261053147644 ], [ 100.379731715647949, 6.956587316684491 ], [ 100.379956294469281, 6.956587316684492 ], [ 100.379956294469281, 6.956362737863513 ] ], [ [ 100.379731715647935, 6.959282262536907 ], [ 100.379282558006011, 6.959282262536925 ], [ 100.379282558006025, 6.95860852607376 ], [ 100.379731715647935, 6.958608526073774 ], [ 100.379731715647949, 6.958833104894806 ], [ 100.379956294469267, 6.958833104894822 ], [ 100.379956294469267, 6.95905768371586 ], [ 100.379731715647964, 6.959057683715865 ], [ 100.379731715647935, 6.959282262536907 ] ], [ [ 100.380405452111191, 6.958608526073761 ], [ 100.380630030932153, 6.958608526073757 ], [ 100.380630030932153, 6.958833104894808 ], [ 100.380854609753115, 6.95883310489481 ], [ 100.380854609753101, 6.959057683715873 ], [ 100.380630030932167, 6.959057683715866 ], [ 100.380630030932153, 6.959282262536927 ], [ 100.380180873290229, 6.959282262536907 ], [ 100.380180873290243, 6.958833104894814 ], [ 100.380405452111191, 6.958833104894822 ], [ 100.380405452111191, 6.958608526073761 ] ], [ [ 100.377485927437604, 6.961752629568203 ], [ 100.37726134861667, 6.961752629568209 ], [ 100.377261348616656, 6.961977208389262 ], [ 100.376812190974732, 6.961977208389252 ], [ 100.376812190974718, 6.961752629568204 ], [ 100.376363033332808, 6.96175262956821 ], [ 100.376363033332808, 6.961528050747163 ], [ 100.376138454511491, 6.961528050747151 ], [ 100.376138454511505, 6.961303471926202 ], [ 100.376363033332808, 6.961303471926199 ], [ 100.376363033332794, 6.95995599899998 ], [ 100.377036769795708, 6.959955998999988 ], [ 100.377036769795694, 6.960629735463043 ], [ 100.377261348616656, 6.960629735463041 ], [ 100.377261348616642, 6.961078893105154 ], [ 100.377485927437618, 6.961078893105155 ], [ 100.377485927437604, 6.961752629568203 ] ] ], [ [ [ 100.388939447310236, 6.961078893105135 ], [ 100.388939447310236, 6.960854314284092 ], [ 100.388714868489274, 6.960854314284093 ], [ 100.388714868489259, 6.960629735463041 ], [ 100.387367395563146, 6.960629735463044 ], [ 100.387367395563146, 6.960854314284094 ], [ 100.387591974384108, 6.960854314284086 ], [ 100.387591974384122, 6.961303471926193 ], [ 100.388041132026032, 6.961303471926194 ], [ 100.388041132026018, 6.961528050747167 ], [ 100.388939447310236, 6.961528050747162 ], [ 100.388939447310236, 6.961303471926206 ], [ 100.389164026131198, 6.961303471926192 ], [ 100.389164026131212, 6.96107889310514 ], [ 100.388939447310236, 6.961078893105135 ] ] ], [ [ [ 100.390041240655876, 6.962650944852323 ], [ 100.389613183773477, 6.962650944852322 ], [ 100.389613183773477, 6.962426366031279 ], [ 100.389388604952515, 6.962426366031281 ], [ 100.389388604952515, 6.962201787210319 ], [ 100.388939447310236, 6.962201787210304 ], [ 100.388939447310236, 6.962650944852329 ], [ 100.388714868489274, 6.962650944852325 ], [ 100.388714868489274, 6.96287552367337 ], [ 100.38893944731025, 6.962875523673379 ], [ 100.38893944731025, 6.963324681315396 ], [ 100.389164026131212, 6.963324681315385 ], [ 100.389164026131198, 6.963549260136434 ], [ 100.389613183773477, 6.963549260136446 ], [ 100.389613183773477, 6.963324681315381 ], [ 100.390062341415401, 6.963324681315387 ], [ 100.390062341415415, 6.962698431202465 ], [ 100.390041273969672, 6.962651647263784 ], [ 100.390041240655876, 6.962650944852323 ] ] ], [ [ [ 100.380180873290243, 6.965795048346772 ], [ 100.379956294469267, 6.965795048346775 ], [ 100.379956294469252, 6.965345890704659 ], [ 100.379731715647949, 6.965345890704677 ], [ 100.379731715647949, 6.965121311883705 ], [ 100.379507136826987, 6.965121311883705 ], [ 100.379507136826987, 6.96489673306266 ], [ 100.379282558006039, 6.96489673306265 ], [ 100.379282558006025, 6.964672154241597 ], [ 100.378608821542798, 6.964672154241605 ], [ 100.378608821542798, 6.964896733062655 ], [ 100.378384242721822, 6.964896733062648 ], [ 100.378384242721836, 6.96579504834676 ], [ 100.37860882154277, 6.965795048346772 ], [ 100.378608821542784, 6.966019627167817 ], [ 100.378833400364101, 6.966019627167817 ], [ 100.378833400364087, 6.966244205988785 ], [ 100.379057979185063, 6.96624420598879 ], [ 100.379057979185077, 6.966468784809833 ], [ 100.379282558006025, 6.966468784809834 ], [ 100.379282558006025, 6.966917942451932 ], [ 100.379507136826973, 6.966917942451931 ], [ 100.379507136827002, 6.967142521272903 ], [ 100.379731715647935, 6.967142521272901 ], [ 100.379731715647949, 6.966917942451926 ], [ 100.379956294469267, 6.966917942451934 ], [ 100.379956294469281, 6.96646878480983 ], [ 100.380180873290229, 6.966468784809839 ], [ 100.380180873290243, 6.965795048346772 ] ] ], [ [ [ 100.386693659099905, 6.968714573020172 ], [ 100.386693659099905, 6.968489994199119 ], [ 100.387591974384094, 6.968489994199116 ], [ 100.387591974384094, 6.968040836557005 ], [ 100.387367395563146, 6.968040836557011 ], [ 100.387367395563146, 6.967816257736048 ], [ 100.386918237920867, 6.967816257736051 ], [ 100.386918237920867, 6.967591678914998 ], [ 100.386693659099905, 6.967591678915006 ], [ 100.386693659099919, 6.966693363630893 ], [ 100.386918237920867, 6.966693363630876 ], [ 100.386918237920867, 6.96646878480984 ], [ 100.386693659099905, 6.966468784809834 ], [ 100.386693659099905, 6.96601962716783 ], [ 100.386469080278943, 6.966019627167825 ], [ 100.386469080278928, 6.96579504834678 ], [ 100.386244501457981, 6.965795048346763 ], [ 100.386244501457981, 6.965570469525725 ], [ 100.386019922637018, 6.965570469525726 ], [ 100.386019922637004, 6.965345890704659 ], [ 100.385121607352815, 6.965345890704674 ], [ 100.385121607352815, 6.965121311883711 ], [ 100.384672449710891, 6.965121311883712 ], [ 100.384672449710891, 6.965795048346762 ], [ 100.384447870889574, 6.965795048346775 ], [ 100.384447870889574, 6.96601962716783 ], [ 100.384223292068611, 6.966019627167818 ], [ 100.384223292068611, 6.966244205988782 ], [ 100.383998713247649, 6.966244205988782 ], [ 100.383998713247649, 6.96669336363089 ], [ 100.384223292068626, 6.966693363630884 ], [ 100.384223292068611, 6.967367100093939 ], [ 100.383998713247649, 6.967367100093953 ], [ 100.383998713247649, 6.967816257736054 ], [ 100.384223292068611, 6.967816257736054 ], [ 100.384223292068626, 6.96848999419912 ], [ 100.384447870889588, 6.968489994199123 ], [ 100.384447870889559, 6.96871457302016 ], [ 100.385346186173777, 6.968714573020163 ], [ 100.385346186173777, 6.968939151841225 ], [ 100.385795343816056, 6.96893915184121 ], [ 100.385795343816056, 6.969163730662167 ], [ 100.386019922637018, 6.969163730662177 ], [ 100.386019922637004, 6.96893915184121 ], [ 100.386469080278943, 6.968939151841218 ], [ 100.386469080278943, 6.968714573020163 ], [ 100.386693659099905, 6.968714573020172 ] ] ], [ [ [ 100.382875819142484, 6.968714573020176 ], [ 100.38242666150056, 6.968714573020174 ], [ 100.38242666150056, 6.968489994199106 ], [ 100.382202082679242, 6.968489994199123 ], [ 100.382202082679257, 6.968265415378063 ], [ 100.381977503858295, 6.968265415378058 ], [ 100.381977503858266, 6.967816257736059 ], [ 100.381752925037318, 6.967816257736051 ], [ 100.381752925037318, 6.968040836557006 ], [ 100.38130376739538, 6.968040836557021 ], [ 100.381303767395408, 6.968939151841224 ], [ 100.381528346216356, 6.968939151841218 ], [ 100.381528346216356, 6.969163730662173 ], [ 100.381977503858295, 6.969163730662183 ], [ 100.381977503858266, 6.969388309483225 ], [ 100.38242666150056, 6.969388309483231 ], [ 100.382426661500574, 6.96961288830427 ], [ 100.382875819142484, 6.969612888304287 ], [ 100.382875819142498, 6.969388309483231 ], [ 100.38310039796346, 6.969388309483225 ], [ 100.383100397963446, 6.96893915184121 ], [ 100.382875819142498, 6.968939151841225 ], [ 100.382875819142484, 6.968714573020176 ] ] ], [ [ [ 100.391634393162491, 6.970062045946291 ], [ 100.391409814341529, 6.970062045946302 ], [ 100.391409814341529, 6.96983746712533 ], [ 100.391185235520567, 6.969837467125338 ], [ 100.391185235520553, 6.969612888304279 ], [ 100.390960656699605, 6.969612888304288 ], [ 100.390960656699605, 6.969163730662172 ], [ 100.390736077878643, 6.969163730662167 ], [ 100.390736077878643, 6.968939151841212 ], [ 100.390062341415401, 6.968939151841205 ], [ 100.390062341415401, 6.968714573020165 ], [ 100.389837762594439, 6.968714573020158 ], [ 100.389837762594453, 6.968489994199111 ], [ 100.389613183773477, 6.968489994199123 ], [ 100.389613183773477, 6.968265415378053 ], [ 100.389164026131198, 6.968265415378066 ], [ 100.389164026131198, 6.968939151841215 ], [ 100.389388604952515, 6.968939151841222 ], [ 100.389388604952501, 6.969163730662187 ], [ 100.389837762594439, 6.969163730662183 ], [ 100.389837762594453, 6.969388309483222 ], [ 100.390062341415401, 6.969388309483239 ], [ 100.390062341415401, 6.969612888304272 ], [ 100.390286920236363, 6.969612888304273 ], [ 100.390286920236363, 6.969837467125337 ], [ 100.390511499057681, 6.969837467125331 ], [ 100.390511499057681, 6.970286624767337 ], [ 100.390736077878643, 6.970286624767343 ], [ 100.390736077878643, 6.9705112035884 ], [ 100.391185235520567, 6.970511203588393 ], [ 100.391185235520567, 6.970735782409444 ], [ 100.391634393162491, 6.970735782409449 ], [ 100.391634393162505, 6.970511203588399 ], [ 100.391858971983808, 6.9705112035884 ], [ 100.391858971983808, 6.970286624767351 ], [ 100.391634393162491, 6.970286624767352 ], [ 100.391634393162491, 6.970062045946291 ] ] ], [ [ [ 100.371422299269867, 6.971409518872504 ], [ 100.371422299269881, 6.971184940051462 ], [ 100.371646878091184, 6.971184940051462 ], [ 100.371646878091184, 6.971409518872511 ], [ 100.372320614554084, 6.971409518872511 ], [ 100.372320614554084, 6.971184940051463 ], [ 100.372994351017311, 6.971184940051462 ], [ 100.372994351017297, 6.970960361230405 ], [ 100.373443508659236, 6.970960361230401 ], [ 100.373443508659221, 6.970511203588389 ], [ 100.373668087480198, 6.970511203588398 ], [ 100.373668087480198, 6.970286624767346 ], [ 100.373892666301174, 6.970286624767347 ], [ 100.37389266630116, 6.970062045946285 ], [ 100.374566402764415, 6.970062045946285 ], [ 100.374566402764387, 6.970286624767346 ], [ 100.375913875690529, 6.970286624767345 ], [ 100.375913875690529, 6.970062045946301 ], [ 100.376812190974732, 6.9700620459463 ], [ 100.376812190974718, 6.969837467125322 ], [ 100.377036769795708, 6.969837467125335 ], [ 100.37703676979568, 6.969612888304273 ], [ 100.377261348616656, 6.969612888304274 ], [ 100.377261348616656, 6.969388309483231 ], [ 100.377485927437618, 6.969388309483231 ], [ 100.377485927437618, 6.968714573020159 ], [ 100.377261348616642, 6.968714573020156 ], [ 100.377261348616656, 6.967591678914996 ], [ 100.377036769795694, 6.96759167891501 ], [ 100.377036769795694, 6.967367100093945 ], [ 100.376587612153756, 6.967367100093943 ], [ 100.37658761215377, 6.967591678914994 ], [ 100.376363033332822, 6.967591678915005 ], [ 100.376363033332808, 6.967816257736045 ], [ 100.375913875690529, 6.967816257736053 ], [ 100.375913875690514, 6.967591678915006 ], [ 100.375015560406339, 6.967591678914999 ], [ 100.375015560406325, 6.968040836557003 ], [ 100.374566402764401, 6.96804083655701 ], [ 100.374566402764401, 6.968265415378059 ], [ 100.37389266630116, 6.968265415378071 ], [ 100.373892666301145, 6.968714573020164 ], [ 100.374117245122491, 6.968714573020167 ], [ 100.374117245122491, 6.968939151841212 ], [ 100.374341823943439, 6.968939151841212 ], [ 100.374341823943425, 6.969612888304276 ], [ 100.374117245122491, 6.969612888304279 ], [ 100.374117245122477, 6.96983746712533 ], [ 100.373892666301174, 6.969837467125322 ], [ 100.37389266630116, 6.96961288830428 ], [ 100.373668087480212, 6.969612888304277 ], [ 100.373668087480212, 6.969163730662181 ], [ 100.373218929838288, 6.969163730662172 ], [ 100.373218929838288, 6.968939151841221 ], [ 100.372994351017311, 6.968939151841212 ], [ 100.372994351017311, 6.969163730662183 ], [ 100.372769772195994, 6.969163730662177 ], [ 100.372769772195994, 6.969612888304288 ], [ 100.372545193375046, 6.969612888304287 ], [ 100.372545193375018, 6.969837467125323 ], [ 100.37232061455407, 6.969837467125327 ], [ 100.37232061455407, 6.969612888304281 ], [ 100.371646878091184, 6.969612888304288 ], [ 100.371646878091184, 6.969837467125334 ], [ 100.371197720448905, 6.969837467125322 ], [ 100.37119772044889, 6.970062045946293 ], [ 100.37074856280698, 6.970062045946284 ], [ 100.37074856280698, 6.970286624767347 ], [ 100.370523983986004, 6.970286624767338 ], [ 100.370523983986018, 6.970511203588402 ], [ 100.369401089880853, 6.970511203588395 ], [ 100.369401089880853, 6.970960361230405 ], [ 100.369176511059536, 6.970960361230402 ], [ 100.369176511059536, 6.971184940051457 ], [ 100.369401089880853, 6.971184940051461 ], [ 100.369401089880853, 6.971409518872516 ], [ 100.369625668701815, 6.971409518872511 ], [ 100.369625668701815, 6.971184940051459 ], [ 100.370074826343725, 6.971184940051459 ], [ 100.370074826343739, 6.970960361230405 ], [ 100.370299405164715, 6.970960361230398 ], [ 100.370299405164701, 6.971184940051459 ], [ 100.370523983986033, 6.971184940051452 ], [ 100.370523983986018, 6.971409518872518 ], [ 100.370748562806966, 6.971409518872503 ], [ 100.37074856280698, 6.97185867651453 ], [ 100.370973141627957, 6.971858676514519 ], [ 100.370973141627942, 6.971634097693561 ], [ 100.371197720448905, 6.971634097693561 ], [ 100.371197720448905, 6.971409518872508 ], [ 100.371422299269867, 6.971409518872504 ] ] ], [ [ [ 100.342227052535918, 6.972981570619692 ], [ 100.342227052535918, 6.972756991798629 ], [ 100.342451631357235, 6.972756991798631 ], [ 100.342451631357235, 6.972307834156623 ], [ 100.342676210178212, 6.972307834156623 ], [ 100.342676210178197, 6.97185867651453 ], [ 100.343349946641084, 6.971858676514525 ], [ 100.343349946641084, 6.972756991798627 ], [ 100.343799104283349, 6.97275699179863 ], [ 100.343799104283349, 6.972532412977666 ], [ 100.344023683104339, 6.972532412977684 ], [ 100.344023683104311, 6.972083255335581 ], [ 100.344472840746263, 6.972083255335569 ], [ 100.344472840746263, 6.971858676514522 ], [ 100.344697419567566, 6.971858676514525 ], [ 100.344697419567552, 6.971634097693561 ], [ 100.344921998388543, 6.971634097693568 ], [ 100.344921998388529, 6.970960361230412 ], [ 100.345146577209491, 6.9709603612304 ], [ 100.345146577209491, 6.970511203588396 ], [ 100.345371156030467, 6.970511203588388 ], [ 100.345371156030453, 6.97028662476735 ], [ 100.345820313672732, 6.970286624767352 ], [ 100.345820313672732, 6.970062045946301 ], [ 100.346044892493694, 6.970062045946301 ], [ 100.346044892493708, 6.969837467125337 ], [ 100.345595734851415, 6.969837467125333 ], [ 100.345595734851429, 6.970062045946295 ], [ 100.345371156030438, 6.970062045946286 ], [ 100.345371156030467, 6.96983746712534 ], [ 100.345146577209476, 6.969837467125326 ], [ 100.345146577209505, 6.969388309483237 ], [ 100.344921998388529, 6.969388309483228 ], [ 100.344921998388543, 6.969163730662169 ], [ 100.344697419567552, 6.969163730662172 ], [ 100.344697419567566, 6.968939151841217 ], [ 100.344472840746249, 6.968939151841218 ], [ 100.344472840746263, 6.968714573020168 ], [ 100.344248261925301, 6.968714573020175 ], [ 100.344248261925273, 6.968040836557017 ], [ 100.343574525462401, 6.968040836557007 ], [ 100.343574525462401, 6.967816257736051 ], [ 100.343349946641084, 6.967816257736048 ], [ 100.343349946641098, 6.967591678914994 ], [ 100.343125367820107, 6.967591678915008 ], [ 100.343125367820107, 6.96736710009394 ], [ 100.342676210178197, 6.967367100093957 ], [ 100.342676210178212, 6.967816257736054 ], [ 100.34245163135725, 6.967816257736049 ], [ 100.342451631357235, 6.96893915184121 ], [ 100.342227052535918, 6.968939151841224 ], [ 100.342227052535918, 6.969388309483235 ], [ 100.342002473714956, 6.969388309483226 ], [ 100.342002473714956, 6.970062045946292 ], [ 100.34177789489398, 6.970062045946301 ], [ 100.341777894893994, 6.97028662476735 ], [ 100.341553316073032, 6.970286624767343 ], [ 100.341553316073046, 6.970062045946286 ], [ 100.341328737252056, 6.970062045946289 ], [ 100.34132873725207, 6.969837467125326 ], [ 100.341553316073032, 6.969837467125326 ], [ 100.341553316073046, 6.969388309483231 ], [ 100.341777894893994, 6.969388309483225 ], [ 100.341777894893994, 6.967591678914998 ], [ 100.341553316073032, 6.967591678915006 ], [ 100.341553316073032, 6.967367100093956 ], [ 100.341104158431108, 6.967367100093949 ], [ 100.341104158431108, 6.967591678915005 ], [ 100.340879579609776, 6.967591678914997 ], [ 100.340879579609805, 6.968265415378064 ], [ 100.340655000788828, 6.968265415378069 ], [ 100.340655000788828, 6.968714573020159 ], [ 100.340430421967866, 6.968714573020169 ], [ 100.340430421967866, 6.96916373066218 ], [ 100.340205843146904, 6.96916373066218 ], [ 100.340205843146904, 6.969612888304287 ], [ 100.339981264325957, 6.969612888304283 ], [ 100.339981264325942, 6.969837467125322 ], [ 100.339532106683649, 6.969837467125324 ], [ 100.339532106683663, 6.969388309483227 ], [ 100.339307527862715, 6.969388309483223 ], [ 100.339307527862701, 6.968714573020169 ], [ 100.339082949041753, 6.968714573020161 ], [ 100.339082949041725, 6.967816257736055 ], [ 100.338633791399474, 6.967816257736051 ], [ 100.338633791399445, 6.968265415378063 ], [ 100.338409212578497, 6.968265415378068 ], [ 100.338409212578483, 6.969388309483234 ], [ 100.33818463375755, 6.969388309483224 ], [ 100.338184633757535, 6.970735782409444 ], [ 100.338409212578483, 6.970735782409436 ], [ 100.338409212578483, 6.970960361230417 ], [ 100.339082949041739, 6.970960361230402 ], [ 100.339082949041739, 6.97073578240945 ], [ 100.339307527862701, 6.97073578240945 ], [ 100.339307527862701, 6.970960361230413 ], [ 100.339756685504611, 6.970960361230401 ], [ 100.339756685504611, 6.971184940051449 ], [ 100.339981264325957, 6.971184940051468 ], [ 100.339981264325942, 6.971409518872512 ], [ 100.340430421967881, 6.971409518872503 ], [ 100.340430421967866, 6.97118494005145 ], [ 100.340655000788828, 6.971184940051451 ], [ 100.340655000788843, 6.970960361230403 ], [ 100.340879579609776, 6.970960361230397 ], [ 100.340879579609776, 6.971184940051453 ], [ 100.341104158431108, 6.971184940051454 ], [ 100.341104158431108, 6.971634097693555 ], [ 100.340879579609776, 6.971634097693569 ], [ 100.340879579609791, 6.972756991798628 ], [ 100.340655000788828, 6.972756991798638 ], [ 100.340655000788828, 6.973430728261791 ], [ 100.340879579609791, 6.973430728261783 ], [ 100.340879579609776, 6.973655307082836 ], [ 100.341104158431094, 6.973655307082837 ], [ 100.341104158431108, 6.97343072826178 ], [ 100.34132873725207, 6.973430728261784 ], [ 100.341328737252056, 6.973206149440741 ], [ 100.342002473714956, 6.973206149440728 ], [ 100.342002473714956, 6.972981570619678 ], [ 100.342227052535918, 6.972981570619692 ] ], [ [ 100.343349946641069, 6.969837467125329 ], [ 100.34290078899916, 6.96983746712533 ], [ 100.34290078899916, 6.968939151841207 ], [ 100.343125367820122, 6.968939151841215 ], [ 100.343125367820122, 6.968714573020172 ], [ 100.343349946641069, 6.968714573020164 ], [ 100.343349946641069, 6.969837467125329 ] ], [ [ 100.344248261925273, 6.971409518872503 ], [ 100.344023683104311, 6.971409518872512 ], [ 100.344023683104325, 6.97073578240944 ], [ 100.344472840746249, 6.97073578240945 ], [ 100.344472840746249, 6.971184940051449 ], [ 100.344248261925287, 6.971184940051455 ], [ 100.344248261925273, 6.971409518872503 ] ] ], [ [ [ 100.362888304070822, 6.986231721060441 ], [ 100.36311288289177, 6.986231721060448 ], [ 100.363112882891798, 6.986456299881496 ], [ 100.363562040534063, 6.986456299881504 ], [ 100.363562040534077, 6.986680878702549 ], [ 100.363786619355039, 6.98668087870254 ], [ 100.363786619355025, 6.986905457523605 ], [ 100.364684934639229, 6.986905457523589 ], [ 100.364684934639229, 6.986680878702551 ], [ 100.365134092281153, 6.986680878702543 ], [ 100.365134092281153, 6.986456299881501 ], [ 100.365358671102115, 6.986456299881489 ], [ 100.365358671102101, 6.986231721060441 ], [ 100.365583249923091, 6.986231721060455 ], [ 100.365583249923063, 6.98600714223948 ], [ 100.36580782874438, 6.986007142239486 ], [ 100.365807828744394, 6.985333405776323 ], [ 100.364909513460191, 6.98533340577633 ], [ 100.364909513460191, 6.985108826955282 ], [ 100.364460355817911, 6.985108826955275 ], [ 100.364460355817911, 6.98533340577634 ], [ 100.364235776996949, 6.985333405776339 ], [ 100.364235776996964, 6.985557984597381 ], [ 100.363786619355025, 6.985557984597385 ], [ 100.363786619355025, 6.98578256341844 ], [ 100.363562040534063, 6.985782563418435 ], [ 100.363562040534077, 6.986007142239477 ], [ 100.363337461712746, 6.98600714223948 ], [ 100.363337461712746, 6.985782563418429 ], [ 100.363112882891798, 6.985782563418437 ], [ 100.363112882891784, 6.985557984597373 ], [ 100.362888304070822, 6.985557984597374 ], [ 100.362888304070836, 6.984435090492215 ], [ 100.362439146428912, 6.984435090492214 ], [ 100.362439146428912, 6.98533340577633 ], [ 100.36221456760758, 6.985333405776339 ], [ 100.362214567607595, 6.986007142239492 ], [ 100.361989988786618, 6.986007142239473 ], [ 100.361989988786618, 6.986456299881501 ], [ 100.36176540996567, 6.986456299881489 ], [ 100.361765409965656, 6.98695241814174 ], [ 100.362103999291477, 6.986963825664314 ], [ 100.362166522877089, 6.987104180522017 ], [ 100.36218894706829, 6.987265270379906 ], [ 100.362232692996756, 6.987506758370311 ], [ 100.362356059537575, 6.987666444072743 ], [ 100.362356619854097, 6.987706785377351 ], [ 100.362357180171458, 6.987747126681869 ], [ 100.362338393406617, 6.987848259867429 ], [ 100.362361662736902, 6.988069857114925 ], [ 100.362439146428898, 6.988219465246493 ], [ 100.362439146428898, 6.987130036344569 ], [ 100.36266372524986, 6.98713003634457 ], [ 100.362663725249845, 6.986680878702539 ], [ 100.362888304070836, 6.986680878702557 ], [ 100.362888304070822, 6.986231721060441 ] ] ] ] } },
{ "type": "Feature", "properties": { "TB_IDN": 901116, "TB_TN": "ต.บ้านพรุ", "AP_IDN": 9011, "AP_TN": "อ.หาดใหญ่", "PV_IDN": 90, "PV_TN": "จ.สงขลา", "RE_NESDB": "South", "RE_ROYIN": "South", "F_AREA": 724924.56516300002, "flood_area": 453.078, "A": 0.725 }, "geometry": { "type": "MultiPolygon", "coordinates": [ [ [ [ 100.456986830082329, 6.887192460986338 ], [ 100.456986830082357, 6.88674330334424 ], [ 100.456537672440419, 6.886743303344241 ], [ 100.456537672440419, 6.88651872452318 ], [ 100.456405411862278, 6.886518724523194 ], [ 100.456422702106551, 6.886584088773997 ], [ 100.456470775528501, 6.886722341386822 ], [ 100.456525110409544, 6.886854260078342 ], [ 100.456531838185299, 6.88692663722573 ], [ 100.456532247672584, 6.8869959028865 ], [ 100.45651697906726, 6.887077856834131 ], [ 100.456489443327101, 6.887216554135316 ], [ 100.456449605856548, 6.887405700864353 ], [ 100.456421605553302, 6.887465688007427 ], [ 100.456390381712012, 6.887513100524804 ], [ 100.456337088641163, 6.887557494762338 ], [ 100.456313093619102, 6.887575990771063 ], [ 100.456313093619102, 6.887866197449409 ], [ 100.45613264535227, 6.887866197449409 ], [ 100.456100790593453, 6.887935729202816 ], [ 100.456088514798139, 6.888010747904747 ], [ 100.456088514798125, 6.888480097385805 ], [ 100.45614831001474, 6.888575064760744 ], [ 100.456203595358346, 6.888598948341905 ], [ 100.456377130056751, 6.888620089880906 ], [ 100.456559935284076, 6.888610396925404 ], [ 100.456861024315828, 6.888417622883345 ], [ 100.456986830082343, 6.888403764148735 ], [ 100.456986830082343, 6.887866197449393 ], [ 100.457211408903305, 6.887866197449399 ], [ 100.457211408903305, 6.887192460986333 ], [ 100.456986830082329, 6.887192460986338 ] ] ], [ [ [ 100.456068304623102, 6.905611933121625 ], [ 100.456011139227144, 6.905593495110683 ], [ 100.455972175504655, 6.90555709336462 ], [ 100.455924225346237, 6.905511596332248 ], [ 100.455876351455771, 6.905454046355642 ], [ 100.455864518805015, 6.905399881491143 ], [ 100.455874059701443, 6.90532159026093 ], [ 100.45587434498664, 6.905276388130446 ], [ 100.455871653638184, 6.905225142511943 ], [ 100.455850812623297, 6.905182821831653 ], [ 100.455832997251662, 6.905158766668809 ], [ 100.455568289266864, 6.905158766668721 ], [ 100.455587326657906, 6.905405383254994 ], [ 100.455551484800438, 6.905643029280688 ], [ 100.455442857756537, 6.905730418635997 ], [ 100.455443242978873, 6.905740773187794 ], [ 100.455442860739765, 6.905801040600632 ], [ 100.455427311782785, 6.905876280935477 ], [ 100.45537540599183, 6.905978414450281 ], [ 100.455290544429886, 6.906047190732806 ], [ 100.455170854403093, 6.906157254159281 ], [ 100.455215604486298, 6.906420616677194 ], [ 100.455892921964832, 6.906683493835726 ], [ 100.456084736296702, 6.906628091959941 ], [ 100.456088514798139, 6.906627636023494 ], [ 100.456088514798139, 6.906506239594839 ], [ 100.456313093619116, 6.906506239594856 ], [ 100.456313093619087, 6.905611825280139 ], [ 100.456191851536957, 6.905621748298728 ], [ 100.456068304623102, 6.905611933121625 ] ] ], [ [ [ 100.449551270270746, 6.913265896223872 ], [ 100.449575728988464, 6.913247383604171 ], [ 100.449575728988464, 6.913243604225751 ], [ 100.449580722271406, 6.913243604225742 ], [ 100.449763675111853, 6.913105128595505 ], [ 100.449909780627436, 6.912960456361493 ], [ 100.449972350601172, 6.912924473260461 ], [ 100.4501166021182, 6.912905262544943 ], [ 100.450246883143294, 6.912956584818748 ], [ 100.450316637927301, 6.913014294463986 ], [ 100.450382627957097, 6.913100622079002 ], [ 100.450450492430946, 6.913243604225747 ], [ 100.450698623093629, 6.91324360422576 ], [ 100.450698623093643, 6.913319869572582 ], [ 100.450923201914577, 6.913308586766976 ], [ 100.450923201914591, 6.913243604225755 ], [ 100.451040436518127, 6.913243604225755 ], [ 100.451072131491884, 6.913212653202316 ], [ 100.451147780735553, 6.913092337760175 ], [ 100.451147780735567, 6.913019025404702 ], [ 100.450923201914591, 6.913019025404708 ], [ 100.450923201914605, 6.91279444658373 ], [ 100.450698623093629, 6.912794446583732 ], [ 100.450698623093615, 6.912569867762694 ], [ 100.450474044272681, 6.912569867762678 ], [ 100.450474044272667, 6.912345288941642 ], [ 100.45024946545135, 6.912345288941634 ], [ 100.45024946545135, 6.911954176390576 ], [ 100.45020775012452, 6.911946958228431 ], [ 100.450121532217409, 6.912080494377491 ], [ 100.45009701224167, 6.912100653899274 ], [ 100.449913451052666, 6.912197013301329 ], [ 100.449827973380067, 6.912212728269335 ], [ 100.449770749403484, 6.912261123332049 ], [ 100.449571748605067, 6.912873372711334 ], [ 100.449510254515232, 6.91295424482843 ], [ 100.449465696073773, 6.913041921023348 ], [ 100.449469037871921, 6.91304337132403 ], [ 100.449451460903404, 6.913068732125748 ], [ 100.449419715889846, 6.91312838162079 ], [ 100.449411710229185, 6.913126087317457 ], [ 100.449300819136425, 6.913286089172862 ], [ 100.449222962356473, 6.913383108813553 ], [ 100.44910828124415, 6.913613416051009 ], [ 100.449243340652941, 6.913715474339839 ], [ 100.44933565010156, 6.913821017965676 ], [ 100.449351150167502, 6.913823990784833 ], [ 100.449351150167502, 6.913468183046804 ], [ 100.449464633368294, 6.913468183046806 ], [ 100.449463586654645, 6.913458437636196 ], [ 100.449474746807979, 6.91335459825732 ], [ 100.449551270270746, 6.913265896223872 ] ] ], [ [ [ 100.454965620692974, 6.924921702919321 ], [ 100.455190199514291, 6.924921702919339 ], [ 100.455190199514291, 6.924697124098274 ], [ 100.455414778335253, 6.924697124098277 ], [ 100.455414778335268, 6.924492899556563 ], [ 100.454741041872012, 6.924425425472369 ], [ 100.454741041872012, 6.924472545277238 ], [ 100.45451646305105, 6.92447254527722 ], [ 100.45451646305105, 6.924697124098288 ], [ 100.454291884230074, 6.924697124098287 ], [ 100.454291884230088, 6.924921702919325 ], [ 100.454067305409112, 6.924921702919335 ], [ 100.454067305409126, 6.926044597024504 ], [ 100.45451646305105, 6.9260445970245 ], [ 100.45451646305105, 6.925595439382398 ], [ 100.454741041872012, 6.925595439382403 ], [ 100.454741041872012, 6.925146281740385 ], [ 100.454965620692988, 6.925146281740389 ], [ 100.454965620692974, 6.924921702919321 ] ] ], [ [ [ 100.452719832482643, 6.930760752266131 ], [ 100.452495253661667, 6.93076075226612 ], [ 100.452495253661695, 6.930536173445076 ], [ 100.452270674840719, 6.930536173445073 ], [ 100.452270674840719, 6.930311594624023 ], [ 100.451821517198795, 6.930311594624015 ], [ 100.45182151719878, 6.931209909908142 ], [ 100.452046096019757, 6.931209909908143 ], [ 100.452046096019757, 6.931434488729183 ], [ 100.452495253661695, 6.931434488729185 ], [ 100.452495253661695, 6.931659067550233 ], [ 100.452719832482657, 6.931659067550245 ], [ 100.452719832482643, 6.931209909908126 ], [ 100.452944411303974, 6.93120990990814 ], [ 100.452944411303974, 6.930985331087077 ], [ 100.452719832482643, 6.930985331087085 ], [ 100.452719832482643, 6.930760752266131 ] ] ], [ [ [ 100.445982467852005, 6.934578592223635 ], [ 100.445757889031043, 6.934578592223626 ], [ 100.445757889031043, 6.93435401340258 ], [ 100.445533310209711, 6.934354013402588 ], [ 100.445533310209726, 6.934578592223625 ], [ 100.445308731388764, 6.934578592223628 ], [ 100.445308731388764, 6.934803171044595 ], [ 100.445084152567787, 6.934803171044587 ], [ 100.445084152567787, 6.935027749865641 ], [ 100.444859573746839, 6.935027749865651 ], [ 100.444859573746854, 6.935701486328697 ], [ 100.445308731388764, 6.935701486328701 ], [ 100.445308731388764, 6.935926065149768 ], [ 100.445533310209726, 6.935926065149765 ], [ 100.445533310209711, 6.935701486328707 ], [ 100.445757889031029, 6.935701486328698 ], [ 100.445757889031029, 6.935476907507752 ], [ 100.445982467852005, 6.935476907507747 ], [ 100.445982467852005, 6.934578592223635 ] ] ], [ [ [ 100.453842726587808, 6.938171853360081 ], [ 100.453618147766861, 6.93817185336008 ], [ 100.453618147766846, 6.937722695717987 ], [ 100.453393568945899, 6.937722695717979 ], [ 100.453393568945884, 6.937273538075969 ], [ 100.453618147766846, 6.937273538075971 ], [ 100.453618147766861, 6.936824380433873 ], [ 100.453842726587823, 6.936824380433876 ], [ 100.453842726587823, 6.937048959254934 ], [ 100.45406730540914, 6.937048959254931 ], [ 100.454067305409126, 6.937273538075978 ], [ 100.454291884230102, 6.937273538075965 ], [ 100.454291884230088, 6.937498116897022 ], [ 100.454965620692988, 6.937498116897025 ], [ 100.454965620692988, 6.937273538075984 ], [ 100.454741041872012, 6.937273538075968 ], [ 100.454741041872026, 6.937048959254926 ], [ 100.454965620692974, 6.937048959254927 ], [ 100.454965620692974, 6.936824380433876 ], [ 100.454741041872026, 6.936824380433865 ], [ 100.454741041872012, 6.935252328686687 ], [ 100.454291884230088, 6.935252328686697 ], [ 100.454291884230074, 6.935476907507747 ], [ 100.454067305409112, 6.935476907507739 ], [ 100.454067305409126, 6.935701486328713 ], [ 100.453842726587794, 6.935701486328708 ], [ 100.453842726587794, 6.935926065149759 ], [ 100.453618147766846, 6.935926065149751 ], [ 100.453618147766846, 6.936375222791852 ], [ 100.45294441130396, 6.936375222791868 ], [ 100.452944411303946, 6.936150643970803 ], [ 100.452495253661681, 6.936150643970802 ], [ 100.452495253661681, 6.936375222791859 ], [ 100.452719832482643, 6.936375222791867 ], [ 100.452719832482643, 6.936824380433865 ], [ 100.45294441130396, 6.936824380433873 ], [ 100.452944411303946, 6.937722695717995 ], [ 100.452719832482643, 6.937722695717996 ], [ 100.452719832482643, 6.938396432181131 ], [ 100.452270674840719, 6.938396432181132 ], [ 100.452270674840719, 6.938621011002102 ], [ 100.452046096019743, 6.938621011002099 ], [ 100.452046096019757, 6.938396432181142 ], [ 100.45182151719878, 6.938396432181138 ], [ 100.451821517198809, 6.937947274539028 ], [ 100.451596938377477, 6.937947274539032 ], [ 100.451596938377477, 6.938845589823146 ], [ 100.45182151719878, 6.938845589823142 ], [ 100.451821517198795, 6.93907016864421 ], [ 100.452046096019757, 6.939070168644205 ], [ 100.452046096019771, 6.939294747465252 ], [ 100.452944411303974, 6.939294747465255 ], [ 100.452944411303974, 6.939070168644196 ], [ 100.453618147766861, 6.939070168644198 ], [ 100.453618147766846, 6.938845589823153 ], [ 100.453842726587808, 6.938845589823142 ], [ 100.453842726587808, 6.938171853360081 ] ] ], [ [ [ 100.450698623093629, 6.938621011002098 ], [ 100.450474044272681, 6.938621011002095 ], [ 100.450474044272667, 6.938171853360093 ], [ 100.449800307809426, 6.938171853360082 ], [ 100.449800307809426, 6.938845589823145 ], [ 100.449575728988449, 6.938845589823143 ], [ 100.449575728988464, 6.939294747465262 ], [ 100.449351150167487, 6.939294747465253 ], [ 100.449351150167516, 6.940642220391381 ], [ 100.449575728988464, 6.940642220391373 ], [ 100.449575728988449, 6.940866799212435 ], [ 100.45024946545135, 6.940866799212428 ], [ 100.45024946545135, 6.940417641570424 ], [ 100.450474044272667, 6.940417641570425 ], [ 100.450474044272667, 6.940193062749366 ], [ 100.450698623093615, 6.94019306274937 ], [ 100.450698623093629, 6.938621011002098 ] ] ], [ [ [ 100.452495253661681, 6.943337166243725 ], [ 100.452270674840733, 6.943337166243726 ], [ 100.452270674840705, 6.943561745064765 ], [ 100.452046096019757, 6.943561745064787 ], [ 100.452046096019757, 6.944010902706886 ], [ 100.451821517198795, 6.944010902706878 ], [ 100.45182151719878, 6.944460060348892 ], [ 100.452046096019757, 6.944460060348895 ], [ 100.452046096019757, 6.944684639169934 ], [ 100.452495253661681, 6.944684639169948 ], [ 100.452495253661667, 6.944460060348884 ], [ 100.452719832482643, 6.944460060348892 ], [ 100.452719832482643, 6.943561745064773 ], [ 100.452495253661667, 6.943561745064777 ], [ 100.452495253661681, 6.943337166243725 ] ] ], [ [ [ 100.454067305409126, 6.947155006201238 ], [ 100.453842726587808, 6.947155006201231 ], [ 100.453842726587808, 6.946930427380272 ], [ 100.453618147766846, 6.94693042738027 ], [ 100.453618147766861, 6.946705848559222 ], [ 100.45339356894587, 6.946705848559214 ], [ 100.453393568945884, 6.946256690917131 ], [ 100.453842726587808, 6.946256690917118 ], [ 100.453842726587808, 6.946032112096164 ], [ 100.454291884230102, 6.946032112096154 ], [ 100.454291884230074, 6.945582954454047 ], [ 100.453618147766832, 6.945582954454049 ], [ 100.453618147766832, 6.945358375633013 ], [ 100.452270674840719, 6.945358375633015 ], [ 100.452270674840719, 6.945807533275098 ], [ 100.452046096019757, 6.945807533275115 ], [ 100.452046096019757, 6.946032112096164 ], [ 100.451821517198795, 6.946032112096159 ], [ 100.451821517198795, 6.946256690917112 ], [ 100.451372359556515, 6.946256690917131 ], [ 100.451372359556515, 6.946481269738181 ], [ 100.451147780735553, 6.946481269738173 ], [ 100.451147780735567, 6.946930427380281 ], [ 100.45137235955653, 6.946930427380265 ], [ 100.451372359556515, 6.947155006201238 ], [ 100.452046096019757, 6.94715500620124 ], [ 100.452046096019757, 6.947379585022278 ], [ 100.452495253661695, 6.947379585022281 ], [ 100.452495253661681, 6.948277900306397 ], [ 100.452719832482643, 6.948277900306398 ], [ 100.452719832482657, 6.948502479127457 ], [ 100.453618147766846, 6.948502479127455 ], [ 100.453618147766846, 6.948277900306394 ], [ 100.453842726587808, 6.948277900306404 ], [ 100.453842726587808, 6.948053321485353 ], [ 100.454067305409112, 6.948053321485351 ], [ 100.454067305409126, 6.947155006201238 ] ] ], [ [ [ 100.45024946545135, 6.947155006201235 ], [ 100.450024886630388, 6.947155006201238 ], [ 100.450024886630388, 6.946930427380265 ], [ 100.44980030780944, 6.946930427380272 ], [ 100.44980030780944, 6.946705848559227 ], [ 100.449351150167502, 6.946705848559225 ], [ 100.449351150167502, 6.946930427380265 ], [ 100.449126571346184, 6.946930427380269 ], [ 100.449126571346184, 6.947379585022293 ], [ 100.448677413704246, 6.947379585022285 ], [ 100.448677413704246, 6.94754583393408 ], [ 100.448698739079148, 6.947494161157084 ], [ 100.448754617275085, 6.947417851333923 ], [ 100.448797889817612, 6.947401338890335 ], [ 100.448866975449405, 6.947402297793057 ], [ 100.4491778348971, 6.947485189029522 ], [ 100.449414167913545, 6.947528156691205 ], [ 100.449443497272057, 6.947546787252484 ], [ 100.449443586836651, 6.947576037344248 ], [ 100.449423746336578, 6.947597158271206 ], [ 100.449356290697196, 6.947639802329903 ], [ 100.449358512663437, 6.947641652887564 ], [ 100.44938257684494, 6.947681068946684 ], [ 100.44939339774912, 6.947715303083824 ], [ 100.449393729764068, 6.947760175112567 ], [ 100.449383653184228, 6.947826240863924 ], [ 100.449357886578653, 6.947913541811476 ], [ 100.449245660103429, 6.948096517901122 ], [ 100.449224980032028, 6.94815738461565 ], [ 100.449227644233048, 6.94819965239878 ], [ 100.449303493381237, 6.948350509507894 ], [ 100.449392593971268, 6.948477698212272 ], [ 100.449422286351023, 6.948503619684427 ], [ 100.449466222617914, 6.948512459957838 ], [ 100.449652731198938, 6.948477985315317 ], [ 100.449813495162502, 6.948509403542008 ], [ 100.450015976581511, 6.948476874252163 ], [ 100.450139759211524, 6.948489459007273 ], [ 100.450165763322403, 6.948508325972858 ], [ 100.450233949318601, 6.948614816130616 ], [ 100.450245575303413, 6.948624122499272 ], [ 100.45024946545135, 6.948626626271662 ], [ 100.45024946545135, 6.94782874266438 ], [ 100.450474044272667, 6.947828742664395 ], [ 100.450474044272667, 6.947604163843332 ], [ 100.450249465451364, 6.947604163843339 ], [ 100.45024946545135, 6.947155006201235 ] ] ], [ [ [ 100.451601130449163, 6.949781520985562 ], [ 100.451614924583964, 6.94986060987106 ], [ 100.451626157455735, 6.949950275327884 ], [ 100.451628057221512, 6.950206314441092 ], [ 100.451618334946986, 6.950319895403051 ], [ 100.451589789869104, 6.950388742433097 ], [ 100.451558702473079, 6.950470805672668 ], [ 100.451549537096909, 6.950496137078791 ], [ 100.451542860221124, 6.950585023180208 ], [ 100.451460765205539, 6.950790923784957 ], [ 100.451428807067614, 6.950826185143582 ], [ 100.451361211716716, 6.950933000127565 ], [ 100.451278137302239, 6.950977279405759 ], [ 100.451261850047601, 6.950983789258143 ], [ 100.451220197930269, 6.951019092082185 ], [ 100.451158510516706, 6.951115858549383 ], [ 100.451141603729454, 6.951200107987916 ], [ 100.451156881495351, 6.95122823108732 ], [ 100.451208979684935, 6.951291344572437 ], [ 100.451239385840225, 6.951302901224508 ], [ 100.451483814774178, 6.951340631496031 ], [ 100.451596605000077, 6.951378540089552 ], [ 100.4516276765208, 6.951485059154946 ], [ 100.451639416420178, 6.951494512870359 ], [ 100.452046096019757, 6.951830359242762 ], [ 100.452046096019771, 6.950523688516731 ], [ 100.45182151719878, 6.950523688516739 ], [ 100.451821517198795, 6.949625373232624 ], [ 100.451596938377463, 6.949625373232626 ], [ 100.451596938377477, 6.949400794411557 ], [ 100.451379486703743, 6.949400794411567 ], [ 100.451424452692905, 6.949466077524701 ], [ 100.451549633025209, 6.949605045308556 ], [ 100.451587277638623, 6.949694515003332 ], [ 100.451601130449163, 6.949781520985562 ] ] ], [ [ [ 100.454741041872012, 6.951422003800851 ], [ 100.454965620692988, 6.951422003800856 ], [ 100.454965620692974, 6.9511974249798 ], [ 100.455190199514291, 6.951197424979801 ], [ 100.455190199514306, 6.950972846158736 ], [ 100.455414778335239, 6.950972846158743 ], [ 100.455414778335239, 6.950523688516743 ], [ 100.454741041872012, 6.950523688516744 ], [ 100.454741041872012, 6.950748267337778 ], [ 100.45451646305105, 6.95074826733778 ], [ 100.45451646305105, 6.950972846158738 ], [ 100.454291884230102, 6.950972846158739 ], [ 100.454291884230074, 6.951422003800855 ], [ 100.454067305409126, 6.951422003800843 ], [ 100.454067305409112, 6.952095740263905 ], [ 100.454291884230102, 6.952095740263912 ], [ 100.454291884230088, 6.951871161442852 ], [ 100.45451646305105, 6.95187116144286 ], [ 100.45451646305105, 6.951646582621898 ], [ 100.454741041872026, 6.95164658262189 ], [ 100.454741041872012, 6.951422003800851 ] ] ], [ [ [ 100.453842726587808, 6.955689001400362 ], [ 100.454067305409126, 6.955689001400374 ], [ 100.454067305409126, 6.955239843758366 ], [ 100.454291884230088, 6.955239843758353 ], [ 100.454291884230088, 6.954790686116252 ], [ 100.454067305409112, 6.954790686116255 ], [ 100.454067305409112, 6.9545661072953 ], [ 100.453842726587808, 6.954566107295294 ], [ 100.453842726587808, 6.954790686116262 ], [ 100.45294441130396, 6.954790686116262 ], [ 100.45294441130396, 6.954566107295285 ], [ 100.453168990124908, 6.954566107295297 ], [ 100.453168990124908, 6.954116949653198 ], [ 100.453393568945884, 6.954116949653196 ], [ 100.453393568945899, 6.953218634369079 ], [ 100.453168990124922, 6.953218634369077 ], [ 100.453168990124922, 6.952994055548017 ], [ 100.453393568945899, 6.952994055548019 ], [ 100.453393568945899, 6.952320319084962 ], [ 100.452944411303946, 6.952320319084969 ], [ 100.45294441130396, 6.952544897906006 ], [ 100.452719832482643, 6.95254489790601 ], [ 100.452719832482657, 6.953218634369068 ], [ 100.452046096019743, 6.953218634369072 ], [ 100.452046096019743, 6.952631047308832 ], [ 100.451969095041719, 6.952686199551508 ], [ 100.451861921231256, 6.952731045006936 ], [ 100.451708904327944, 6.952759800764459 ], [ 100.451677442422508, 6.952777855698102 ], [ 100.451662338794634, 6.952816292751097 ], [ 100.451663639173475, 6.952870518148064 ], [ 100.451720390200464, 6.952992387103539 ], [ 100.451875720872181, 6.953193367213695 ], [ 100.451898853700442, 6.953272624984709 ], [ 100.451850284031096, 6.95339294883735 ], [ 100.451988266965415, 6.953675213920127 ], [ 100.451996855638029, 6.953687109996343 ], [ 100.452023737900149, 6.953735016344293 ], [ 100.452071121808146, 6.953792313963482 ], [ 100.452096611126521, 6.953864882280262 ], [ 100.452366605126656, 6.954346033250885 ], [ 100.452492671145095, 6.954529255379899 ], [ 100.452558668106946, 6.954646624511388 ], [ 100.45263011753606, 6.954863285051741 ], [ 100.452656354550754, 6.955000461949317 ], [ 100.452667877737412, 6.955229373116403 ], [ 100.452647741180471, 6.95545262737272 ], [ 100.452613150182316, 6.955551328887506 ], [ 100.452425991703038, 6.955867335269466 ], [ 100.452378310651739, 6.956035915466287 ], [ 100.452389474954629, 6.956115969528428 ], [ 100.452431108216103, 6.9561853091939 ], [ 100.452563136947873, 6.956231683781181 ], [ 100.452815617322088, 6.956224527983535 ], [ 100.452851446095636, 6.956219624846076 ], [ 100.453133814072189, 6.956150553829984 ], [ 100.45321573354633, 6.95615490077483 ], [ 100.453372458983225, 6.956208285944007 ], [ 100.453442485960153, 6.956282159540314 ], [ 100.453485276653979, 6.956363675915557 ], [ 100.453523802388943, 6.956539463802994 ], [ 100.453524484594681, 6.95663121427688 ], [ 100.453500796583413, 6.956782668224593 ], [ 100.453463935947255, 6.956855204285391 ], [ 100.453470758670633, 6.956857213517712 ], [ 100.453427762573995, 6.956926388998887 ], [ 100.453427395329896, 6.95692703942384 ], [ 100.453354577476816, 6.957044171775919 ], [ 100.453174973830187, 6.95761989160747 ], [ 100.453092406440803, 6.958058256275586 ], [ 100.453082420566304, 6.95813717505003 ], [ 100.45309209843083, 6.958274182425359 ], [ 100.453141399479051, 6.958405163222933 ], [ 100.453213831207606, 6.958430713116515 ], [ 100.453397227335373, 6.958400429580216 ], [ 100.453481302045603, 6.958365454573056 ], [ 100.45356360075462, 6.95832402945079 ], [ 100.453605894549383, 6.958286170340545 ], [ 100.453618147766832, 6.958266254569298 ], [ 100.453618147766861, 6.957710210789648 ], [ 100.45339356894587, 6.957710210789645 ], [ 100.453393568945884, 6.957485631968695 ], [ 100.453618147766861, 6.957485631968686 ], [ 100.453618147766846, 6.956138159042481 ], [ 100.453842726587808, 6.956138159042471 ], [ 100.453842726587808, 6.955689001400362 ] ] ], [ [ [ 100.455639357156215, 6.957036474326584 ], [ 100.455414778335253, 6.95703647432659 ], [ 100.455414778335253, 6.956811895505536 ], [ 100.455190199514291, 6.956811895505539 ], [ 100.455190199514291, 6.95658731668449 ], [ 100.454741041872012, 6.956587316684494 ], [ 100.454741041872012, 6.95703647432659 ], [ 100.45451646305105, 6.957036474326583 ], [ 100.45451646305105, 6.957934789610709 ], [ 100.454741041872012, 6.957934789610695 ], [ 100.454741041872012, 6.958159368431749 ], [ 100.454967501156389, 6.958159368431749 ], [ 100.454975954840378, 6.958154144544556 ], [ 100.455002461624346, 6.958119940050221 ], [ 100.455117615277359, 6.95806660659576 ], [ 100.455198424136697, 6.958016671399064 ], [ 100.45533061380533, 6.957906568261086 ], [ 100.455389578385663, 6.957878326283716 ], [ 100.455508337678282, 6.957762142079492 ], [ 100.455598095009293, 6.957705163790838 ], [ 100.455671214615364, 6.957684918305181 ], [ 100.455863935977192, 6.957687449707473 ], [ 100.455863935977192, 6.957261053147627 ], [ 100.455639357156201, 6.957261053147646 ], [ 100.455639357156215, 6.957036474326584 ] ] ], [ [ [ 100.459008039471698, 6.88067967517639 ], [ 100.459008039471712, 6.880230517534374 ], [ 100.459232618292674, 6.880230517534381 ], [ 100.459232618292674, 6.879968957951863 ], [ 100.459221952914305, 6.879952216947366 ], [ 100.459171051821897, 6.879867497768761 ], [ 100.459107734687279, 6.879814343547461 ], [ 100.459038246845921, 6.879783266163058 ], [ 100.459031529939935, 6.879781359892284 ], [ 100.459008039471712, 6.879781359892283 ], [ 100.459008039471698, 6.879774693252418 ], [ 100.458940426142021, 6.879755504459908 ], [ 100.458757586372386, 6.879734544643618 ], [ 100.45858103019917, 6.879710399595703 ], [ 100.458558881829433, 6.879710530458591 ], [ 100.458558881829433, 6.87978135989229 ], [ 100.458334303008485, 6.879781359892286 ], [ 100.458334303008471, 6.88023051753439 ], [ 100.458109724187509, 6.880230517534387 ], [ 100.458109724187494, 6.880679675176391 ], [ 100.457885145366546, 6.880679675176395 ], [ 100.457885145366546, 6.880904253997453 ], [ 100.457744377535732, 6.88090425399745 ], [ 100.457734072416486, 6.880932555958394 ], [ 100.457726017764429, 6.881288885495826 ], [ 100.457762646405186, 6.881438539075942 ], [ 100.457858380077894, 6.881575423217209 ], [ 100.457975940997486, 6.881645872275959 ], [ 100.458175149933751, 6.881680366350225 ], [ 100.458303103186367, 6.881670840251208 ], [ 100.458458647971952, 6.881716046364906 ], [ 100.458486822849693, 6.88173843201646 ], [ 100.458517621260697, 6.881738250234233 ], [ 100.458558595224829, 6.881741157470804 ], [ 100.458602851412437, 6.881766088314422 ], [ 100.458647162684244, 6.881800465452265 ], [ 100.458708681275894, 6.881867058998512 ], [ 100.458815752659817, 6.881906814451837 ], [ 100.459008039471698, 6.881946046917102 ], [ 100.459008039471698, 6.881353411639556 ], [ 100.45878346065075, 6.881353411639556 ], [ 100.45878346065075, 6.880679675176396 ], [ 100.459008039471698, 6.88067967517639 ] ] ], [ [ [ 100.461253827682043, 6.88472209395495 ], [ 100.461029248860726, 6.884722093954966 ], [ 100.461029248860712, 6.884946672776006 ], [ 100.460804670039764, 6.884946672776016 ], [ 100.460804670039764, 6.884722093954946 ], [ 100.460355512397854, 6.884722093954953 ], [ 100.460355512397854, 6.884497515133899 ], [ 100.459906354755915, 6.884497515133905 ], [ 100.459906354755915, 6.884722093954952 ], [ 100.459681775934598, 6.884722093954956 ], [ 100.459681775934598, 6.885171251597054 ], [ 100.459906354755915, 6.885171251597048 ], [ 100.45990635475593, 6.885395830418017 ], [ 100.459681775934584, 6.885395830418015 ], [ 100.459681775934612, 6.885620409239074 ], [ 100.459906354755915, 6.885620409239066 ], [ 100.459906354755901, 6.886069566881163 ], [ 100.460355512397825, 6.886069566881169 ], [ 100.46035551239784, 6.885620409239075 ], [ 100.460580091218787, 6.885620409239073 ], [ 100.460580091218787, 6.885171251597065 ], [ 100.461253827682043, 6.885171251597049 ], [ 100.461253827682043, 6.88472209395495 ] ] ], [ [ [ 100.461478406503005, 6.901565505532165 ], [ 100.461253827682057, 6.901565505532171 ], [ 100.461253827682043, 6.901790084353226 ], [ 100.460804670039764, 6.901790084353219 ], [ 100.460804670039764, 6.902239241995324 ], [ 100.460580091218816, 6.902239241995321 ], [ 100.460580091218816, 6.902463820816278 ], [ 100.460804670039778, 6.902463820816281 ], [ 100.460804670039764, 6.902688399637331 ], [ 100.461253827682043, 6.902688399637344 ], [ 100.461253827682043, 6.902912978458398 ], [ 100.462376721787209, 6.90291297845839 ], [ 100.462376721787194, 6.903137557279448 ], [ 100.463050458250095, 6.903137557279438 ], [ 100.463050458250081, 6.903586714921452 ], [ 100.463499615892388, 6.903586714921455 ], [ 100.463499615892374, 6.903137557279442 ], [ 100.463275037071057, 6.903137557279444 ], [ 100.463275037071057, 6.902688399637331 ], [ 100.463050458250095, 6.902688399637348 ], [ 100.463050458250095, 6.90223924199532 ], [ 100.462825879429133, 6.902239241995324 ], [ 100.462825879429133, 6.902014663174271 ], [ 100.461927564144929, 6.902014663174276 ], [ 100.461927564144929, 6.901790084353228 ], [ 100.461478406503005, 6.901790084353228 ], [ 100.461478406503005, 6.901565505532165 ] ] ], [ [ [ 100.462152142965891, 6.907629133700012 ], [ 100.461478406503005, 6.907629133700011 ], [ 100.461478406503005, 6.907404554878954 ], [ 100.460580091218802, 6.907404554878958 ], [ 100.460580091218802, 6.907629133700015 ], [ 100.460355512397825, 6.907629133700004 ], [ 100.460355512397825, 6.907853712521073 ], [ 100.460580091218816, 6.907853712521067 ], [ 100.460580091218802, 6.908078291342114 ], [ 100.460804670039764, 6.908078291342109 ], [ 100.460804670039764, 6.90830287016307 ], [ 100.461253827682029, 6.908302870163086 ], [ 100.461253827682043, 6.908078291342115 ], [ 100.462376721787223, 6.908078291342123 ], [ 100.462376721787194, 6.907853712521057 ], [ 100.462152142965891, 6.907853712521073 ], [ 100.462152142965891, 6.907629133700012 ] ] ], [ [ [ 100.45878346065075, 6.910548658373408 ], [ 100.458558881829447, 6.910548658373407 ], [ 100.458558881829433, 6.910773237194466 ], [ 100.458334303008471, 6.910773237194451 ], [ 100.458334303008485, 6.912345288941639 ], [ 100.45878346065075, 6.912345288941633 ], [ 100.458783460650764, 6.912120710120596 ], [ 100.459008039471698, 6.912120710120587 ], [ 100.459008039471698, 6.910773237194467 ], [ 100.458783460650764, 6.910773237194457 ], [ 100.45878346065075, 6.910548658373408 ] ] ], [ [ [ 100.458558881829433, 6.917735180646318 ], [ 100.459008039471698, 6.917735180646317 ], [ 100.459008039471712, 6.91751060182537 ], [ 100.459232618292674, 6.917510601825365 ], [ 100.459232618292674, 6.916387707720197 ], [ 100.459008039471712, 6.916387707720205 ], [ 100.459008039471698, 6.915938550078097 ], [ 100.45878346065075, 6.915938550078095 ], [ 100.458783460650764, 6.916163128899156 ], [ 100.458558881829447, 6.916163128899144 ], [ 100.458558881829447, 6.916387707720204 ], [ 100.458334303008471, 6.916387707720194 ], [ 100.458334303008471, 6.916612286541251 ], [ 100.458109724187523, 6.916612286541259 ], [ 100.458109724187523, 6.916836865362207 ], [ 100.457885145366561, 6.916836865362205 ], [ 100.457885145366561, 6.917286023004311 ], [ 100.457660566545599, 6.917286023004306 ], [ 100.45766056654557, 6.917959759467387 ], [ 100.457435987724267, 6.917959759467377 ], [ 100.457435987724267, 6.918408917109484 ], [ 100.458109724187509, 6.918408917109478 ], [ 100.458109724187509, 6.918184338288434 ], [ 100.458334303008485, 6.918184338288436 ], [ 100.458334303008456, 6.917959759467383 ], [ 100.458558881829433, 6.917959759467374 ], [ 100.458558881829433, 6.917735180646318 ] ] ], [ [ [ 100.462376721787209, 6.922226757066993 ], [ 100.462152142965891, 6.922226757066982 ], [ 100.462152142965891, 6.922002178245932 ], [ 100.461927564144929, 6.922002178245929 ], [ 100.461927564144929, 6.922226757066996 ], [ 100.461478406503019, 6.922226757066979 ], [ 100.461478406503005, 6.922900493530054 ], [ 100.461702985323967, 6.922900493530055 ], [ 100.461702985323967, 6.923125072351096 ], [ 100.462376721787223, 6.923125072351099 ], [ 100.462376721787223, 6.922900493530053 ], [ 100.462601300608156, 6.922900493530056 ], [ 100.462601300608171, 6.922451335887941 ], [ 100.462376721787209, 6.922451335887948 ], [ 100.462376721787209, 6.922226757066993 ] ] ], [ [ [ 100.457211408903305, 6.926942912308622 ], [ 100.457435987724281, 6.92694291230861 ], [ 100.457435987724267, 6.926718333487567 ], [ 100.457660566545599, 6.926718333487558 ], [ 100.457660566545584, 6.926493754666512 ], [ 100.458109724187509, 6.92649375466651 ], [ 100.458109724187509, 6.926269175845463 ], [ 100.458334303008456, 6.926269175845454 ], [ 100.458334303008471, 6.926044597024495 ], [ 100.458783460650764, 6.926044597024487 ], [ 100.458783460650764, 6.926269175845457 ], [ 100.459008039471712, 6.926269175845467 ], [ 100.459008039471712, 6.926493754666515 ], [ 100.459681775934598, 6.926493754666511 ], [ 100.459681775934598, 6.926269175845454 ], [ 100.45945719711365, 6.926269175845465 ], [ 100.45945719711365, 6.925820018203438 ], [ 100.459008039471712, 6.925820018203437 ], [ 100.459008039471712, 6.925595439382397 ], [ 100.457660566545584, 6.925595439382394 ], [ 100.457660566545584, 6.925820018203444 ], [ 100.457211408903319, 6.925820018203453 ], [ 100.457211408903305, 6.925595439382402 ], [ 100.456762251261395, 6.925595439382397 ], [ 100.456762251261381, 6.925370860561353 ], [ 100.456088514798139, 6.925370860561351 ], [ 100.456088514798139, 6.925595439382397 ], [ 100.455863935977192, 6.925595439382387 ], [ 100.455863935977177, 6.926269175845468 ], [ 100.455639357156215, 6.926269175845467 ], [ 100.455639357156215, 6.926493754666512 ], [ 100.455414778335253, 6.926493754666518 ], [ 100.455414778335268, 6.92716749112958 ], [ 100.455639357156215, 6.927167491129578 ], [ 100.45563935715623, 6.927392069950615 ], [ 100.455863935977177, 6.927392069950622 ], [ 100.455863935977177, 6.927616648771684 ], [ 100.456088514798139, 6.927616648771675 ], [ 100.456088514798139, 6.927841227592718 ], [ 100.456313093619116, 6.927841227592725 ], [ 100.456313093619102, 6.928065806413767 ], [ 100.456762251261395, 6.92806580641378 ], [ 100.456762251261367, 6.927616648771683 ], [ 100.456986830082357, 6.92761664877168 ], [ 100.456986830082343, 6.927167491129572 ], [ 100.457211408903305, 6.92716749112958 ], [ 100.457211408903305, 6.926942912308622 ] ] ], [ [ [ 100.459681775934584, 6.948053321485345 ], [ 100.459906354755901, 6.948053321485347 ], [ 100.459906354755915, 6.947828742664387 ], [ 100.459232618292674, 6.947828742664387 ], [ 100.459232618292674, 6.947604163843339 ], [ 100.459008039471712, 6.947604163843338 ], [ 100.459008039471712, 6.947828742664393 ], [ 100.458783460650736, 6.947828742664383 ], [ 100.45878346065075, 6.948053321485347 ], [ 100.458558881829433, 6.948053321485343 ], [ 100.458558881829433, 6.948502479127447 ], [ 100.45878346065075, 6.948502479127443 ], [ 100.458783460650764, 6.948727057948497 ], [ 100.459232618292674, 6.9487270579485 ], [ 100.459232618292674, 6.948502479127443 ], [ 100.459457197113636, 6.948502479127461 ], [ 100.459457197113636, 6.9482779003064 ], [ 100.459681775934598, 6.948277900306408 ], [ 100.459681775934584, 6.948053321485345 ] ] ], [ [ [ 100.456986830082343, 6.958833104894809 ], [ 100.456762251261381, 6.958833104894815 ], [ 100.456762251261367, 6.958608526073755 ], [ 100.456537672440433, 6.958608526073768 ], [ 100.456537672440433, 6.95815936843175 ], [ 100.456313093619102, 6.958159368431753 ], [ 100.456313093619087, 6.957934789610694 ], [ 100.456225214234621, 6.957934789610692 ], [ 100.456287015035542, 6.958046823650071 ], [ 100.456298926531687, 6.958144343185275 ], [ 100.456273392896392, 6.958213914485996 ], [ 100.456136336680245, 6.958473389197682 ], [ 100.455989438857443, 6.958820419809649 ], [ 100.455981042902124, 6.958833104894822 ], [ 100.456088514798125, 6.95883310489482 ], [ 100.456088514798139, 6.959057683715858 ], [ 100.456313093619102, 6.959057683715875 ], [ 100.456313093619102, 6.959282262536926 ], [ 100.456537672440419, 6.959282262536909 ], [ 100.456537672440419, 6.959596107265425 ], [ 100.456542842687142, 6.959589951300452 ], [ 100.456591285020565, 6.959559880276735 ], [ 100.456656042617723, 6.959543199812446 ], [ 100.456880344995113, 6.959533466958004 ], [ 100.457034561014069, 6.959551260069878 ], [ 100.45717837717946, 6.959625863301028 ], [ 100.457357979541072, 6.959789366776859 ], [ 100.457435987724267, 6.959882482129076 ], [ 100.457435987724267, 6.959282262536907 ], [ 100.457211408903305, 6.959282262536915 ], [ 100.457211408903305, 6.959057683715871 ], [ 100.456986830082343, 6.959057683715873 ], [ 100.456986830082343, 6.958833104894809 ] ] ], [ [ [ 100.463275037071057, 6.960405156641998 ], [ 100.463499615892374, 6.960405156641997 ], [ 100.463499615892374, 6.960180577821036 ], [ 100.462825879429133, 6.960180577821035 ], [ 100.462825879429133, 6.960405156641999 ], [ 100.462376721787209, 6.960405156641996 ], [ 100.462376721787209, 6.960180577821034 ], [ 100.461702985323967, 6.96018057782103 ], [ 100.461702985323967, 6.960405156641987 ], [ 100.461478406503005, 6.960405156641997 ], [ 100.461478406503005, 6.960854314284096 ], [ 100.461702985323967, 6.960854314284098 ], [ 100.461702985323967, 6.961078893105151 ], [ 100.462825879429147, 6.961078893105154 ], [ 100.462825879429133, 6.96085431428409 ], [ 100.463050458250095, 6.960854314284093 ], [ 100.463050458250081, 6.960629735463054 ], [ 100.463275037071057, 6.960629735463053 ], [ 100.463275037071057, 6.960405156641998 ] ] ], [ [ [ 100.460804670039764, 6.969163730662175 ], [ 100.460580091218802, 6.969163730662166 ], [ 100.460580091218802, 6.968265415378066 ], [ 100.46035551239784, 6.968265415378056 ], [ 100.46035551239784, 6.968040836557008 ], [ 100.460580091218787, 6.968040836557002 ], [ 100.460580091218816, 6.96669336363089 ], [ 100.460393112352648, 6.966693363630887 ], [ 100.460384182341784, 6.966769474324905 ], [ 100.460385032193699, 6.966793475076419 ], [ 100.4603892156846, 6.966961011244298 ], [ 100.460397880466715, 6.967021389549926 ], [ 100.460392197348654, 6.967080417888418 ], [ 100.460397256464901, 6.967283020210806 ], [ 100.460363990410357, 6.967494756100698 ], [ 100.460224873320598, 6.967904268970971 ], [ 100.460126045854921, 6.968040836557004 ], [ 100.460130933576892, 6.968040836557014 ], [ 100.460130933576878, 6.968645907508135 ], [ 100.460153891624088, 6.968668518488417 ], [ 100.460175125303067, 6.968678520368004 ], [ 100.460184155378954, 6.968687970604956 ], [ 100.460265254619614, 6.968713564579454 ], [ 100.460281703085585, 6.968760387221837 ], [ 100.46029197764588, 6.968767124792512 ], [ 100.460332920751156, 6.968816077902973 ], [ 100.460359723482483, 6.968914384052953 ], [ 100.460367003911358, 6.969120021662549 ], [ 100.460359141522403, 6.969235961392467 ], [ 100.460342728008655, 6.969372241984778 ], [ 100.460277134805608, 6.9695233642053 ], [ 100.460130933576892, 6.969740706738516 ], [ 100.460130933576878, 6.970286624767343 ], [ 100.460077507392356, 6.97028662476734 ], [ 100.460091768252923, 6.970353249617079 ], [ 100.460088574415366, 6.970353843673154 ], [ 100.460152235195665, 6.970697546270655 ], [ 100.460187321081236, 6.971140519235979 ], [ 100.460182516103757, 6.971184940051461 ], [ 100.46035551239784, 6.971184940051459 ], [ 100.46035551239784, 6.970511203588392 ], [ 100.460580091218787, 6.970511203588384 ], [ 100.460580091218787, 6.9700620459463 ], [ 100.460804670039749, 6.970062045946293 ], [ 100.460804670039764, 6.969163730662175 ] ] ], [ [ [ 100.462576874915413, 6.971377756847938 ], [ 100.462679211576514, 6.971038829669095 ], [ 100.462778001289294, 6.970690407505968 ], [ 100.462873424628896, 6.970331854244484 ], [ 100.46296560940003, 6.969962715824123 ], [ 100.463026630334014, 6.969702283573166 ], [ 100.462954169051983, 6.969573149064816 ], [ 100.462822305252104, 6.969178943798798 ], [ 100.462824053396474, 6.968916733826475 ], [ 100.462994344617243, 6.968590094489399 ], [ 100.463130694954486, 6.968312392939105 ], [ 100.463217373352293, 6.967919645203613 ], [ 100.463254491969792, 6.967395446771749 ], [ 100.463206026075298, 6.967100131790405 ], [ 100.463050458250095, 6.967044805646021 ], [ 100.463050458250095, 6.967367100093946 ], [ 100.462825879429133, 6.967367100093945 ], [ 100.462825879429118, 6.967591678914991 ], [ 100.462601300608171, 6.967591678915 ], [ 100.462601300608171, 6.967816257736045 ], [ 100.462152142965905, 6.967816257736052 ], [ 100.462152142965877, 6.968714573020157 ], [ 100.461927564144929, 6.968714573020171 ], [ 100.461927564144929, 6.96893915184122 ], [ 100.461702985323967, 6.96893915184121 ], [ 100.461702985323967, 6.969163730662184 ], [ 100.461478406502991, 6.969163730662181 ], [ 100.461478406503019, 6.96961288830428 ], [ 100.461702985323953, 6.969612888304277 ], [ 100.461702985323953, 6.969837467125322 ], [ 100.461927564144929, 6.969837467125329 ], [ 100.461927564144943, 6.96961288830427 ], [ 100.462152142965891, 6.96961288830428 ], [ 100.462152142965891, 6.970062045946293 ], [ 100.462376721787209, 6.970062045946293 ], [ 100.462376721787223, 6.971184940051452 ], [ 100.461927564144915, 6.971184940051468 ], [ 100.461927564144943, 6.973206149440736 ], [ 100.461702985323953, 6.973206149440749 ], [ 100.461702985323967, 6.973920057903307 ], [ 100.461754235252357, 6.973779566328307 ], [ 100.46189786965023, 6.973378662703976 ], [ 100.462041221497969, 6.972971381336481 ], [ 100.462184415937742, 6.972557371052306 ], [ 100.462327548760669, 6.972136355761666 ], [ 100.462470841366539, 6.971707684706929 ], [ 100.462576874915413, 6.971377756847938 ] ] ], [ [ [ 100.459577202013861, 6.971846062182983 ], [ 100.459397841357045, 6.971870301665311 ], [ 100.459390388777621, 6.971870197439176 ], [ 100.45938951393174, 6.971870528219387 ], [ 100.45925918368701, 6.971888855259708 ], [ 100.45882096984846, 6.971828305284718 ], [ 100.45865465285992, 6.971829512045276 ], [ 100.458489480679006, 6.971858286408255 ], [ 100.458421056853041, 6.971862768088802 ], [ 100.45793777676748, 6.971973764380252 ], [ 100.457885145366546, 6.971993922853084 ], [ 100.457885145366561, 6.972195929669886 ], [ 100.457890130196333, 6.972200062558127 ], [ 100.458250528042129, 6.972324906899477 ], [ 100.458334303008471, 6.972345597772324 ], [ 100.458334303008485, 6.972307834156631 ], [ 100.459008039471712, 6.972307834156628 ], [ 100.459008039471712, 6.972507544955021 ], [ 100.459107677842439, 6.972532412977667 ], [ 100.459232618292674, 6.972532412977682 ], [ 100.459232618292674, 6.972554985790189 ], [ 100.459717929796213, 6.972609979623769 ], [ 100.459741657820274, 6.972607908465577 ], [ 100.459784334608685, 6.972579824662917 ], [ 100.459831013225212, 6.972513576108184 ], [ 100.459906354755901, 6.972357716261653 ], [ 100.459906354755915, 6.971641620407035 ], [ 100.459862785822224, 6.971684706216362 ], [ 100.459755433222853, 6.971767612336462 ], [ 100.459659006859454, 6.971820174915101 ], [ 100.459577202013861, 6.971846062182983 ] ] ], [ [ [ 100.461466190638404, 6.97456202554217 ], [ 100.461610347672476, 6.974174005762221 ], [ 100.461635715550571, 6.974104464724843 ], [ 100.461478406503005, 6.974104464724851 ], [ 100.461478406503019, 6.974329043545903 ], [ 100.461253827682057, 6.974329043545911 ], [ 100.461253827682043, 6.974553622366956 ], [ 100.461029248860726, 6.974553622366948 ], [ 100.461029248860726, 6.975002780008975 ], [ 100.460804670039764, 6.975002780008968 ], [ 100.460804670039764, 6.975451937651077 ], [ 100.460580091218802, 6.975451937651064 ], [ 100.460580091218802, 6.975901095293091 ], [ 100.460130933576878, 6.97590109529308 ], [ 100.460130933576878, 6.97612567411413 ], [ 100.459681775934598, 6.976125674114125 ], [ 100.459681775934612, 6.976350252935183 ], [ 100.460764070851397, 6.976350252935185 ], [ 100.460886621409529, 6.976050505486184 ], [ 100.461031914262833, 6.975688038416322 ], [ 100.461176966262769, 6.975319067181767 ], [ 100.461321764443326, 6.974943624774648 ], [ 100.461466190638404, 6.97456202554217 ] ] ] ] } },
{ "type": "Feature", "properties": { "TB_IDN": 901118, "TB_TN": "ต.พะตง", "AP_IDN": 9011, "AP_TN": "อ.หาดใหญ่", "PV_IDN": 90, "PV_TN": "จ.สงขลา", "RE_NESDB": "South", "RE_ROYIN": "South", "F_AREA": 98148.482018399998, "flood_area": 61.3428, "A": 0.098 }, "geometry": { "type": "MultiPolygon", "coordinates": [ [ [ [ 100.465969982923681, 6.850136955516415 ], [ 100.465969982923667, 6.849912376695364 ], [ 100.466194561744643, 6.849912376695362 ], [ 100.466194561744629, 6.849238640232207 ], [ 100.465969982923681, 6.849238640232215 ], [ 100.465969982923653, 6.849014061411248 ], [ 100.465745404102364, 6.849014061411245 ], [ 100.46574540410235, 6.848789482590201 ], [ 100.465520825281388, 6.848789482590194 ], [ 100.465520825281388, 6.848340324948089 ], [ 100.465296246460426, 6.848340324948084 ], [ 100.465296246460426, 6.848115746127124 ], [ 100.465520825281388, 6.848115746127133 ], [ 100.465520825281388, 6.847891167306068 ], [ 100.465071667639464, 6.847891167306068 ], [ 100.465071667639478, 6.847442009663973 ], [ 100.464998098278357, 6.847442009663976 ], [ 100.465018255998828, 6.847466322454062 ], [ 100.465047546154565, 6.847676216878659 ], [ 100.465048277046876, 6.847915843500065 ], [ 100.465060748998383, 6.848025585973822 ], [ 100.465021290038194, 6.848337629107729 ], [ 100.46502064013751, 6.848340514414931 ], [ 100.465015837361108, 6.84840420614931 ], [ 100.465003499322435, 6.848416612997041 ], [ 100.464997102134049, 6.848445014035708 ], [ 100.464913620589897, 6.848560623550116 ], [ 100.464857442204391, 6.848609187273381 ], [ 100.464826669889717, 6.848616884522984 ], [ 100.464774507473308, 6.848624975225129 ], [ 100.464696065656, 6.848626422439557 ], [ 100.464617187639774, 6.848604114664643 ], [ 100.464549935593638, 6.848567331377384 ], [ 100.464476761372623, 6.848477573060695 ], [ 100.464422537080736, 6.848440025689982 ], [ 100.464323818236807, 6.848311078852409 ], [ 100.46421059911809, 6.848226278839355 ], [ 100.464154997442293, 6.848210584265442 ], [ 100.464019010256351, 6.848242564782707 ], [ 100.463972848270103, 6.848312229397318 ], [ 100.463962824092519, 6.848418382928429 ], [ 100.464061820106778, 6.848531186369516 ], [ 100.464069367637904, 6.848564903769237 ], [ 100.46417335235526, 6.84856490376915 ], [ 100.464173352355274, 6.8493449694158 ], [ 100.464341264928336, 6.849255071739029 ], [ 100.464351030760227, 6.849246135256263 ], [ 100.464426356543512, 6.849204345309126 ], [ 100.464442703611851, 6.849200763107928 ], [ 100.464492465497571, 6.849174121398914 ], [ 100.464725403941586, 6.849151232532989 ], [ 100.464953772430121, 6.849316961970103 ], [ 100.465171313604188, 6.849440326375094 ], [ 100.4651722225898, 6.849738238980269 ], [ 100.465102724650563, 6.84977118531615 ], [ 100.465102567310737, 6.849771722939524 ], [ 100.465082087651169, 6.849822005489467 ], [ 100.465054260427266, 6.849860542616201 ], [ 100.465021373716397, 6.849882535388599 ], [ 100.464962120646831, 6.849893133712158 ], [ 100.464902912827029, 6.849906108425365 ], [ 100.464816498074001, 6.849912376695361 ], [ 100.464847088818502, 6.849912376695351 ], [ 100.464847088818487, 6.850136955516412 ], [ 100.465071667639478, 6.850136955516411 ], [ 100.465071667639478, 6.850361534337368 ], [ 100.465745404102364, 6.850361534337369 ], [ 100.465745404102364, 6.850136955516419 ], [ 100.465969982923681, 6.850136955516415 ] ] ], [ [ [ 100.465044286847785, 6.856305654475152 ], [ 100.465050417800768, 6.856305287783586 ], [ 100.465092283589584, 6.856304988208216 ], [ 100.465114822343807, 6.856305439308424 ], [ 100.465116984418785, 6.856305432713091 ], [ 100.465296246460412, 6.85628859367182 ], [ 100.465296246460412, 6.85552684722109 ], [ 100.465071667639464, 6.855526847221099 ], [ 100.465071667639464, 6.855077689578985 ], [ 100.464847088818502, 6.855077689578991 ], [ 100.464847088818502, 6.854403953115935 ], [ 100.46462250999754, 6.854403953115939 ], [ 100.46462250999754, 6.85417937429489 ], [ 100.464397931176237, 6.85417937429489 ], [ 100.464397931176222, 6.85395479547382 ], [ 100.46417335235526, 6.85395479547382 ], [ 100.46417335235526, 6.853789521142629 ], [ 100.464114895925519, 6.853851548883084 ], [ 100.463802784028658, 6.854054362867984 ], [ 100.463724194713336, 6.854100819466018 ], [ 100.463724194713336, 6.854179374294873 ], [ 100.463499615892374, 6.85417937429487 ], [ 100.463499615892374, 6.854249281045589 ], [ 100.463544685855069, 6.854296539343035 ], [ 100.463753442441487, 6.854343683978251 ], [ 100.463798540730863, 6.854336449190642 ], [ 100.463900772650504, 6.854308555114693 ], [ 100.463969830212662, 6.854318506372301 ], [ 100.46404115750606, 6.854353512834477 ], [ 100.464204080458515, 6.854531238738426 ], [ 100.464317418621363, 6.854586418819724 ], [ 100.464504647225013, 6.854772405705074 ], [ 100.46453380533454, 6.854790486742186 ], [ 100.464592835525423, 6.854859013691995 ], [ 100.464622643774874, 6.854934018729899 ], [ 100.464619228725937, 6.855040603325465 ], [ 100.464534407074538, 6.855164487937275 ], [ 100.464445072173376, 6.855242438165762 ], [ 100.464370220725044, 6.855299389473444 ], [ 100.464279373953687, 6.855305323421079 ], [ 100.464257044979647, 6.85531986036634 ], [ 100.464187973347862, 6.85531144494561 ], [ 100.463977467654445, 6.85533772812134 ], [ 100.463893939141116, 6.855350863817605 ], [ 100.463810123889132, 6.855324302833171 ], [ 100.4637555614961, 6.855295442517698 ], [ 100.463724194713336, 6.855268575188094 ], [ 100.463724194713336, 6.855521826737075 ], [ 100.463734318298492, 6.855526847221102 ], [ 100.463948773534298, 6.855526847221098 ], [ 100.463948773534298, 6.85561945638489 ], [ 100.464104934127732, 6.855656788919476 ], [ 100.464417231574302, 6.855637473165416 ], [ 100.464518511318261, 6.855800842788851 ], [ 100.464541717366828, 6.855817978219523 ], [ 100.46458958526253, 6.855876214647992 ], [ 100.464620927603406, 6.855965254447622 ], [ 100.464618600060987, 6.856029430684219 ], [ 100.464571796170361, 6.856119032608753 ], [ 100.464541256902194, 6.856141567194689 ], [ 100.464487682041295, 6.856162086270986 ], [ 100.464397931176237, 6.856365584282955 ], [ 100.464397931176222, 6.856425162505212 ], [ 100.464689923541087, 6.85642516250521 ], [ 100.464705864473927, 6.856414637386028 ], [ 100.464903552391519, 6.856306083782061 ], [ 100.465044286847785, 6.856305654475152 ] ] ], [ [ [ 100.457885145366546, 6.866755788272565 ], [ 100.457885145366561, 6.866306630630474 ], [ 100.457660566545599, 6.866306630630463 ], [ 100.457660566545584, 6.865857472988465 ], [ 100.457885145366546, 6.865857472988464 ], [ 100.457885145366561, 6.865632894167415 ], [ 100.457660566545584, 6.865632894167413 ], [ 100.457660566545584, 6.865183736525386 ], [ 100.457211408903305, 6.865183736525386 ], [ 100.457211408903319, 6.865632894167412 ], [ 100.457074577690463, 6.865632894167415 ], [ 100.457076179113272, 6.865857472988452 ], [ 100.457211408903305, 6.865857472988463 ], [ 100.457211408903305, 6.866755788272577 ], [ 100.457435987724267, 6.866755788272582 ], [ 100.457435987724267, 6.866980367093618 ], [ 100.457660566545584, 6.866980367093619 ], [ 100.457660566545584, 6.866755788272564 ], [ 100.457885145366546, 6.866755788272565 ] ] ], [ [ [ 100.461702985323967, 6.868776997661858 ], [ 100.461927564144915, 6.86877699766185 ], [ 100.461927564144943, 6.868552418840808 ], [ 100.462152142965891, 6.868552418840794 ], [ 100.462152142965905, 6.868103261198781 ], [ 100.462376721787223, 6.8681032611988 ], [ 100.462376721787209, 6.867878682377735 ], [ 100.462601300608185, 6.867878682377745 ], [ 100.462601300608171, 6.867429524735639 ], [ 100.462376721787223, 6.867429524735637 ], [ 100.462376721787194, 6.867204945914668 ], [ 100.462152142965891, 6.867204945914684 ], [ 100.462152142965891, 6.867429524735645 ], [ 100.461927564144943, 6.867429524735637 ], [ 100.461927564144943, 6.867878682377733 ], [ 100.461702985323967, 6.867878682377742 ], [ 100.461702985323981, 6.868103261198794 ], [ 100.461253827682057, 6.86810326119879 ], [ 100.461253827682043, 6.868327840019745 ], [ 100.46102924886074, 6.868327840019747 ], [ 100.46102924886074, 6.869226155303857 ], [ 100.461253827682043, 6.86922615530386 ], [ 100.461253827682057, 6.869001576482903 ], [ 100.461702985323967, 6.869001576482908 ], [ 100.461702985323967, 6.868776997661858 ] ] ], [ [ [ 100.458334303008471, 6.86945073412492 ], [ 100.458109724187494, 6.869450734124916 ], [ 100.458109724187494, 6.869226155303858 ], [ 100.457885145366561, 6.869226155303864 ], [ 100.457885145366546, 6.86877699766185 ], [ 100.457660566545584, 6.868776997661846 ], [ 100.457660566545584, 6.868327840019761 ], [ 100.457211408903305, 6.868327840019744 ], [ 100.457211408903305, 6.868552418840794 ], [ 100.456986830082357, 6.8685524188408 ], [ 100.456986830082343, 6.869001576482896 ], [ 100.457211408903291, 6.869001576482903 ], [ 100.457211408903305, 6.869899891767011 ], [ 100.457435987724253, 6.869899891767013 ], [ 100.457435987724267, 6.870124470587972 ], [ 100.457660566545584, 6.870124470587983 ], [ 100.457660566545584, 6.869899891767024 ], [ 100.458334303008471, 6.869899891767027 ], [ 100.458334303008471, 6.86945073412492 ] ] ] ] } },
{ "type": "Feature", "properties": { "TB_IDN": 901401, "TB_TN": "ต.บางกล่ำ", "AP_IDN": 9014, "AP_TN": "อ.บางกล่ำ", "PV_IDN": 90, "PV_TN": "จ.สงขลา", "RE_NESDB": "South", "RE_ROYIN": "South", "F_AREA": 173601.375034, "flood_area": 108.501, "A": 0.174 }, "geometry": { "type": "MultiPolygon", "coordinates": [ [ [ [ 100.424872058675192, 7.087067611702876 ], [ 100.425096637496125, 7.087067611702874 ], [ 100.425096637496139, 7.087292190523925 ], [ 100.425545795138078, 7.087292190523926 ], [ 100.425545795138063, 7.087516769344981 ], [ 100.425770373959381, 7.087516769344973 ], [ 100.425770373959381, 7.087741348165941 ], [ 100.425994952780357, 7.087741348165928 ], [ 100.425994952780357, 7.088190505808026 ], [ 100.426219531601305, 7.088190505808033 ], [ 100.426219531601305, 7.088415084629078 ], [ 100.426668689243243, 7.088415084629093 ], [ 100.426668689243229, 7.088190505808036 ], [ 100.426444110422267, 7.088190505808029 ], [ 100.426444110422267, 7.087516769344973 ], [ 100.426219531601305, 7.087516769344981 ], [ 100.426219531601319, 7.087067611702865 ], [ 100.425994952780343, 7.087067611702873 ], [ 100.425994952780343, 7.086843032881823 ], [ 100.425770373959395, 7.086843032881809 ], [ 100.425770373959381, 7.086618454060853 ], [ 100.425545795138063, 7.08661845406085 ], [ 100.425545795138063, 7.086393875239804 ], [ 100.424872058675163, 7.086393875239807 ], [ 100.424872058675192, 7.087067611702876 ] ] ], [ [ [ 100.42891447745356, 7.090436294018372 ], [ 100.428689898632612, 7.090436294018358 ], [ 100.428689898632598, 7.090211715197319 ], [ 100.428465319811636, 7.090211715197317 ], [ 100.42846531981165, 7.089313399913204 ], [ 100.42734242570647, 7.089313399913197 ], [ 100.42734242570647, 7.089762557555226 ], [ 100.427791583348395, 7.089762557555216 ], [ 100.427791583348395, 7.089987136376265 ], [ 100.428016162169342, 7.089987136376264 ], [ 100.428016162169357, 7.090660872839325 ], [ 100.427791583348395, 7.090660872839331 ], [ 100.427791583348395, 7.090885451660389 ], [ 100.427567004527432, 7.090885451660381 ], [ 100.427567004527432, 7.090660872839333 ], [ 100.427117846885508, 7.090660872839333 ], [ 100.427117846885508, 7.091110030481434 ], [ 100.42734242570647, 7.091110030481437 ], [ 100.42734242570647, 7.091334609302487 ], [ 100.427791583348395, 7.091334609302472 ], [ 100.427791583348395, 7.091110030481423 ], [ 100.428016162169371, 7.091110030481424 ], [ 100.428016162169357, 7.091334609302478 ], [ 100.428689898632598, 7.09133460930249 ], [ 100.428689898632598, 7.091110030481422 ], [ 100.42891447745356, 7.091110030481428 ], [ 100.42891447745356, 7.090436294018372 ] ] ], [ [ [ 100.432732317410967, 7.09582618572305 ], [ 100.432507738590019, 7.09582618572305 ], [ 100.432507738590019, 7.09560160690201 ], [ 100.432732317410995, 7.095601606901995 ], [ 100.432732317410967, 7.095377028080956 ], [ 100.432507738590019, 7.095377028080947 ], [ 100.432507738590004, 7.092457503407653 ], [ 100.432283159769057, 7.092457503407638 ], [ 100.432283159769057, 7.092008345765553 ], [ 100.432507738590019, 7.092008345765553 ], [ 100.432507738590004, 7.091559188123441 ], [ 100.432732317410981, 7.091559188123444 ], [ 100.432732317410995, 7.091334609302491 ], [ 100.432507738590019, 7.091334609302482 ], [ 100.432507738590019, 7.090660872839329 ], [ 100.432283159769057, 7.090660872839335 ], [ 100.432283159769057, 7.090211715197309 ], [ 100.432195606223658, 7.090211715197309 ], [ 100.432176413890005, 7.090424943161223 ], [ 100.432168840458587, 7.090721819458369 ], [ 100.432178195702292, 7.091001677668657 ], [ 100.432359512624387, 7.09472448188991 ], [ 100.432358526737815, 7.094724472270954 ], [ 100.432507738590033, 7.096895770652307 ], [ 100.432507738590019, 7.096050764544106 ], [ 100.432732317410995, 7.096050764544102 ], [ 100.432732317410967, 7.09582618572305 ] ] ], [ [ [ 100.429588213916801, 7.096275343365167 ], [ 100.429812792737764, 7.096275343365154 ], [ 100.429812792737778, 7.096499922186118 ], [ 100.430037371558726, 7.09649992218611 ], [ 100.430037371558726, 7.096275343365149 ], [ 100.430261950379688, 7.096275343365152 ], [ 100.430261950379702, 7.096050764544114 ], [ 100.430486529201005, 7.096050764544116 ], [ 100.430486529201005, 7.095826185723046 ], [ 100.430711108021981, 7.095826185723054 ], [ 100.430711108021967, 7.095601606901995 ], [ 100.431738439032557, 7.095601606902004 ], [ 100.431687588588062, 7.094927870438937 ], [ 100.431384844484853, 7.094927870438947 ], [ 100.431384844484853, 7.095152449259995 ], [ 100.43003737155874, 7.095152449260001 ], [ 100.43003737155874, 7.095377028080961 ], [ 100.429812792737764, 7.095377028080947 ], [ 100.429812792737778, 7.095152449259984 ], [ 100.429588213916816, 7.095152449259988 ], [ 100.429588213916801, 7.093804976333775 ], [ 100.42891447745356, 7.093804976333777 ], [ 100.42891447745356, 7.093580397512715 ], [ 100.428689898632598, 7.093580397512726 ], [ 100.428689898632598, 7.093804976333774 ], [ 100.428465319811622, 7.093804976333779 ], [ 100.428465319811636, 7.094254133975875 ], [ 100.428689898632598, 7.094254133975881 ], [ 100.428689898632598, 7.095601606902003 ], [ 100.428465319811636, 7.095601606902005 ], [ 100.428465319811636, 7.096050764544112 ], [ 100.428689898632598, 7.096050764544103 ], [ 100.428689898632598, 7.096499922186124 ], [ 100.42891447745356, 7.096499922186129 ], [ 100.42891447745356, 7.096724501007174 ], [ 100.429139056274522, 7.096724501007174 ], [ 100.429139056274536, 7.096499922186119 ], [ 100.429588213916801, 7.096499922186113 ], [ 100.429588213916801, 7.096275343365167 ] ] ], [ [ [ 100.432956896232312, 7.099194868038464 ], [ 100.43318147505326, 7.099194868038458 ], [ 100.43318147505326, 7.097847395112332 ], [ 100.432956896232312, 7.097847395112328 ], [ 100.432956896232312, 7.097398237470241 ], [ 100.432732317410981, 7.097398237470227 ], [ 100.432732317410981, 7.096949079828226 ], [ 100.432511402002177, 7.096949079828224 ], [ 100.432644062043522, 7.098879519862266 ], [ 100.432655964487623, 7.099982072962111 ], [ 100.432611903313273, 7.100317762143622 ], [ 100.432732317410981, 7.100317762143621 ], [ 100.432732317410981, 7.099868604501619 ], [ 100.432956896232298, 7.099868604501608 ], [ 100.432956896232312, 7.099194868038464 ] ] ], [ [ [ 100.427791583348395, 7.100093183322571 ], [ 100.428016162169371, 7.100093183322572 ], [ 100.428016162169342, 7.09964402568057 ], [ 100.427791583348395, 7.099644025680564 ], [ 100.427791583348409, 7.09941944685952 ], [ 100.427117846885523, 7.099419446859507 ], [ 100.427117846885494, 7.10099149860679 ], [ 100.427567004527432, 7.10099149860679 ], [ 100.427567004527432, 7.100542340964688 ], [ 100.427791583348395, 7.100542340964677 ], [ 100.427791583348395, 7.100093183322571 ] ] ], [ [ [ 100.426219531601319, 7.102788129175003 ], [ 100.426893268064205, 7.102788129175012 ], [ 100.426893268064191, 7.102563550353957 ], [ 100.427117846885508, 7.102563550353968 ], [ 100.427117846885494, 7.102338971532903 ], [ 100.426893268064191, 7.102338971532911 ], [ 100.426893268064191, 7.102114392711864 ], [ 100.426219531601305, 7.102114392711856 ], [ 100.426219531601319, 7.1018898138909 ], [ 100.425994952780329, 7.101889813890888 ], [ 100.425994952780343, 7.101665235069841 ], [ 100.425545795138063, 7.101665235069849 ], [ 100.425545795138063, 7.102114392711865 ], [ 100.425321216317101, 7.102114392711866 ], [ 100.425321216317116, 7.102788129175009 ], [ 100.425096637496154, 7.102788129175009 ], [ 100.425096637496139, 7.104135602101138 ], [ 100.425994952780343, 7.104135602101137 ], [ 100.425994952780343, 7.103237286817018 ], [ 100.426219531601319, 7.103237286817031 ], [ 100.426219531601319, 7.102788129175003 ] ] ] ] } },
{ "type": "Feature", "properties": { "TB_IDN": 901402, "TB_TN": "ต.ท่าช้าง", "AP_IDN": 9014, "AP_TN": "อ.บางกล่ำ", "PV_IDN": 90, "PV_TN": "จ.สงขลา", "RE_NESDB": "South", "RE_ROYIN": "South", "F_AREA": 2962684.1831, "flood_area": 1851.68, "A": 2.963 }, "geometry": { "type": "MultiPolygon", "coordinates": [ [ [ [ 100.40847780473996, 7.000829344427427 ], [ 100.408253225919026, 7.000829344427429 ], [ 100.408253225919012, 7.000604765606371 ], [ 100.408477804739988, 7.00060476560637 ], [ 100.408477804739974, 7.000155607964349 ], [ 100.408702383560936, 7.000155607964357 ], [ 100.408702383560936, 6.999481871501195 ], [ 100.408477804739988, 6.999481871501197 ], [ 100.408477804739988, 6.999032713859181 ], [ 100.408253225919026, 6.999032713859182 ], [ 100.408253225919012, 6.998134398575081 ], [ 100.408028647097694, 6.998134398575083 ], [ 100.408028647097709, 6.997685240932982 ], [ 100.407804068276718, 6.997685240932979 ], [ 100.407804068276732, 6.998358977396131 ], [ 100.407579489455756, 6.998358977396127 ], [ 100.40757948945577, 6.998583556217099 ], [ 100.407354910634808, 6.99858355621708 ], [ 100.407354910634808, 6.998808135038137 ], [ 100.40713033181386, 6.998808135038137 ], [ 100.407130331813846, 6.999032713859196 ], [ 100.406905752992543, 6.999032713859189 ], [ 100.406905752992543, 6.999706450322257 ], [ 100.406681174171553, 6.999706450322247 ], [ 100.406681174171553, 7.000155607964365 ], [ 100.406905752992529, 7.000155607964362 ], [ 100.406905752992543, 7.00060476560636 ], [ 100.407130331813846, 7.00060476560637 ], [ 100.407130331813846, 7.00195223853258 ], [ 100.407354910634794, 7.001952238532577 ], [ 100.407354910634808, 7.002176817353629 ], [ 100.408028647097694, 7.002176817353642 ], [ 100.408028647097694, 7.001952238532579 ], [ 100.408253225919026, 7.001952238532594 ], [ 100.408253225918997, 7.001503080890492 ], [ 100.408477804739974, 7.001503080890493 ], [ 100.40847780473996, 7.000829344427427 ] ] ], [ [ [ 100.403087913035108, 7.002850553816695 ], [ 100.40331249185607, 7.002850553816691 ], [ 100.40331249185607, 7.002625974995654 ], [ 100.403087913035094, 7.002625974995657 ], [ 100.403087913035094, 7.002401396174592 ], [ 100.40331249185607, 7.002401396174593 ], [ 100.40331249185607, 7.002176817353631 ], [ 100.403087913035108, 7.002176817353627 ], [ 100.403087913035108, 7.001952238532579 ], [ 100.40331249185607, 7.001952238532584 ], [ 100.40331249185607, 7.001053923248471 ], [ 100.403087913035108, 7.001053923248477 ], [ 100.403087913035108, 7.000604765606369 ], [ 100.402863334214146, 7.000604765606376 ], [ 100.402863334214146, 6.999706450322253 ], [ 100.403087913035108, 6.999706450322263 ], [ 100.403087913035108, 6.999257292680248 ], [ 100.403312491856084, 6.999257292680242 ], [ 100.403312491856084, 6.999032713859182 ], [ 100.403087913035094, 6.999032713859185 ], [ 100.403087913035108, 6.998808135038142 ], [ 100.402414176572222, 6.998808135038137 ], [ 100.402414176572222, 6.998583556217083 ], [ 100.401740440108981, 6.998583556217096 ], [ 100.401740440108981, 6.99880813503815 ], [ 100.401515861288019, 6.998808135038137 ], [ 100.401515861288033, 6.999931029143299 ], [ 100.401291282467056, 6.999931029143301 ], [ 100.401291282467042, 7.000155607964354 ], [ 100.401066703646094, 7.000155607964365 ], [ 100.401066703646094, 7.000380186785325 ], [ 100.400842124824777, 7.000380186785319 ], [ 100.400842124824777, 7.000155607964349 ], [ 100.400617546003801, 7.000155607964345 ], [ 100.400617546003815, 6.999931029143306 ], [ 100.400392967182839, 6.999931029143313 ], [ 100.400392967182839, 6.999481871501203 ], [ 100.400168388361891, 6.999481871501208 ], [ 100.400168388361877, 6.999032713859189 ], [ 100.399943809540929, 6.999032713859186 ], [ 100.399943809540929, 6.998808135038137 ], [ 100.399719230719626, 6.998808135038133 ], [ 100.399719230719612, 6.998583556217088 ], [ 100.39949465189865, 6.998583556217088 ], [ 100.39949465189865, 6.998358977396133 ], [ 100.399270073077687, 6.998358977396125 ], [ 100.399270073077687, 6.997460662111929 ], [ 100.399045494256725, 6.99746066211193 ], [ 100.399045494256725, 6.997236083290954 ], [ 100.398820915435749, 6.997236083290971 ], [ 100.398820915435778, 6.997460662111926 ], [ 100.398371757793498, 6.997460662111918 ], [ 100.398371757793484, 6.997236083290955 ], [ 100.397922600151546, 6.99723608329097 ], [ 100.397922600151546, 6.998358977396118 ], [ 100.397861619793375, 6.998358977396117 ], [ 100.398462692678706, 6.99998338732624 ], [ 100.398596336614446, 7.000329041691473 ], [ 100.398596336614446, 6.999931029143311 ], [ 100.398820915435763, 6.99993102914331 ], [ 100.398820915435778, 7.000155607964354 ], [ 100.399270073077702, 7.000155607964361 ], [ 100.399270073077687, 7.00038018678532 ], [ 100.399494651898664, 7.000380186785319 ], [ 100.39949465189865, 7.000604765606369 ], [ 100.399719230719612, 7.00060476560637 ], [ 100.399719230719612, 7.000829344427427 ], [ 100.399943809540929, 7.000829344427421 ], [ 100.399943809540929, 7.002176817353631 ], [ 100.400168388361891, 7.002176817353639 ], [ 100.400168388361891, 7.002401396174606 ], [ 100.400392967182839, 7.002401396174597 ], [ 100.400392967182853, 7.002625974995642 ], [ 100.401291282467042, 7.002625974995652 ], [ 100.401291282467071, 7.002850553816708 ], [ 100.401515861288033, 7.002850553816704 ], [ 100.401515861288019, 7.003075132637761 ], [ 100.401740440108995, 7.003075132637753 ], [ 100.401740440108966, 7.003299711458708 ], [ 100.401965018929943, 7.003299711458707 ], [ 100.401965018929928, 7.003524290279755 ], [ 100.402189597750919, 7.003524290279755 ], [ 100.402189597750905, 7.00329971145871 ], [ 100.402863334214146, 7.003299711458717 ], [ 100.40286333421416, 7.003075132637745 ], [ 100.403087913035094, 7.00307513263775 ], [ 100.403087913035108, 7.002850553816695 ] ] ], [ [ [ 100.409600698845139, 7.003075132637742 ], [ 100.409825277666101, 7.003075132637749 ], [ 100.409825277666101, 7.002850553816699 ], [ 100.410049856487049, 7.002850553816697 ], [ 100.410049856487078, 7.00240139617459 ], [ 100.410274435308025, 7.002401396174593 ], [ 100.410274435308011, 7.001952238532594 ], [ 100.410049856487063, 7.00195223853258 ], [ 100.410049856487063, 7.00172765971154 ], [ 100.409600698845139, 7.001727659711539 ], [ 100.409600698845139, 7.001952238532581 ], [ 100.409376120024177, 7.001952238532581 ], [ 100.409376120024177, 7.002625974995642 ], [ 100.40915154120286, 7.002625974995643 ], [ 100.40915154120286, 7.002850553816708 ], [ 100.408926962381898, 7.002850553816691 ], [ 100.408926962381898, 7.003075132637742 ], [ 100.408702383560936, 7.003075132637743 ], [ 100.408702383560936, 7.00374886910082 ], [ 100.408926962381912, 7.00374886910082 ], [ 100.408926962381884, 7.003524290279756 ], [ 100.409376120024177, 7.003524290279771 ], [ 100.409376120024163, 7.003299711458706 ], [ 100.409600698845139, 7.003299711458711 ], [ 100.409600698845139, 7.003075132637742 ] ] ], [ [ [ 100.407804068276747, 7.005096342026936 ], [ 100.407804068276732, 7.004871763205973 ], [ 100.40757948945577, 7.004871763205986 ], [ 100.40757948945577, 7.00419802674283 ], [ 100.407354910634822, 7.004198026742826 ], [ 100.407354910634794, 7.003973447921857 ], [ 100.407130331813832, 7.003973447921862 ], [ 100.407130331813846, 7.003524290279771 ], [ 100.406681174171553, 7.003524290279755 ], [ 100.406681174171567, 7.003973447921857 ], [ 100.406456595350591, 7.003973447921866 ], [ 100.406456595350605, 7.004198026742824 ], [ 100.406007437708681, 7.00419802674282 ], [ 100.406007437708681, 7.004422605563869 ], [ 100.404659964782567, 7.004422605563875 ], [ 100.404659964782567, 7.004198026742823 ], [ 100.404435385961236, 7.004198026742829 ], [ 100.404435385961236, 7.00397344792187 ], [ 100.404659964782553, 7.003973447921867 ], [ 100.404659964782539, 7.003524290279765 ], [ 100.404884543603515, 7.00352429027977 ], [ 100.404884543603515, 7.00329971145871 ], [ 100.405109122424477, 7.003299711458705 ], [ 100.405109122424477, 7.002625974995654 ], [ 100.404884543603515, 7.002625974995653 ], [ 100.404884543603501, 7.002401396174601 ], [ 100.404659964782553, 7.00240139617459 ], [ 100.404659964782539, 7.00217681735363 ], [ 100.404210807140288, 7.002176817353642 ], [ 100.404210807140288, 7.002401396174603 ], [ 100.403986228319312, 7.002401396174607 ], [ 100.403986228319312, 7.003524290279766 ], [ 100.403761649498364, 7.003524290279771 ], [ 100.403761649498335, 7.00374886910082 ], [ 100.403537070677388, 7.003748869100815 ], [ 100.403537070677388, 7.00397344792187 ], [ 100.403312491856084, 7.003973447921869 ], [ 100.40331249185607, 7.004422605563881 ], [ 100.403087913035108, 7.004422605563878 ], [ 100.403087913035108, 7.005096342026944 ], [ 100.40331249185607, 7.005096342026941 ], [ 100.40331249185607, 7.005545499669036 ], [ 100.403537070677373, 7.005545499669042 ], [ 100.403537070677388, 7.005770078490087 ], [ 100.403761649498335, 7.005770078490097 ], [ 100.40376164949835, 7.005545499669039 ], [ 100.403986228319326, 7.00554549966905 ], [ 100.403986228319312, 7.005320920847997 ], [ 100.405109122424477, 7.005320920847988 ], [ 100.405109122424477, 7.005096342026944 ], [ 100.405333701245453, 7.005096342026947 ], [ 100.405333701245439, 7.00487176320597 ], [ 100.405782858887719, 7.004871763205984 ], [ 100.405782858887704, 7.005096342026945 ], [ 100.406232016529643, 7.005096342026937 ], [ 100.406232016529643, 7.005994657311146 ], [ 100.406007437708681, 7.005994657311152 ], [ 100.406007437708681, 7.006219236132116 ], [ 100.406232016529628, 7.006219236132104 ], [ 100.406232016529657, 7.006443814953159 ], [ 100.406456595350619, 7.00644381495316 ], [ 100.406456595350605, 7.006668393774203 ], [ 100.406905752992529, 7.006668393774212 ], [ 100.406905752992529, 7.006443814953155 ], [ 100.407354910634822, 7.00644381495316 ], [ 100.407354910634794, 7.006668393774215 ], [ 100.408028647097694, 7.006668393774207 ], [ 100.408028647097709, 7.006443814953157 ], [ 100.408253225919012, 7.006443814953157 ], [ 100.408253225919012, 7.005320920847997 ], [ 100.408028647097694, 7.005320920848001 ], [ 100.408028647097694, 7.005096342026933 ], [ 100.407804068276747, 7.005096342026936 ] ] ], [ [ [ 100.416787221118057, 7.004871763205977 ], [ 100.416787221118042, 7.004647184384925 ], [ 100.416113484654815, 7.004647184384935 ], [ 100.416113484654801, 7.004871763205987 ], [ 100.415888905833839, 7.004871763205982 ], [ 100.415888905833839, 7.005096342026945 ], [ 100.416113484654815, 7.005096342026938 ], [ 100.416113484654815, 7.005994657311148 ], [ 100.416562642297094, 7.005994657311153 ], [ 100.416562642297109, 7.005320920848002 ], [ 100.416787221118057, 7.005320920847997 ], [ 100.416787221118071, 7.005096342026948 ], [ 100.417011799939019, 7.005096342026943 ], [ 100.417011799939019, 7.004871763205979 ], [ 100.416787221118057, 7.004871763205977 ] ] ], [ [ [ 100.411397329413191, 7.009587918447596 ], [ 100.411621908234153, 7.009587918447613 ], [ 100.411621908234153, 7.008914181984458 ], [ 100.411397329413191, 7.008914181984446 ], [ 100.411397329413205, 7.008689603163489 ], [ 100.410049856487063, 7.008689603163485 ], [ 100.410049856487078, 7.008465024342441 ], [ 100.409825277666101, 7.008465024342444 ], [ 100.409825277666101, 7.008240445521396 ], [ 100.409376120024177, 7.008240445521386 ], [ 100.409376120024163, 7.008015866700341 ], [ 100.40915154120286, 7.008015866700341 ], [ 100.40915154120286, 7.008240445521396 ], [ 100.408702383560936, 7.008240445521386 ], [ 100.408702383560936, 7.008015866700336 ], [ 100.40802864709768, 7.008015866700333 ], [ 100.408028647097709, 7.008240445521379 ], [ 100.408253225919026, 7.008240445521396 ], [ 100.408253225918997, 7.009363339626549 ], [ 100.40847780473996, 7.009363339626547 ], [ 100.408477804739988, 7.009587918447596 ], [ 100.40915154120286, 7.009587918447597 ], [ 100.40915154120286, 7.009812497268566 ], [ 100.409600698845139, 7.009812497268569 ], [ 100.409600698845139, 7.010037076089607 ], [ 100.409825277666101, 7.010037076089611 ], [ 100.409825277666101, 7.010261654910668 ], [ 100.410049856487078, 7.010261654910674 ], [ 100.410049856487063, 7.011159970194774 ], [ 100.409825277666101, 7.011159970194775 ], [ 100.409825277666116, 7.011384549015832 ], [ 100.410948171771267, 7.011384549015828 ], [ 100.410948171771253, 7.011159970194791 ], [ 100.411172750592229, 7.011159970194781 ], [ 100.411172750592229, 7.010935391373739 ], [ 100.411397329413191, 7.010935391373736 ], [ 100.411397329413191, 7.009587918447596 ] ] ], [ [ [ 100.405109122424477, 7.012956600763014 ], [ 100.405333701245439, 7.012956600763006 ], [ 100.405333701245453, 7.012732021941964 ], [ 100.405558280066387, 7.012732021941969 ], [ 100.405558280066401, 7.012282864299941 ], [ 100.405333701245453, 7.012282864299947 ], [ 100.405333701245453, 7.011833706657848 ], [ 100.404884543603501, 7.011833706657838 ], [ 100.404884543603515, 7.011609127836892 ], [ 100.404435385961222, 7.011609127836887 ], [ 100.404435385961236, 7.011384549015832 ], [ 100.404210807140288, 7.011384549015823 ], [ 100.404210807140288, 7.011159970194785 ], [ 100.403950238922249, 7.011159970194781 ], [ 100.403982223803752, 7.011173451692662 ], [ 100.404005449928334, 7.01119382737896 ], [ 100.404024753860469, 7.01123044390699 ], [ 100.404070864719444, 7.01139264790832 ], [ 100.404072294321466, 7.011407302404069 ], [ 100.404118647452933, 7.011502851340918 ], [ 100.404155506716677, 7.011530198600846 ], [ 100.40417695055892, 7.01154872843674 ], [ 100.40419256861378, 7.011588905469023 ], [ 100.404213365270152, 7.011687318774791 ], [ 100.404249627893108, 7.011753757135652 ], [ 100.40439447558029, 7.011822991241211 ], [ 100.404402467683198, 7.011824896001206 ], [ 100.404427537728779, 7.011843494558905 ], [ 100.404454389190363, 7.011863941665493 ], [ 100.404539810780079, 7.011958005183103 ], [ 100.404594532984447, 7.012044241268478 ], [ 100.404628251219137, 7.012086570709314 ], [ 100.404665571213712, 7.012130784850915 ], [ 100.404680027320055, 7.012183602640529 ], [ 100.404825715524026, 7.012398829586561 ], [ 100.40484368631077, 7.012427840008368 ], [ 100.404891771578363, 7.01247225081077 ], [ 100.404921930682008, 7.012510891250165 ], [ 100.404956893678801, 7.012585882246771 ], [ 100.404962804682455, 7.012662142114086 ], [ 100.404953886022099, 7.01275625442012 ], [ 100.404927086239155, 7.012835524996706 ], [ 100.404908245711866, 7.012875058998738 ], [ 100.40486197254944, 7.012926767774401 ], [ 100.404824704207414, 7.01298227402236 ], [ 100.404781421834983, 7.01307030441572 ], [ 100.404745485953072, 7.013153032446199 ], [ 100.404707482630542, 7.013250226903923 ], [ 100.404648247288208, 7.013419553678651 ], [ 100.404565143891773, 7.013604753214896 ], [ 100.404551290049625, 7.013669768085455 ], [ 100.404533684210264, 7.013741968232823 ], [ 100.404492536166146, 7.013811911957863 ], [ 100.404477857899039, 7.01382665827358 ], [ 100.404436804891986, 7.013945421283763 ], [ 100.404096622358466, 7.014264419418171 ], [ 100.403985544063815, 7.014312952411697 ], [ 100.403909177909512, 7.014361490108937 ], [ 100.403882323502117, 7.014382257734152 ], [ 100.403845850049066, 7.014468869783426 ], [ 100.403823185876306, 7.014519218337539 ], [ 100.403821835019116, 7.014528652510286 ], [ 100.404210807140259, 7.014528652510287 ], [ 100.404210807140288, 7.014753231331238 ], [ 100.404659964782553, 7.014753231331238 ], [ 100.404659964782553, 7.014977810152286 ], [ 100.404884543603529, 7.014977810152283 ], [ 100.404884543603529, 7.014304073689231 ], [ 100.404659964782567, 7.014304073689224 ], [ 100.404659964782553, 7.013630337226085 ], [ 100.404884543603501, 7.013630337226083 ], [ 100.404884543603515, 7.013181179584056 ], [ 100.405109122424477, 7.013181179584059 ], [ 100.405109122424477, 7.012956600763014 ] ] ], [ [ [ 100.421054218717771, 7.018571071288756 ], [ 100.421054218717742, 7.01834649246779 ], [ 100.421278797538719, 7.018346492467798 ], [ 100.421278797538719, 7.018121913646735 ], [ 100.421503376359681, 7.018121913646729 ], [ 100.421503376359695, 7.017897334825694 ], [ 100.421727955180643, 7.017897334825682 ], [ 100.421727955180643, 7.01744817718359 ], [ 100.421952534001591, 7.017448177183579 ], [ 100.421952534001605, 7.017223598362625 ], [ 100.422177112822567, 7.017223598362625 ], [ 100.422177112822567, 7.016999019541569 ], [ 100.422626270464832, 7.016999019541579 ], [ 100.422626270464846, 7.016549861899464 ], [ 100.422850849285808, 7.016549861899478 ], [ 100.422850849285808, 7.016325283078517 ], [ 100.42307542810677, 7.016325283078508 ], [ 100.42307542810677, 7.01610070425746 ], [ 100.42352458574905, 7.016100704257459 ], [ 100.42352458574905, 7.015876125436409 ], [ 100.423749164569998, 7.015876125436411 ], [ 100.423749164570012, 7.015426967794391 ], [ 100.42352458574905, 7.0154269677944 ], [ 100.42352458574905, 7.014977810152299 ], [ 100.423973743390974, 7.01497781015229 ], [ 100.423973743390974, 7.01430407368923 ], [ 100.423749164570012, 7.014304073689233 ], [ 100.423749164570012, 7.013405758405108 ], [ 100.42352458574905, 7.013405758405105 ], [ 100.423524585749064, 7.013181179584063 ], [ 100.423300006927732, 7.013181179584066 ], [ 100.423300006927732, 7.013405758405113 ], [ 100.42307542810677, 7.013405758405108 ], [ 100.42307542810677, 7.013854916047131 ], [ 100.422850849285808, 7.013854916047127 ], [ 100.422850849285794, 7.01407949486818 ], [ 100.422626270464832, 7.014079494868174 ], [ 100.422626270464846, 7.014304073689237 ], [ 100.422401691643884, 7.014304073689217 ], [ 100.422401691643898, 7.014528652510288 ], [ 100.422177112822567, 7.014528652510272 ], [ 100.422177112822553, 7.014753231331245 ], [ 100.421952534001605, 7.014753231331243 ], [ 100.421952534001605, 7.014528652510288 ], [ 100.421727955180643, 7.014528652510277 ], [ 100.421727955180643, 7.014304073689221 ], [ 100.421503376359681, 7.014304073689228 ], [ 100.421503376359681, 7.014079494868174 ], [ 100.421727955180643, 7.014079494868182 ], [ 100.421727955180643, 7.013630337226075 ], [ 100.421952534001605, 7.013630337226082 ], [ 100.421952534001591, 7.013405758405113 ], [ 100.422177112822567, 7.013405758405108 ], [ 100.422177112822567, 7.01318117958406 ], [ 100.422401691643884, 7.013181179584069 ], [ 100.422401691643884, 7.012732021941956 ], [ 100.422626270464846, 7.012732021941959 ], [ 100.422626270464846, 7.012058285478889 ], [ 100.422177112822567, 7.012058285478899 ], [ 100.422177112822581, 7.011833706657854 ], [ 100.421952534001605, 7.011833706657842 ], [ 100.421952534001605, 7.011609127836892 ], [ 100.421727955180643, 7.011609127836893 ], [ 100.421727955180657, 7.011159970194791 ], [ 100.421054218717757, 7.011159970194775 ], [ 100.421054218717757, 7.010935391373723 ], [ 100.420605061075477, 7.010935391373729 ], [ 100.420605061075463, 7.011609127836889 ], [ 100.420829639896425, 7.011609127836883 ], [ 100.420829639896454, 7.013181179584072 ], [ 100.421054218717757, 7.013181179584062 ], [ 100.421054218717757, 7.01340575840511 ], [ 100.420829639896454, 7.013405758405105 ], [ 100.420829639896439, 7.013630337226076 ], [ 100.421054218717757, 7.013630337226074 ], [ 100.421054218717742, 7.013854916047117 ], [ 100.420380482254515, 7.013854916047127 ], [ 100.420380482254501, 7.01318117958407 ], [ 100.420155903433553, 7.013181179584059 ], [ 100.420155903433553, 7.012956600763006 ], [ 100.419931324612591, 7.012956600763016 ], [ 100.419931324612591, 7.012732021941968 ], [ 100.41970674579126, 7.012732021941967 ], [ 100.419706745791274, 7.012507443121008 ], [ 100.419482166970297, 7.012507443121002 ], [ 100.419482166970312, 7.011609127836889 ], [ 100.41925758814935, 7.011609127836879 ], [ 100.41925758814935, 7.011384549015835 ], [ 100.418808430507426, 7.011384549015829 ], [ 100.418808430507426, 7.011609127836886 ], [ 100.418583851686108, 7.011609127836888 ], [ 100.418583851686108, 7.010486233731713 ], [ 100.418134694044198, 7.010486233731712 ], [ 100.418134694044184, 7.010037076089614 ], [ 100.417685536402274, 7.010037076089607 ], [ 100.41768553640226, 7.009812497268562 ], [ 100.417460957580943, 7.009812497268567 ], [ 100.417460957580943, 7.009587918447604 ], [ 100.417236378759981, 7.0095879184476 ], [ 100.417236378759966, 7.009363339626561 ], [ 100.416787221118057, 7.009363339626559 ], [ 100.416787221118057, 7.009587918447593 ], [ 100.41656264229708, 7.009587918447613 ], [ 100.416562642297094, 7.009812497268565 ], [ 100.416113484654815, 7.009812497268565 ], [ 100.416113484654815, 7.009587918447598 ], [ 100.415664327012891, 7.009587918447595 ], [ 100.415664327012877, 7.009812497268566 ], [ 100.415439748191929, 7.00981249726857 ], [ 100.415439748191915, 7.01048623373172 ], [ 100.415664327012891, 7.010486233731716 ], [ 100.415664327012891, 7.01115997019478 ], [ 100.415439748191943, 7.011159970194781 ], [ 100.415439748191929, 7.011609127836884 ], [ 100.415215169370967, 7.011609127836894 ], [ 100.415215169370967, 7.012058285478886 ], [ 100.415439748191929, 7.012058285478894 ], [ 100.415439748191929, 7.012282864299954 ], [ 100.415888905833839, 7.012282864299949 ], [ 100.415888905833853, 7.012058285478902 ], [ 100.416338063475777, 7.012058285478896 ], [ 100.416338063475777, 7.012282864299956 ], [ 100.416562642297094, 7.012282864299941 ], [ 100.416562642297094, 7.012507443120999 ], [ 100.416787221118042, 7.012507443120989 ], [ 100.416787221118057, 7.013854916047126 ], [ 100.417011799939019, 7.01385491604713 ], [ 100.417011799939033, 7.014304073689237 ], [ 100.417236378759966, 7.014304073689228 ], [ 100.417236378759981, 7.014977810152285 ], [ 100.417460957580943, 7.014977810152301 ], [ 100.417460957580957, 7.01767275600463 ], [ 100.417236378759981, 7.017672756004631 ], [ 100.417236378759981, 7.017897334825696 ], [ 100.417460957580943, 7.017897334825683 ], [ 100.417460957580943, 7.018121913646732 ], [ 100.418583851686108, 7.018121913646736 ], [ 100.418583851686108, 7.018346492467795 ], [ 100.41925758814935, 7.018346492467783 ], [ 100.41925758814935, 7.018571071288752 ], [ 100.419482166970297, 7.018571071288748 ], [ 100.419482166970312, 7.019244807751908 ], [ 100.420380482254529, 7.019244807751904 ], [ 100.420380482254515, 7.019020228930847 ], [ 100.420605061075477, 7.019020228930851 ], [ 100.420605061075477, 7.018795650109806 ], [ 100.420829639896425, 7.018795650109798 ], [ 100.420829639896439, 7.018571071288752 ], [ 100.421054218717771, 7.018571071288756 ] ], [ [ 100.418134694044198, 7.012507443120989 ], [ 100.418134694044184, 7.012732021941959 ], [ 100.41768553640226, 7.012732021941968 ], [ 100.417685536402274, 7.012507443120999 ], [ 100.418134694044198, 7.012507443120989 ] ] ], [ [ [ 100.414092275265801, 7.014753231331238 ], [ 100.414092275265801, 7.015202388973336 ], [ 100.414316854086763, 7.015202388973337 ], [ 100.414316854086763, 7.015426967794395 ], [ 100.414766011728673, 7.015426967794391 ], [ 100.414766011728688, 7.01452865251027 ], [ 100.414990590549664, 7.014528652510268 ], [ 100.41499059054965, 7.014079494868183 ], [ 100.41386769644447, 7.014079494868176 ], [ 100.413867696444484, 7.01475323133124 ], [ 100.414092275265801, 7.014753231331238 ] ] ], [ [ [ 100.421054218717757, 7.020367701856989 ], [ 100.421054218717771, 7.020592280678035 ], [ 100.419931324612591, 7.020592280678037 ], [ 100.419931324612605, 7.021490595962142 ], [ 100.420155903433553, 7.021490595962153 ], [ 100.420155903433553, 7.02171517478319 ], [ 100.420605061075463, 7.021715174783189 ], [ 100.420605061075477, 7.021939753604249 ], [ 100.421054218717757, 7.021939753604246 ], [ 100.421054218717771, 7.02171517478319 ], [ 100.421278797538719, 7.021715174783199 ], [ 100.421278797538733, 7.021490595962145 ], [ 100.421503376359681, 7.021490595962153 ], [ 100.421503376359681, 7.020367701856986 ], [ 100.421054218717757, 7.020367701856989 ] ] ], [ [ [ 100.416113484654815, 7.063037677852645 ], [ 100.415888905833853, 7.063037677852656 ], [ 100.415888905833853, 7.0632622566737 ], [ 100.416113484654815, 7.063262256673706 ], [ 100.416113484654815, 7.063711414315795 ], [ 100.416562642297094, 7.063711414315794 ], [ 100.416562642297094, 7.063935993136846 ], [ 100.417011799939019, 7.06393599313685 ], [ 100.417011799939019, 7.064160571957816 ], [ 100.417236378759981, 7.064160571957812 ], [ 100.417236378759981, 7.063262256673694 ], [ 100.417011799939004, 7.063262256673703 ], [ 100.417011799939019, 7.063037677852646 ], [ 100.416787221118042, 7.063037677852642 ], [ 100.416787221118071, 7.062813099031691 ], [ 100.416562642297094, 7.062813099031684 ], [ 100.416562642297109, 7.062588520210642 ], [ 100.416113484654815, 7.062588520210629 ], [ 100.416113484654815, 7.063037677852645 ] ] ], [ [ [ 100.420380482254501, 7.064609729599908 ], [ 100.420605061075477, 7.064609729599912 ], [ 100.420605061075477, 7.0637114143158 ], [ 100.420380482254515, 7.063711414315797 ], [ 100.420380482254515, 7.063262256673699 ], [ 100.420155903433539, 7.063262256673702 ], [ 100.420155903433553, 7.062588520210628 ], [ 100.419931324612591, 7.062588520210626 ], [ 100.419931324612591, 7.063037677852645 ], [ 100.419706745791274, 7.063037677852638 ], [ 100.419706745791288, 7.06348683549475 ], [ 100.419482166970297, 7.063486835494743 ], [ 100.419482166970326, 7.063711414315807 ], [ 100.419257588149364, 7.063711414315793 ], [ 100.41925758814935, 7.064160571957817 ], [ 100.419033009328402, 7.064160571957822 ], [ 100.419033009328388, 7.064609729599916 ], [ 100.418808430507426, 7.064609729599921 ], [ 100.418808430507426, 7.066181781347097 ], [ 100.419033009328388, 7.06618178134709 ], [ 100.419033009328388, 7.065957202526036 ], [ 100.41925758814935, 7.06595720252604 ], [ 100.41925758814935, 7.065732623705077 ], [ 100.420380482254515, 7.065732623705089 ], [ 100.420380482254501, 7.064609729599908 ] ] ], [ [ [ 100.421727955180643, 7.070224200125645 ], [ 100.421952534001619, 7.070224200125644 ], [ 100.421952534001605, 7.069999621304612 ], [ 100.422177112822581, 7.069999621304604 ], [ 100.422177112822567, 7.069775042483547 ], [ 100.421952534001605, 7.069775042483544 ], [ 100.421952534001619, 7.069550463662595 ], [ 100.421727955180643, 7.06955046366259 ], [ 100.421727955180629, 7.069325884841534 ], [ 100.421278797538719, 7.069325884841547 ], [ 100.421278797538719, 7.069101306020486 ], [ 100.421054218717757, 7.069101306020492 ], [ 100.421054218717757, 7.068876727199433 ], [ 100.420829639896439, 7.068876727199443 ], [ 100.420829639896439, 7.067978411915326 ], [ 100.420605061075477, 7.067978411915325 ], [ 100.420605061075477, 7.067753833094368 ], [ 100.420380482254501, 7.067753833094353 ], [ 100.420380482254501, 7.067529254273309 ], [ 100.420155903433539, 7.067529254273305 ], [ 100.420155903433553, 7.067304675452259 ], [ 100.419931324612605, 7.067304675452252 ], [ 100.419931324612605, 7.067080096631203 ], [ 100.419033009328388, 7.067080096631207 ], [ 100.419033009328402, 7.066855517810164 ], [ 100.418359272865146, 7.066855517810151 ], [ 100.418359272865146, 7.067304675452267 ], [ 100.418583851686108, 7.067304675452265 ], [ 100.418583851686108, 7.067529254273319 ], [ 100.418808430507426, 7.067529254273317 ], [ 100.418808430507426, 7.067978411915323 ], [ 100.419033009328373, 7.067978411915333 ], [ 100.419033009328388, 7.068202990736381 ], [ 100.419706745791288, 7.068202990736379 ], [ 100.41970674579126, 7.067978411915324 ], [ 100.419931324612591, 7.067978411915329 ], [ 100.419931324612591, 7.068202990736383 ], [ 100.420155903433553, 7.06820299073638 ], [ 100.420155903433539, 7.068427569557435 ], [ 100.420380482254515, 7.068427569557417 ], [ 100.420380482254515, 7.06887672719944 ], [ 100.420605061075477, 7.068876727199432 ], [ 100.420605061075477, 7.069101306020498 ], [ 100.420829639896439, 7.069101306020497 ], [ 100.420829639896439, 7.069775042483547 ], [ 100.420605061075491, 7.069775042483543 ], [ 100.420605061075477, 7.070673357767674 ], [ 100.421054218717757, 7.070673357767658 ], [ 100.421054218717757, 7.070897936588708 ], [ 100.421278797538719, 7.070897936588713 ], [ 100.421278797538719, 7.070673357767663 ], [ 100.421503376359681, 7.070673357767658 ], [ 100.421503376359681, 7.070448778946711 ], [ 100.421727955180657, 7.070448778946706 ], [ 100.421727955180643, 7.070224200125645 ] ] ], [ [ [ 100.421503376359681, 7.074266618904224 ], [ 100.421503376359681, 7.075838670651402 ], [ 100.421952534001605, 7.075838670651402 ], [ 100.421952534001605, 7.074715776546222 ], [ 100.422177112822567, 7.074715776546231 ], [ 100.422177112822581, 7.074042040083163 ], [ 100.421727955180629, 7.074042040083162 ], [ 100.421727955180643, 7.074266618904216 ], [ 100.421503376359681, 7.074266618904224 ] ] ], [ [ [ 100.421727955180643, 7.005994657311144 ], [ 100.421727955180657, 7.006443814953151 ], [ 100.421503376359667, 7.006443814953169 ], [ 100.421503376359695, 7.006668393774207 ], [ 100.421727955180643, 7.006668393774215 ], [ 100.421727955180643, 7.007117551416217 ], [ 100.421952534001591, 7.007117551416214 ], [ 100.421952534001605, 7.007342130237275 ], [ 100.422177112822567, 7.007342130237273 ], [ 100.422177112822567, 7.007566709058328 ], [ 100.422401691643884, 7.007566709058318 ], [ 100.42240169164387, 7.007791287879366 ], [ 100.42262627046486, 7.007791287879384 ], [ 100.422626270464846, 7.007566709058327 ], [ 100.422850849285808, 7.007566709058333 ], [ 100.422850849285808, 7.006219236132115 ], [ 100.422626270464846, 7.006219236132107 ], [ 100.422626270464846, 7.005994657311146 ], [ 100.421727955180643, 7.005994657311144 ] ] ], [ [ [ 100.428240740990674, 7.007566709058331 ], [ 100.428465319811636, 7.007566709058327 ], [ 100.428465319811636, 7.007342130237276 ], [ 100.428689898632598, 7.007342130237269 ], [ 100.428689898632612, 7.007117551416222 ], [ 100.428465319811636, 7.007117551416226 ], [ 100.428465319811622, 7.006668393774207 ], [ 100.428240740990674, 7.006668393774219 ], [ 100.428240740990688, 7.006443814953153 ], [ 100.427791583348409, 7.00644381495316 ], [ 100.427791583348409, 7.006668393774212 ], [ 100.427567004527432, 7.006668393774212 ], [ 100.427567004527432, 7.006892972595253 ], [ 100.426893268064191, 7.006892972595253 ], [ 100.426893268064191, 7.007117551416215 ], [ 100.426668689243229, 7.007117551416222 ], [ 100.426668689243215, 7.007566709058318 ], [ 100.426444110422281, 7.007566709058328 ], [ 100.426444110422267, 7.008240445521392 ], [ 100.426893268064191, 7.008240445521392 ], [ 100.426893268064177, 7.008015866700329 ], [ 100.428016162169357, 7.008015866700335 ], [ 100.428016162169357, 7.007791287879373 ], [ 100.428240740990674, 7.007791287879377 ], [ 100.428240740990674, 7.007566709058331 ] ] ], [ [ [ 100.430037371558711, 7.01093539137373 ], [ 100.430261950379688, 7.010935391373728 ], [ 100.430261950379688, 7.010486233731712 ], [ 100.430711108021967, 7.010486233731719 ], [ 100.430711108021967, 7.010261654910666 ], [ 100.430935686842943, 7.010261654910661 ], [ 100.430935686842929, 7.009363339626553 ], [ 100.431160265663891, 7.009363339626553 ], [ 100.431160265663891, 7.008914181984456 ], [ 100.430935686842943, 7.008914181984459 ], [ 100.430935686842929, 7.008689603163483 ], [ 100.430486529201019, 7.00868960316349 ], [ 100.430486529201005, 7.008914181984452 ], [ 100.429588213916787, 7.008914181984442 ], [ 100.429588213916801, 7.009138760805494 ], [ 100.429139056274522, 7.009138760805497 ], [ 100.429139056274536, 7.008689603163481 ], [ 100.42902333222942, 7.008689603163484 ], [ 100.42900893791105, 7.008690954305888 ], [ 100.429005810852715, 7.008694077837903 ], [ 100.428979660578506, 7.008693031785679 ], [ 100.428937019660239, 7.008695189555995 ], [ 100.42881800920577, 7.008688347233107 ], [ 100.428506012293894, 7.008714850583559 ], [ 100.42836232584699, 7.008756454081969 ], [ 100.42824074099066, 7.008801175511286 ], [ 100.428240740990688, 7.008914181984458 ], [ 100.427926687917349, 7.008914181984456 ], [ 100.427910394999401, 7.008922383067818 ], [ 100.427883548835354, 7.008938229683836 ], [ 100.427873179116673, 7.008948653838972 ], [ 100.42783959256775, 7.009096266253799 ], [ 100.42782569583332, 7.009214168738284 ], [ 100.427789529676673, 7.009223593344279 ], [ 100.427783877659863, 7.009232689724285 ], [ 100.427767304607954, 7.009246575305942 ], [ 100.427745160378038, 7.009249409822733 ], [ 100.427703613578259, 7.009246768848276 ], [ 100.42770136266769, 7.009246568948972 ], [ 100.427666041317579, 7.009255773405297 ], [ 100.427342425706485, 7.009217713715396 ], [ 100.42734242570647, 7.009587918447599 ], [ 100.427117846885508, 7.009587918447608 ], [ 100.427117846885523, 7.011159970194786 ], [ 100.427791583348395, 7.01115997019478 ], [ 100.427791583348395, 7.010935391373732 ], [ 100.42824074099066, 7.010935391373729 ], [ 100.428240740990674, 7.011159970194791 ], [ 100.428689898632612, 7.011159970194773 ], [ 100.428689898632584, 7.011384549015837 ], [ 100.429139056274522, 7.011384549015836 ], [ 100.429139056274508, 7.011609127836889 ], [ 100.429588213916801, 7.011609127836877 ], [ 100.429588213916801, 7.011384549015826 ], [ 100.429812792737764, 7.011384549015841 ], [ 100.429812792737764, 7.011159970194789 ], [ 100.43003737155874, 7.011159970194782 ], [ 100.430037371558711, 7.01093539137373 ] ] ], [ [ [ 100.428465319811636, 7.01565154661536 ], [ 100.428689898632612, 7.015651546615364 ], [ 100.428689898632598, 7.015876125436398 ], [ 100.429139056274536, 7.015876125436398 ], [ 100.429139056274536, 7.015651546615352 ], [ 100.429363635095839, 7.015651546615358 ], [ 100.429363635095854, 7.015627998573431 ], [ 100.427745269121985, 7.014392683514564 ], [ 100.427625596016782, 7.014304073689227 ], [ 100.427567004527418, 7.014304073689218 ], [ 100.427567004527432, 7.01452865251027 ], [ 100.427342425706485, 7.014528652510289 ], [ 100.42734242570647, 7.015426967794387 ], [ 100.427567004527432, 7.015426967794398 ], [ 100.427567004527432, 7.016325283078508 ], [ 100.427791583348409, 7.016325283078514 ], [ 100.427791583348395, 7.015876125436414 ], [ 100.428016162169357, 7.015876125436404 ], [ 100.428016162169357, 7.015426967794394 ], [ 100.42846531981165, 7.015426967794403 ], [ 100.428465319811636, 7.01565154661536 ] ] ], [ [ [ 100.425096637496139, 7.017897334825693 ], [ 100.425096637496139, 7.017672756004636 ], [ 100.424422901032898, 7.017672756004645 ], [ 100.424422901032884, 7.017897334825685 ], [ 100.423749164569998, 7.017897334825677 ], [ 100.423749164570012, 7.018346492467784 ], [ 100.42352458574905, 7.018346492467783 ], [ 100.42352458574905, 7.018571071288755 ], [ 100.423300006927732, 7.018571071288752 ], [ 100.423300006927732, 7.018795650109803 ], [ 100.42307542810677, 7.018795650109809 ], [ 100.42307542810677, 7.019020228930854 ], [ 100.422850849285794, 7.019020228930844 ], [ 100.422850849285808, 7.019469386572872 ], [ 100.42307542810677, 7.019469386572871 ], [ 100.42307542810677, 7.019693965393924 ], [ 100.423749164570026, 7.019693965393911 ], [ 100.423749164570026, 7.019918544214974 ], [ 100.42419832221195, 7.019918544214964 ], [ 100.424198322211936, 7.01969396539392 ], [ 100.424872058675163, 7.019693965393917 ], [ 100.424872058675163, 7.019918544214966 ], [ 100.425321216317101, 7.019918544214974 ], [ 100.425321216317101, 7.019693965393919 ], [ 100.425545795138063, 7.019693965393912 ], [ 100.425545795138078, 7.01834649246779 ], [ 100.425321216317101, 7.018346492467785 ], [ 100.425321216317116, 7.017897334825679 ], [ 100.425096637496139, 7.017897334825693 ] ] ], [ [ [ 100.427117846885508, 7.019469386572866 ], [ 100.427117846885508, 7.019020228930851 ], [ 100.427342425706485, 7.019020228930859 ], [ 100.427342425706456, 7.018795650109797 ], [ 100.427117846885508, 7.01879565010981 ], [ 100.427117846885508, 7.018571071288746 ], [ 100.425994952780343, 7.018571071288753 ], [ 100.425994952780343, 7.019020228930848 ], [ 100.425770373959395, 7.019020228930849 ], [ 100.425770373959381, 7.019244807751909 ], [ 100.425994952780343, 7.019244807751909 ], [ 100.425994952780343, 7.019918544214971 ], [ 100.426219531601305, 7.019918544214968 ], [ 100.426219531601305, 7.020143123036013 ], [ 100.426444110422267, 7.020143123036017 ], [ 100.426444110422267, 7.019918544214975 ], [ 100.426668689243229, 7.019918544214974 ], [ 100.426668689243243, 7.019693965393919 ], [ 100.426893268064191, 7.019693965393921 ], [ 100.426893268064177, 7.019469386572875 ], [ 100.427117846885508, 7.019469386572866 ] ] ], [ [ [ 100.425545795138063, 7.023511805351419 ], [ 100.426668689243243, 7.023511805351424 ], [ 100.426668689243229, 7.023736384172468 ], [ 100.42734242570647, 7.023736384172475 ], [ 100.42734242570647, 7.023062647709416 ], [ 100.427117846885523, 7.023062647709419 ], [ 100.427117846885508, 7.022613490067309 ], [ 100.426668689243215, 7.022613490067317 ], [ 100.426668689243243, 7.022388911246249 ], [ 100.425770373959381, 7.022388911246265 ], [ 100.425770373959381, 7.022613490067303 ], [ 100.425545795138063, 7.02261349006731 ], [ 100.425545795138063, 7.023511805351419 ] ] ], [ [ [ 100.430935686842929, 7.061465626105467 ], [ 100.431160265663891, 7.061465626105471 ], [ 100.431160265663891, 7.061016468463448 ], [ 100.431384844484853, 7.061016468463464 ], [ 100.431384844484867, 7.060791889642413 ], [ 100.431160265663891, 7.060791889642407 ], [ 100.431160265663891, 7.060567310821347 ], [ 100.430935686842943, 7.060567310821352 ], [ 100.430935686842915, 7.060342732000312 ], [ 100.430261950379688, 7.060342732000312 ], [ 100.430261950379673, 7.06101646846346 ], [ 100.430486529201019, 7.061016468463453 ], [ 100.430486529201005, 7.061465626105464 ], [ 100.430261950379702, 7.061465626105466 ], [ 100.430261950379702, 7.06169020492652 ], [ 100.430037371558711, 7.061690204926524 ], [ 100.43003737155874, 7.06213936256853 ], [ 100.430261950379688, 7.062139362568536 ], [ 100.430261950379688, 7.062363941389584 ], [ 100.430486529201005, 7.062363941389589 ], [ 100.430486529201005, 7.06213936256854 ], [ 100.430711108021953, 7.062139362568525 ], [ 100.430711108021967, 7.061914783747582 ], [ 100.430935686842915, 7.061914783747566 ], [ 100.430935686842929, 7.061465626105467 ] ] ], [ [ [ 100.423300006927732, 7.067080096631207 ], [ 100.422401691643884, 7.067080096631213 ], [ 100.422401691643884, 7.066855517810158 ], [ 100.422177112822567, 7.066855517810165 ], [ 100.422177112822567, 7.066630938989196 ], [ 100.422401691643884, 7.066630938989203 ], [ 100.422401691643884, 7.066181781347103 ], [ 100.422850849285808, 7.066181781347085 ], [ 100.422850849285808, 7.065957202526041 ], [ 100.42307542810677, 7.065957202526049 ], [ 100.42307542810677, 7.065732623705074 ], [ 100.423300006927747, 7.065732623705074 ], [ 100.423300006927747, 7.065508044884034 ], [ 100.42352458574905, 7.065508044884031 ], [ 100.423524585749064, 7.065058887241921 ], [ 100.423749164569998, 7.065058887241925 ], [ 100.423749164569998, 7.064385150778864 ], [ 100.423524585749064, 7.064385150778871 ], [ 100.42352458574905, 7.063935993136854 ], [ 100.422850849285808, 7.063935993136861 ], [ 100.422850849285808, 7.064160571957817 ], [ 100.422626270464846, 7.06416057195781 ], [ 100.422626270464846, 7.064385150778873 ], [ 100.422401691643898, 7.064385150778874 ], [ 100.422401691643884, 7.063262256673694 ], [ 100.422177112822567, 7.063262256673702 ], [ 100.422177112822567, 7.06303767785264 ], [ 100.421952534001605, 7.063037677852657 ], [ 100.421952534001605, 7.062813099031685 ], [ 100.421727955180657, 7.062813099031679 ], [ 100.421727955180643, 7.062588520210641 ], [ 100.421503376359681, 7.06258852021064 ], [ 100.421503376359681, 7.062363941389576 ], [ 100.421278797538719, 7.062363941389585 ], [ 100.421278797538719, 7.062588520210631 ], [ 100.421054218717771, 7.062588520210637 ], [ 100.421054218717771, 7.063711414315794 ], [ 100.420829639896439, 7.063711414315799 ], [ 100.420829639896454, 7.06393599313686 ], [ 100.421054218717757, 7.063935993136859 ], [ 100.421054218717742, 7.065058887241927 ], [ 100.421278797538719, 7.065058887241923 ], [ 100.421278797538704, 7.065508044884031 ], [ 100.421503376359695, 7.065508044884039 ], [ 100.421503376359681, 7.065732623705085 ], [ 100.421727955180643, 7.065732623705077 ], [ 100.421727955180643, 7.065957202526038 ], [ 100.421952534001605, 7.065957202526048 ], [ 100.421952534001591, 7.067529254273302 ], [ 100.422177112822567, 7.067529254273308 ], [ 100.422177112822567, 7.067978411915327 ], [ 100.422401691643884, 7.067978411915321 ], [ 100.422401691643884, 7.06842756955742 ], [ 100.422850849285808, 7.068427569557422 ], [ 100.422850849285794, 7.068202990736374 ], [ 100.42307542810677, 7.068202990736381 ], [ 100.42307542810677, 7.067978411915322 ], [ 100.423300006927732, 7.067978411915328 ], [ 100.423300006927732, 7.067080096631207 ] ] ], [ [ [ 100.432438424057239, 7.067572986617908 ], [ 100.432732317411066, 7.067029542079203 ], [ 100.432732317410995, 7.066630938989192 ], [ 100.432932386741157, 7.066630938989189 ], [ 100.433097978040394, 7.066271114849991 ], [ 100.433101985973948, 7.065698617514336 ], [ 100.433118074744527, 7.063935993136851 ], [ 100.432956896232298, 7.063935993136851 ], [ 100.432956896232298, 7.065058887241921 ], [ 100.432732317410981, 7.065058887241923 ], [ 100.432732317410981, 7.06528346606298 ], [ 100.432507738590004, 7.065283466062986 ], [ 100.432507738590033, 7.065058887241939 ], [ 100.432058580948095, 7.065058887241932 ], [ 100.432058580948095, 7.064834308420958 ], [ 100.431384844484853, 7.064834308420967 ], [ 100.431384844484853, 7.065058887241932 ], [ 100.431160265663891, 7.065058887241935 ], [ 100.431160265663891, 7.064834308420958 ], [ 100.430935686842943, 7.06483430842097 ], [ 100.430935686842943, 7.06460972959991 ], [ 100.430711108021967, 7.064609729599915 ], [ 100.430711108021967, 7.063935993136854 ], [ 100.430486529201005, 7.063935993136859 ], [ 100.430486529200991, 7.063711414315794 ], [ 100.429812792737764, 7.063711414315796 ], [ 100.429812792737764, 7.063935993136844 ], [ 100.429363635095839, 7.06393599313686 ], [ 100.429363635095854, 7.0637114143158 ], [ 100.429139056274522, 7.063711414315797 ], [ 100.429139056274522, 7.063262256673693 ], [ 100.429363635095839, 7.063262256673699 ], [ 100.429363635095825, 7.063037677852654 ], [ 100.429588213916816, 7.063037677852648 ], [ 100.429588213916787, 7.062588520210641 ], [ 100.429363635095839, 7.062588520210641 ], [ 100.429363635095825, 7.062363941389589 ], [ 100.429139056274522, 7.06236394138958 ], [ 100.429139056274508, 7.062588520210633 ], [ 100.42891447745356, 7.062588520210635 ], [ 100.42891447745356, 7.062813099031689 ], [ 100.428465319811636, 7.062813099031677 ], [ 100.428465319811636, 7.06258852021064 ], [ 100.42824074099066, 7.062588520210641 ], [ 100.428240740990674, 7.06236394138958 ], [ 100.428016162169371, 7.06236394138959 ], [ 100.428016162169342, 7.062588520210635 ], [ 100.427791583348395, 7.062588520210641 ], [ 100.427791583348395, 7.062813099031691 ], [ 100.428016162169357, 7.062813099031684 ], [ 100.428016162169357, 7.063262256673696 ], [ 100.428240740990674, 7.06326225667369 ], [ 100.428240740990674, 7.06348683549475 ], [ 100.428465319811636, 7.06348683549474 ], [ 100.42846531981165, 7.063935993136856 ], [ 100.428240740990674, 7.063935993136861 ], [ 100.42824074099066, 7.064160571957813 ], [ 100.428016162169357, 7.064160571957815 ], [ 100.428016162169371, 7.064385150778875 ], [ 100.427567004527432, 7.064385150778861 ], [ 100.427567004527432, 7.064160571957804 ], [ 100.427117846885494, 7.064160571957809 ], [ 100.427117846885508, 7.064385150778871 ], [ 100.427342425706485, 7.064385150778864 ], [ 100.427342425706485, 7.064609729599919 ], [ 100.427567004527418, 7.064609729599924 ], [ 100.427567004527418, 7.064834308420972 ], [ 100.427791583348395, 7.064834308420959 ], [ 100.427791583348395, 7.065058887241934 ], [ 100.428016162169371, 7.065058887241921 ], [ 100.428016162169357, 7.065957202526052 ], [ 100.427791583348409, 7.065957202526043 ], [ 100.427791583348409, 7.066406360168152 ], [ 100.427567004527418, 7.066406360168139 ], [ 100.427567004527418, 7.066855517810155 ], [ 100.427791583348395, 7.066855517810154 ], [ 100.427791583348395, 7.067080096631201 ], [ 100.428240740990674, 7.067080096631202 ], [ 100.428240740990674, 7.066855517810158 ], [ 100.428465319811636, 7.066855517810164 ], [ 100.428465319811636, 7.066406360168141 ], [ 100.428689898632598, 7.066406360168135 ], [ 100.428689898632598, 7.065957202526048 ], [ 100.429363635095825, 7.065957202526042 ], [ 100.429363635095839, 7.066181781347103 ], [ 100.429812792737764, 7.066181781347099 ], [ 100.429812792737764, 7.066630938989191 ], [ 100.430037371558726, 7.066630938989186 ], [ 100.430037371558726, 7.06685551781016 ], [ 100.430486529200991, 7.066855517810152 ], [ 100.430486529201005, 7.06663093898919 ], [ 100.430935686842943, 7.066630938989199 ], [ 100.430935686842929, 7.06685551781016 ], [ 100.431160265663891, 7.066855517810164 ], [ 100.431160265663891, 7.067753833094368 ], [ 100.430711108021967, 7.067753833094367 ], [ 100.430711108021967, 7.068202990736372 ], [ 100.430486529201019, 7.068202990736384 ], [ 100.430486529201005, 7.06887672719944 ], [ 100.430261950379673, 7.068876727199429 ], [ 100.430261950379688, 7.069101306020486 ], [ 100.430486529201005, 7.069101306020499 ], [ 100.430486529201019, 7.069550463662586 ], [ 100.430711108021981, 7.069550463662593 ], [ 100.430711108021967, 7.070673357767669 ], [ 100.430486529201019, 7.070673357767658 ], [ 100.430486529200991, 7.070897936588721 ], [ 100.430261950379688, 7.070897936588719 ], [ 100.430261950379688, 7.071122515409763 ], [ 100.430037371558711, 7.071122515409778 ], [ 100.430037371558726, 7.071347094230816 ], [ 100.429812792737749, 7.071347094230826 ], [ 100.429812792737749, 7.071796251872827 ], [ 100.430261950379688, 7.071796251872824 ], [ 100.430261950379688, 7.071571673051874 ], [ 100.43046195118086, 7.07157167305187 ], [ 100.430463286665898, 7.071566479532829 ], [ 100.430932991742324, 7.070535281383651 ], [ 100.431470792877093, 7.069320138170053 ], [ 100.432438424057239, 7.067572986617908 ] ] ], [ [ [ 100.426219531601319, 7.069775042483562 ], [ 100.426219531601305, 7.069325884841535 ], [ 100.426444110422267, 7.069325884841543 ], [ 100.426444110422267, 7.069101306020481 ], [ 100.426219531601305, 7.069101306020497 ], [ 100.426219531601305, 7.068652148378484 ], [ 100.425994952780329, 7.068652148378471 ], [ 100.425994952780343, 7.068427569557427 ], [ 100.425770373959381, 7.068427569557425 ], [ 100.425770373959367, 7.068202990736373 ], [ 100.425545795138063, 7.068202990736373 ], [ 100.425545795138078, 7.068427569557433 ], [ 100.425321216317101, 7.068427569557422 ], [ 100.425321216317101, 7.068652148378466 ], [ 100.424647479854229, 7.068652148378481 ], [ 100.424647479854215, 7.068876727199433 ], [ 100.424422901032898, 7.068876727199428 ], [ 100.424422901032898, 7.069550463662588 ], [ 100.424647479854201, 7.069550463662586 ], [ 100.424647479854229, 7.069775042483547 ], [ 100.425096637496154, 7.069775042483546 ], [ 100.425096637496139, 7.069999621304603 ], [ 100.425321216317101, 7.069999621304611 ], [ 100.425321216317101, 7.070448778946711 ], [ 100.425096637496139, 7.070448778946701 ], [ 100.425096637496125, 7.070897936588726 ], [ 100.425545795138063, 7.070897936588721 ], [ 100.425545795138063, 7.070673357767658 ], [ 100.425770373959367, 7.070673357767673 ], [ 100.425770373959367, 7.070224200125647 ], [ 100.425994952780357, 7.070224200125653 ], [ 100.425994952780343, 7.069775042483553 ], [ 100.426219531601319, 7.069775042483562 ] ] ], [ [ [ 100.422177112822567, 7.072469988335985 ], [ 100.421952534001619, 7.072469988335985 ], [ 100.421952534001619, 7.07202083069388 ], [ 100.421503376359667, 7.072020830693888 ], [ 100.421503376359681, 7.071796251872834 ], [ 100.421278797538719, 7.071796251872825 ], [ 100.421278797538704, 7.07314372479905 ], [ 100.421503376359681, 7.073143724799049 ], [ 100.421503376359681, 7.073368303620106 ], [ 100.422177112822567, 7.073368303620096 ], [ 100.422177112822567, 7.073143724799043 ], [ 100.42240169164387, 7.073143724799046 ], [ 100.422401691643884, 7.072694567156948 ], [ 100.422177112822581, 7.072694567156956 ], [ 100.422177112822567, 7.072469988335985 ] ] ], [ [ [ 100.42734242570647, 7.074491197725172 ], [ 100.428465319811636, 7.074491197725187 ], [ 100.428465319811636, 7.073143724799053 ], [ 100.428016162169357, 7.073143724799056 ], [ 100.428016162169357, 7.072919145977999 ], [ 100.427567004527432, 7.072919145978006 ], [ 100.427567004527432, 7.073143724799058 ], [ 100.42734242570647, 7.073143724799041 ], [ 100.427342425706485, 7.073368303620105 ], [ 100.426668689243215, 7.0733683036201 ], [ 100.426668689243229, 7.074266618904216 ], [ 100.426444110422281, 7.074266618904211 ], [ 100.426444110422267, 7.074491197725179 ], [ 100.426219531601291, 7.074491197725186 ], [ 100.426219531601305, 7.074715776546226 ], [ 100.425770373959381, 7.074715776546228 ], [ 100.425770373959395, 7.075164934188335 ], [ 100.425545795138049, 7.075164934188322 ], [ 100.425545795138063, 7.075389513009291 ], [ 100.425770373959381, 7.075389513009299 ], [ 100.425770373959381, 7.075614091830342 ], [ 100.426444110422281, 7.075614091830341 ], [ 100.426444110422267, 7.075838670651392 ], [ 100.426893268064191, 7.075838670651402 ], [ 100.426893268064191, 7.07561409183035 ], [ 100.427117846885508, 7.075614091830341 ], [ 100.427117846885508, 7.074940355367286 ], [ 100.42734242570647, 7.07494035536728 ], [ 100.42734242570647, 7.074491197725172 ] ] ], [ [ [ 100.431160265663877, 7.086618454060861 ], [ 100.430935686842929, 7.086618454060865 ], [ 100.430935686842943, 7.086393875239811 ], [ 100.430261950379688, 7.086393875239809 ], [ 100.430261950379688, 7.086444277690279 ], [ 100.430334774836197, 7.086546000861162 ], [ 100.430421348465359, 7.086645168729915 ], [ 100.430488015403199, 7.086744397840087 ], [ 100.430581481169085, 7.08692640890834 ], [ 100.430695169799307, 7.087211104474756 ], [ 100.430708119756062, 7.087243397590579 ], [ 100.430785449997927, 7.087436213299413 ], [ 100.430852413699071, 7.087631560431573 ], [ 100.430871635091634, 7.087741348165941 ], [ 100.431160265663891, 7.087741348165928 ], [ 100.431160265663891, 7.087516769344966 ], [ 100.431384844484853, 7.087516769344968 ], [ 100.431384844484867, 7.086843032881811 ], [ 100.431160265663891, 7.086843032881809 ], [ 100.431160265663877, 7.086618454060861 ] ] ], [ [ [ 100.432283159769057, 7.015202388973336 ], [ 100.432283159769057, 7.014753231331235 ], [ 100.432507738590019, 7.014753231331248 ], [ 100.432507738590019, 7.014528652510273 ], [ 100.432732317410981, 7.014528652510273 ], [ 100.432732317410981, 7.01407949486818 ], [ 100.432956896232298, 7.01407949486818 ], [ 100.432956896232298, 7.012507443121009 ], [ 100.432732317410981, 7.012507443121003 ], [ 100.432732317410981, 7.01228286429994 ], [ 100.432507738590019, 7.012282864299955 ], [ 100.432507738590033, 7.012507443120999 ], [ 100.432283159769057, 7.012507443120995 ], [ 100.432283159769071, 7.012732021941954 ], [ 100.432507738590019, 7.01273202194196 ], [ 100.432507738590019, 7.013181179584063 ], [ 100.432283159769057, 7.013181179584071 ], [ 100.432283159769071, 7.013405758405108 ], [ 100.432058580948095, 7.013405758405121 ], [ 100.432058580948095, 7.013854916047121 ], [ 100.431834002127133, 7.013854916047121 ], [ 100.431834002127118, 7.014977810152286 ], [ 100.431609423305829, 7.014977810152282 ], [ 100.431609423305815, 7.015202388973342 ], [ 100.431384844484853, 7.015202388973345 ], [ 100.431384844484853, 7.015426967794387 ], [ 100.430711108021967, 7.015426967794392 ], [ 100.430711108021967, 7.015651546615361 ], [ 100.430486529200991, 7.015651546615348 ], [ 100.430486529201019, 7.016353204059598 ], [ 100.430935686842943, 7.016699152301014 ], [ 100.430935686842943, 7.016549861899479 ], [ 100.431160265663891, 7.016549861899476 ], [ 100.431160265663905, 7.01565154661535 ], [ 100.432058580948095, 7.015651546615359 ], [ 100.432058580948095, 7.015202388973337 ], [ 100.432283159769057, 7.015202388973336 ] ] ], [ [ [ 100.438346787936808, 7.015651546615358 ], [ 100.438346787936808, 7.015202388973344 ], [ 100.437673051473922, 7.015202388973352 ], [ 100.437673051473936, 7.01542696779439 ], [ 100.437223893831657, 7.015426967794395 ], [ 100.437223893831643, 7.015202388973353 ], [ 100.436999315010681, 7.015202388973352 ], [ 100.436999315010681, 7.014753231331249 ], [ 100.436774736189719, 7.014753231331239 ], [ 100.436774736189719, 7.014528652510284 ], [ 100.436550157368757, 7.014528652510281 ], [ 100.436550157368757, 7.014079494868186 ], [ 100.436325578547439, 7.014079494868178 ], [ 100.436325578547439, 7.013405758405113 ], [ 100.435651842084553, 7.013405758405108 ], [ 100.435651842084553, 7.013854916047125 ], [ 100.435427263263591, 7.013854916047118 ], [ 100.435427263263605, 7.014304073689221 ], [ 100.435202684442629, 7.014304073689234 ], [ 100.435202684442629, 7.014528652510286 ], [ 100.436100999726477, 7.014528652510285 ], [ 100.436100999726477, 7.014753231331231 ], [ 100.435876420905515, 7.014753231331248 ], [ 100.435876420905501, 7.014977810152287 ], [ 100.436100999726477, 7.0149778101523 ], [ 100.436100999726463, 7.015202388973346 ], [ 100.435876420905529, 7.015202388973344 ], [ 100.435876420905529, 7.015426967794402 ], [ 100.436550157368757, 7.015426967794384 ], [ 100.436550157368757, 7.01565154661536 ], [ 100.436774736189719, 7.01565154661536 ], [ 100.436774736189733, 7.015876125436414 ], [ 100.436999315010681, 7.015876125436404 ], [ 100.436999315010667, 7.016100704257452 ], [ 100.437223893831629, 7.016100704257464 ], [ 100.437223893831629, 7.016325283078505 ], [ 100.437897630294884, 7.016325283078514 ], [ 100.437897630294884, 7.016100704257452 ], [ 100.438346787936808, 7.016100704257449 ], [ 100.438346787936808, 7.015876125436414 ], [ 100.43857136675777, 7.015876125436407 ], [ 100.43857136675777, 7.015651546615359 ], [ 100.438346787936808, 7.015651546615358 ] ] ], [ [ [ 100.44174243579171, 7.018201316646372 ], [ 100.442038796792858, 7.017954443823751 ], [ 100.442131758002176, 7.01781845469446 ], [ 100.442275208382469, 7.017538126267313 ], [ 100.442376215574853, 7.017257926465125 ], [ 100.442434986772199, 7.017045710000885 ], [ 100.442442666402968, 7.016782761998135 ], [ 100.44244176376813, 7.01677444072052 ], [ 100.442389206715546, 7.016774440720528 ], [ 100.442389206715546, 7.016999019541579 ], [ 100.442164627894215, 7.016999019541581 ], [ 100.442164627894243, 7.017223598362617 ], [ 100.441940049073253, 7.017223598362629 ], [ 100.441940049073267, 7.017448177183583 ], [ 100.441715470252319, 7.017448177183582 ], [ 100.441715470252305, 7.017672756004637 ], [ 100.441490891431343, 7.017672756004633 ], [ 100.441490891431343, 7.01789733482568 ], [ 100.441266312610381, 7.01789733482569 ], [ 100.441266312610381, 7.018121913646749 ], [ 100.440592576147154, 7.01812191364674 ], [ 100.440592576147154, 7.018346492467789 ], [ 100.440367997326177, 7.018346492467785 ], [ 100.440367997326192, 7.01812191364674 ], [ 100.44014341850523, 7.018121913646737 ], [ 100.44014341850523, 7.017672756004633 ], [ 100.439918839684239, 7.017672756004645 ], [ 100.439918839684253, 7.016999019541568 ], [ 100.439694260862936, 7.016999019541578 ], [ 100.439694260862936, 7.016774440720517 ], [ 100.439469682041974, 7.016774440720514 ], [ 100.439469682041974, 7.01699901954158 ], [ 100.439245103221012, 7.016999019541573 ], [ 100.439245103221012, 7.017448177183581 ], [ 100.439469682041974, 7.017448177183586 ], [ 100.439469682041974, 7.017897334825691 ], [ 100.43969426086295, 7.017897334825693 ], [ 100.439694260862936, 7.018571071288745 ], [ 100.439469682041974, 7.018571071288753 ], [ 100.439469682041974, 7.018795650109793 ], [ 100.439245103220998, 7.01879565010981 ], [ 100.439245103221012, 7.018571071288751 ], [ 100.439020524400064, 7.018571071288756 ], [ 100.43902052440005, 7.018795650109792 ], [ 100.438795945579088, 7.018795650109801 ], [ 100.438795945579074, 7.01902022893085 ], [ 100.43857136675777, 7.019020228930854 ], [ 100.43857136675777, 7.019693965393924 ], [ 100.438708974561592, 7.019693965393906 ], [ 100.439469682041974, 7.019322452388136 ], [ 100.439469682041974, 7.019244807751909 ], [ 100.43962866666611, 7.019244807751894 ], [ 100.440292041164469, 7.018920830059852 ], [ 100.441420426046363, 7.018388897966812 ], [ 100.44174243579171, 7.018201316646372 ] ] ], [ [ [ 100.443961258462622, 7.019469386572864 ], [ 100.444185837283598, 7.019469386572871 ], [ 100.444185837283612, 7.019244807751896 ], [ 100.44441041610456, 7.019244807751911 ], [ 100.44441041610456, 7.019020228930851 ], [ 100.444185837283612, 7.019020228930859 ], [ 100.444185837283598, 7.018795650109802 ], [ 100.443512100820712, 7.018795650109794 ], [ 100.443512100820698, 7.019244807751911 ], [ 100.443062943178433, 7.019244807751898 ], [ 100.443062943178433, 7.019469386572873 ], [ 100.44283836435747, 7.019469386572856 ], [ 100.442838364357456, 7.019693965393906 ], [ 100.442613785536494, 7.019693965393915 ], [ 100.442613785536508, 7.020367701856971 ], [ 100.442838364357485, 7.020367701856971 ], [ 100.44283836435747, 7.020816859499085 ], [ 100.443062943178433, 7.02081685949908 ], [ 100.443062943178447, 7.021041438320132 ], [ 100.443287521999395, 7.021041438320123 ], [ 100.443287521999395, 7.021266017141097 ], [ 100.443512100820726, 7.021266017141099 ], [ 100.443512100820712, 7.020143123036025 ], [ 100.443736679641688, 7.020143123036012 ], [ 100.443736679641674, 7.019693965393924 ], [ 100.443961258462636, 7.019693965393911 ], [ 100.443961258462622, 7.019469386572864 ] ] ], [ [ [ 100.448782601209558, 7.022421091048807 ], [ 100.448901992525208, 7.022448298666399 ], [ 100.448901992525222, 7.022388911246257 ], [ 100.449126571346198, 7.022388911246265 ], [ 100.44912657134617, 7.021939753604238 ], [ 100.449351150167502, 7.021939753604249 ], [ 100.449351150167487, 7.021715174783203 ], [ 100.449575728988464, 7.021715174783199 ], [ 100.449575728988478, 7.021490595962145 ], [ 100.449351150167502, 7.021490595962137 ], [ 100.449351150167487, 7.021266017141092 ], [ 100.448901992525236, 7.021266017141091 ], [ 100.448901992525236, 7.021715174783187 ], [ 100.44867741370426, 7.021715174783187 ], [ 100.44867741370426, 7.021939753604244 ], [ 100.448452834883298, 7.021939753604243 ], [ 100.448452834883298, 7.022388911246253 ], [ 100.448003677241019, 7.022388911246267 ], [ 100.448003677241033, 7.022613490067308 ], [ 100.44755451959908, 7.02261349006731 ], [ 100.447554519599095, 7.022739614236112 ], [ 100.44762825551993, 7.022724240091398 ], [ 100.44783038547466, 7.022707388420669 ], [ 100.447975941277079, 7.022696202670571 ], [ 100.448115015808895, 7.022625554214865 ], [ 100.448197741203415, 7.022605380045596 ], [ 100.448640661766945, 7.022638164303737 ], [ 100.448673873549069, 7.022611718096822 ], [ 100.448741689690735, 7.022428966004161 ], [ 100.448782601209558, 7.022421091048807 ] ] ], [ [ [ 100.44867741370426, 7.023511805351427 ], [ 100.44867741370426, 7.022838068888356 ], [ 100.448828085667685, 7.022838068888354 ], [ 100.448872713013785, 7.022598522768537 ], [ 100.448863107307687, 7.022572949152588 ], [ 100.448792152743167, 7.022523439720315 ], [ 100.448754209398686, 7.022539530543021 ], [ 100.448708081165719, 7.022685660315046 ], [ 100.448654313929708, 7.022719680357375 ], [ 100.448591119393541, 7.022721285460538 ], [ 100.44828637345519, 7.022658852771033 ], [ 100.448261712617196, 7.022671167819124 ], [ 100.448254106088456, 7.022714454830005 ], [ 100.448290630352247, 7.022754317017155 ], [ 100.448591723964142, 7.022818642169194 ], [ 100.448615709446202, 7.022880739570728 ], [ 100.44859501748391, 7.022911365371028 ], [ 100.448187853574566, 7.02296229385886 ], [ 100.448162658542046, 7.022958950643106 ], [ 100.448145123900545, 7.022936466302934 ], [ 100.44813336365695, 7.022741851251221 ], [ 100.448108914404344, 7.022725062185615 ], [ 100.448073986183346, 7.022732879701486 ], [ 100.447851014679316, 7.022869518527511 ], [ 100.447485346277105, 7.022903510391424 ], [ 100.447349631389585, 7.022880973878863 ], [ 100.447229674071195, 7.022892388503839 ], [ 100.447141054268855, 7.022929341678666 ], [ 100.447033853890517, 7.023014977813209 ], [ 100.446928509759573, 7.023036622234747 ], [ 100.446776379751427, 7.022998841337402 ], [ 100.446461514546584, 7.02283931917694 ], [ 100.446431625493943, 7.022832414165892 ], [ 100.446431625493943, 7.022838068888351 ], [ 100.446207046672967, 7.022838068888366 ], [ 100.446207046672967, 7.023287226530371 ], [ 100.446431625493929, 7.023287226530369 ], [ 100.446431625493943, 7.023511805351427 ], [ 100.446656204314877, 7.023511805351434 ], [ 100.446656204314891, 7.023736384172482 ], [ 100.447105361957171, 7.023736384172469 ], [ 100.447105361957171, 7.023960962993535 ], [ 100.447329940778133, 7.023960962993527 ], [ 100.447329940778133, 7.024410120635538 ], [ 100.447779098420071, 7.024410120635532 ], [ 100.447779098420071, 7.024185541814489 ], [ 100.448003677241019, 7.024185541814492 ], [ 100.448003677241019, 7.02373638417248 ], [ 100.448452834883312, 7.023736384172478 ], [ 100.448452834883298, 7.023511805351427 ], [ 100.44867741370426, 7.023511805351427 ] ] ], [ [ [ 100.436325578547425, 7.047092581559547 ], [ 100.436100999726477, 7.047092581559556 ], [ 100.436100999726477, 7.046643423917527 ], [ 100.435876420905515, 7.046643423917529 ], [ 100.435876420905515, 7.045745108633415 ], [ 100.436100999726463, 7.045745108633413 ], [ 100.436100999726477, 7.045520529812377 ], [ 100.436325578547439, 7.045520529812364 ], [ 100.436325578547439, 7.045745108633412 ], [ 100.436550157368757, 7.045745108633413 ], [ 100.436550157368757, 7.046194266275439 ], [ 100.436774736189719, 7.046194266275435 ], [ 100.436774736189719, 7.046643423917533 ], [ 100.437897630294884, 7.046643423917536 ], [ 100.437897630294898, 7.046868002738487 ], [ 100.438122209115846, 7.04686800273849 ], [ 100.438122209115846, 7.047502543842252 ], [ 100.438994478417257, 7.046597197395722 ], [ 100.43921434430969, 7.046316633726975 ], [ 100.439307127246053, 7.046121272605116 ], [ 100.439357515860053, 7.045943007894139 ], [ 100.439390635449413, 7.045671499889883 ], [ 100.43938126897018, 7.045295950991316 ], [ 100.439245103220998, 7.045295950991323 ], [ 100.439245103220998, 7.045745108633422 ], [ 100.43902052440005, 7.045745108633413 ], [ 100.43902052440005, 7.046194266275442 ], [ 100.438795945579088, 7.046194266275432 ], [ 100.438795945579088, 7.046418845096482 ], [ 100.438346787936823, 7.046418845096473 ], [ 100.438346787936808, 7.046194266275438 ], [ 100.43857136675777, 7.046194266275439 ], [ 100.438571366757756, 7.045520529812361 ], [ 100.438795945579088, 7.04552052981237 ], [ 100.438795945579088, 7.045295950991325 ], [ 100.438571366757785, 7.045295950991311 ], [ 100.438571366757756, 7.044622214528251 ], [ 100.438795945579088, 7.044622214528262 ], [ 100.438795945579088, 7.044173056886158 ], [ 100.439020524400036, 7.044173056886146 ], [ 100.43902052440005, 7.044397635707205 ], [ 100.439245103221012, 7.044397635707204 ], [ 100.439245103221026, 7.045071372170271 ], [ 100.439375667801144, 7.045071372170267 ], [ 100.439342197861791, 7.043729395251972 ], [ 100.439318364411022, 7.041478111033814 ], [ 100.43902052440005, 7.041478111033807 ], [ 100.43902052440005, 7.041253532212748 ], [ 100.438795945579102, 7.041253532212761 ], [ 100.438795945579074, 7.039681480465571 ], [ 100.439020524400064, 7.039681480465584 ], [ 100.43902052440005, 7.039007744002522 ], [ 100.438795945579088, 7.03900774400252 ], [ 100.438795945579088, 7.038783165181455 ], [ 100.438346787936808, 7.038783165181472 ], [ 100.438346787936794, 7.039007744002505 ], [ 100.438122209115846, 7.039007744002512 ], [ 100.438122209115861, 7.039232322823559 ], [ 100.437897630294884, 7.039232322823565 ], [ 100.437897630294884, 7.039456901644521 ], [ 100.437673051473922, 7.039456901644519 ], [ 100.437673051473908, 7.03968148046558 ], [ 100.437448472652605, 7.039681480465587 ], [ 100.437448472652605, 7.039456901644535 ], [ 100.436999315010681, 7.039456901644535 ], [ 100.436999315010681, 7.039681480465576 ], [ 100.436774736189719, 7.03968148046558 ], [ 100.436774736189733, 7.039906059286631 ], [ 100.436999315010681, 7.039906059286628 ], [ 100.436999315010695, 7.041253532212751 ], [ 100.437223893831643, 7.041253532212761 ], [ 100.437223893831643, 7.0414781110338 ], [ 100.436999315010681, 7.041478111033812 ], [ 100.436999315010667, 7.041702689854865 ], [ 100.437223893831629, 7.041702689854851 ], [ 100.437223893831643, 7.041927268675913 ], [ 100.436999315010681, 7.04192726867591 ], [ 100.436999315010681, 7.043050162781077 ], [ 100.436774736189719, 7.043050162781069 ], [ 100.436774736189719, 7.043274741602044 ], [ 100.435876420905515, 7.043274741602036 ], [ 100.435876420905515, 7.043723899244146 ], [ 100.436550157368757, 7.04372389924413 ], [ 100.436550157368757, 7.044397635707202 ], [ 100.435876420905515, 7.044397635707194 ], [ 100.435876420905515, 7.044846793349298 ], [ 100.435651842084553, 7.044846793349297 ], [ 100.435651842084553, 7.045295950991307 ], [ 100.435427263263591, 7.045295950991319 ], [ 100.435427263263577, 7.045969687454381 ], [ 100.435651842084567, 7.045969687454375 ], [ 100.435651842084567, 7.047092581559541 ], [ 100.435427263263591, 7.047092581559538 ], [ 100.435427263263605, 7.047541739201658 ], [ 100.435651842084553, 7.047541739201646 ], [ 100.435651842084567, 7.04799089684365 ], [ 100.436550157368757, 7.047990896843651 ], [ 100.436550157368742, 7.047766318022708 ], [ 100.436774736189719, 7.047766318022701 ], [ 100.436774736189719, 7.047541739201642 ], [ 100.436550157368757, 7.047541739201655 ], [ 100.436550157368757, 7.047317160380593 ], [ 100.436325578547439, 7.047317160380592 ], [ 100.436325578547425, 7.047092581559547 ] ], [ [ 100.438122209115832, 7.044173056886148 ], [ 100.437897630294884, 7.044173056886142 ], [ 100.437897630294884, 7.043948478065187 ], [ 100.437673051473936, 7.043948478065194 ], [ 100.437673051473922, 7.04327474160204 ], [ 100.438122209115846, 7.043274741602037 ], [ 100.438122209115861, 7.043499320423084 ], [ 100.438346787936823, 7.04349932042309 ], [ 100.438346787936808, 7.043948478065198 ], [ 100.438122209115846, 7.043948478065188 ], [ 100.438122209115832, 7.044173056886148 ] ] ], [ [ [ 100.443062943178433, 7.049338369769877 ], [ 100.443512100820712, 7.049338369769871 ], [ 100.443512100820712, 7.049562948590922 ], [ 100.443736679641674, 7.049562948590922 ], [ 100.443736679641688, 7.048889212127778 ], [ 100.443512100820712, 7.048889212127782 ], [ 100.443512100820712, 7.048664633306806 ], [ 100.443287521999395, 7.048664633306809 ], [ 100.44328752199938, 7.048440054485768 ], [ 100.442389206715546, 7.048440054485768 ], [ 100.442389206715546, 7.048889212127778 ], [ 100.442613785536508, 7.048889212127781 ], [ 100.442613785536494, 7.04911379094883 ], [ 100.443062943178418, 7.04911379094883 ], [ 100.443062943178433, 7.049338369769877 ] ] ], [ [ [ 100.441490891431357, 7.047317160380605 ], [ 100.441715470252319, 7.047317160380593 ], [ 100.441715470252305, 7.047092581559546 ], [ 100.441490891431357, 7.047092581559551 ], [ 100.441490891431343, 7.046868002738488 ], [ 100.441041733789064, 7.046868002738496 ], [ 100.441041733789064, 7.047092581559545 ], [ 100.440817154968101, 7.047092581559553 ], [ 100.440817154968101, 7.047541739201643 ], [ 100.441041733789064, 7.047541739201658 ], [ 100.441041733789064, 7.047766318022703 ], [ 100.441266312610381, 7.047766318022708 ], [ 100.441266312610381, 7.048440054485762 ], [ 100.440817154968101, 7.048440054485757 ], [ 100.440817154968101, 7.048664633306805 ], [ 100.440592576147139, 7.048664633306819 ], [ 100.440592576147139, 7.048440054485757 ], [ 100.440143418505201, 7.048440054485762 ], [ 100.44014341850523, 7.04821547566471 ], [ 100.439694260862922, 7.048215475664716 ], [ 100.439694260862936, 7.049113790948826 ], [ 100.439918839684239, 7.049113790948835 ], [ 100.439918839684253, 7.050012106232951 ], [ 100.439694260862936, 7.050012106232946 ], [ 100.439694260862936, 7.050236685053987 ], [ 100.439469682041974, 7.050236685053998 ], [ 100.439469682041988, 7.050461263875047 ], [ 100.438795945579088, 7.050461263875039 ], [ 100.438795945579102, 7.050236685053996 ], [ 100.438122209115846, 7.050236685053989 ], [ 100.438122209115846, 7.050461263875034 ], [ 100.437897630294898, 7.050461263875043 ], [ 100.437897630294884, 7.050685842696012 ], [ 100.437673051473936, 7.050685842696002 ], [ 100.437673051473922, 7.050910421517052 ], [ 100.437448472652591, 7.050910421517059 ], [ 100.437448472652605, 7.051135000338108 ], [ 100.437223893831643, 7.051135000338102 ], [ 100.437223893831643, 7.051359579159165 ], [ 100.436999315010681, 7.051359579159162 ], [ 100.436999315010695, 7.051584157980213 ], [ 100.436774736189719, 7.051584157980207 ], [ 100.436774736189719, 7.05203331562223 ], [ 100.436550157368757, 7.052033315622226 ], [ 100.436550157368742, 7.052257894443276 ], [ 100.436325578547439, 7.052257894443273 ], [ 100.436325578547439, 7.05270705208528 ], [ 100.436550157368757, 7.052707052085283 ], [ 100.436550157368757, 7.05293163090634 ], [ 100.436774736189719, 7.05293163090633 ], [ 100.436774736189719, 7.052707052085285 ], [ 100.436999315010681, 7.052707052085288 ], [ 100.436999315010681, 7.052482473264329 ], [ 100.437223893831629, 7.052482473264329 ], [ 100.437223893831657, 7.052257894443281 ], [ 100.437448472652605, 7.052257894443267 ], [ 100.437448472652605, 7.052482473264331 ], [ 100.437673051473936, 7.052482473264333 ], [ 100.437673051473922, 7.052707052085278 ], [ 100.437897630294898, 7.052707052085291 ], [ 100.437897630294884, 7.053380788548436 ], [ 100.438122209115832, 7.053380788548427 ], [ 100.438122209115846, 7.053605367369405 ], [ 100.438795945579102, 7.053605367369404 ], [ 100.438795945579088, 7.053380788548447 ], [ 100.439020524400036, 7.05338078854843 ], [ 100.43902052440005, 7.053156209727387 ], [ 100.439918839684267, 7.053156209727394 ], [ 100.439918839684239, 7.05203331562222 ], [ 100.440367997326192, 7.052033315622216 ], [ 100.440367997326192, 7.051808736801167 ], [ 100.440592576147125, 7.051808736801178 ], [ 100.440592576147154, 7.051584157980209 ], [ 100.440367997326177, 7.051584157980208 ], [ 100.440367997326192, 7.051135000338098 ], [ 100.44014341850523, 7.051135000338116 ], [ 100.440143418505201, 7.049338369769869 ], [ 100.440367997326163, 7.049338369769876 ], [ 100.440367997326163, 7.048889212127777 ], [ 100.441266312610381, 7.048889212127786 ], [ 100.441266312610381, 7.049113790948834 ], [ 100.441715470252305, 7.049113790948823 ], [ 100.441715470252305, 7.048889212127769 ], [ 100.441940049073267, 7.04888921212777 ], [ 100.441940049073281, 7.048440054485755 ], [ 100.442389206715546, 7.048440054485768 ], [ 100.442389206715561, 7.047541739201649 ], [ 100.441940049073267, 7.04754173920164 ], [ 100.441940049073267, 7.047766318022698 ], [ 100.441715470252319, 7.047766318022696 ], [ 100.441715470252305, 7.047541739201648 ], [ 100.441490891431343, 7.04754173920165 ], [ 100.441490891431357, 7.047317160380605 ] ], [ [ 100.438795945579088, 7.052033315622215 ], [ 100.438122209115846, 7.052033315622226 ], [ 100.438122209115846, 7.051808736801172 ], [ 100.43789763029487, 7.051808736801166 ], [ 100.437897630294884, 7.051584157980209 ], [ 100.438122209115832, 7.051584157980209 ], [ 100.438122209115861, 7.051135000338109 ], [ 100.438346787936808, 7.051135000338101 ], [ 100.438346787936794, 7.050910421517064 ], [ 100.43857136675777, 7.050910421517057 ], [ 100.43857136675777, 7.05068584269601 ], [ 100.439469682041988, 7.050685842696005 ], [ 100.439469682041974, 7.050910421517056 ], [ 100.43969426086295, 7.050910421517052 ], [ 100.439694260862936, 7.051359579159167 ], [ 100.439469682041974, 7.051359579159166 ], [ 100.439469682041988, 7.051584157980207 ], [ 100.43902052440005, 7.051584157980201 ], [ 100.43902052440005, 7.051808736801177 ], [ 100.438795945579102, 7.051808736801163 ], [ 100.438795945579088, 7.052033315622215 ] ] ], [ [ [ 100.436999315010681, 7.055851155579723 ], [ 100.436999315010681, 7.054952840295614 ], [ 100.436774736189719, 7.05495284029562 ], [ 100.436774736189719, 7.054054525011503 ], [ 100.436325578547439, 7.054054525011496 ], [ 100.436325578547425, 7.053829946190445 ], [ 100.435202684442615, 7.053829946190443 ], [ 100.435202684442629, 7.054054525011495 ], [ 100.434978105621312, 7.054054525011503 ], [ 100.434978105621326, 7.054728261474555 ], [ 100.434753526800336, 7.054728261474559 ], [ 100.434753526800364, 7.055177419116669 ], [ 100.435202684442643, 7.055177419116676 ], [ 100.435202684442629, 7.055401997937715 ], [ 100.435427263263591, 7.055401997937709 ], [ 100.435427263263577, 7.055626576758685 ], [ 100.435202684442629, 7.055626576758684 ], [ 100.435202684442629, 7.055851155579721 ], [ 100.434978105621312, 7.055851155579727 ], [ 100.434978105621326, 7.056524892042792 ], [ 100.436100999726477, 7.056524892042804 ], [ 100.436100999726477, 7.05517741911667 ], [ 100.436325578547439, 7.055177419116662 ], [ 100.436325578547425, 7.055401997937725 ], [ 100.436550157368757, 7.055401997937708 ], [ 100.436550157368742, 7.055851155579739 ], [ 100.436999315010681, 7.055851155579723 ] ] ], [ [ [ 100.435551390228667, 7.060975333751645 ], [ 100.435282631540801, 7.060652357412714 ], [ 100.435220467678135, 7.060567310821349 ], [ 100.435202684442643, 7.060567310821365 ], [ 100.435202684442615, 7.060791889642402 ], [ 100.434978105621312, 7.060791889642407 ], [ 100.434978105621298, 7.061241047284414 ], [ 100.434753526800364, 7.061241047284425 ], [ 100.434753526800364, 7.061465626105475 ], [ 100.43430436915844, 7.061465626105471 ], [ 100.434304369158426, 7.061241047284421 ], [ 100.434079790337478, 7.061241047284426 ], [ 100.434079790337464, 7.060791889642396 ], [ 100.43385521151616, 7.060791889642409 ], [ 100.433855211516146, 7.059219837895222 ], [ 100.434304369158426, 7.059219837895224 ], [ 100.43430436915844, 7.059444416716196 ], [ 100.434753526800336, 7.059444416716183 ], [ 100.43475352680035, 7.059219837895234 ], [ 100.434902738027446, 7.059219837895233 ], [ 100.434918174349022, 7.059159095384375 ], [ 100.435009095282197, 7.058898000737948 ], [ 100.435050887846003, 7.058721647013436 ], [ 100.435128026874409, 7.058566332942587 ], [ 100.435219338651748, 7.058432119115952 ], [ 100.435268361906893, 7.058312138177347 ], [ 100.435303056647399, 7.058121707983077 ], [ 100.435309219124704, 7.057872364969008 ], [ 100.435202684442643, 7.05787236496902 ], [ 100.435202684442629, 7.057647786147955 ], [ 100.434978105621326, 7.057647786147955 ], [ 100.434978105621298, 7.057872364969009 ], [ 100.434528947979373, 7.057872364969009 ], [ 100.434528947979402, 7.058096943790061 ], [ 100.434079790337464, 7.058096943790061 ], [ 100.434079790337464, 7.057872364969018 ], [ 100.433855211516146, 7.057872364969015 ], [ 100.433855211516146, 7.057423207326901 ], [ 100.434079790337449, 7.057423207326909 ], [ 100.434079790337449, 7.05674947086384 ], [ 100.433855211516146, 7.056749470863856 ], [ 100.433855211516146, 7.056300313221834 ], [ 100.433762564757529, 7.056300313221835 ], [ 100.43380437343103, 7.059445614227519 ], [ 100.433755076161546, 7.06484725757746 ], [ 100.433855211516246, 7.064632248229181 ], [ 100.433855211516146, 7.064385150778861 ], [ 100.433970291121, 7.064385150778866 ], [ 100.43409438100943, 7.0641187065631 ], [ 100.434645902341927, 7.06304983428246 ], [ 100.435551390228667, 7.060975333751645 ] ] ], [ [ [ 100.431834002127133, 7.082351456461246 ], [ 100.431834002127118, 7.082576035282299 ], [ 100.431609423305815, 7.082576035282299 ], [ 100.431609423305815, 7.082351456461253 ], [ 100.431384844484839, 7.082351456461256 ], [ 100.431384844484853, 7.082126877640196 ], [ 100.431160265663891, 7.082126877640188 ], [ 100.431160265663877, 7.081902298819242 ], [ 100.430935686842929, 7.081902298819228 ], [ 100.430935686842929, 7.081453141177128 ], [ 100.430486529201005, 7.081453141177133 ], [ 100.430486529201005, 7.081228562356085 ], [ 100.430037371558726, 7.081228562356086 ], [ 100.430037371558726, 7.081677719998192 ], [ 100.430261950379702, 7.081677719998183 ], [ 100.430261950379673, 7.081902298819227 ], [ 100.430486529201005, 7.08190229881923 ], [ 100.430486529201005, 7.082126877640197 ], [ 100.430711108021967, 7.082126877640188 ], [ 100.430711108021967, 7.082351456461239 ], [ 100.430935686842943, 7.082351456461248 ], [ 100.430935686842943, 7.083025192924316 ], [ 100.431160265663891, 7.083025192924308 ], [ 100.431160265663891, 7.083474350566415 ], [ 100.431609423305815, 7.083474350566407 ], [ 100.431609423305815, 7.083698929387471 ], [ 100.432283159769071, 7.083698929387468 ], [ 100.432283159769057, 7.083923508208521 ], [ 100.432507738590004, 7.083923508208514 ], [ 100.432507738590033, 7.084061857248913 ], [ 100.432888125415616, 7.081902298819228 ], [ 100.432732317410981, 7.081902298819235 ], [ 100.432732317410981, 7.082126877640197 ], [ 100.432058580948095, 7.082126877640198 ], [ 100.432058580948095, 7.082351456461256 ], [ 100.431834002127133, 7.082351456461246 ] ] ], [ [ [ 100.435427263263605, 7.087516769344982 ], [ 100.435427263263591, 7.087741348165928 ], [ 100.435651842084553, 7.087741348165928 ], [ 100.435651842084567, 7.087965926986985 ], [ 100.435876420905501, 7.087965926986987 ], [ 100.435876420905515, 7.088190505808027 ], [ 100.436325578547439, 7.088190505808029 ], [ 100.436325578547425, 7.087965926986986 ], [ 100.436550157368742, 7.087965926986981 ], [ 100.436550157368757, 7.087516769344981 ], [ 100.436774736189719, 7.087516769344981 ], [ 100.436774736189719, 7.08706761170287 ], [ 100.437448472652605, 7.08706761170286 ], [ 100.437448472652605, 7.087292190523913 ], [ 100.437544451945399, 7.087292190523913 ], [ 100.43821457932367, 7.081003983535119 ], [ 100.437448472652619, 7.08100398353511 ], [ 100.437448472652605, 7.081228562356071 ], [ 100.437223893831629, 7.081228562356083 ], [ 100.437223893831629, 7.081453141177124 ], [ 100.436999315010681, 7.081453141177141 ], [ 100.436999315010681, 7.081902298819237 ], [ 100.436774736189733, 7.081902298819226 ], [ 100.436774736189719, 7.082126877640196 ], [ 100.436550157368757, 7.082126877640194 ], [ 100.436550157368757, 7.081902298819235 ], [ 100.436100999726477, 7.081902298819239 ], [ 100.436100999726463, 7.081677719998174 ], [ 100.435876420905515, 7.081677719998191 ], [ 100.435876420905501, 7.08122856235609 ], [ 100.436550157368757, 7.081228562356082 ], [ 100.436550157368742, 7.080554825893021 ], [ 100.436774736189719, 7.08055482589302 ], [ 100.436774736189719, 7.079881089429954 ], [ 100.435876420905515, 7.079881089429946 ], [ 100.435876420905515, 7.080105668251001 ], [ 100.435651842084553, 7.080105668250997 ], [ 100.435651842084553, 7.080330247071967 ], [ 100.435202684442629, 7.080330247071969 ], [ 100.435202684442615, 7.080105668251001 ], [ 100.434978105621312, 7.080105668251004 ], [ 100.434978105621312, 7.08033024707196 ], [ 100.43475352680035, 7.080330247071974 ], [ 100.43475352680035, 7.081453141177131 ], [ 100.434528947979388, 7.081453141177121 ], [ 100.434528947979402, 7.081902298819242 ], [ 100.434304369158426, 7.081902298819231 ], [ 100.434304369158411, 7.082126877640186 ], [ 100.434528947979388, 7.082126877640203 ], [ 100.434528947979388, 7.082351456461246 ], [ 100.434753526800364, 7.082351456461243 ], [ 100.434753526800336, 7.082576035282306 ], [ 100.434978105621312, 7.082576035282298 ], [ 100.434978105621326, 7.082800614103342 ], [ 100.435202684442643, 7.08280061410334 ], [ 100.435202684442643, 7.08302519292432 ], [ 100.435427263263591, 7.083025192924302 ], [ 100.435427263263591, 7.083923508208509 ], [ 100.435202684442615, 7.08392350820852 ], [ 100.435202684442629, 7.08414808702948 ], [ 100.434978105621312, 7.084148087029466 ], [ 100.434978105621298, 7.084372665850531 ], [ 100.43475352680035, 7.084372665850527 ], [ 100.43475352680035, 7.084148087029482 ], [ 100.434304369158411, 7.084148087029475 ], [ 100.434304369158426, 7.083923508208518 ], [ 100.434079790337464, 7.083923508208508 ], [ 100.434079790337464, 7.08369892938746 ], [ 100.433630632695184, 7.083698929387465 ], [ 100.433630632695184, 7.084372665850522 ], [ 100.433855211516146, 7.084372665850521 ], [ 100.43385521151616, 7.084597244671574 ], [ 100.433630632695184, 7.084597244671581 ], [ 100.433630632695184, 7.084821823492638 ], [ 100.433855211516146, 7.08482182349263 ], [ 100.433855211516132, 7.085046402313582 ], [ 100.433630632695184, 7.085046402313596 ], [ 100.43363063269517, 7.085495559955689 ], [ 100.43318147505326, 7.085495559955698 ], [ 100.43318147505326, 7.085270981134642 ], [ 100.432993087874337, 7.085270981134641 ], [ 100.432846061180413, 7.086169296418765 ], [ 100.432956896232298, 7.086169296418761 ], [ 100.432956896232298, 7.085944717597696 ], [ 100.433406053874222, 7.085944717597709 ], [ 100.433406053874222, 7.086169296418764 ], [ 100.433855211516146, 7.086169296418761 ], [ 100.433855211516132, 7.086618454060861 ], [ 100.434079790337464, 7.086618454060853 ], [ 100.434079790337464, 7.087067611702873 ], [ 100.433855211516146, 7.087067611702875 ], [ 100.433855211516132, 7.087292190523922 ], [ 100.433406053874208, 7.087292190523923 ], [ 100.433406053874236, 7.087741348165937 ], [ 100.433181475053274, 7.087741348165943 ], [ 100.43318147505326, 7.088415084629086 ], [ 100.432956896232298, 7.088415084629088 ], [ 100.432956896232284, 7.0893133999132 ], [ 100.43318147505326, 7.089313399913207 ], [ 100.43318147505326, 7.089762557555207 ], [ 100.433630632695184, 7.089762557555224 ], [ 100.433630632695184, 7.089537978734251 ], [ 100.434528947979388, 7.089537978734249 ], [ 100.434528947979388, 7.089762557555211 ], [ 100.434753526800364, 7.089762557555226 ], [ 100.43475352680035, 7.089987136376268 ], [ 100.434978105621312, 7.089987136376267 ], [ 100.434978105621298, 7.090211715197307 ], [ 100.435427263263591, 7.090211715197317 ], [ 100.435427263263591, 7.089987136376267 ], [ 100.435202684442629, 7.089987136376265 ], [ 100.435202684442629, 7.089762557555225 ], [ 100.434978105621312, 7.089762557555224 ], [ 100.434978105621312, 7.089537978734258 ], [ 100.43475352680035, 7.08953797873426 ], [ 100.43475352680035, 7.089088821092147 ], [ 100.434528947979388, 7.089088821092143 ], [ 100.434528947979388, 7.08796592698698 ], [ 100.43475352680035, 7.087965926986987 ], [ 100.43475352680035, 7.087516769344975 ], [ 100.435427263263605, 7.087516769344982 ] ] ] ] } },
{ "type": "Feature", "properties": { "TB_IDN": 901404, "TB_TN": "ต.บ้านหาร", "AP_IDN": 9014, "AP_TN": "อ.บางกล่ำ", "PV_IDN": 90, "PV_TN": "จ.สงขลา", "RE_NESDB": "South", "RE_ROYIN": "South", "F_AREA": 1055795.00847, "flood_area": 659.872, "A": 1.056 }, "geometry": { "type": "MultiPolygon", "coordinates": [ [ [ [ 100.436325578547439, 7.073592882441066 ], [ 100.436325578547439, 7.072919145977993 ], [ 100.436100999726477, 7.072919145977997 ], [ 100.436100999726477, 7.072694567156955 ], [ 100.435651842084553, 7.072694567156955 ], [ 100.435651842084553, 7.072020830693885 ], [ 100.436550157368742, 7.072020830693881 ], [ 100.436550157368757, 7.071796251872825 ], [ 100.436774736189719, 7.071796251872842 ], [ 100.436774736189719, 7.071571673051879 ], [ 100.437448472652605, 7.071571673051862 ], [ 100.437448472652605, 7.071347094230813 ], [ 100.437673051473908, 7.071347094230828 ], [ 100.437673051473922, 7.071122515409766 ], [ 100.437897630294884, 7.071122515409769 ], [ 100.43789763029487, 7.070897936588719 ], [ 100.438122209115832, 7.070897936588714 ], [ 100.438122209115846, 7.070673357767658 ], [ 100.438346787936808, 7.070673357767673 ], [ 100.438346787936808, 7.070224200125662 ], [ 100.438795945579102, 7.070224200125653 ], [ 100.438795945579088, 7.070673357767669 ], [ 100.43902052440005, 7.070673357767673 ], [ 100.439020524400036, 7.071347094230828 ], [ 100.439245103221012, 7.071347094230817 ], [ 100.439245103220998, 7.071571673051865 ], [ 100.439469682041988, 7.071571673051864 ], [ 100.439469682041974, 7.071796251872823 ], [ 100.43969426086295, 7.071796251872825 ], [ 100.439694260862936, 7.071571673051877 ], [ 100.439918839684253, 7.071571673051865 ], [ 100.439918839684253, 7.071347094230821 ], [ 100.440143418505215, 7.071347094230824 ], [ 100.44014341850523, 7.071122515409764 ], [ 100.439918839684239, 7.071122515409779 ], [ 100.439918839684267, 7.070673357767669 ], [ 100.439694260862936, 7.070673357767673 ], [ 100.439694260862936, 7.070224200125648 ], [ 100.439469682041974, 7.070224200125651 ], [ 100.43946968204196, 7.069999621304603 ], [ 100.439694260862936, 7.069999621304594 ], [ 100.439694260862936, 7.069550463662599 ], [ 100.439918839684253, 7.069550463662583 ], [ 100.439918839684267, 7.069101306020482 ], [ 100.44014341850523, 7.069101306020493 ], [ 100.440143418505215, 7.068652148378475 ], [ 100.440367997326192, 7.068652148378471 ], [ 100.440367997326192, 7.068427569557432 ], [ 100.440592576147154, 7.068427569557432 ], [ 100.440592576147139, 7.068202990736367 ], [ 100.440817154968101, 7.06820299073638 ], [ 100.440817154968101, 7.067978411915314 ], [ 100.441266312610381, 7.067978411915328 ], [ 100.441266312610381, 7.068202990736384 ], [ 100.441452162182188, 7.068202990736373 ], [ 100.441756876569258, 7.06685551781016 ], [ 100.441715470252305, 7.066855517810164 ], [ 100.441715470252305, 7.06663093898919 ], [ 100.441490891431343, 7.066630938989203 ], [ 100.441490891431343, 7.066181781347084 ], [ 100.441715470252291, 7.066181781347103 ], [ 100.441715470252305, 7.065732623705078 ], [ 100.441940049073267, 7.065732623705091 ], [ 100.441940049073267, 7.06528346606297 ], [ 100.44211237668749, 7.065283466062987 ], [ 100.442163162418666, 7.065058887241927 ], [ 100.441940049073267, 7.065058887241929 ], [ 100.441940049073267, 7.064609729599908 ], [ 100.442164627894229, 7.06460972959992 ], [ 100.442164627894229, 7.064385150778872 ], [ 100.44231551961218, 7.064385150778871 ], [ 100.442823376924309, 7.062139362568533 ], [ 100.442613785536508, 7.062139362568535 ], [ 100.442613785536508, 7.062363941389577 ], [ 100.441940049073281, 7.062363941389576 ], [ 100.441940049073267, 7.062139362568526 ], [ 100.441715470252291, 7.062139362568536 ], [ 100.441715470252305, 7.061914783747564 ], [ 100.441490891431343, 7.061914783747563 ], [ 100.441490891431343, 7.06101646846345 ], [ 100.441266312610381, 7.061016468463457 ], [ 100.441266312610381, 7.060791889642415 ], [ 100.441041733789078, 7.060791889642398 ], [ 100.441041733789064, 7.060567310821364 ], [ 100.440817154968087, 7.060567310821346 ], [ 100.440817154968101, 7.060342732000303 ], [ 100.440367997326177, 7.060342732000309 ], [ 100.440367997326177, 7.060118153179352 ], [ 100.439918839684253, 7.060118153179338 ], [ 100.439918839684253, 7.060342732000303 ], [ 100.43969426086295, 7.060342732000307 ], [ 100.439694260862936, 7.060567310821358 ], [ 100.439469682041974, 7.06056731082136 ], [ 100.439469682041988, 7.060791889642415 ], [ 100.439245103221012, 7.06079188964241 ], [ 100.439245103221012, 7.060567310821362 ], [ 100.43902052440005, 7.060567310821365 ], [ 100.43902052440005, 7.060342732000296 ], [ 100.438795945579102, 7.060342732000313 ], [ 100.438795945579102, 7.060177054477135 ], [ 100.437662621984472, 7.060423326489698 ], [ 100.437448472652591, 7.060475950999954 ], [ 100.437448472652591, 7.060567310821352 ], [ 100.437076694471386, 7.060567310821434 ], [ 100.436521929726041, 7.060703637294136 ], [ 100.436325578547439, 7.060758604577571 ], [ 100.436325578547439, 7.060791889642411 ], [ 100.43620667942605, 7.060791889642406 ], [ 100.436100999726477, 7.060821474012819 ], [ 100.436100999726463, 7.061016468463461 ], [ 100.435651842084553, 7.061016468463464 ], [ 100.435651842084553, 7.060947212883342 ], [ 100.435551390228667, 7.060975333751645 ], [ 100.434645902341927, 7.06304983428246 ], [ 100.43409438100943, 7.0641187065631 ], [ 100.433970291121, 7.064385150778866 ], [ 100.434079790337464, 7.064385150778866 ], [ 100.434079790337478, 7.064609729599911 ], [ 100.434304369158426, 7.064609729599925 ], [ 100.434304369158426, 7.065732623705076 ], [ 100.433855211516146, 7.065732623705074 ], [ 100.433855211516146, 7.065283466062977 ], [ 100.433751095171701, 7.065283466062982 ], [ 100.43374724705771, 7.065705114961619 ], [ 100.433807869455052, 7.071599359067029 ], [ 100.433811248583837, 7.072694567156939 ], [ 100.433855211516132, 7.072694567156957 ], [ 100.43385521151616, 7.072245409514933 ], [ 100.43430436915844, 7.072245409514943 ], [ 100.434304369158426, 7.072020830693887 ], [ 100.434528947979373, 7.072020830693878 ], [ 100.434528947979388, 7.072245409514937 ], [ 100.434753526800364, 7.072245409514939 ], [ 100.43475352680035, 7.072469988335982 ], [ 100.434978105621312, 7.072469988335987 ], [ 100.434978105621312, 7.07381746126211 ], [ 100.436100999726492, 7.073817461262111 ], [ 100.436100999726477, 7.073592882441058 ], [ 100.436325578547439, 7.073592882441066 ] ], [ [ 100.434978105621312, 7.063262256673694 ], [ 100.434978105621312, 7.062813099031697 ], [ 100.435202684442629, 7.062813099031697 ], [ 100.435202684442629, 7.062588520210643 ], [ 100.435651842084539, 7.062588520210634 ], [ 100.435651842084567, 7.062813099031681 ], [ 100.435876420905529, 7.062813099031686 ], [ 100.435876420905515, 7.063262256673701 ], [ 100.435651842084539, 7.063262256673693 ], [ 100.435651842084553, 7.063486835494758 ], [ 100.435202684442629, 7.063486835494751 ], [ 100.435202684442629, 7.0632622566737 ], [ 100.434978105621312, 7.063262256673694 ] ], [ [ 100.441041733789078, 7.065058887241919 ], [ 100.440817154968101, 7.065058887241933 ], [ 100.440817154968101, 7.06483430842097 ], [ 100.441041733789078, 7.064834308420971 ], [ 100.441041733789064, 7.064609729599908 ], [ 100.441266312610381, 7.064609729599924 ], [ 100.441266312610381, 7.064834308420967 ], [ 100.441490891431329, 7.064834308420961 ], [ 100.441490891431343, 7.065058887241929 ], [ 100.441266312610381, 7.065058887241936 ], [ 100.441266312610381, 7.065283466062972 ], [ 100.441041733789078, 7.065283466062973 ], [ 100.441041733789078, 7.065058887241919 ] ], [ [ 100.43475352680035, 7.067304675452256 ], [ 100.434079790337449, 7.06730467545226 ], [ 100.434079790337464, 7.066406360168154 ], [ 100.434528947979388, 7.066406360168147 ], [ 100.434528947979373, 7.066630938989186 ], [ 100.43475352680035, 7.066630938989193 ], [ 100.43475352680035, 7.067304675452256 ] ], [ [ 100.433855211516146, 7.0699996213046 ], [ 100.43385521151616, 7.068202990736379 ], [ 100.434079790337478, 7.068202990736379 ], [ 100.434079790337464, 7.067978411915319 ], [ 100.434304369158411, 7.067978411915322 ], [ 100.43430436915844, 7.068876727199439 ], [ 100.434528947979388, 7.068876727199443 ], [ 100.434528947979373, 7.069101306020491 ], [ 100.434304369158426, 7.069101306020483 ], [ 100.43430436915844, 7.069325884841531 ], [ 100.434528947979388, 7.069325884841543 ], [ 100.434528947979388, 7.070224200125648 ], [ 100.434079790337464, 7.070224200125658 ], [ 100.434079790337464, 7.069999621304598 ], [ 100.433855211516146, 7.0699996213046 ] ], [ [ 100.437897630294884, 7.069325884841549 ], [ 100.437448472652605, 7.069325884841539 ], [ 100.437448472652605, 7.069101306020494 ], [ 100.437897630294884, 7.069101306020492 ], [ 100.437897630294884, 7.069325884841549 ] ], [ [ 100.434304369158411, 7.071571673051865 ], [ 100.434079790337478, 7.071571673051878 ], [ 100.434079790337464, 7.071122515409764 ], [ 100.434304369158426, 7.071122515409778 ], [ 100.434304369158426, 7.070897936588718 ], [ 100.43475352680035, 7.070897936588714 ], [ 100.434753526800336, 7.071122515409776 ], [ 100.434978105621326, 7.071122515409759 ], [ 100.434978105621312, 7.071571673051868 ], [ 100.43475352680035, 7.07157167305187 ], [ 100.43475352680035, 7.071796251872824 ], [ 100.434304369158426, 7.071796251872835 ], [ 100.434304369158411, 7.071571673051865 ] ] ], [ [ [ 100.433084207550763, 7.071593552189128 ], [ 100.433081178416316, 7.071347094230814 ], [ 100.432956896232298, 7.071347094230817 ], [ 100.432956896232298, 7.071571673051871 ], [ 100.432507738590019, 7.071571673051877 ], [ 100.432507738590019, 7.07134709423082 ], [ 100.432283159769057, 7.071347094230823 ], [ 100.432283159769057, 7.071122515409762 ], [ 100.432058580948095, 7.071122515409762 ], [ 100.43205858094808, 7.070448778946711 ], [ 100.432732317410995, 7.070448778946704 ], [ 100.432732317410967, 7.070673357767678 ], [ 100.432956896232298, 7.070673357767674 ], [ 100.432956896232298, 7.070897936588719 ], [ 100.43307565796573, 7.070897936588715 ], [ 100.433069241477142, 7.070375875042998 ], [ 100.433090742299868, 7.067304675452259 ], [ 100.432732317410981, 7.06730467545225 ], [ 100.432732317411066, 7.067029542079203 ], [ 100.432438424057239, 7.067572986617908 ], [ 100.431470792877093, 7.069320138170053 ], [ 100.430932991742324, 7.070535281383651 ], [ 100.430463286665898, 7.071566479532829 ], [ 100.43046195118086, 7.07157167305187 ], [ 100.430711108021953, 7.071571673051863 ], [ 100.430711108021967, 7.071796251872838 ], [ 100.430935686842915, 7.071796251872827 ], [ 100.430935686842929, 7.072020830693881 ], [ 100.430711108021967, 7.072020830693876 ], [ 100.430711108021981, 7.072245409514937 ], [ 100.430486529201005, 7.072245409514941 ], [ 100.430486529200991, 7.072469988335983 ], [ 100.430711108021967, 7.072469988335978 ], [ 100.430711108021967, 7.072694567156944 ], [ 100.430935686842943, 7.072694567156941 ], [ 100.430935686842929, 7.072469988335981 ], [ 100.431384844484853, 7.072469988335992 ], [ 100.431384844484867, 7.072245409514928 ], [ 100.431609423305815, 7.072245409514932 ], [ 100.431609423305815, 7.072469988335985 ], [ 100.431834002127147, 7.072469988335981 ], [ 100.431834002127147, 7.072919145978001 ], [ 100.432058580948095, 7.072919145978002 ], [ 100.432058580948095, 7.073143724799047 ], [ 100.432507738590019, 7.073143724799055 ], [ 100.432507738590019, 7.073368303620091 ], [ 100.432732317410967, 7.073368303620106 ], [ 100.432732317410981, 7.073592882441058 ], [ 100.432956896232284, 7.073592882441069 ], [ 100.432956896232298, 7.074265181521994 ], [ 100.433117119182413, 7.074271040718691 ], [ 100.433084207550763, 7.071593552189128 ] ] ] ] } },
{ "type": "Feature", "properties": { "TB_IDN": 901602, "TB_TN": "ต.ทุ่งลาน", "AP_IDN": 9016, "AP_TN": "อ.คลองหอยโข่ง", "PV_IDN": 90, "PV_TN": "จ.สงขลา", "RE_NESDB": "South", "RE_ROYIN": "South", "F_AREA": 769272.39156200003, "flood_area": 480.795, "A": 0.769 }, "geometry": { "type": "MultiPolygon", "coordinates": [ [ [ [ 100.429812792737749, 6.878209308145093 ], [ 100.429363635095839, 6.878209308145109 ], [ 100.429363635095839, 6.878433886966154 ], [ 100.429139056274522, 6.878433886966157 ], [ 100.429139056274522, 6.879107623429215 ], [ 100.429363635095839, 6.879107623429209 ], [ 100.429363635095854, 6.879332202250259 ], [ 100.430935686842929, 6.879332202250258 ], [ 100.430935686842929, 6.879556781071309 ], [ 100.431160265663905, 6.879556781071313 ], [ 100.431160265663891, 6.879781359892278 ], [ 100.431384844484867, 6.87978135989229 ], [ 100.431384844484853, 6.88023051753438 ], [ 100.431834002127133, 6.880230517534388 ], [ 100.431834002127147, 6.87955678107132 ], [ 100.431609423305815, 6.879556781071319 ], [ 100.431609423305801, 6.879107623429223 ], [ 100.431384844484867, 6.879107623429219 ], [ 100.431384844484853, 6.878658465787115 ], [ 100.430711108021967, 6.878658465787121 ], [ 100.430711108021967, 6.878433886966161 ], [ 100.430486529201005, 6.878433886966146 ], [ 100.430486529200991, 6.878209308145106 ], [ 100.430261950379688, 6.878209308145109 ], [ 100.430261950379688, 6.877984729324055 ], [ 100.429812792737778, 6.877984729324046 ], [ 100.429812792737749, 6.878209308145093 ] ] ], [ [ [ 100.425994952780329, 6.889213670375526 ], [ 100.425770373959381, 6.889213670375518 ], [ 100.425770373959395, 6.888989091554572 ], [ 100.425321216317101, 6.88898909155457 ], [ 100.425321216317101, 6.888764512733519 ], [ 100.424872058675192, 6.888764512733524 ], [ 100.424872058675177, 6.888539933912465 ], [ 100.424422901032898, 6.888539933912464 ], [ 100.424422901032898, 6.888315355091411 ], [ 100.423300006927718, 6.888315355091414 ], [ 100.423300006927718, 6.88853993391247 ], [ 100.42307542810677, 6.888539933912465 ], [ 100.42307542810677, 6.88943824919658 ], [ 100.423300006927732, 6.889438249196577 ], [ 100.423300006927732, 6.889662828017634 ], [ 100.423749164570012, 6.889662828017631 ], [ 100.423749164570012, 6.889887406838685 ], [ 100.423973743390974, 6.889887406838677 ], [ 100.42397374339096, 6.890336564480702 ], [ 100.424198322211922, 6.890336564480702 ], [ 100.424198322211936, 6.890561143301746 ], [ 100.424422901032898, 6.890561143301738 ], [ 100.424422901032898, 6.890785722122798 ], [ 100.424872058675192, 6.890785722122802 ], [ 100.424872058675177, 6.890561143301747 ], [ 100.425545795138063, 6.890561143301751 ], [ 100.425545795138063, 6.890785722122788 ], [ 100.425770373959381, 6.890785722122793 ], [ 100.425770373959381, 6.891010300943842 ], [ 100.425994952780329, 6.891010300943851 ], [ 100.425994952780343, 6.891234879764809 ], [ 100.426219531601305, 6.891234879764816 ], [ 100.426219531601305, 6.891459458585863 ], [ 100.426668689243229, 6.891459458585869 ], [ 100.426668689243229, 6.890336564480686 ], [ 100.426444110422267, 6.890336564480696 ], [ 100.426444110422267, 6.889438249196572 ], [ 100.425994952780343, 6.889438249196585 ], [ 100.425994952780329, 6.889213670375526 ] ] ], [ [ [ 100.434528947979402, 6.907179976057909 ], [ 100.43475352680035, 6.907179976057918 ], [ 100.434753526800364, 6.906955397236954 ], [ 100.434528947979373, 6.906955397236954 ], [ 100.434528947979388, 6.906730818415891 ], [ 100.434304369158426, 6.906730818415906 ], [ 100.434304369158426, 6.906955397236957 ], [ 100.434079790337464, 6.906955397236939 ], [ 100.434079790337478, 6.907404554878957 ], [ 100.43385521151616, 6.907404554878961 ], [ 100.433855211516146, 6.90830287016307 ], [ 100.433630632695198, 6.908302870163076 ], [ 100.433630632695184, 6.909425764268243 ], [ 100.433406053874222, 6.909425764268236 ], [ 100.433406053874222, 6.910324079552359 ], [ 100.434079790337464, 6.910324079552353 ], [ 100.434079790337464, 6.910099500731305 ], [ 100.43430436915844, 6.910099500731315 ], [ 100.434304369158426, 6.907853712521056 ], [ 100.434528947979373, 6.907853712521066 ], [ 100.434528947979402, 6.907179976057909 ] ] ], [ [ [ 100.430261950379702, 6.911446973657523 ], [ 100.430037371558726, 6.911446973657527 ], [ 100.430037371558726, 6.91077323719445 ], [ 100.429588213916787, 6.910773237194458 ], [ 100.429588213916801, 6.911222394836477 ], [ 100.429363635095839, 6.911222394836473 ], [ 100.429363635095839, 6.911446973657526 ], [ 100.429139056274522, 6.911446973657529 ], [ 100.429139056274522, 6.912345288941628 ], [ 100.429363635095839, 6.912345288941631 ], [ 100.429363635095839, 6.91256986776268 ], [ 100.429588213916801, 6.912569867762691 ], [ 100.429588213916787, 6.912345288941634 ], [ 100.430037371558711, 6.912345288941646 ], [ 100.430037371558726, 6.912120710120591 ], [ 100.430261950379673, 6.91212071012058 ], [ 100.430261950379702, 6.911446973657523 ] ] ], [ [ [ 100.432956896232284, 6.91212071012058 ], [ 100.432732317410981, 6.91212071012058 ], [ 100.432732317410981, 6.911896131299618 ], [ 100.432507738590019, 6.911896131299622 ], [ 100.432507738590019, 6.91212071012058 ], [ 100.432283159769071, 6.912120710120587 ], [ 100.432283159769057, 6.912794446583739 ], [ 100.432058580948095, 6.912794446583746 ], [ 100.432058580948095, 6.9134681830468 ], [ 100.432507738590019, 6.913468183046796 ], [ 100.432507738590019, 6.913692761867846 ], [ 100.432956896232312, 6.913692761867854 ], [ 100.432956896232284, 6.913019025404706 ], [ 100.43318147505326, 6.913019025404709 ], [ 100.43318147505326, 6.912345288941645 ], [ 100.432956896232298, 6.912345288941644 ], [ 100.432956896232284, 6.91212071012058 ] ] ], [ [ [ 100.43003737155874, 6.918408917109469 ], [ 100.430486529200991, 6.91840891710947 ], [ 100.430486529201005, 6.917959759467375 ], [ 100.429363635095854, 6.917959759467384 ], [ 100.429363635095839, 6.917735180646325 ], [ 100.429139056274522, 6.91773518064632 ], [ 100.429139056274522, 6.917510601825359 ], [ 100.428914477453546, 6.917510601825369 ], [ 100.42891447745356, 6.917286023004311 ], [ 100.428689898632584, 6.917286023004303 ], [ 100.428689898632612, 6.917735180646328 ], [ 100.428465319811636, 6.917735180646324 ], [ 100.428465319811636, 6.918408917109485 ], [ 100.428689898632612, 6.918408917109476 ], [ 100.428689898632598, 6.918858074751493 ], [ 100.429139056274522, 6.918858074751498 ], [ 100.429139056274522, 6.91908265357255 ], [ 100.429588213916801, 6.919082653572532 ], [ 100.429588213916787, 6.918858074751499 ], [ 100.429812792737749, 6.918858074751495 ], [ 100.429812792737778, 6.918633495930441 ], [ 100.430037371558726, 6.918633495930439 ], [ 100.43003737155874, 6.918408917109469 ] ] ], [ [ [ 100.436100999726477, 6.919531811214564 ], [ 100.436325578547439, 6.919531811214552 ], [ 100.436325578547439, 6.916836865362215 ], [ 100.436100999726477, 6.916836865362205 ], [ 100.436100999726477, 6.916612286541255 ], [ 100.435876420905515, 6.916612286541248 ], [ 100.435876420905515, 6.916836865362205 ], [ 100.435651842084567, 6.91683686536222 ], [ 100.435651842084553, 6.917286023004308 ], [ 100.435427263263605, 6.917286023004318 ], [ 100.435427263263577, 6.917510601825365 ], [ 100.435651842084567, 6.917510601825372 ], [ 100.435651842084553, 6.917959759467379 ], [ 100.435876420905515, 6.917959759467379 ], [ 100.435876420905515, 6.918858074751492 ], [ 100.435651842084539, 6.918858074751496 ], [ 100.435651842084567, 6.919082653572545 ], [ 100.435427263263591, 6.919082653572549 ], [ 100.435427263263591, 6.919307232393586 ], [ 100.435202684442629, 6.919307232393589 ], [ 100.435202684442629, 6.919531811214551 ], [ 100.434978105621312, 6.919531811214545 ], [ 100.434978105621326, 6.92087928414077 ], [ 100.435202684442643, 6.920879284140767 ], [ 100.435202684442615, 6.921103862961831 ], [ 100.435427263263577, 6.921103862961823 ], [ 100.435427263263591, 6.920879284140778 ], [ 100.435876420905515, 6.920879284140777 ], [ 100.435876420905515, 6.919980968856659 ], [ 100.436100999726463, 6.919980968856658 ], [ 100.436100999726477, 6.919531811214564 ] ] ], [ [ [ 100.437223893831643, 6.921328441782868 ], [ 100.436999315010681, 6.92132844178287 ], [ 100.436999315010681, 6.92043012649876 ], [ 100.436550157368757, 6.920430126498763 ], [ 100.436550157368757, 6.920654705319715 ], [ 100.436325578547439, 6.92065470531971 ], [ 100.436325578547439, 6.920879284140764 ], [ 100.436550157368757, 6.920879284140775 ], [ 100.436550157368757, 6.921777599424891 ], [ 100.436325578547439, 6.921777599424876 ], [ 100.436325578547439, 6.92200217824594 ], [ 100.436100999726492, 6.922002178245937 ], [ 100.436100999726463, 6.922451335887942 ], [ 100.436550157368757, 6.92245133588795 ], [ 100.436550157368757, 6.922226757066992 ], [ 100.436999315010695, 6.922226757066994 ], [ 100.436999315010681, 6.922002178245939 ], [ 100.437223893831643, 6.922002178245943 ], [ 100.437223893831643, 6.921328441782868 ] ] ], [ [ [ 100.424872058675192, 6.921553020603831 ], [ 100.424647479854201, 6.921553020603827 ], [ 100.424647479854201, 6.921328441782871 ], [ 100.423749164569998, 6.921328441782865 ], [ 100.423749164570012, 6.921553020603827 ], [ 100.42352458574905, 6.92155302060383 ], [ 100.42352458574905, 6.921328441782864 ], [ 100.423300006927732, 6.921328441782872 ], [ 100.423300006927718, 6.922002178245937 ], [ 100.423524585749064, 6.92200217824593 ], [ 100.423524585749064, 6.922226757066984 ], [ 100.424422901032898, 6.922226757066993 ], [ 100.424422901032912, 6.922002178245929 ], [ 100.424647479854215, 6.922002178245934 ], [ 100.424647479854215, 6.921777599424888 ], [ 100.424872058675163, 6.921777599424892 ], [ 100.424872058675192, 6.921553020603831 ] ] ], [ [ [ 100.429812792737778, 6.922226757066996 ], [ 100.429588213916801, 6.922226757066988 ], [ 100.429588213916816, 6.921777599424893 ], [ 100.429363635095839, 6.921777599424879 ], [ 100.429363635095825, 6.921103862961829 ], [ 100.428966219332622, 6.921103862961819 ], [ 100.428967127854577, 6.921106071420581 ], [ 100.428959130638177, 6.921164891165384 ], [ 100.428935643980495, 6.921214750940713 ], [ 100.428920966072454, 6.921266908998219 ], [ 100.42891447745356, 6.921274441874322 ], [ 100.42891447745356, 6.92132844178287 ], [ 100.428867963370308, 6.921328441782874 ], [ 100.428806609260434, 6.921399670023773 ], [ 100.428689898632584, 6.921522785222434 ], [ 100.428689898632598, 6.921777599424894 ], [ 100.428579464165168, 6.92177759942489 ], [ 100.428580024195853, 6.921817843765467 ], [ 100.428614600426357, 6.921982946451725 ], [ 100.428669587259307, 6.922223037715574 ], [ 100.428667093313194, 6.922223675520937 ], [ 100.428682306339581, 6.922336439787838 ], [ 100.428666223077059, 6.922397076033914 ], [ 100.428650139806336, 6.922457710471467 ], [ 100.42861706574746, 6.922513747717707 ], [ 100.428593360938422, 6.922547907434875 ], [ 100.428586679523875, 6.922589081505878 ], [ 100.428601621898224, 6.922620288270357 ], [ 100.42864292432931, 6.922634217408356 ], [ 100.428688725707289, 6.922623916121424 ], [ 100.428784693360939, 6.922569423523357 ], [ 100.428847181197526, 6.922541977649072 ], [ 100.428857103751511, 6.922538101595457 ], [ 100.428961519132557, 6.922432351921735 ], [ 100.429024103968345, 6.922439398860403 ], [ 100.429062948658654, 6.922483298191416 ], [ 100.429074104837781, 6.922558694883695 ], [ 100.429079618563065, 6.922562921579829 ], [ 100.429096175058433, 6.922710101262315 ], [ 100.429065954667095, 6.922797514534314 ], [ 100.428955891024358, 6.923055188838783 ], [ 100.428751537585214, 6.92357422999311 ], [ 100.429363635095825, 6.923574229993119 ], [ 100.429363635095839, 6.923349651172065 ], [ 100.429588213916801, 6.923349651172068 ], [ 100.429588213916801, 6.923125072351108 ], [ 100.429812792737778, 6.923125072351102 ], [ 100.429812792737778, 6.922226757066996 ] ] ], [ [ [ 100.428763342545423, 6.922772705652975 ], [ 100.428698501043385, 6.92280501752916 ], [ 100.428613915677829, 6.922808604961748 ], [ 100.428586617548916, 6.922801374040901 ], [ 100.428584304809135, 6.922802466058576 ], [ 100.428510716906075, 6.92280281959809 ], [ 100.428464526624964, 6.922761710881561 ], [ 100.428439986272295, 6.922631407695998 ], [ 100.428457798526338, 6.922509167170552 ], [ 100.428459107506839, 6.922506146415359 ], [ 100.428461897377204, 6.922484481397761 ], [ 100.428475033396239, 6.92246939398314 ], [ 100.42851602693689, 6.922374792527405 ], [ 100.428520732696938, 6.92220485513658 ], [ 100.428503683759743, 6.922120068721538 ], [ 100.428493523019498, 6.922084958895907 ], [ 100.428490160086554, 6.92206605520424 ], [ 100.428454899096337, 6.922002178245931 ], [ 100.428240740990674, 6.922002178245932 ], [ 100.428240740990674, 6.922226757066984 ], [ 100.42734242570647, 6.922226757066994 ], [ 100.42734242570647, 6.922451335887946 ], [ 100.426893268064191, 6.922451335887954 ], [ 100.426893268064191, 6.922900493530053 ], [ 100.426668689243243, 6.922900493530052 ], [ 100.426668689243229, 6.923574229993116 ], [ 100.428524359935537, 6.923574229993106 ], [ 100.42873604295049, 6.923178304880157 ], [ 100.428798697734777, 6.923076091894711 ], [ 100.428822343561762, 6.923015957168341 ], [ 100.428892700056167, 6.922803826193783 ], [ 100.428855413936461, 6.922749729810763 ], [ 100.42880640866872, 6.922724718460972 ], [ 100.428803802653221, 6.922726231142506 ], [ 100.428763342545423, 6.922772705652975 ] ] ], [ [ [ 100.439245103221012, 6.926493754666513 ], [ 100.43902052440005, 6.926493754666507 ], [ 100.439020524400036, 6.926269175845453 ], [ 100.438795945579088, 6.926269175845462 ], [ 100.438795945579088, 6.925820018203444 ], [ 100.43857136675777, 6.925820018203453 ], [ 100.43857136675777, 6.925595439382394 ], [ 100.438795945579074, 6.925595439382395 ], [ 100.438795945579088, 6.925146281740388 ], [ 100.440367997326163, 6.92514628174039 ], [ 100.440367997326177, 6.92492170291934 ], [ 100.440592576147154, 6.924921702919329 ], [ 100.440592576147139, 6.924697124098281 ], [ 100.440817154968087, 6.92469712409828 ], [ 100.440817154968101, 6.924023387635222 ], [ 100.440592576147139, 6.92402338763521 ], [ 100.440592576147139, 6.923798808814165 ], [ 100.439918839684253, 6.923798808814158 ], [ 100.439918839684253, 6.924023387635217 ], [ 100.439469682041974, 6.924023387635211 ], [ 100.439469682041988, 6.923798808814165 ], [ 100.438631398226278, 6.923798808814168 ], [ 100.438639771539883, 6.923809439434718 ], [ 100.438683209072209, 6.923893290462988 ], [ 100.43870189169246, 6.923984935663914 ], [ 100.438685297587185, 6.92404229447629 ], [ 100.438645589940378, 6.924224170397268 ], [ 100.438649599983719, 6.924509765319567 ], [ 100.43861196204935, 6.92466180596738 ], [ 100.438493667289919, 6.924911840479847 ], [ 100.438414722987289, 6.925131521779387 ], [ 100.438388498559164, 6.925211372151926 ], [ 100.438354469956636, 6.925266489452521 ], [ 100.438283060115126, 6.925314675184894 ], [ 100.438211441317222, 6.925347959239973 ], [ 100.438122209115861, 6.925451562552645 ], [ 100.438122209115861, 6.925816502191778 ], [ 100.438146163605708, 6.925833236173712 ], [ 100.438248583089006, 6.925869075635865 ], [ 100.438498786376599, 6.925984839394975 ], [ 100.438497700955423, 6.92598740281121 ], [ 100.438582375768718, 6.92603359428765 ], [ 100.438653055376136, 6.926109630888649 ], [ 100.438716354163944, 6.926190742251875 ], [ 100.43875748507169, 6.926287066257818 ], [ 100.438770996399839, 6.926363896221448 ], [ 100.438770499893621, 6.926505517929492 ], [ 100.43873233195059, 6.926620332041756 ], [ 100.438652115861444, 6.926750636923757 ], [ 100.438598325300177, 6.926942912308604 ], [ 100.438795945579088, 6.926942912308614 ], [ 100.438795945579088, 6.927167491129573 ], [ 100.439245103221012, 6.927167491129564 ], [ 100.439245103220998, 6.926942912308609 ], [ 100.439469682041988, 6.926942912308608 ], [ 100.439469682041974, 6.926718333487555 ], [ 100.439245103221012, 6.926718333487559 ], [ 100.439245103221012, 6.926493754666513 ] ] ], [ [ [ 100.438346787936794, 6.92873954287685 ], [ 100.43857136675777, 6.928739542876837 ], [ 100.43857136675777, 6.92851496405578 ], [ 100.438346787936808, 6.92851496405579 ], [ 100.438346787936794, 6.928065806413781 ], [ 100.438122209115832, 6.928065806413766 ], [ 100.438122209115846, 6.927841227592718 ], [ 100.437897630294884, 6.927841227592731 ], [ 100.43789763029487, 6.927616648771669 ], [ 100.437673051473922, 6.927616648771676 ], [ 100.437673051473922, 6.927392069950624 ], [ 100.436550157368757, 6.927392069950625 ], [ 100.436550157368742, 6.927616648771673 ], [ 100.436100999726463, 6.927616648771671 ], [ 100.436100999726477, 6.927841227592728 ], [ 100.435876420905515, 6.927841227592729 ], [ 100.435876420905515, 6.927616648771665 ], [ 100.434978105621312, 6.927616648771676 ], [ 100.434978105621312, 6.927912592618533 ], [ 100.434987210211446, 6.927912257322644 ], [ 100.435074463579355, 6.92793689285307 ], [ 100.435150792181474, 6.927943520993948 ], [ 100.435218025819069, 6.928003494161256 ], [ 100.435292309015978, 6.928041207317414 ], [ 100.435380149785672, 6.928135384762113 ], [ 100.435401000586936, 6.928166709729606 ], [ 100.43542717147497, 6.92819005445835 ], [ 100.435578494456493, 6.928405959122346 ], [ 100.435791630477325, 6.928579770111424 ], [ 100.435876420905501, 6.928676098323495 ], [ 100.435876420905515, 6.928514964055783 ], [ 100.436325578547439, 6.928514964055798 ], [ 100.436325578547439, 6.928739542876839 ], [ 100.436550157368742, 6.928739542876839 ], [ 100.436550157368757, 6.928964121697891 ], [ 100.436774736189719, 6.92896412169789 ], [ 100.436774736189719, 6.929188700518849 ], [ 100.436928777413584, 6.929188700518851 ], [ 100.436989788851974, 6.929061690568733 ], [ 100.437033032408266, 6.928872280251187 ], [ 100.437066713875481, 6.928798641366936 ], [ 100.437107886656236, 6.928752519979702 ], [ 100.437163887528797, 6.928729288413697 ], [ 100.437260406247134, 6.928715045886091 ], [ 100.437305580791062, 6.928735952367171 ], [ 100.437347279051195, 6.92879912453031 ], [ 100.437369700073035, 6.928870655800464 ], [ 100.437437076775296, 6.929300167418473 ], [ 100.437448472652605, 6.929316921329086 ], [ 100.437448472652605, 6.929188700518859 ], [ 100.437897630294884, 6.929188700518846 ], [ 100.437897630294898, 6.928964121697901 ], [ 100.438346787936808, 6.928964121697895 ], [ 100.438346787936794, 6.92873954287685 ] ] ], [ [ [ 100.434960790280229, 6.928172544721121 ], [ 100.434813292139708, 6.928177143431241 ], [ 100.434528947979388, 6.928204643026032 ], [ 100.434528947979388, 6.928290385234739 ], [ 100.434079790337449, 6.928290385234747 ], [ 100.434079790337478, 6.928964121697899 ], [ 100.434304369158426, 6.928964121697894 ], [ 100.43430436915844, 6.92873954287684 ], [ 100.434978105621312, 6.928739542876837 ], [ 100.434978105621312, 6.928964121697891 ], [ 100.435372402640184, 6.928964121697901 ], [ 100.435474520287499, 6.928833616657782 ], [ 100.435597063835417, 6.928735670147244 ], [ 100.43559827528378, 6.928675447709794 ], [ 100.43548137925707, 6.928492368238477 ], [ 100.435191342970697, 6.928230798780028 ], [ 100.435178090466636, 6.928223659155671 ], [ 100.434960790280229, 6.928172544721121 ] ] ], [ [ [ 100.426444110422281, 6.930087015802977 ], [ 100.426668689243229, 6.930087015802973 ], [ 100.426668689243229, 6.929188700518849 ], [ 100.426893268064205, 6.929188700518856 ], [ 100.426893268064177, 6.928964121697887 ], [ 100.426668689243229, 6.928964121697893 ], [ 100.426668689243215, 6.928514964055786 ], [ 100.426219531601305, 6.928514964055783 ], [ 100.426219531601319, 6.928739542876843 ], [ 100.425994952780329, 6.928739542876831 ], [ 100.425994952780343, 6.929637858160962 ], [ 100.425770373959381, 6.929637858160947 ], [ 100.425770373959367, 6.930087015802971 ], [ 100.425545795138063, 6.930087015802963 ], [ 100.425545795138063, 6.931434488729178 ], [ 100.425770373959381, 6.931434488729177 ], [ 100.425770373959381, 6.931659067550228 ], [ 100.425994952780329, 6.931659067550231 ], [ 100.425994952780357, 6.931434488729193 ], [ 100.426219531601291, 6.931434488729186 ], [ 100.426219531601319, 6.931209909908129 ], [ 100.426444110422281, 6.93120990990814 ], [ 100.426444110422281, 6.930087015802977 ] ] ], [ [ [ 100.432732317410981, 6.935926065149753 ], [ 100.431609423305829, 6.935926065149761 ], [ 100.431609423305801, 6.936150643970806 ], [ 100.431160265663905, 6.936150643970808 ], [ 100.431160265663891, 6.936650828591022 ], [ 100.431509767255193, 6.936562396558311 ], [ 100.431841573925595, 6.936531244740026 ], [ 100.432226232603782, 6.936518772983504 ], [ 100.432754251231344, 6.93651717948279 ], [ 100.433195660439367, 6.936561080205049 ], [ 100.433365730357878, 6.936677396053476 ], [ 100.433406053874137, 6.936733861224937 ], [ 100.433406053874222, 6.936375222791868 ], [ 100.432956896232298, 6.936375222791869 ], [ 100.432956896232298, 6.936150643970802 ], [ 100.432732317410981, 6.936150643970816 ], [ 100.432732317410981, 6.935926065149753 ] ] ], [ [ [ 100.435202684442629, 6.936150643970819 ], [ 100.434978105621312, 6.936150643970815 ], [ 100.434978105621312, 6.936599801612902 ], [ 100.43475352680035, 6.936599801612918 ], [ 100.434753526800364, 6.936824380433881 ], [ 100.434528947979388, 6.93682438043388 ], [ 100.434528947979388, 6.937273538075979 ], [ 100.434304369158411, 6.937273538075972 ], [ 100.434304369158426, 6.937488606965331 ], [ 100.434352952965625, 6.937498116897109 ], [ 100.434528947979402, 6.93749811689703 ], [ 100.434528947979388, 6.937532566658739 ], [ 100.434892242381792, 6.937603678932321 ], [ 100.435202684442629, 6.937650780858314 ], [ 100.435202684442615, 6.937498116897023 ], [ 100.435427263263605, 6.937498116897021 ], [ 100.435427263263605, 6.936375222791852 ], [ 100.435202684442629, 6.93637522279186 ], [ 100.435202684442629, 6.936150643970819 ] ] ], [ [ [ 100.458109724187509, 6.843848748527515 ], [ 100.457885145366546, 6.843848748527507 ], [ 100.457885145366546, 6.843624169706459 ], [ 100.457435987724253, 6.843624169706473 ], [ 100.457435987724267, 6.843399590885503 ], [ 100.456537672440419, 6.843399590885501 ], [ 100.456537672440419, 6.843175012064452 ], [ 100.456313093619102, 6.84317501206445 ], [ 100.456313093619102, 6.843624169706475 ], [ 100.456986830082343, 6.843624169706467 ], [ 100.456986830082343, 6.844073327348565 ], [ 100.457211408903319, 6.844073327348569 ], [ 100.457211408903305, 6.844297906169616 ], [ 100.456986830082343, 6.844297906169611 ], [ 100.456986830082357, 6.844522484990589 ], [ 100.457211408903305, 6.844522484990575 ], [ 100.457211408903305, 6.844747063811625 ], [ 100.458109724187509, 6.844747063811636 ], [ 100.458109724187509, 6.844522484990573 ], [ 100.458334303008471, 6.844522484990577 ], [ 100.458334303008471, 6.844297906169622 ], [ 100.458109724187509, 6.844297906169624 ], [ 100.458109724187509, 6.843848748527515 ] ] ], [ [ [ 100.464879151794605, 6.847511139992281 ], [ 100.464785190826703, 6.847397811019775 ], [ 100.464697387727156, 6.847363018537446 ], [ 100.464448754236045, 6.84732868716566 ], [ 100.46427915732815, 6.847286663080284 ], [ 100.464240240888373, 6.847270228420521 ], [ 100.464215057003528, 6.847266434526873 ], [ 100.46418997779584, 6.847249001997159 ], [ 100.464171318496852, 6.847241122056628 ], [ 100.4641110205432, 6.84719470372309 ], [ 100.46411066073226, 6.847193868793455 ], [ 100.464066760354967, 6.847163353689499 ], [ 100.464044180231241, 6.847037704716588 ], [ 100.464110478708349, 6.846941365727981 ], [ 100.464273100279669, 6.846889104421139 ], [ 100.464334729901793, 6.846888916704274 ], [ 100.464373965287578, 6.846880903728207 ], [ 100.464432999028759, 6.846858424447473 ], [ 100.464470421948903, 6.846824463815645 ], [ 100.464486234939457, 6.846779016408743 ], [ 100.464488638382065, 6.846650639109817 ], [ 100.464461399875589, 6.846591727397254 ], [ 100.46443442652118, 6.846547071372687 ], [ 100.464427799423461, 6.846543694379855 ], [ 100.464397931176222, 6.846543694379861 ], [ 100.464397931176222, 6.846528803228978 ], [ 100.464365230587148, 6.846534090014471 ], [ 100.464329790809813, 6.846546625030066 ], [ 100.464279436179126, 6.846523788037686 ], [ 100.464250170229818, 6.84648392641551 ], [ 100.464237763362121, 6.846455637489903 ], [ 100.464237195083982, 6.846424751493839 ], [ 100.464256040011989, 6.846414898578898 ], [ 100.464275099399458, 6.846416924070152 ], [ 100.464355920350755, 6.846415431772399 ], [ 100.464381501939144, 6.846384064616403 ], [ 100.464397931176222, 6.846354062866882 ], [ 100.464397931176208, 6.846319115558899 ], [ 100.46417335235526, 6.846319115558905 ], [ 100.46417335235526, 6.84609453673785 ], [ 100.463948773534284, 6.846094536737855 ], [ 100.463948773534312, 6.845869957916792 ], [ 100.463499615892388, 6.845869957916805 ], [ 100.463499615892388, 6.847666588485031 ], [ 100.463724194713336, 6.847666588485025 ], [ 100.46372419471335, 6.848115746127129 ], [ 100.463821384928949, 6.848115746127119 ], [ 100.463842203422118, 6.848095597300334 ], [ 100.463969690593217, 6.848045716863669 ], [ 100.464040521505851, 6.848018267734214 ], [ 100.464107035031631, 6.84801466492469 ], [ 100.464168882779632, 6.848015900830036 ], [ 100.464228655994532, 6.848033809540802 ], [ 100.464339132411425, 6.848093557376467 ], [ 100.464395066991074, 6.848161443776257 ], [ 100.464453596453779, 6.848241163337078 ], [ 100.464483517745791, 6.848296423112584 ], [ 100.464521710630819, 6.848345194415494 ], [ 100.4646477656337, 6.848433552412597 ], [ 100.464795747058858, 6.848433101596326 ], [ 100.464884265072399, 6.848344089943962 ], [ 100.464912711559521, 6.847966849991878 ], [ 100.464912167859509, 6.847788578743891 ], [ 100.464902870613159, 6.84771480531457 ], [ 100.464893344790553, 6.847584274147541 ], [ 100.464879151794605, 6.847511139992281 ] ] ], [ [ [ 100.450923201914591, 6.869450734124922 ], [ 100.451147780735553, 6.869450734124923 ], [ 100.451147780735553, 6.869226155303866 ], [ 100.45137235955653, 6.869226155303872 ], [ 100.451372359556515, 6.869001576482906 ], [ 100.451596938377492, 6.869001576482903 ], [ 100.451596938377477, 6.868776997661849 ], [ 100.451372359556515, 6.868776997661859 ], [ 100.451372359556515, 6.8685524188408 ], [ 100.451147780735553, 6.868552418840814 ], [ 100.451147780735539, 6.867654103556695 ], [ 100.450698623093629, 6.867654103556689 ], [ 100.450698623093643, 6.868327840019751 ], [ 100.450474044272667, 6.868327840019747 ], [ 100.450474044272667, 6.868552418840811 ], [ 100.449800307809426, 6.868552418840807 ], [ 100.449800307809426, 6.868103261198782 ], [ 100.449575728988478, 6.8681032611988 ], [ 100.449575728988464, 6.867878682377731 ], [ 100.449126571346184, 6.86787868237773 ], [ 100.44912657134617, 6.869001576482907 ], [ 100.449351150167502, 6.869001576482906 ], [ 100.449351150167502, 6.869450734124914 ], [ 100.449575728988478, 6.86945073412492 ], [ 100.449575728988464, 6.869899891767023 ], [ 100.450024886630388, 6.869899891767016 ], [ 100.450024886630388, 6.870124470587982 ], [ 100.450474044272667, 6.870124470587983 ], [ 100.450474044272681, 6.869899891767018 ], [ 100.450698623093629, 6.869899891767028 ], [ 100.450698623093643, 6.869675312945962 ], [ 100.450923201914591, 6.869675312945965 ], [ 100.450923201914591, 6.869450734124922 ] ] ], [ [ [ 100.451596938377477, 6.872819416440413 ], [ 100.45137235955653, 6.872819416440416 ], [ 100.451372359556515, 6.872370258798317 ], [ 100.451147780735553, 6.872370258798315 ], [ 100.451147780735553, 6.872594837619369 ], [ 100.450923201914591, 6.872594837619364 ], [ 100.450923201914577, 6.873717731724533 ], [ 100.450698623093629, 6.873717731724536 ], [ 100.450698623093629, 6.874166889366549 ], [ 100.451147780735539, 6.874166889366538 ], [ 100.451147780735553, 6.873942310545491 ], [ 100.451372359556515, 6.873942310545494 ], [ 100.451372359556515, 6.873717731724533 ], [ 100.451596938377492, 6.873717731724536 ], [ 100.451596938377477, 6.872819416440413 ] ] ], [ [ [ 100.444185837283584, 6.881353411639539 ], [ 100.443961258462636, 6.881353411639545 ], [ 100.44396125846265, 6.881802569281568 ], [ 100.443736679641674, 6.88180256928156 ], [ 100.443736679641674, 6.881917224017302 ], [ 100.443989043901993, 6.88196299938454 ], [ 100.445082819283741, 6.882330618964478 ], [ 100.445177597843141, 6.882534228010629 ], [ 100.445292904675298, 6.882925463386729 ], [ 100.445308731388778, 6.882925463386735 ], [ 100.445308731388778, 6.882027148102607 ], [ 100.445084152567802, 6.882027148102621 ], [ 100.445084152567802, 6.881577990460513 ], [ 100.444859573746839, 6.881577990460516 ], [ 100.444859573746839, 6.881128832818502 ], [ 100.444185837283598, 6.881128832818492 ], [ 100.444185837283584, 6.881353411639539 ] ] ], [ [ [ 100.445092705221143, 6.882566253022512 ], [ 100.445083471838359, 6.88254641731371 ], [ 100.443954213049494, 6.882094546209341 ], [ 100.443582640261297, 6.882027148102614 ], [ 100.443512100820712, 6.882027148102611 ], [ 100.443512100820712, 6.882700884565683 ], [ 100.443736679641674, 6.882700884565677 ], [ 100.443736679641688, 6.88292546338672 ], [ 100.443961258462636, 6.882925463386724 ], [ 100.443961258462636, 6.883150042207774 ], [ 100.44441041610456, 6.88315004220778 ], [ 100.44441041610456, 6.883374621028833 ], [ 100.444859573746839, 6.88337462102883 ], [ 100.444859573746839, 6.883150042207767 ], [ 100.445084152567802, 6.883150042207775 ], [ 100.445084152567802, 6.882925463386719 ], [ 100.445198573424236, 6.882925463386717 ], [ 100.445092705221143, 6.882566253022512 ] ] ], [ [ [ 100.453168990124922, 6.882925463386726 ], [ 100.453393568945884, 6.882925463386735 ], [ 100.453393568945884, 6.88202714810261 ], [ 100.453168990124936, 6.882027148102606 ], [ 100.453168990124922, 6.881802569281554 ], [ 100.452046096019757, 6.881802569281559 ], [ 100.452046096019771, 6.882700884565685 ], [ 100.452270674840719, 6.882700884565667 ], [ 100.452270674840733, 6.883823778670843 ], [ 100.452495253661681, 6.883823778670843 ], [ 100.452495253661681, 6.884048357491893 ], [ 100.452719832482643, 6.884048357491891 ], [ 100.452719832482629, 6.883823778670846 ], [ 100.452944411303974, 6.883823778670851 ], [ 100.452944411303946, 6.883599199849794 ], [ 100.453168990124908, 6.883599199849794 ], [ 100.453168990124922, 6.882925463386726 ] ] ], [ [ [ 100.440367997326163, 6.885620409239064 ], [ 100.440143418505215, 6.885620409239074 ], [ 100.440143418505215, 6.886069566881169 ], [ 100.439918839684267, 6.886069566881168 ], [ 100.439918839684253, 6.886518724523179 ], [ 100.440143418505215, 6.88651872452319 ], [ 100.440143418505215, 6.887417039807307 ], [ 100.439918839684253, 6.887417039807294 ], [ 100.439918839684239, 6.887641618628346 ], [ 100.440143418505215, 6.887641618628345 ], [ 100.44014341850523, 6.8878661974494 ], [ 100.440367997326192, 6.887866197449409 ], [ 100.440367997326177, 6.887641618628351 ], [ 100.440592576147139, 6.887641618628346 ], [ 100.440592576147139, 6.88651872452319 ], [ 100.440367997326192, 6.886518724523187 ], [ 100.440367997326163, 6.885620409239064 ] ] ], [ [ [ 100.45339356894587, 6.901790084353215 ], [ 100.453168990124922, 6.901790084353222 ], [ 100.453168990124908, 6.901565505532166 ], [ 100.45294441130396, 6.901565505532181 ], [ 100.452944411303946, 6.90134092671121 ], [ 100.452495253661681, 6.90134092671121 ], [ 100.452495253661667, 6.901790084353215 ], [ 100.452719832482643, 6.901790084353222 ], [ 100.452719832482643, 6.902239241995324 ], [ 100.452944411303946, 6.902239241995318 ], [ 100.452944411303974, 6.902912978458382 ], [ 100.453168990124936, 6.902912978458383 ], [ 100.453168990124922, 6.903137557279446 ], [ 100.453618147766846, 6.903137557279438 ], [ 100.453618147766846, 6.902912978458378 ], [ 100.453842726587794, 6.902912978458391 ], [ 100.453842726587794, 6.902239241995334 ], [ 100.453393568945884, 6.902239241995332 ], [ 100.45339356894587, 6.901790084353215 ] ] ], [ [ [ 100.443961258462636, 6.902688399637341 ], [ 100.443736679641674, 6.90268839963734 ], [ 100.443736679641674, 6.902014663174272 ], [ 100.443512100820712, 6.902014663174277 ], [ 100.443512100820712, 6.902912978458396 ], [ 100.443287521999409, 6.902912978458385 ], [ 100.443287521999395, 6.90381129374251 ], [ 100.443961258462622, 6.903811293742494 ], [ 100.443961258462636, 6.903586714921449 ], [ 100.444185837283612, 6.903586714921461 ], [ 100.444185837283598, 6.903137557279448 ], [ 100.443961258462636, 6.903137557279429 ], [ 100.443961258462636, 6.902688399637341 ] ] ], [ [ [ 100.44867741370426, 6.910997816015429 ], [ 100.448901992525236, 6.910997816015429 ], [ 100.448901992525222, 6.911446973657527 ], [ 100.44912657134617, 6.911446973657513 ], [ 100.449126571346184, 6.912337294365787 ], [ 100.449360821777674, 6.91214885382094 ], [ 100.449401911172401, 6.912080042304361 ], [ 100.449444786320385, 6.91172683578939 ], [ 100.449559897816286, 6.911524412290709 ], [ 100.44982569748575, 6.911222394836468 ], [ 100.449575728988464, 6.911222394836478 ], [ 100.449575728988464, 6.910997816015429 ], [ 100.449351150167516, 6.910997816015419 ], [ 100.449351150167502, 6.910773237194448 ], [ 100.449126571346184, 6.910773237194466 ], [ 100.449126571346184, 6.910324079552362 ], [ 100.448901992525222, 6.91032407955235 ], [ 100.448901992525222, 6.910773237194463 ], [ 100.448677413704274, 6.910773237194461 ], [ 100.44867741370426, 6.910997816015429 ] ] ], [ [ [ 100.445084152567802, 6.918858074751496 ], [ 100.444859573746854, 6.918858074751483 ], [ 100.444859573746839, 6.918633495930445 ], [ 100.44441041610456, 6.918633495930446 ], [ 100.444410416104574, 6.918408917109479 ], [ 100.443287521999395, 6.918408917109485 ], [ 100.443287521999395, 6.918633495930441 ], [ 100.443062943178433, 6.918633495930435 ], [ 100.443062943178433, 6.919082653572544 ], [ 100.443287521999395, 6.919082653572537 ], [ 100.443287521999395, 6.919307232393597 ], [ 100.443961258462622, 6.919307232393591 ], [ 100.443961258462636, 6.919531811214551 ], [ 100.44441041610456, 6.919531811214547 ], [ 100.444410416104574, 6.919756390035612 ], [ 100.445084152567802, 6.919756390035614 ], [ 100.445084152567802, 6.919531811214549 ], [ 100.445308731388778, 6.919531811214564 ], [ 100.445308731388764, 6.919082653572545 ], [ 100.445084152567816, 6.919082653572539 ], [ 100.445084152567802, 6.918858074751496 ] ] ], [ [ [ 100.442389206715546, 6.920879284140764 ], [ 100.442389206715546, 6.921103862961824 ], [ 100.442613785536508, 6.921103862961813 ], [ 100.442613785536508, 6.921553020603825 ], [ 100.442838364357485, 6.921553020603825 ], [ 100.44283836435747, 6.921777599424892 ], [ 100.443512100820712, 6.921777599424884 ], [ 100.443512100820712, 6.921328441782869 ], [ 100.443287521999395, 6.921328441782871 ], [ 100.443287521999395, 6.920879284140765 ], [ 100.44283836435747, 6.920879284140764 ], [ 100.44283836435747, 6.920654705319723 ], [ 100.442613785536508, 6.920654705319729 ], [ 100.442613785536508, 6.920205547677712 ], [ 100.442164627894229, 6.92020554767771 ], [ 100.442164627894215, 6.919980968856655 ], [ 100.441940049073267, 6.919980968856665 ], [ 100.441940049073267, 6.920654705319729 ], [ 100.442164627894229, 6.920654705319722 ], [ 100.442164627894243, 6.920879284140779 ], [ 100.442389206715546, 6.920879284140764 ] ] ], [ [ [ 100.447102674463039, 6.921190888053221 ], [ 100.447238725213793, 6.921061794314324 ], [ 100.447298783716306, 6.921023184436096 ], [ 100.447329940778133, 6.921014311678364 ], [ 100.447329940778147, 6.920654705319727 ], [ 100.446431625493929, 6.920654705319719 ], [ 100.446431625493929, 6.920430126498749 ], [ 100.446207046672953, 6.920430126498756 ], [ 100.446207046672981, 6.92065470531971 ], [ 100.445982467852005, 6.920654705319714 ], [ 100.445982467852019, 6.92132844178288 ], [ 100.446207046672967, 6.921328441782879 ], [ 100.446207046672967, 6.921553020603843 ], [ 100.446431625493915, 6.921553020603843 ], [ 100.446431625493929, 6.921777599424893 ], [ 100.44684949595198, 6.921777599424891 ], [ 100.446862711308356, 6.921709139000527 ], [ 100.446880783135853, 6.921613942765291 ], [ 100.446880783135853, 6.921553020603839 ], [ 100.446892348454512, 6.921553020603836 ], [ 100.446897696250147, 6.921524850237255 ], [ 100.446984626029248, 6.921351276076522 ], [ 100.447102674463039, 6.921190888053221 ] ] ], [ [ [ 100.446682314316874, 6.925984696695262 ], [ 100.447011613758818, 6.925917009899356 ], [ 100.447006029401493, 6.925899671490873 ], [ 100.446999966071559, 6.925864001064537 ], [ 100.446958396513097, 6.92580505849211 ], [ 100.446863640080721, 6.925536187686587 ], [ 100.446893028895019, 6.92553217531348 ], [ 100.446916113739888, 6.925530221360924 ], [ 100.446958153774645, 6.925515807002512 ], [ 100.446996120043522, 6.925482502095222 ], [ 100.447120192853703, 6.925430862308727 ], [ 100.447183178515516, 6.925420767401431 ], [ 100.447258881172473, 6.925389791069714 ], [ 100.447301027527246, 6.92535861032079 ], [ 100.447347249448185, 6.92534631648667 ], [ 100.447389207428316, 6.925344477780412 ], [ 100.447441517013672, 6.925363662770539 ], [ 100.447569330967852, 6.925383307853085 ], [ 100.447675231192179, 6.925404141183428 ], [ 100.447682086931778, 6.925379487276513 ], [ 100.447734037209827, 6.925299787820771 ], [ 100.447896627352407, 6.925134055828729 ], [ 100.447974738854398, 6.924973580232709 ], [ 100.448001417283464, 6.924878995255179 ], [ 100.447941096963618, 6.924777046656003 ], [ 100.447900576113668, 6.92476393170696 ], [ 100.447612148163955, 6.92471797538608 ], [ 100.447541955598695, 6.924712346301327 ], [ 100.447453519328747, 6.924711805271272 ], [ 100.447258212178724, 6.924747000798479 ], [ 100.447089332008872, 6.924717372125083 ], [ 100.447052917865619, 6.924717149259716 ], [ 100.446880783135853, 6.92465670962171 ], [ 100.446880783135853, 6.92514628174038 ], [ 100.446656204314891, 6.925146281740387 ], [ 100.446656204314905, 6.925370860561342 ], [ 100.446207046672967, 6.92537086056134 ], [ 100.446207046672981, 6.925595439382392 ], [ 100.445982467852005, 6.925595439382392 ], [ 100.445982467852005, 6.925820018203448 ], [ 100.445757889031043, 6.925820018203441 ], [ 100.445757889031043, 6.925595439382392 ], [ 100.445533310209726, 6.925595439382393 ], [ 100.445533310209726, 6.925370860561336 ], [ 100.445414318403365, 6.925370860561338 ], [ 100.445417060162882, 6.925387875006673 ], [ 100.445420465284499, 6.925424064501088 ], [ 100.445407469636748, 6.925483344072107 ], [ 100.445332116411578, 6.925611918495042 ], [ 100.445253499225757, 6.925750383414926 ], [ 100.445220745849099, 6.92580972033999 ], [ 100.445204938638199, 6.925867268551514 ], [ 100.445199454135405, 6.925941425736799 ], [ 100.445199619158757, 6.925995630960577 ], [ 100.445209256765565, 6.9260445970245 ], [ 100.445308731388778, 6.926044597024497 ], [ 100.445308731388764, 6.926191086786774 ], [ 100.445324441997244, 6.926203566530507 ], [ 100.445416951498885, 6.926269175845456 ], [ 100.44617385700613, 6.926269175845464 ], [ 100.446117609225652, 6.926051967643819 ], [ 100.446085488611942, 6.92586532469231 ], [ 100.44612068069371, 6.925778764202956 ], [ 100.446150395415771, 6.925756735620282 ], [ 100.446201992066634, 6.925791073558002 ], [ 100.446335028506809, 6.925968296119444 ], [ 100.446359247203901, 6.925978614991419 ], [ 100.446682314316874, 6.925984696695262 ] ] ], [ [ [ 100.440382953664383, 6.929600571404436 ], [ 100.440230589974377, 6.92957930066548 ], [ 100.440173927422848, 6.929570345119033 ], [ 100.440132855836083, 6.929561171392915 ], [ 100.440093572201775, 6.929540284918676 ], [ 100.44007558902328, 6.929509364659788 ], [ 100.44006732888937, 6.929338045495241 ], [ 100.440068483143307, 6.929281533760659 ], [ 100.440085697177949, 6.92925791863009 ], [ 100.440103073374601, 6.929245989533547 ], [ 100.440151611101598, 6.929231681677673 ], [ 100.440217828959732, 6.929226869845845 ], [ 100.440256755167141, 6.929222434634258 ], [ 100.440278003952628, 6.929208503386118 ], [ 100.440291208121764, 6.92917715038458 ], [ 100.440284838216201, 6.929140225516083 ], [ 100.440261174109793, 6.929121071405789 ], [ 100.4402161239706, 6.929106109431015 ], [ 100.440144088851383, 6.92911295100216 ], [ 100.440099423736768, 6.929125258518571 ], [ 100.440052616896509, 6.929123957081742 ], [ 100.439917168906248, 6.92905764864177 ], [ 100.439864071466033, 6.929025264875258 ], [ 100.439814741545447, 6.928983089464633 ], [ 100.439782953607107, 6.928940671892069 ], [ 100.439770846633721, 6.928911617505793 ], [ 100.439766155123621, 6.928855188587352 ], [ 100.439775380739277, 6.928818047341021 ], [ 100.439800197300514, 6.928780689746922 ], [ 100.43984052735253, 6.928737275035275 ], [ 100.440280077488282, 6.928614694487342 ], [ 100.440728260978247, 6.928510700110498 ], [ 100.441050996499314, 6.928447791012045 ], [ 100.441091819274604, 6.928439433387395 ], [ 100.441126876433827, 6.928437001163739 ], [ 100.441162070851874, 6.928444305329192 ], [ 100.441189635165387, 6.928463405063156 ], [ 100.441221345696803, 6.928499979949919 ], [ 100.441245693424364, 6.928567826827293 ], [ 100.441252711033883, 6.928592704976334 ], [ 100.441277434141099, 6.928508281748095 ], [ 100.441276682141051, 6.928352148354516 ], [ 100.441260580155515, 6.928255788604743 ], [ 100.441275624936566, 6.928132643169734 ], [ 100.441309411817429, 6.928081046490794 ], [ 100.441329842889019, 6.928065806413779 ], [ 100.441041733789064, 6.92806580641377 ], [ 100.441041733789064, 6.928290385234736 ], [ 100.440817154968101, 6.92829038523474 ], [ 100.440817154968101, 6.928065806413771 ], [ 100.44028763372151, 6.928065806413771 ], [ 100.440274612047844, 6.928090097935009 ], [ 100.440198692605804, 6.928173150151942 ], [ 100.440143418505215, 6.92820044041853 ], [ 100.440143418505215, 6.928290385234731 ], [ 100.439943113005228, 6.92829038523473 ], [ 100.439918839684239, 6.928300083932492 ], [ 100.439918839684267, 6.928514964055796 ], [ 100.439467714421426, 6.928514964055799 ], [ 100.43927055561872, 6.92866060983115 ], [ 100.439260889123986, 6.92867414060987 ], [ 100.439245103221026, 6.928688864888186 ], [ 100.439245103220998, 6.928739542876839 ], [ 100.439190771334836, 6.928739542876843 ], [ 100.43902052440005, 6.928898340460189 ], [ 100.439020524400064, 6.929188700518844 ], [ 100.438981160781552, 6.929188700518848 ], [ 100.439013911258016, 6.929333885800339 ], [ 100.439058541721252, 6.92943286329899 ], [ 100.439207536001987, 6.929618589884476 ], [ 100.439228391793748, 6.929637858160958 ], [ 100.439245103221012, 6.929637858160946 ], [ 100.439245103220998, 6.929413279339903 ], [ 100.439694260862922, 6.929413279339908 ], [ 100.43969426086295, 6.929637858160954 ], [ 100.439918839684253, 6.929637858160966 ], [ 100.439918839684253, 6.92968311958623 ], [ 100.439942829315868, 6.929683003689254 ], [ 100.440034907914125, 6.929701846354638 ], [ 100.440060006443233, 6.929716812003087 ], [ 100.440345942410062, 6.929747520716873 ], [ 100.440451685758532, 6.929731748028829 ], [ 100.440525890975465, 6.929713552410053 ], [ 100.440565495775317, 6.929678663047618 ], [ 100.440580724971639, 6.929662123890728 ], [ 100.440523291400311, 6.929598629397877 ], [ 100.440491940949371, 6.929587374330062 ], [ 100.440449004862771, 6.929584072607608 ], [ 100.440382953664383, 6.929600571404436 ] ] ] ] } },
{ "type": "Feature", "properties": { "TB_IDN": 901603, "TB_TN": "ต.โคกม่วง", "AP_IDN": 9016, "AP_TN": "อ.คลองหอยโข่ง", "PV_IDN": 90, "PV_TN": "จ.สงขลา", "RE_NESDB": "South", "RE_ROYIN": "South", "F_AREA": 398977.39540099999, "flood_area": 249.361, "A": 0.399 }, "geometry": { "type": "MultiPolygon", "coordinates": [ [ [ [ 100.408028647097694, 6.871247364693147 ], [ 100.407354910634808, 6.87124736469315 ], [ 100.407354910634808, 6.871696522335244 ], [ 100.407130331813832, 6.871696522335249 ], [ 100.407130331813832, 6.872819416440416 ], [ 100.40757948945577, 6.872819416440423 ], [ 100.407579489455784, 6.872594837619357 ], [ 100.408028647097694, 6.872594837619368 ], [ 100.408028647097694, 6.871247364693147 ] ] ], [ [ [ 100.404435385961236, 6.873043995261375 ], [ 100.404210807140274, 6.873043995261379 ], [ 100.404210807140274, 6.873717731724523 ], [ 100.40443538596125, 6.873717731724533 ], [ 100.40443538596125, 6.874166889366546 ], [ 100.404659964782553, 6.87416688936655 ], [ 100.404659964782553, 6.874840625829691 ], [ 100.404884543603515, 6.874840625829687 ], [ 100.404884543603515, 6.875065204650658 ], [ 100.405333701245439, 6.875065204650652 ], [ 100.405333701245453, 6.874391468187601 ], [ 100.405109122424477, 6.874391468187595 ], [ 100.405109122424477, 6.874166889366536 ], [ 100.404884543603515, 6.874166889366532 ], [ 100.404884543603515, 6.872819416440423 ], [ 100.404435385961236, 6.872819416440409 ], [ 100.404435385961236, 6.873043995261375 ] ] ], [ [ [ 100.400617546003801, 6.875065204650651 ], [ 100.400842124824777, 6.875065204650652 ], [ 100.400842124824777, 6.8748406258297 ], [ 100.401291282467056, 6.874840625829687 ], [ 100.401291282467056, 6.874616047008634 ], [ 100.399943809540929, 6.874616047008645 ], [ 100.399943809540929, 6.874840625829699 ], [ 100.399719230719612, 6.874840625829689 ], [ 100.399719230719612, 6.875065204650649 ], [ 100.39949465189865, 6.875065204650659 ], [ 100.39949465189865, 6.875289783471702 ], [ 100.399045494256725, 6.875289783471717 ], [ 100.399045494256725, 6.875514362292764 ], [ 100.398820915435749, 6.875514362292757 ], [ 100.398820915435763, 6.875963519934769 ], [ 100.39904549425674, 6.875963519934773 ], [ 100.399045494256711, 6.876188098755816 ], [ 100.400392967182853, 6.876188098755824 ], [ 100.400392967182867, 6.875514362292763 ], [ 100.400617546003815, 6.875514362292748 ], [ 100.400617546003801, 6.875065204650651 ] ] ], [ [ [ 100.397922600151546, 6.879556781071325 ], [ 100.39792260015156, 6.87888304460816 ], [ 100.397698021330584, 6.878883044608176 ], [ 100.397698021330598, 6.878658465787122 ], [ 100.397024284867356, 6.878658465787112 ], [ 100.397024284867342, 6.878883044608175 ], [ 100.396799706046394, 6.878883044608169 ], [ 100.396799706046394, 6.879332202250263 ], [ 100.396575127225432, 6.87933220225026 ], [ 100.396575127225418, 6.87978135989229 ], [ 100.396799706046394, 6.87978135989228 ], [ 100.396799706046394, 6.880005938713324 ], [ 100.397248863688304, 6.88000593871333 ], [ 100.397248863688318, 6.879781359892289 ], [ 100.397473442509281, 6.879781359892288 ], [ 100.397473442509281, 6.879556781071315 ], [ 100.397922600151546, 6.879556781071325 ] ] ], [ [ [ 100.407354910634822, 6.883823778670835 ], [ 100.407354910634794, 6.882700884565669 ], [ 100.407130331813832, 6.882700884565674 ], [ 100.407130331813846, 6.882476305744634 ], [ 100.406905752992529, 6.882476305744628 ], [ 100.406905752992529, 6.882925463386721 ], [ 100.406456595350591, 6.882925463386735 ], [ 100.406456595350619, 6.883150042207769 ], [ 100.406232016529628, 6.883150042207777 ], [ 100.406232016529643, 6.882925463386733 ], [ 100.406007437708681, 6.882925463386717 ], [ 100.406007437708681, 6.882700884565675 ], [ 100.405782858887733, 6.882700884565683 ], [ 100.405782858887733, 6.882476305744627 ], [ 100.406007437708695, 6.882476305744623 ], [ 100.406007437708681, 6.881802569281557 ], [ 100.405782858887719, 6.881802569281569 ], [ 100.405782858887719, 6.881577990460518 ], [ 100.405558280066401, 6.881577990460514 ], [ 100.405558280066415, 6.881128832818505 ], [ 100.405109122424477, 6.881128832818494 ], [ 100.405109122424477, 6.880904253997445 ], [ 100.404659964782567, 6.880904253997454 ], [ 100.404659964782553, 6.880679675176396 ], [ 100.404210807140288, 6.880679675176394 ], [ 100.404210807140259, 6.880455096355423 ], [ 100.40376164949835, 6.880455096355433 ], [ 100.403761649498335, 6.880230517534381 ], [ 100.40331249185607, 6.880230517534374 ], [ 100.403312491856084, 6.880005938713335 ], [ 100.403087913035094, 6.880005938713329 ], [ 100.403087913035122, 6.879781359892277 ], [ 100.402638755393184, 6.879781359892283 ], [ 100.402638755393184, 6.879332202250258 ], [ 100.401965018929943, 6.879332202250266 ], [ 100.401965018929943, 6.879556781071325 ], [ 100.401740440108981, 6.879556781071321 ], [ 100.401740440108966, 6.880455096355428 ], [ 100.401965018929943, 6.880455096355434 ], [ 100.401965018929943, 6.880679675176389 ], [ 100.402638755393198, 6.880679675176387 ], [ 100.402638755393184, 6.880904253997441 ], [ 100.40331249185607, 6.880904253997455 ], [ 100.40331249185607, 6.881128832818497 ], [ 100.403761649498364, 6.881128832818494 ], [ 100.40376164949835, 6.881577990460516 ], [ 100.403986228319297, 6.881577990460519 ], [ 100.403986228319312, 6.881802569281561 ], [ 100.404435385961222, 6.881802569281551 ], [ 100.404435385961222, 6.882027148102607 ], [ 100.404659964782567, 6.882027148102606 ], [ 100.404659964782553, 6.882251726923669 ], [ 100.405109122424477, 6.882251726923669 ], [ 100.405109122424477, 6.882700884565674 ], [ 100.405333701245439, 6.882700884565674 ], [ 100.405333701245439, 6.882925463386718 ], [ 100.405558280066401, 6.882925463386729 ], [ 100.405558280066387, 6.883374621028837 ], [ 100.405782858887704, 6.883374621028834 ], [ 100.405782858887704, 6.883599199849793 ], [ 100.406007437708681, 6.883599199849789 ], [ 100.406007437708681, 6.883823778670834 ], [ 100.406232016529628, 6.88382377867084 ], [ 100.406232016529643, 6.88404835749189 ], [ 100.406681174171581, 6.884048357491897 ], [ 100.406681174171567, 6.884272936312953 ], [ 100.406905752992529, 6.884272936312946 ], [ 100.406905752992515, 6.884048357491888 ], [ 100.407130331813832, 6.884048357491888 ], [ 100.407130331813846, 6.88382377867084 ], [ 100.407354910634822, 6.883823778670835 ] ] ], [ [ [ 100.408926962381898, 6.889213670375533 ], [ 100.409151541202874, 6.889213670375523 ], [ 100.40915154120286, 6.88876451273351 ], [ 100.408926962381912, 6.888764512733521 ], [ 100.408926962381898, 6.888539933912458 ], [ 100.408702383560936, 6.888539933912461 ], [ 100.40870238356095, 6.888315355091422 ], [ 100.408477804739974, 6.888315355091405 ], [ 100.408477804739974, 6.88651872452319 ], [ 100.40870238356095, 6.886518724523177 ], [ 100.408702383560936, 6.885844988060129 ], [ 100.408926962381912, 6.885844988060133 ], [ 100.408926962381884, 6.885395830418028 ], [ 100.408702383560936, 6.885395830418011 ], [ 100.408702383560936, 6.885171251597058 ], [ 100.408477804739974, 6.885171251597067 ], [ 100.408477804739988, 6.885395830418022 ], [ 100.407804068276718, 6.885395830418023 ], [ 100.407804068276747, 6.885171251597053 ], [ 100.40713033181386, 6.885171251597062 ], [ 100.407130331813846, 6.885844988060126 ], [ 100.406681174171567, 6.885844988060118 ], [ 100.406681174171567, 6.886069566881178 ], [ 100.406232016529643, 6.886069566881168 ], [ 100.406232016529643, 6.88629414570214 ], [ 100.406007437708695, 6.886294145702132 ], [ 100.406007437708666, 6.886069566881172 ], [ 100.405558280066401, 6.886069566881165 ], [ 100.405558280066401, 6.886518724523183 ], [ 100.405782858887719, 6.886518724523175 ], [ 100.405782858887719, 6.88674330334424 ], [ 100.406232016529643, 6.886743303344238 ], [ 100.406232016529628, 6.886967882165282 ], [ 100.406681174171581, 6.886967882165278 ], [ 100.406681174171567, 6.887192460986329 ], [ 100.406905752992529, 6.887192460986339 ], [ 100.406905752992529, 6.888090776270452 ], [ 100.407130331813846, 6.888090776270444 ], [ 100.407130331813846, 6.888315355091407 ], [ 100.407804068276747, 6.888315355091407 ], [ 100.407804068276718, 6.888539933912462 ], [ 100.408028647097694, 6.888539933912466 ], [ 100.408028647097694, 6.888989091554573 ], [ 100.408253225918997, 6.888989091554568 ], [ 100.408253225919012, 6.889438249196581 ], [ 100.408477804739974, 6.889438249196572 ], [ 100.408477804739974, 6.889662828017624 ], [ 100.408702383560936, 6.889662828017621 ], [ 100.408702383560936, 6.889438249196574 ], [ 100.408926962381898, 6.889438249196584 ], [ 100.408926962381898, 6.889213670375533 ] ] ], [ [ [ 100.424422901032898, 6.875289783471705 ], [ 100.424422901032912, 6.875065204650654 ], [ 100.424198322211922, 6.875065204650658 ], [ 100.424198322211936, 6.874840625829703 ], [ 100.42352458574905, 6.874840625829684 ], [ 100.42352458574905, 6.875289783471698 ], [ 100.423749164570026, 6.8752897834717 ], [ 100.423749164570026, 6.875738941113815 ], [ 100.42397374339096, 6.875738941113804 ], [ 100.423973743390974, 6.875963519934762 ], [ 100.424198322211936, 6.875963519934764 ], [ 100.424198322211936, 6.875738941113803 ], [ 100.424422901032912, 6.875738941113814 ], [ 100.424422901032912, 6.875963519934773 ], [ 100.424647479854229, 6.875963519934769 ], [ 100.424647479854215, 6.876412677576868 ], [ 100.424828733060508, 6.876412677576867 ], [ 100.425000845199222, 6.875514362292754 ], [ 100.424872058675192, 6.875514362292755 ], [ 100.424872058675192, 6.875289783471701 ], [ 100.424422901032898, 6.875289783471705 ] ] ], [ [ [ 100.422401691643884, 6.883374621028833 ], [ 100.422401691643884, 6.883150042207771 ], [ 100.422626270464846, 6.883150042207779 ], [ 100.42262627046486, 6.882476305744616 ], [ 100.422401691643884, 6.882476305744628 ], [ 100.422401691643898, 6.882251726923664 ], [ 100.421727955180643, 6.882251726923666 ], [ 100.421727955180643, 6.882027148102615 ], [ 100.421278797538719, 6.882027148102603 ], [ 100.421278797538733, 6.881802569281569 ], [ 100.421054218717757, 6.881802569281566 ], [ 100.421054218717742, 6.881353411639555 ], [ 100.420829639896439, 6.881353411639555 ], [ 100.420829639896439, 6.881128832818501 ], [ 100.420155903433553, 6.881128832818494 ], [ 100.420155903433567, 6.881802569281565 ], [ 100.420380482254529, 6.881802569281564 ], [ 100.420380482254515, 6.882700884565668 ], [ 100.421054218717742, 6.882700884565675 ], [ 100.421054218717757, 6.883599199849786 ], [ 100.421278797538719, 6.883599199849785 ], [ 100.421278797538719, 6.883823778670848 ], [ 100.421503376359681, 6.883823778670846 ], [ 100.421503376359681, 6.883599199849798 ], [ 100.421727955180643, 6.883599199849785 ], [ 100.421727955180643, 6.883374621028831 ], [ 100.422401691643884, 6.883374621028833 ] ] ], [ [ [ 100.413867696444484, 6.88584498806013 ], [ 100.413643117623522, 6.885844988060113 ], [ 100.413643117623522, 6.885395830418013 ], [ 100.413418538802574, 6.885395830418021 ], [ 100.41341853880256, 6.88517125159705 ], [ 100.413193959981598, 6.885171251597051 ], [ 100.413193959981598, 6.885395830418018 ], [ 100.412969381160636, 6.885395830418025 ], [ 100.412969381160636, 6.885171251597047 ], [ 100.412520223518356, 6.885171251597056 ], [ 100.412520223518356, 6.884946672775999 ], [ 100.412071065876418, 6.884946672776014 ], [ 100.412071065876432, 6.885395830418021 ], [ 100.411846487055456, 6.885395830418012 ], [ 100.411846487055485, 6.885620409239066 ], [ 100.411397329413191, 6.885620409239076 ], [ 100.411397329413191, 6.88584498806012 ], [ 100.411172750592229, 6.885844988060128 ], [ 100.411172750592243, 6.88629414570214 ], [ 100.411397329413177, 6.886294145702144 ], [ 100.411397329413191, 6.886518724523182 ], [ 100.411846487055456, 6.886518724523178 ], [ 100.41184648705547, 6.886654448420291 ], [ 100.413193959981598, 6.886620232482034 ], [ 100.413193959981612, 6.88651872452318 ], [ 100.413643117623522, 6.886518724523192 ], [ 100.413643117623522, 6.886608827169326 ], [ 100.413778804206558, 6.886605381724428 ], [ 100.414092275265801, 6.886677685291826 ], [ 100.414092275265801, 6.88606956688117 ], [ 100.41386769644447, 6.886069566881178 ], [ 100.413867696444484, 6.88584498806013 ] ] ], [ [ [ 100.413193959981598, 6.886743303344235 ], [ 100.413193959981598, 6.886710756866897 ], [ 100.411917510772867, 6.886743303344233 ], [ 100.412071065876432, 6.886743303344231 ], [ 100.412071065876432, 6.887192460986337 ], [ 100.41184648705547, 6.887192460986342 ], [ 100.411846487055485, 6.888090776270461 ], [ 100.412071065876447, 6.888090776270459 ], [ 100.412071065876447, 6.888539933912473 ], [ 100.412744802339319, 6.888539933912454 ], [ 100.412744802339319, 6.887417039807299 ], [ 100.412969381160636, 6.887417039807293 ], [ 100.412969381160622, 6.886743303344227 ], [ 100.413193959981598, 6.886743303344235 ] ] ], [ [ [ 100.423300006927718, 6.893480667975133 ], [ 100.423300006927732, 6.891282310966346 ], [ 100.423285775533003, 6.891234879764813 ], [ 100.42307542810677, 6.891234879764813 ], [ 100.42307542810677, 6.891010300943851 ], [ 100.42240169164387, 6.891010300943853 ], [ 100.422401691643898, 6.892133195048932 ], [ 100.422177112822567, 6.89213319504892 ], [ 100.422177112822581, 6.892357773869973 ], [ 100.421952534001619, 6.892357773869971 ], [ 100.421952534001605, 6.893031510333034 ], [ 100.422177112822581, 6.893031510333044 ], [ 100.422177112822567, 6.893256089154082 ], [ 100.422401691643884, 6.893256089154094 ], [ 100.42240169164387, 6.893480667975137 ], [ 100.42262627046486, 6.893480667975147 ], [ 100.42262627046486, 6.893705246796189 ], [ 100.422850849285808, 6.89370524679619 ], [ 100.422850849285794, 6.89460356208031 ], [ 100.423300006927732, 6.894603562080305 ], [ 100.423300006927732, 6.894378983259251 ], [ 100.42352458574905, 6.894378983259245 ], [ 100.42352458574905, 6.893480667975146 ], [ 100.423300006927718, 6.893480667975133 ] ] ] ] } },
{ "type": "Feature", "properties": { "TB_IDN": 901604, "TB_TN": "ต.คลองหลา", "AP_IDN": 9016, "AP_TN": "อ.คลองหอยโข่ง", "PV_IDN": 90, "PV_TN": "จ.สงขลา", "RE_NESDB": "South", "RE_ROYIN": "South", "F_AREA": 179954.69768899999, "flood_area": 112.472, "A": 0.18 }, "geometry": { "type": "MultiPolygon", "coordinates": [ [ [ [ 100.376138454511491, 6.908078291342125 ], [ 100.376138454511491, 6.907853712521066 ], [ 100.375913875690529, 6.907853712521068 ], [ 100.375913875690543, 6.907404554878963 ], [ 100.375464718048605, 6.907404554878961 ], [ 100.375464718048605, 6.907179976057911 ], [ 100.375240139227643, 6.907179976057909 ], [ 100.375240139227643, 6.907404554878961 ], [ 100.375015560406311, 6.907404554878969 ], [ 100.375015560406311, 6.907853712521065 ], [ 100.374790981585349, 6.907853712521071 ], [ 100.374790981585349, 6.90830287016307 ], [ 100.375015560406325, 6.908302870163073 ], [ 100.375015560406339, 6.908752027805176 ], [ 100.375913875690514, 6.908752027805181 ], [ 100.375913875690529, 6.908078291342118 ], [ 100.376138454511491, 6.908078291342125 ] ] ], [ [ [ 100.381528346216356, 6.909201185447195 ], [ 100.381752925037304, 6.909201185447198 ], [ 100.381752925037304, 6.908976606626219 ], [ 100.382202082679257, 6.908976606626222 ], [ 100.382202082679257, 6.908527448984128 ], [ 100.381977503858266, 6.90852744898412 ], [ 100.381977503858295, 6.908302870163081 ], [ 100.381528346216356, 6.908302870163076 ], [ 100.381528346216356, 6.90807829134212 ], [ 100.381303767395394, 6.908078291342114 ], [ 100.38130376739538, 6.908302870163084 ], [ 100.381079188574446, 6.908302870163082 ], [ 100.381079188574432, 6.90852744898412 ], [ 100.380854609753101, 6.90852744898412 ], [ 100.380854609753115, 6.909201185447188 ], [ 100.380630030932139, 6.909201185447184 ], [ 100.380630030932167, 6.909425764268248 ], [ 100.380854609753129, 6.909425764268249 ], [ 100.380854609753115, 6.909650343089291 ], [ 100.381303767395408, 6.909650343089285 ], [ 100.381303767395394, 6.90942576426824 ], [ 100.381528346216356, 6.909425764268249 ], [ 100.381528346216356, 6.909201185447195 ] ] ], [ [ [ 100.376812190974732, 6.913019025404708 ], [ 100.377036769795694, 6.913019025404708 ], [ 100.377036769795694, 6.912345288941636 ], [ 100.376812190974732, 6.912345288941641 ], [ 100.376812190974746, 6.911671552478573 ], [ 100.376587612153784, 6.911671552478567 ], [ 100.37658761215377, 6.911222394836474 ], [ 100.376363033332808, 6.911222394836474 ], [ 100.376363033332822, 6.910997816015415 ], [ 100.375689296869567, 6.910997816015423 ], [ 100.375689296869567, 6.911222394836476 ], [ 100.375464718048605, 6.911222394836477 ], [ 100.375464718048619, 6.913019025404711 ], [ 100.375689296869552, 6.913019025404691 ], [ 100.375689296869567, 6.913243604225761 ], [ 100.376138454511491, 6.913243604225754 ], [ 100.376138454511491, 6.913468183046803 ], [ 100.376363033332822, 6.913468183046803 ], [ 100.376363033332808, 6.913243604225749 ], [ 100.376812190974732, 6.913243604225742 ], [ 100.376812190974732, 6.913019025404708 ] ] ], [ [ [ 100.385570764994739, 6.915264813615031 ], [ 100.386244501457981, 6.915264813615028 ], [ 100.386244501457981, 6.915040234793977 ], [ 100.386469080278957, 6.915040234793991 ], [ 100.386469080278928, 6.914815655972925 ], [ 100.38669365909989, 6.914815655972937 ], [ 100.386693659099905, 6.914591077151957 ], [ 100.386469080278957, 6.914591077151976 ], [ 100.386469080278943, 6.914366498330908 ], [ 100.386019922637018, 6.914366498330908 ], [ 100.386019922637018, 6.914591077151965 ], [ 100.385795343816071, 6.914591077151975 ], [ 100.385795343816056, 6.915040234793983 ], [ 100.385121607352815, 6.915040234793973 ], [ 100.385121607352815, 6.914815655972924 ], [ 100.384897028531853, 6.914815655972931 ], [ 100.384897028531867, 6.914591077151973 ], [ 100.384672449710877, 6.914591077151972 ], [ 100.384672449710891, 6.91436649833091 ], [ 100.384223292068611, 6.914366498330907 ], [ 100.384223292068611, 6.914141919509872 ], [ 100.383998713247664, 6.914141919509858 ], [ 100.383998713247649, 6.9134681830468 ], [ 100.383774134426702, 6.913468183046806 ], [ 100.383774134426687, 6.913243604225761 ], [ 100.383549555605711, 6.913243604225757 ], [ 100.383549555605711, 6.913019025404705 ], [ 100.383100397963446, 6.91301902540471 ], [ 100.383100397963432, 6.913692761867844 ], [ 100.383324976784408, 6.913692761867854 ], [ 100.383324976784408, 6.914141919509872 ], [ 100.383549555605711, 6.914141919509868 ], [ 100.383549555605711, 6.914591077151973 ], [ 100.383774134426702, 6.914591077151965 ], [ 100.383774134426687, 6.915040234793972 ], [ 100.383998713247649, 6.915040234793985 ], [ 100.383998713247649, 6.915264813615027 ], [ 100.384223292068626, 6.915264813615039 ], [ 100.384223292068597, 6.915489392436086 ], [ 100.384447870889574, 6.915489392436091 ], [ 100.384447870889574, 6.915713971257142 ], [ 100.385346186173777, 6.915713971257127 ], [ 100.385346186173777, 6.915489392436091 ], [ 100.385570764994739, 6.915489392436076 ], [ 100.385570764994739, 6.915264813615031 ] ] ], [ [ [ 100.392308129625718, 6.914591077151962 ], [ 100.392083550804756, 6.91459107715196 ], [ 100.39208355080477, 6.913692761867852 ], [ 100.391858971983808, 6.913692761867845 ], [ 100.391858971983808, 6.914141919509872 ], [ 100.391634393162505, 6.914141919509873 ], [ 100.391634393162491, 6.915489392436076 ], [ 100.39208355080477, 6.915489392436085 ], [ 100.39208355080477, 6.915264813615035 ], [ 100.392308129625732, 6.915264813615035 ], [ 100.392308129625718, 6.914591077151962 ] ] ], [ [ [ 100.377710506258921, 6.915713971257135 ], [ 100.377935085079912, 6.915713971257133 ], [ 100.377935085079898, 6.91459107715196 ], [ 100.377710506258936, 6.914591077151974 ], [ 100.37771050625895, 6.914141919509868 ], [ 100.377261348616642, 6.914141919509863 ], [ 100.377261348616656, 6.914366498330914 ], [ 100.377036769795694, 6.914366498330918 ], [ 100.377036769795694, 6.914815655972925 ], [ 100.376812190974746, 6.914815655972941 ], [ 100.376812190974732, 6.915264813615023 ], [ 100.37658761215377, 6.915264813615037 ], [ 100.376587612153756, 6.915489392436085 ], [ 100.376812190974732, 6.915489392436091 ], [ 100.376812190974732, 6.916387707720203 ], [ 100.377036769795708, 6.916387707720197 ], [ 100.37703676979568, 6.917061444183261 ], [ 100.377261348616656, 6.917061444183266 ], [ 100.377261348616656, 6.917286023004314 ], [ 100.377036769795708, 6.917286023004316 ], [ 100.377036769795694, 6.917510601825367 ], [ 100.377261348616656, 6.917510601825357 ], [ 100.377261348616656, 6.917959759467371 ], [ 100.377485927437618, 6.917959759467376 ], [ 100.377485927437618, 6.91773518064633 ], [ 100.377710506258921, 6.917735180646317 ], [ 100.377710506258921, 6.917959759467367 ], [ 100.377935085079898, 6.917959759467369 ], [ 100.377935085079898, 6.917061444183252 ], [ 100.37771050625895, 6.91706144418326 ], [ 100.377710506258921, 6.915713971257135 ] ] ], [ [ [ 100.38781655320507, 6.919082653572546 ], [ 100.388041132026018, 6.919082653572534 ], [ 100.388041132026032, 6.918633495930431 ], [ 100.387142816742184, 6.918633495930432 ], [ 100.38714281674217, 6.919082653572542 ], [ 100.386918237920867, 6.919082653572534 ], [ 100.386918237920867, 6.920430126498756 ], [ 100.38714281674217, 6.920430126498755 ], [ 100.387142816742184, 6.92065470531971 ], [ 100.387367395563146, 6.92065470531972 ], [ 100.38736739556316, 6.920879284140776 ], [ 100.387591974384108, 6.920879284140771 ], [ 100.387591974384108, 6.920654705319717 ], [ 100.387816553205084, 6.920654705319722 ], [ 100.38781655320507, 6.919082653572546 ] ] ] ] } }
]
}
