{
"type": "FeatureCollection",
"name": "flood_20251202",
"crs": { "type": "name", "properties": { "name": "urn:ogc:def:crs:OGC:1.3:CRS84" } },
"features": [
{ "type": "Feature", "properties": { "TB_IDN": 901101, "TB_TN": "ต.หาดใหญ่", "AP_IDN": 9011, "AP_TN": "อ.หาดใหญ่", "PV_IDN": 90, "PV_TN": "จ.สงขลา", "RE_NESDB": "South", "RE_ROYIN": "South", "F_AREA": 14749.366739200001, "flood_area": 9.21835, "A": 0.015 }, "geometry": { "type": "MultiPolygon", "coordinates": [ [ [ [ 100.462413064742165, 6.986459652106215 ], [ 100.462413064742165, 6.985112179179999 ], [ 100.462637643563127, 6.985112179179999 ], [ 100.462637643563127, 6.98488760035895 ], [ 100.463311380026369, 6.984887600358949 ], [ 100.463311380026369, 6.984663021537986 ], [ 100.463535958847331, 6.984663021537986 ], [ 100.463535958847331, 6.984647624379238 ], [ 100.463452665792033, 6.984570236154876 ], [ 100.463368461902306, 6.984508009784421 ], [ 100.463321599739984, 6.984462030060303 ], [ 100.46331379433326, 6.984453123982916 ], [ 100.463169231922237, 6.984325311141274 ], [ 100.462984308268247, 6.984213863895885 ], [ 100.462862222384445, 6.984213863895885 ], [ 100.462862222384445, 6.98414172939911 ], [ 100.462792006432906, 6.984116077504189 ], [ 100.462708421812877, 6.984096554842392 ], [ 100.462609037235154, 6.984098587258407 ], [ 100.462521748013614, 6.984134593571892 ], [ 100.462469657470891, 6.984229337607174 ], [ 100.462464040093394, 6.984272843150876 ], [ 100.462469166250585, 6.984370691988886 ], [ 100.462483577326822, 6.984445617686533 ], [ 100.462541192652225, 6.984640844220848 ], [ 100.462530827345034, 6.984660477397622 ], [ 100.462532821374694, 6.984697050507585 ], [ 100.462526341710415, 6.984742381017508 ], [ 100.462485726287568, 6.984832707327673 ], [ 100.462423376785651, 6.984922768272063 ], [ 100.462371432136095, 6.984969519412799 ], [ 100.46232770474532, 6.984990705560747 ], [ 100.462282095552013, 6.985003970367778 ], [ 100.462224945378708, 6.984991427617916 ], [ 100.462167987787609, 6.98496308959763 ], [ 100.461949594588717, 6.984776903127123 ], [ 100.46193445974103, 6.984765344876144 ], [ 100.461878975020383, 6.984744133978751 ], [ 100.461819072641504, 6.984740196105169 ], [ 100.461765622134195, 6.984753918042178 ], [ 100.461712646554005, 6.984791121453374 ], [ 100.461688307386083, 6.984827654588112 ], [ 100.461701417288666, 6.98489923930973 ], [ 100.461736786209528, 6.984985940621015 ], [ 100.461899618277442, 6.985298849124035 ], [ 100.462008100777936, 6.985587828373011 ], [ 100.462013494838246, 6.985600706290054 ], [ 100.462175601973073, 6.985956408083495 ], [ 100.462405112851116, 6.986459652106216 ], [ 100.462413064742165, 6.986459652106215 ] ] ] ] } },
{ "type": "Feature", "properties": { "TB_IDN": 901102, "TB_TN": "ต.ควนลัง", "AP_IDN": 9011, "AP_TN": "อ.หาดใหญ่", "PV_IDN": 90, "PV_TN": "จ.สงขลา", "RE_NESDB": "South", "RE_ROYIN": "South", "F_AREA": 70867.719317800002, "flood_area": 44.2923, "A": 0.071 }, "geometry": { "type": "MultiPolygon", "coordinates": [ [ [ [ 100.456124857753466, 6.972535765202311 ], [ 100.456349436574413, 6.972535765202305 ], [ 100.456349436574428, 6.971188292276175 ], [ 100.456124857753437, 6.97118829227617 ], [ 100.456124857753466, 6.970963713455117 ], [ 100.455675700111172, 6.970963713455119 ], [ 100.455675700111172, 6.971412871097228 ], [ 100.455451121290224, 6.971412871097239 ], [ 100.455451121290224, 6.972760344023361 ], [ 100.456124857753451, 6.972760344023353 ], [ 100.456124857753466, 6.972535765202311 ] ] ], [ [ [ 100.455900278932489, 6.981069760401437 ], [ 100.456124857753451, 6.981069760401433 ], [ 100.456124857753466, 6.980620602759435 ], [ 100.455900278932475, 6.980620602759426 ], [ 100.455900278932504, 6.980396023938381 ], [ 100.455675700111172, 6.980396023938373 ], [ 100.455675700111172, 6.97994686629637 ], [ 100.45545112129021, 6.979946866296358 ], [ 100.455451121290196, 6.979722287475305 ], [ 100.455675700111186, 6.97972228747531 ], [ 100.455675700111186, 6.978374814549096 ], [ 100.45545112129021, 6.978374814549091 ], [ 100.45545112129021, 6.977925656907087 ], [ 100.455226542469262, 6.977925656907074 ], [ 100.455226542469234, 6.977701078086033 ], [ 100.454328227185059, 6.977701078086041 ], [ 100.454328227185059, 6.979497708654268 ], [ 100.454103648364082, 6.979497708654253 ], [ 100.454103648364068, 6.979722287475302 ], [ 100.454328227185044, 6.979722287475306 ], [ 100.454328227185044, 6.980171445117324 ], [ 100.454552806006006, 6.980171445117327 ], [ 100.454552806006006, 6.980620602759429 ], [ 100.454777384827324, 6.980620602759419 ], [ 100.454777384827324, 6.980845181580471 ], [ 100.4550019636483, 6.980845181580476 ], [ 100.4550019636483, 6.98106976040144 ], [ 100.455226542469234, 6.981069760401431 ], [ 100.455226542469234, 6.981294339222486 ], [ 100.455900278932489, 6.981294339222483 ], [ 100.455900278932489, 6.981069760401437 ] ] ] ] } },
{ "type": "Feature", "properties": { "TB_IDN": 901103, "TB_TN": "ต.คูเต่า", "AP_IDN": 9011, "AP_TN": "อ.หาดใหญ่", "PV_IDN": 90, "PV_TN": "จ.สงขลา", "RE_NESDB": "South", "RE_ROYIN": "South", "F_AREA": 8482938.48171, "flood_area": 5301.84, "A": 8.484 }, "geometry": { "type": "MultiPolygon", "coordinates": [ [ [ [ 100.489362523265797, 7.084825175717255 ], [ 100.489587102086745, 7.084825175717262 ], [ 100.489587102086745, 7.085049754538302 ], [ 100.490036259729038, 7.085049754538307 ], [ 100.49003625972901, 7.085274333359352 ], [ 100.49115915383419, 7.085274333359354 ], [ 100.491159153834204, 7.085049754538303 ], [ 100.490934575012872, 7.08504975453832 ], [ 100.490934575012872, 7.084825175717257 ], [ 100.49070999619191, 7.084825175717259 ], [ 100.49070999619191, 7.08460059689629 ], [ 100.490260838549986, 7.084600596896302 ], [ 100.490260838549986, 7.084376018075256 ], [ 100.489587102086745, 7.084376018075256 ], [ 100.48958710208673, 7.084600596896294 ], [ 100.489362523265768, 7.084600596896289 ], [ 100.489362523265797, 7.084825175717255 ] ] ], [ [ [ 100.496324466717738, 7.102791481399644 ], [ 100.4965490455387, 7.102791481399633 ], [ 100.4965490455387, 7.10301606022069 ], [ 100.496907423281655, 7.103016060220696 ], [ 100.496860983002577, 7.102872690170276 ], [ 100.496569033891532, 7.101473956131651 ], [ 100.495670255120132, 7.097588863511312 ], [ 100.495529602396729, 7.096952432052936 ], [ 100.495426151433534, 7.096952432052945 ], [ 100.49542615143352, 7.097401589694947 ], [ 100.494976993791596, 7.097401589694963 ], [ 100.49497699379161, 7.097177010873906 ], [ 100.494527836149331, 7.097177010873897 ], [ 100.494527836149331, 7.096727853231893 ], [ 100.494303257328369, 7.096727853231888 ], [ 100.494303257328355, 7.095829537947778 ], [ 100.494078678507393, 7.095829537947777 ], [ 100.494078678507407, 7.095604959126733 ], [ 100.494303257328383, 7.095604959126721 ], [ 100.494303257328369, 7.09515580148463 ], [ 100.494527836149331, 7.095155801484619 ], [ 100.494527836149331, 7.095380380305671 ], [ 100.494752414970648, 7.095380380305675 ], [ 100.494752414970648, 7.095829537947779 ], [ 100.49497699379161, 7.095829537947778 ], [ 100.494976993791596, 7.096278695589781 ], [ 100.495201572612572, 7.096278695589782 ], [ 100.495201572612572, 7.096503274410846 ], [ 100.495426151433534, 7.096503274410837 ], [ 100.495426151433534, 7.096727853231887 ], [ 100.495479969993369, 7.096727853231884 ], [ 100.494934013557042, 7.094257486200499 ], [ 100.494752414970648, 7.094257486200506 ], [ 100.494752414970648, 7.094482065021549 ], [ 100.494527836149331, 7.094482065021555 ], [ 100.494527836149345, 7.094706643842601 ], [ 100.494303257328369, 7.094706643842613 ], [ 100.494303257328355, 7.094482065021556 ], [ 100.493854099686445, 7.094482065021561 ], [ 100.493854099686445, 7.094032907379556 ], [ 100.494303257328383, 7.09403290737955 ], [ 100.494303257328355, 7.093808328558499 ], [ 100.494752414970634, 7.093808328558501 ], [ 100.494752414970648, 7.093435781150546 ], [ 100.494139895104269, 7.090664225064057 ], [ 100.493854099686445, 7.090664225064051 ], [ 100.493854099686445, 7.089990488600986 ], [ 100.493990997894329, 7.089990488600987 ], [ 100.493180363223203, 7.086322494173599 ], [ 100.493180363223203, 7.086621806285493 ], [ 100.492955784402255, 7.086621806285496 ], [ 100.492955784402255, 7.087520121569608 ], [ 100.492731205581265, 7.087520121569599 ], [ 100.492731205581279, 7.087744700390646 ], [ 100.492057469118024, 7.08774470039065 ], [ 100.492057469118024, 7.087969279211707 ], [ 100.491832890297076, 7.087969279211705 ], [ 100.491832890297076, 7.088193858032747 ], [ 100.491383732655152, 7.08819385803275 ], [ 100.491383732655152, 7.087969279211711 ], [ 100.491159153834175, 7.0879692792117 ], [ 100.491159153834175, 7.087744700390648 ], [ 100.490934575012872, 7.087744700390654 ], [ 100.490934575012886, 7.08752012156961 ], [ 100.490260838549986, 7.087520121569598 ], [ 100.490260838549986, 7.088418436853797 ], [ 100.489811680907707, 7.088418436853818 ], [ 100.489811680907721, 7.088193858032752 ], [ 100.489362523265783, 7.08819385803276 ], [ 100.489362523265797, 7.087969279211705 ], [ 100.489137944444821, 7.087969279211697 ], [ 100.489137944444821, 7.087744700390659 ], [ 100.488913365623844, 7.087744700390659 ], [ 100.488913365623858, 7.087520121569602 ], [ 100.488688786802896, 7.087520121569598 ], [ 100.488688786802911, 7.087295542748641 ], [ 100.488239629160617, 7.087295542748643 ], [ 100.488239629160617, 7.087520121569602 ], [ 100.488015050339655, 7.087520121569614 ], [ 100.488015050339655, 7.087744700390657 ], [ 100.487341313876414, 7.087744700390652 ], [ 100.487341313876428, 7.087520121569596 ], [ 100.486892156234489, 7.087520121569606 ], [ 100.486892156234504, 7.087070963927593 ], [ 100.486667577413527, 7.087070963927583 ], [ 100.486667577413527, 7.086621806285493 ], [ 100.486892156234475, 7.086621806285498 ], [ 100.486892156234489, 7.086397227464524 ], [ 100.487116735055451, 7.086397227464528 ], [ 100.487116735055451, 7.086621806285482 ], [ 100.487790471518707, 7.086621806285484 ], [ 100.487790471518693, 7.086397227464531 ], [ 100.488015050339655, 7.086397227464524 ], [ 100.488015050339655, 7.085723491001365 ], [ 100.488239629160603, 7.085723491001373 ], [ 100.488239629160617, 7.085498912180409 ], [ 100.488015050339669, 7.085498912180404 ], [ 100.488015050339641, 7.085274333359354 ], [ 100.488239629160631, 7.085274333359354 ], [ 100.488239629160631, 7.084825175717257 ], [ 100.489137944444821, 7.084825175717252 ], [ 100.489137944444821, 7.084376018075242 ], [ 100.488688786802896, 7.084376018075255 ], [ 100.488688786802896, 7.083702281612091 ], [ 100.489137944444821, 7.083702281612093 ], [ 100.489137944444821, 7.083477702791124 ], [ 100.488239629160631, 7.083477702791127 ], [ 100.488239629160617, 7.083253123970084 ], [ 100.488015050339655, 7.083253123970087 ], [ 100.488015050339641, 7.083028545149035 ], [ 100.488239629160631, 7.083028545149032 ], [ 100.488239629160617, 7.082579387507019 ], [ 100.489587102086745, 7.082579387507009 ], [ 100.489587102086759, 7.082803966327981 ], [ 100.489811680907707, 7.082803966327985 ], [ 100.489811680907692, 7.083028545149028 ], [ 100.490260838549986, 7.083028545149026 ], [ 100.490260838549986, 7.083253123970088 ], [ 100.490709996191924, 7.08325312397009 ], [ 100.49070999619191, 7.083477702791136 ], [ 100.49115915383419, 7.083477702791131 ], [ 100.49115915383419, 7.083702281612089 ], [ 100.492628170110123, 7.083702281612085 ], [ 100.492120834422764, 7.081294617998727 ], [ 100.492103498949021, 7.08123191458081 ], [ 100.492057469118038, 7.081231914580795 ], [ 100.492057469118052, 7.081065422002331 ], [ 100.491975437507463, 7.0807687088909 ], [ 100.491869215436509, 7.080558178117744 ], [ 100.491832890297076, 7.080558178117747 ], [ 100.49183289029709, 7.080495466412574 ], [ 100.491638588380226, 7.080291265884887 ], [ 100.491350717554909, 7.080148631815275 ], [ 100.490485417370948, 7.079826240408092 ], [ 100.490485417370948, 7.079884441654682 ], [ 100.490036259729024, 7.079884441654679 ], [ 100.490036259729024, 7.08010902047563 ], [ 100.489811680907692, 7.080109020475634 ], [ 100.489811680907707, 7.080333599296682 ], [ 100.489587102086759, 7.080333599296681 ], [ 100.489587102086745, 7.081231914580798 ], [ 100.489362523265797, 7.081231914580803 ], [ 100.489362523265768, 7.081681072222906 ], [ 100.488688786802896, 7.081681072222906 ], [ 100.488688786802882, 7.081905651043868 ], [ 100.488239629160617, 7.08190565104387 ], [ 100.488239629160617, 7.08213022986491 ], [ 100.487341313876399, 7.082130229864916 ], [ 100.487341313876414, 7.082354808685958 ], [ 100.487116735055451, 7.082354808685959 ], [ 100.487116735055451, 7.08280396632798 ], [ 100.486892156234504, 7.082803966327987 ], [ 100.486892156234489, 7.083253123970073 ], [ 100.487116735055451, 7.083253123970086 ], [ 100.487116735055451, 7.084151439254194 ], [ 100.486892156234504, 7.084151439254207 ], [ 100.486892156234489, 7.084376018075243 ], [ 100.486667577413527, 7.084376018075249 ], [ 100.486667577413527, 7.084600596896294 ], [ 100.486442998592565, 7.084600596896305 ], [ 100.486442998592565, 7.085049754538312 ], [ 100.486218419771262, 7.085049754538315 ], [ 100.486218419771234, 7.084825175717266 ], [ 100.4859938409503, 7.084825175717262 ], [ 100.4859938409503, 7.083926860433154 ], [ 100.485769262129324, 7.083926860433141 ], [ 100.485769262129324, 7.083702281612089 ], [ 100.485544683308376, 7.083702281612095 ], [ 100.485544683308362, 7.08325312397008 ], [ 100.485095525666068, 7.08325312397008 ], [ 100.485095525666097, 7.085049754538304 ], [ 100.484646368024158, 7.085049754538304 ], [ 100.484646368024158, 7.085274333359362 ], [ 100.484197210382248, 7.085274333359357 ], [ 100.48419721038222, 7.085498912180409 ], [ 100.483748052739941, 7.085498912180415 ], [ 100.483748052739941, 7.085723491001365 ], [ 100.483523473918993, 7.085723491001373 ], [ 100.483523473918993, 7.086621806285479 ], [ 100.483748052739941, 7.086621806285493 ], [ 100.483748052739941, 7.086846385106546 ], [ 100.483523473919007, 7.086846385106543 ], [ 100.483523473919007, 7.087295542748635 ], [ 100.483298895098031, 7.087295542748643 ], [ 100.483298895098031, 7.087744700390659 ], [ 100.483074316277055, 7.087744700390662 ], [ 100.483074316277083, 7.088193858032759 ], [ 100.482849737456092, 7.088193858032764 ], [ 100.482849737456107, 7.088643015674772 ], [ 100.483523473918993, 7.088643015674772 ], [ 100.483523473918993, 7.088418436853802 ], [ 100.484646368024158, 7.088418436853805 ], [ 100.484646368024173, 7.088193858032746 ], [ 100.48487094684512, 7.08819385803275 ], [ 100.48487094684512, 7.087969279211705 ], [ 100.485320104487386, 7.087969279211705 ], [ 100.4853201044874, 7.088193858032749 ], [ 100.485544683308376, 7.088193858032762 ], [ 100.485544683308362, 7.088418436853818 ], [ 100.485769262129338, 7.088418436853805 ], [ 100.485769262129324, 7.088867594495822 ], [ 100.485544683308362, 7.088867594495811 ], [ 100.485544683308362, 7.089092173316872 ], [ 100.48487094684512, 7.089092173316877 ], [ 100.48487094684512, 7.088867594495818 ], [ 100.483972631560917, 7.088867594495829 ], [ 100.483972631560917, 7.089092173316872 ], [ 100.483298895098017, 7.089092173316872 ], [ 100.483298895098045, 7.089316752137931 ], [ 100.483074316277069, 7.089316752137913 ], [ 100.483074316277069, 7.089541330958883 ], [ 100.483298895098045, 7.089541330958878 ], [ 100.483298895098017, 7.089765909779934 ], [ 100.483523473918993, 7.089765909779939 ], [ 100.483523473918993, 7.089990488600977 ], [ 100.483298895098017, 7.089990488600976 ], [ 100.483298895098031, 7.090215067422028 ], [ 100.483074316277069, 7.090215067422039 ], [ 100.483074316277083, 7.090439646242999 ], [ 100.482176000992865, 7.090439646243006 ], [ 100.482176000992865, 7.090664225064049 ], [ 100.483748052739955, 7.090664225064055 ], [ 100.483748052739941, 7.090439646243005 ], [ 100.483972631560903, 7.090439646242999 ], [ 100.483972631560917, 7.090664225064057 ], [ 100.484197210382234, 7.090664225064057 ], [ 100.484197210382234, 7.090888803885107 ], [ 100.484421789203196, 7.090888803885108 ], [ 100.484421789203196, 7.091337961527111 ], [ 100.48419721038222, 7.09133796152711 ], [ 100.48419721038222, 7.091562540348161 ], [ 100.483298895098031, 7.091562540348164 ], [ 100.483298895098031, 7.091337961527111 ], [ 100.482849737456121, 7.091337961527106 ], [ 100.482849737456107, 7.091562540348161 ], [ 100.482400579813827, 7.091562540348164 ], [ 100.482400579813827, 7.091787119169215 ], [ 100.482176000992851, 7.091787119169214 ], [ 100.482176000992851, 7.092460855632271 ], [ 100.481951422171903, 7.092460855632289 ], [ 100.481951422171917, 7.09268543445332 ], [ 100.481726843350941, 7.092685434453331 ], [ 100.481726843350927, 7.092910013274372 ], [ 100.48150226452961, 7.092910013274373 ], [ 100.481502264529624, 7.094032907379539 ], [ 100.481726843350955, 7.094032907379545 ], [ 100.481726843350955, 7.094257486200503 ], [ 100.482176000992865, 7.094257486200503 ], [ 100.482176000992865, 7.09448206502156 ], [ 100.482400579813813, 7.09448206502156 ], [ 100.482400579813813, 7.094931222663657 ], [ 100.482625158634804, 7.094931222663655 ], [ 100.482625158634789, 7.095380380305674 ], [ 100.482849737456107, 7.095380380305679 ], [ 100.482849737456107, 7.096503274410844 ], [ 100.482625158634789, 7.096503274410832 ], [ 100.482625158634789, 7.096952432052952 ], [ 100.482400579813827, 7.096952432052933 ], [ 100.482400579813827, 7.097177010873912 ], [ 100.482625158634789, 7.097177010873899 ], [ 100.482625158634789, 7.098075326158025 ], [ 100.482849737456121, 7.098075326158016 ], [ 100.482849737456107, 7.098299904979076 ], [ 100.483074316277069, 7.098299904979061 ], [ 100.483074316277069, 7.098075326158018 ], [ 100.483298895098031, 7.098075326158026 ], [ 100.483298895098031, 7.09785074733705 ], [ 100.483523473918979, 7.097850747337054 ], [ 100.483523473918993, 7.097401589694945 ], [ 100.483748052739969, 7.097401589694956 ], [ 100.483748052739969, 7.097177010873907 ], [ 100.484197210382234, 7.097177010873906 ], [ 100.484197210382234, 7.096952432052949 ], [ 100.484421789203196, 7.09695243205295 ], [ 100.484421789203196, 7.097401589694954 ], [ 100.48487094684512, 7.097401589694959 ], [ 100.48487094684512, 7.097850747337054 ], [ 100.485095525666097, 7.097850747337058 ], [ 100.485095525666082, 7.097626168516016 ], [ 100.4853201044874, 7.097626168516001 ], [ 100.4853201044874, 7.097401589694956 ], [ 100.485544683308362, 7.097401589694953 ], [ 100.485544683308376, 7.096727853231895 ], [ 100.485769262129338, 7.096727853231885 ], [ 100.48576926212931, 7.096503274410836 ], [ 100.4859938409503, 7.096503274410835 ], [ 100.485993840950286, 7.096952432052935 ], [ 100.486218419771262, 7.096952432052934 ], [ 100.486218419771248, 7.09785074733705 ], [ 100.4859938409503, 7.097850747337048 ], [ 100.485993840950286, 7.098299904979061 ], [ 100.485769262129338, 7.098299904979075 ], [ 100.485769262129338, 7.09852448380011 ], [ 100.485095525666082, 7.098524483800121 ], [ 100.485095525666082, 7.098299904979061 ], [ 100.484646368024158, 7.098299904979067 ], [ 100.484646368024158, 7.098075326158021 ], [ 100.484421789203196, 7.098075326158021 ], [ 100.484421789203196, 7.098299904979068 ], [ 100.484197210382234, 7.098299904979075 ], [ 100.484197210382248, 7.098524483800125 ], [ 100.483748052739941, 7.098524483800118 ], [ 100.483748052739969, 7.098973641442124 ], [ 100.483298895098031, 7.098973641442127 ], [ 100.483298895098017, 7.099198220263189 ], [ 100.483074316277069, 7.099198220263184 ], [ 100.483074316277069, 7.098973641442141 ], [ 100.482849737456107, 7.098973641442129 ], [ 100.482849737456092, 7.098749062621173 ], [ 100.482400579813827, 7.098749062621173 ], [ 100.482400579813842, 7.098973641442134 ], [ 100.482176000992865, 7.098973641442128 ], [ 100.482176000992851, 7.099422799084238 ], [ 100.481951422171903, 7.099422799084237 ], [ 100.481951422171917, 7.099647377905283 ], [ 100.481502264529624, 7.099647377905283 ], [ 100.48150226452961, 7.09942279908424 ], [ 100.481277685708648, 7.099422799084223 ], [ 100.481277685708662, 7.099198220263191 ], [ 100.4810531068877, 7.099198220263174 ], [ 100.481053106887714, 7.098973641442135 ], [ 100.480828528066752, 7.098973641442122 ], [ 100.480828528066738, 7.099198220263189 ], [ 100.480603949245761, 7.099198220263175 ], [ 100.480603949245776, 7.09942279908423 ], [ 100.480379370424458, 7.09942279908423 ], [ 100.480379370424458, 7.099647377905291 ], [ 100.479481055140596, 7.099647377905288 ], [ 100.479481055140596, 7.09987195672624 ], [ 100.479031897498331, 7.09987195672625 ], [ 100.479031897498345, 7.100096535547287 ], [ 100.478807318677369, 7.100096535547303 ], [ 100.478807318677383, 7.100545693189407 ], [ 100.479031897498317, 7.100545693189398 ], [ 100.479031897498345, 7.100770272010446 ], [ 100.47948105514061, 7.100770272010443 ], [ 100.479481055140624, 7.100545693189398 ], [ 100.479705633961572, 7.100545693189407 ], [ 100.479705633961586, 7.10032111436835 ], [ 100.480154791603496, 7.100321114368349 ], [ 100.480154791603496, 7.1000965355473 ], [ 100.481502264529624, 7.100096535547305 ], [ 100.481502264529624, 7.100770272010449 ], [ 100.480603949245776, 7.100770272010446 ], [ 100.48060394924579, 7.102117744936568 ], [ 100.480379370424458, 7.102117744936571 ], [ 100.480379370424458, 7.102342323757637 ], [ 100.480154791603496, 7.102342323757624 ], [ 100.480154791603496, 7.102791481399641 ], [ 100.47993021278252, 7.102791481399638 ], [ 100.47993021278252, 7.103240639041735 ], [ 100.479705633961572, 7.103240639041751 ], [ 100.479705633961572, 7.103465217862793 ], [ 100.479481055140624, 7.103465217862787 ], [ 100.479481055140624, 7.103689796683759 ], [ 100.479256476319293, 7.103689796683765 ], [ 100.479256476319307, 7.103914375504804 ], [ 100.478582739856407, 7.103914375504801 ], [ 100.478582739856421, 7.104363533146902 ], [ 100.478807318677369, 7.104363533146902 ], [ 100.478807318677369, 7.104588111967963 ], [ 100.478582739856407, 7.104588111967955 ], [ 100.478582739856407, 7.104812690788912 ], [ 100.478133582214483, 7.104812690788929 ], [ 100.478133582214483, 7.105486427252078 ], [ 100.478358161035445, 7.105486427252078 ], [ 100.478358161035459, 7.105711006073032 ], [ 100.478582739856421, 7.105711006073041 ], [ 100.478582739856407, 7.106160163715142 ], [ 100.478807318677369, 7.106160163715143 ], [ 100.478807318677354, 7.106384742536184 ], [ 100.479031897498331, 7.106384742536199 ], [ 100.479031897498345, 7.106833900178195 ], [ 100.478807318677369, 7.106833900178191 ], [ 100.478807318677383, 7.107058478999259 ], [ 100.478133582214483, 7.107058478999245 ], [ 100.478133582214497, 7.106833900178192 ], [ 100.477459845751255, 7.106833900178206 ], [ 100.477459845751241, 7.107058478999254 ], [ 100.477235266930279, 7.107058478999255 ], [ 100.477235266930279, 7.107283057820296 ], [ 100.477010688109317, 7.1072830578203 ], [ 100.477010688109317, 7.107507636641273 ], [ 100.476786109288, 7.107507636641275 ], [ 100.476786109288, 7.107283057820298 ], [ 100.476112372825128, 7.107283057820302 ], [ 100.476112372825128, 7.107507636641274 ], [ 100.476336951646076, 7.107507636641264 ], [ 100.47633695164609, 7.107732215462324 ], [ 100.476561530467038, 7.107732215462326 ], [ 100.476561530467023, 7.107956794283367 ], [ 100.476786109288, 7.107956794283373 ], [ 100.476786109288, 7.107732215462312 ], [ 100.477909003393179, 7.107732215462316 ], [ 100.477909003393165, 7.107956794283378 ], [ 100.478133582214497, 7.107956794283375 ], [ 100.478133582214468, 7.108181373104419 ], [ 100.478358161035445, 7.108181373104414 ], [ 100.478358161035445, 7.108630530746432 ], [ 100.478582739856407, 7.108630530746431 ], [ 100.478582739856407, 7.108855109567484 ], [ 100.478358161035445, 7.108855109567473 ], [ 100.478358161035445, 7.109528846030544 ], [ 100.478582739856407, 7.10952884603055 ], [ 100.478582739856407, 7.109753424851586 ], [ 100.478807318677383, 7.1097534248516 ], [ 100.478807318677369, 7.109978003672647 ], [ 100.47948105514061, 7.109978003672638 ], [ 100.47948105514061, 7.109528846030553 ], [ 100.480379370424444, 7.109528846030548 ], [ 100.480379370424458, 7.109304267209578 ], [ 100.480828528066723, 7.109304267209593 ], [ 100.480828528066738, 7.109079688388523 ], [ 100.481635062565317, 7.109079688388526 ], [ 100.481570461575146, 7.109027235202388 ], [ 100.481522950274297, 7.108905010612292 ], [ 100.481540833170513, 7.108603719633897 ], [ 100.481634287463365, 7.108358668487512 ], [ 100.481728254320075, 7.108273646087536 ], [ 100.481784797518969, 7.108273465348731 ], [ 100.481813219722937, 7.108320442329 ], [ 100.481813430826605, 7.108386336457116 ], [ 100.481663825419801, 7.108753943463369 ], [ 100.481664126986203, 7.108848078171136 ], [ 100.481721032155875, 7.108960858998463 ], [ 100.481777695712196, 7.10899833197928 ], [ 100.481992236214538, 7.109015551772435 ], [ 100.483633689762542, 7.109304267209582 ], [ 100.483748052739941, 7.109304267209591 ], [ 100.483748052739955, 7.109079688388531 ], [ 100.484421789203182, 7.109079688388529 ], [ 100.484421789203196, 7.108855109567488 ], [ 100.484646368024158, 7.108855109567487 ], [ 100.484646368024158, 7.108630530746428 ], [ 100.48487094684512, 7.108630530746437 ], [ 100.48487094684512, 7.108181373104411 ], [ 100.485028421935155, 7.108181373104409 ], [ 100.485095525666097, 7.1078582064206 ], [ 100.485095525666082, 7.107732215462319 ], [ 100.485121686974935, 7.107732215462326 ], [ 100.485336593632752, 7.106697240639235 ], [ 100.48540520614894, 7.106639198619141 ], [ 100.485472217324229, 7.106609594266484 ], [ 100.485517313849485, 7.106610689872674 ], [ 100.486491575215823, 7.106688555503954 ], [ 100.487411715932154, 7.106833900178207 ], [ 100.487790471518707, 7.106833900178202 ], [ 100.487790471518693, 7.106609321357154 ], [ 100.488239629160617, 7.106609321357142 ], [ 100.488239629160617, 7.106384742536179 ], [ 100.488464207981579, 7.106384742536189 ], [ 100.488464207981579, 7.106160163715129 ], [ 100.488913365623844, 7.106160163715139 ], [ 100.488913365623858, 7.106384742536198 ], [ 100.489137944444821, 7.106384742536197 ], [ 100.489137944444806, 7.106609321357152 ], [ 100.489362523265783, 7.106609321357145 ], [ 100.489362523265783, 7.106833900178195 ], [ 100.489587102086745, 7.106833900178192 ], [ 100.489587102086745, 7.107058478999253 ], [ 100.490036259729024, 7.107058478999259 ], [ 100.490036259729024, 7.106833900178196 ], [ 100.490260838549972, 7.106833900178201 ], [ 100.490260838549986, 7.106609321357145 ], [ 100.49070999619191, 7.10660932135716 ], [ 100.49070999619191, 7.106833900178199 ], [ 100.490934575012872, 7.106833900178194 ], [ 100.490934575012872, 7.107732215462323 ], [ 100.491832890297076, 7.107732215462324 ], [ 100.491832890297076, 7.107956794283365 ], [ 100.492057469118024, 7.107956794283366 ], [ 100.492057469118038, 7.108181373104422 ], [ 100.492282047939341, 7.108181373104427 ], [ 100.492282047939341, 7.108405951925473 ], [ 100.492506626760317, 7.108405951925479 ], [ 100.492506626760331, 7.108630530746433 ], [ 100.492955784402241, 7.108630530746433 ], [ 100.492955784402227, 7.108855109567489 ], [ 100.493180363223189, 7.108855109567475 ], [ 100.493180363223203, 7.109064489620786 ], [ 100.49560561608466, 7.10926147016882 ], [ 100.496549045538686, 7.109349312139241 ], [ 100.496549045538686, 7.109304267209575 ], [ 100.496324466717738, 7.109304267209575 ], [ 100.496324466717752, 7.109079688388541 ], [ 100.49609988789679, 7.109079688388525 ], [ 100.496099887896762, 7.108855109567484 ], [ 100.495650730254496, 7.108855109567477 ], [ 100.495650730254496, 7.108405951925473 ], [ 100.494078678507407, 7.108405951925477 ], [ 100.494078678507421, 7.108181373104418 ], [ 100.493854099686445, 7.108181373104411 ], [ 100.493854099686445, 7.107058478999262 ], [ 100.493629520865483, 7.107058478999246 ], [ 100.493629520865483, 7.105486427252074 ], [ 100.493854099686445, 7.105486427252071 ], [ 100.493854099686445, 7.105037269609966 ], [ 100.494078678507407, 7.105037269609977 ], [ 100.494078678507393, 7.104588111967956 ], [ 100.494303257328383, 7.10458811196796 ], [ 100.494303257328369, 7.104363533146913 ], [ 100.494527836149331, 7.10436353314691 ], [ 100.494527836149331, 7.103689796683764 ], [ 100.494303257328369, 7.103689796683763 ], [ 100.494303257328369, 7.103465217862798 ], [ 100.494078678507421, 7.103465217862794 ], [ 100.494078678507393, 7.103240639041751 ], [ 100.494303257328383, 7.103240639041739 ], [ 100.494303257328383, 7.102791481399641 ], [ 100.494527836149317, 7.102791481399634 ], [ 100.494527836149345, 7.102342323757634 ], [ 100.495650730254496, 7.102342323757631 ], [ 100.495650730254511, 7.102117744936582 ], [ 100.496099887896776, 7.102117744936583 ], [ 100.49609988789679, 7.102342323757632 ], [ 100.496324466717738, 7.102342323757636 ], [ 100.496324466717738, 7.102791481399644 ] ], [ [ 100.494303257328369, 7.102342323757626 ], [ 100.494303257328369, 7.100770272010449 ], [ 100.494527836149331, 7.100770272010455 ], [ 100.494527836149345, 7.100321114368355 ], [ 100.494752414970662, 7.10032111436835 ], [ 100.494752414970648, 7.100096535547302 ], [ 100.495426151433534, 7.100096535547297 ], [ 100.495426151433534, 7.10032111436835 ], [ 100.496099887896776, 7.100321114368357 ], [ 100.496099887896776, 7.100545693189392 ], [ 100.496324466717752, 7.100545693189394 ], [ 100.496324466717738, 7.101219429652473 ], [ 100.496099887896776, 7.101219429652454 ], [ 100.49609988789679, 7.101668587294566 ], [ 100.495650730254482, 7.101668587294563 ], [ 100.495650730254496, 7.10189316611552 ], [ 100.494752414970648, 7.101893166115536 ], [ 100.494752414970634, 7.102117744936577 ], [ 100.494527836149331, 7.102117744936575 ], [ 100.494527836149345, 7.102342323757634 ], [ 100.494303257328369, 7.102342323757626 ] ], [ [ 100.487341313876414, 7.088867594495825 ], [ 100.487565892697731, 7.088867594495819 ], [ 100.487565892697717, 7.088643015674764 ], [ 100.487790471518693, 7.088643015674775 ], [ 100.487790471518693, 7.088193858032754 ], [ 100.488015050339641, 7.088193858032757 ], [ 100.488015050339655, 7.087969279211713 ], [ 100.488464207981593, 7.087969279211705 ], [ 100.488464207981579, 7.088193858032752 ], [ 100.488688786802896, 7.088193858032759 ], [ 100.488688786802911, 7.089092173316863 ], [ 100.488464207981565, 7.089092173316869 ], [ 100.488464207981579, 7.089316752137921 ], [ 100.488239629160603, 7.089316752137926 ], [ 100.488239629160617, 7.089541330958886 ], [ 100.488015050339655, 7.089541330958887 ], [ 100.488015050339655, 7.089765909779931 ], [ 100.487341313876428, 7.089765909779933 ], [ 100.487341313876414, 7.089541330958878 ], [ 100.487116735055437, 7.08954133095888 ], [ 100.487116735055451, 7.089316752137931 ], [ 100.487341313876414, 7.089316752137913 ], [ 100.487341313876414, 7.088867594495825 ] ], [ [ 100.485320104487414, 7.08931675213793 ], [ 100.486218419771248, 7.08931675213793 ], [ 100.486218419771248, 7.089541330958878 ], [ 100.486442998592565, 7.089541330958874 ], [ 100.48644299859258, 7.089765909779941 ], [ 100.486667577413527, 7.089765909779941 ], [ 100.486667577413527, 7.089990488600983 ], [ 100.486892156234489, 7.089990488600979 ], [ 100.486892156234489, 7.090215067422034 ], [ 100.487341313876428, 7.09021506742203 ], [ 100.487341313876428, 7.090439646243008 ], [ 100.487565892697731, 7.090439646242996 ], [ 100.487565892697731, 7.090664225064058 ], [ 100.487341313876414, 7.090664225064057 ], [ 100.487341313876414, 7.090888803885093 ], [ 100.486667577413527, 7.090888803885094 ], [ 100.486667577413527, 7.090664225064058 ], [ 100.486218419771248, 7.090664225064041 ], [ 100.486218419771234, 7.090439646242991 ], [ 100.485769262129338, 7.090439646242999 ], [ 100.485769262129324, 7.090215067422029 ], [ 100.4853201044874, 7.090215067422029 ], [ 100.485320104487414, 7.08931675213793 ] ], [ [ 100.489137944444821, 7.092685434453326 ], [ 100.488688786802911, 7.092685434453323 ], [ 100.488688786802896, 7.09246085563229 ], [ 100.488239629160617, 7.092460855632277 ], [ 100.488239629160603, 7.092011697990269 ], [ 100.486892156234475, 7.092011697990256 ], [ 100.486892156234475, 7.091337961527105 ], [ 100.487116735055451, 7.091337961527113 ], [ 100.487116735055466, 7.09111338270616 ], [ 100.488239629160617, 7.091113382706149 ], [ 100.488239629160617, 7.091337961527117 ], [ 100.488464207981579, 7.091337961527113 ], [ 100.488464207981579, 7.091562540348171 ], [ 100.488688786802911, 7.091562540348171 ], [ 100.488688786802896, 7.091787119169215 ], [ 100.488913365623844, 7.091787119169215 ], [ 100.488913365623858, 7.092011697990261 ], [ 100.489137944444821, 7.092011697990273 ], [ 100.489137944444821, 7.092685434453326 ] ], [ [ 100.483298895098031, 7.092685434453323 ], [ 100.483298895098031, 7.092460855632274 ], [ 100.483523473918993, 7.092460855632273 ], [ 100.483523473918979, 7.092236276811315 ], [ 100.483972631560903, 7.092236276811311 ], [ 100.483972631560917, 7.092460855632289 ], [ 100.484197210382248, 7.092460855632283 ], [ 100.484197210382234, 7.092685434453331 ], [ 100.48487094684512, 7.092685434453326 ], [ 100.48487094684512, 7.092460855632284 ], [ 100.485095525666082, 7.092460855632269 ], [ 100.485095525666097, 7.091337961527114 ], [ 100.485993840950286, 7.091337961527121 ], [ 100.4859938409503, 7.091562540348167 ], [ 100.486218419771248, 7.091562540348154 ], [ 100.486218419771234, 7.091787119169222 ], [ 100.485993840950272, 7.09178711916922 ], [ 100.485993840950286, 7.092011697990262 ], [ 100.485769262129324, 7.092011697990264 ], [ 100.485769262129324, 7.092460855632274 ], [ 100.485544683308348, 7.092460855632273 ], [ 100.485544683308376, 7.092910013274372 ], [ 100.485769262129324, 7.092910013274374 ], [ 100.485769262129324, 7.093359170916383 ], [ 100.485993840950286, 7.093359170916387 ], [ 100.485993840950286, 7.09358374973744 ], [ 100.485769262129324, 7.093583749737439 ], [ 100.485769262129324, 7.093808328558501 ], [ 100.48487094684512, 7.093808328558501 ], [ 100.48487094684512, 7.093583749737443 ], [ 100.484421789203182, 7.093583749737449 ], [ 100.484421789203196, 7.09335917091639 ], [ 100.483972631560917, 7.093359170916384 ], [ 100.483972631560917, 7.09313459209544 ], [ 100.483748052739955, 7.093134592095433 ], [ 100.483748052739969, 7.092910013274383 ], [ 100.483523473918993, 7.092910013274389 ], [ 100.483523473918993, 7.092685434453338 ], [ 100.483298895098031, 7.092685434453323 ] ], [ [ 100.484197210382234, 7.096727853231899 ], [ 100.484197210382248, 7.096503274410835 ], [ 100.483972631560917, 7.096503274410829 ], [ 100.483972631560917, 7.096278695589796 ], [ 100.484197210382234, 7.096278695589795 ], [ 100.484197210382234, 7.09493122266367 ], [ 100.484421789203182, 7.094931222663654 ], [ 100.484421789203196, 7.094706643842617 ], [ 100.484870946845135, 7.094706643842616 ], [ 100.48487094684512, 7.094931222663667 ], [ 100.485095525666097, 7.094931222663656 ], [ 100.485095525666097, 7.095155801484624 ], [ 100.4853201044874, 7.095155801484617 ], [ 100.4853201044874, 7.09605411676883 ], [ 100.485095525666097, 7.096054116768824 ], [ 100.485095525666082, 7.096503274410832 ], [ 100.48487094684512, 7.096503274410838 ], [ 100.48487094684512, 7.09672785323188 ], [ 100.484197210382234, 7.096727853231899 ] ], [ [ 100.484197210382234, 7.099647377905276 ], [ 100.484421789203196, 7.099647377905286 ], [ 100.484421789203196, 7.09987195672625 ], [ 100.484197210382234, 7.099871956726238 ], [ 100.484197210382234, 7.100096535547305 ], [ 100.483972631560917, 7.10009653554729 ], [ 100.483972631560917, 7.100321114368355 ], [ 100.483298895098045, 7.100321114368358 ], [ 100.483298895098031, 7.10009653554729 ], [ 100.483074316277069, 7.100096535547308 ], [ 100.483074316277083, 7.099422799084232 ], [ 100.484197210382234, 7.099422799084239 ], [ 100.484197210382234, 7.099647377905276 ] ], [ [ 100.490934575012886, 7.080109020475637 ], [ 100.490934575012872, 7.080333599296686 ], [ 100.491383732655152, 7.080333599296685 ], [ 100.491383732655152, 7.080782756938785 ], [ 100.491608311476114, 7.080782756938785 ], [ 100.491608311476114, 7.081007335759753 ], [ 100.491383732655166, 7.081007335759741 ], [ 100.491383732655152, 7.08145649340185 ], [ 100.490934575012858, 7.081456493401848 ], [ 100.490934575012858, 7.081681072222906 ], [ 100.49070999619191, 7.081681072222896 ], [ 100.490709996191896, 7.080782756938796 ], [ 100.490485417370948, 7.080782756938797 ], [ 100.490485417370962, 7.080333599296695 ], [ 100.490709996191896, 7.080333599296686 ], [ 100.49070999619191, 7.080109020475637 ], [ 100.490934575012886, 7.080109020475637 ] ], [ [ 100.490709996191896, 7.081905651043864 ], [ 100.490485417370948, 7.08190565104386 ], [ 100.490485417370962, 7.081681072222898 ], [ 100.49070999619191, 7.081681072222896 ], [ 100.490709996191896, 7.081905651043864 ] ], [ [ 100.493629520865483, 7.091787119169217 ], [ 100.493854099686445, 7.091787119169213 ], [ 100.493854099686445, 7.091562540348162 ], [ 100.494078678507407, 7.091562540348161 ], [ 100.494078678507407, 7.091787119169208 ], [ 100.494303257328355, 7.091787119169224 ], [ 100.494303257328369, 7.093134592095443 ], [ 100.493629520865468, 7.093134592095432 ], [ 100.493629520865483, 7.092685434453331 ], [ 100.493404942044521, 7.092685434453322 ], [ 100.493404942044535, 7.092236276811324 ], [ 100.493629520865483, 7.092236276811327 ], [ 100.493629520865483, 7.091787119169217 ] ], [ [ 100.487790471518707, 7.094482065021564 ], [ 100.487790471518707, 7.093808328558494 ], [ 100.488464207981565, 7.093808328558498 ], [ 100.488464207981579, 7.09403290737954 ], [ 100.488688786802882, 7.094032907379553 ], [ 100.488688786802896, 7.094482065021558 ], [ 100.488464207981579, 7.094482065021569 ], [ 100.488464207981565, 7.094706643842615 ], [ 100.488239629160631, 7.094706643842605 ], [ 100.488239629160617, 7.094482065021561 ], [ 100.487790471518707, 7.094482065021564 ] ], [ [ 100.494752414970648, 7.098075326158014 ], [ 100.494752414970634, 7.098299904979076 ], [ 100.49497699379161, 7.098299904979062 ], [ 100.49497699379161, 7.098749062621179 ], [ 100.494303257328369, 7.098749062621162 ], [ 100.494303257328369, 7.098524483800125 ], [ 100.494078678507407, 7.098524483800111 ], [ 100.494078678507407, 7.098075326158026 ], [ 100.494752414970648, 7.098075326158014 ] ] ], [ [ [ 100.482176000992879, 7.095604959126717 ], [ 100.481951422171903, 7.095604959126722 ], [ 100.481951422171903, 7.09538038030567 ], [ 100.481277685708648, 7.09538038030567 ], [ 100.481277685708662, 7.095155801484632 ], [ 100.480603949245776, 7.095155801484631 ], [ 100.48060394924579, 7.095604959126725 ], [ 100.480379370424458, 7.095604959126733 ], [ 100.480379370424458, 7.09605411676883 ], [ 100.480603949245776, 7.09605411676882 ], [ 100.48060394924579, 7.096278695589784 ], [ 100.481053106887686, 7.09627869558979 ], [ 100.481053106887714, 7.096503274410829 ], [ 100.48150226452961, 7.096503274410835 ], [ 100.481502264529638, 7.096727853231894 ], [ 100.481726843350955, 7.096727853231886 ], [ 100.481726843350941, 7.096503274410844 ], [ 100.481951422171903, 7.096503274410848 ], [ 100.481951422171903, 7.096054116768824 ], [ 100.482176000992879, 7.096054116768829 ], [ 100.482176000992879, 7.095604959126717 ] ] ], [ [ [ 100.476786109288, 7.105486427252079 ], [ 100.477010688109303, 7.105486427252083 ], [ 100.477010688109317, 7.105261848431026 ], [ 100.477235266930279, 7.10526184843102 ], [ 100.477235266930279, 7.104812690788913 ], [ 100.476561530467038, 7.104812690788928 ], [ 100.476561530467038, 7.105037269609967 ], [ 100.476112372825128, 7.105037269609966 ], [ 100.476112372825114, 7.10526184843102 ], [ 100.475887794004166, 7.10526184843102 ], [ 100.475887794004151, 7.10548642725207 ], [ 100.475438636361858, 7.105486427252074 ], [ 100.475438636361872, 7.106160163715133 ], [ 100.476112372825114, 7.106160163715143 ], [ 100.476112372825114, 7.105935584894079 ], [ 100.47633695164609, 7.105935584894095 ], [ 100.476336951646076, 7.10571100607303 ], [ 100.476786109288, 7.105711006073041 ], [ 100.476786109288, 7.105486427252079 ] ] ], [ [ [ 100.489362523265783, 7.112672949524987 ], [ 100.489587102086745, 7.112672949524995 ], [ 100.489587102086745, 7.112223791882888 ], [ 100.489811680907707, 7.112223791882897 ], [ 100.489811680907707, 7.111999213061935 ], [ 100.490934575012886, 7.111999213061932 ], [ 100.490934575012872, 7.111774634240879 ], [ 100.491159153834204, 7.11177463424087 ], [ 100.49115915383419, 7.111550055419835 ], [ 100.491383732655166, 7.111550055419827 ], [ 100.491383732655152, 7.110876318956765 ], [ 100.491159153834204, 7.110876318956755 ], [ 100.49115915383419, 7.110651740135715 ], [ 100.490934575012886, 7.110651740135705 ], [ 100.490934575012872, 7.110427161314654 ], [ 100.490709996191924, 7.110427161314669 ], [ 100.49070999619191, 7.110202582493707 ], [ 100.490485417370962, 7.110202582493695 ], [ 100.490485417370948, 7.109753424851602 ], [ 100.490260838549986, 7.109753424851603 ], [ 100.490260838549986, 7.109079688388532 ], [ 100.490036259729024, 7.109079688388539 ], [ 100.490036259729024, 7.108855109567479 ], [ 100.489811680907721, 7.108855109567487 ], [ 100.489811680907692, 7.108630530746432 ], [ 100.48958710208673, 7.10863053074643 ], [ 100.489587102086745, 7.108405951925462 ], [ 100.489137944444821, 7.108405951925461 ], [ 100.489137944444821, 7.108181373104414 ], [ 100.488688786802896, 7.108181373104416 ], [ 100.488688786802911, 7.107956794283364 ], [ 100.488239629160617, 7.107956794283374 ], [ 100.488239629160617, 7.107732215462309 ], [ 100.487116735055451, 7.107732215462318 ], [ 100.487116735055451, 7.107956794283373 ], [ 100.486667577413527, 7.107956794283377 ], [ 100.486667577413527, 7.107732215462314 ], [ 100.486442998592551, 7.107732215462326 ], [ 100.486442998592565, 7.10795679428336 ], [ 100.486218419771262, 7.107956794283365 ], [ 100.486218419771248, 7.108181373104427 ], [ 100.485993840950272, 7.108181373104412 ], [ 100.485993840950286, 7.108405951925461 ], [ 100.485769262129324, 7.108405951925462 ], [ 100.485769262129324, 7.108855109567487 ], [ 100.485544683308362, 7.108855109567473 ], [ 100.485544683308348, 7.109753424851599 ], [ 100.48576926212931, 7.10975342485159 ], [ 100.485769262129324, 7.109978003672658 ], [ 100.486667577413527, 7.109978003672657 ], [ 100.486667577413513, 7.11020258249369 ], [ 100.486892156234475, 7.110202582493704 ], [ 100.486892156234489, 7.110427161314667 ], [ 100.487116735055451, 7.110427161314671 ], [ 100.487116735055451, 7.110651740135702 ], [ 100.487341313876399, 7.110651740135709 ], [ 100.487341313876428, 7.111325476598782 ], [ 100.487116735055451, 7.111325476598772 ], [ 100.487116735055451, 7.111550055419833 ], [ 100.486667577413527, 7.111550055419829 ], [ 100.486667577413527, 7.11132547659878 ], [ 100.4859938409503, 7.111325476598783 ], [ 100.485993840950286, 7.111100897777821 ], [ 100.485320104487414, 7.111100897777807 ], [ 100.485320104487386, 7.111550055419825 ], [ 100.485544683308362, 7.111550055419826 ], [ 100.485544683308362, 7.111774634240868 ], [ 100.486218419771262, 7.111774634240875 ], [ 100.486218419771248, 7.111999213061924 ], [ 100.486442998592551, 7.111999213061917 ], [ 100.486442998592565, 7.112223791882881 ], [ 100.486667577413527, 7.112223791882888 ], [ 100.486667577413542, 7.112897528346048 ], [ 100.486892156234489, 7.112897528346037 ], [ 100.486892156234489, 7.113122107167087 ], [ 100.487341313876399, 7.113122107167088 ], [ 100.487341313876414, 7.113346685988047 ], [ 100.487790471518693, 7.113346685988049 ], [ 100.487790471518693, 7.113571264809107 ], [ 100.488688786802896, 7.113571264809105 ], [ 100.488688786802911, 7.113346685988065 ], [ 100.488913365623858, 7.113346685988061 ], [ 100.488913365623873, 7.113122107167084 ], [ 100.489362523265783, 7.113122107167086 ], [ 100.489362523265783, 7.112672949524987 ] ] ], [ [ [ 100.478358161035459, 7.113122107167084 ], [ 100.479031897498317, 7.1131221071671 ], [ 100.479031897498331, 7.112672949524991 ], [ 100.478582739856407, 7.112672949524986 ], [ 100.478582739856407, 7.112448370703938 ], [ 100.478133582214468, 7.112448370703945 ], [ 100.478133582214483, 7.112223791882886 ], [ 100.477909003393165, 7.112223791882893 ], [ 100.477909003393151, 7.111999213061934 ], [ 100.477459845751241, 7.111999213061927 ], [ 100.477459845751241, 7.111774634240875 ], [ 100.476786109288014, 7.111774634240867 ], [ 100.476786109288, 7.111550055419833 ], [ 100.476336951646076, 7.11155005541983 ], [ 100.476336951646076, 7.111325476598777 ], [ 100.476112372825114, 7.111325476598774 ], [ 100.476112372825114, 7.111100897777808 ], [ 100.475887794004151, 7.111100897777805 ], [ 100.475887794004151, 7.110876318956769 ], [ 100.475663215182834, 7.110876318956757 ], [ 100.475663215182834, 7.110651740135712 ], [ 100.475438636361872, 7.110651740135713 ], [ 100.475438636361872, 7.110202582493696 ], [ 100.47521405754091, 7.110202582493699 ], [ 100.475214057540896, 7.109753424851602 ], [ 100.474989478719948, 7.109753424851597 ], [ 100.474989478719948, 7.109528846030551 ], [ 100.474091163435759, 7.109528846030555 ], [ 100.474091163435745, 7.109753424851596 ], [ 100.473866584614782, 7.109753424851592 ], [ 100.473866584614768, 7.110427161314663 ], [ 100.473642005793806, 7.110427161314666 ], [ 100.47364200579382, 7.110651740135707 ], [ 100.472743690509617, 7.110651740135721 ], [ 100.472743690509631, 7.110876318956758 ], [ 100.472519111688669, 7.110876318956754 ], [ 100.472519111688655, 7.111325476598768 ], [ 100.472743690509603, 7.111325476598772 ], [ 100.472743690509617, 7.111550055419827 ], [ 100.473192848151541, 7.111550055419821 ], [ 100.473192848151555, 7.111325476598775 ], [ 100.473866584614782, 7.111325476598779 ], [ 100.473866584614768, 7.111550055419821 ], [ 100.474540321077654, 7.111550055419826 ], [ 100.474540321077683, 7.111325476598775 ], [ 100.474764899898986, 7.111325476598772 ], [ 100.474764899898972, 7.111100897777811 ], [ 100.474989478719948, 7.111100897777814 ], [ 100.474989478719948, 7.111325476598781 ], [ 100.47521405754091, 7.111325476598783 ], [ 100.47521405754091, 7.111999213061933 ], [ 100.474989478719962, 7.111999213061924 ], [ 100.474989478719948, 7.112223791882889 ], [ 100.474764899898986, 7.112223791882895 ], [ 100.474764899898986, 7.112448370703935 ], [ 100.474989478719948, 7.112448370703937 ], [ 100.474989478719962, 7.112672949525003 ], [ 100.47521405754091, 7.112672949524999 ], [ 100.47521405754091, 7.113346685988066 ], [ 100.475663215182834, 7.113346685988045 ], [ 100.475663215182834, 7.113122107167102 ], [ 100.476112372825128, 7.113122107167087 ], [ 100.476112372825114, 7.112897528346042 ], [ 100.476786109288, 7.112897528346042 ], [ 100.476786109288, 7.113122107167097 ], [ 100.477235266930279, 7.113122107167093 ], [ 100.477235266930293, 7.113346685988057 ], [ 100.477684424572217, 7.113346685988049 ], [ 100.477684424572217, 7.113122107167092 ], [ 100.478133582214483, 7.113122107167088 ], [ 100.478133582214483, 7.112897528346047 ], [ 100.478358161035445, 7.112897528346046 ], [ 100.478358161035459, 7.113122107167084 ] ] ], [ [ [ 100.481951422171917, 7.111325476598775 ], [ 100.481502264529624, 7.111325476598769 ], [ 100.481502264529624, 7.111100897777812 ], [ 100.4810531068877, 7.111100897777809 ], [ 100.4810531068877, 7.111325476598765 ], [ 100.480603949245761, 7.111325476598766 ], [ 100.480603949245776, 7.111550055419831 ], [ 100.480379370424444, 7.111550055419827 ], [ 100.480379370424458, 7.11222379188288 ], [ 100.480828528066738, 7.11222379188288 ], [ 100.480828528066738, 7.112448370703947 ], [ 100.481053106887714, 7.112448370703949 ], [ 100.4810531068877, 7.112223791882887 ], [ 100.481277685708662, 7.112223791882891 ], [ 100.481277685708648, 7.111999213061938 ], [ 100.481951422171903, 7.111999213061937 ], [ 100.481951422171917, 7.112223791882887 ], [ 100.482625158634789, 7.1122237918829 ], [ 100.482625158634789, 7.112672949524995 ], [ 100.483074316277083, 7.112672949524988 ], [ 100.483074316277069, 7.112897528346041 ], [ 100.483298895098031, 7.112897528346045 ], [ 100.483298895098017, 7.112223791882884 ], [ 100.483074316277069, 7.112223791882886 ], [ 100.483074316277069, 7.111999213061936 ], [ 100.482625158634804, 7.111999213061924 ], [ 100.482625158634789, 7.11177463424087 ], [ 100.482176000992865, 7.111774634240885 ], [ 100.482176000992865, 7.111550055419819 ], [ 100.481951422171903, 7.11155005541982 ], [ 100.481951422171917, 7.111325476598775 ] ] ], [ [ [ 100.474091163435759, 7.112223791882888 ], [ 100.474091163435745, 7.111999213061926 ], [ 100.473192848151527, 7.111999213061931 ], [ 100.473192848151541, 7.112223791882895 ], [ 100.472743690509631, 7.112223791882894 ], [ 100.472743690509603, 7.112897528346034 ], [ 100.472968269330579, 7.112897528346044 ], [ 100.472968269330579, 7.113122107167094 ], [ 100.473192848151527, 7.113122107167085 ], [ 100.473192848151541, 7.112897528346043 ], [ 100.474091163435759, 7.112897528346032 ], [ 100.474091163435745, 7.112672949524993 ], [ 100.474315742256707, 7.112672949525001 ], [ 100.474315742256707, 7.112223791882886 ], [ 100.474091163435759, 7.112223791882888 ] ] ], [ [ [ 100.483972631560917, 7.115143316556295 ], [ 100.483972631560917, 7.114694158914272 ], [ 100.484421789203196, 7.114694158914275 ], [ 100.484421789203196, 7.114469580093231 ], [ 100.484646368024173, 7.114469580093228 ], [ 100.484646368024173, 7.114245001272163 ], [ 100.485095525666097, 7.114245001272176 ], [ 100.485095525666068, 7.113795843630161 ], [ 100.483523473918993, 7.113795843630164 ], [ 100.483523473919007, 7.114020422451204 ], [ 100.483298895098017, 7.114020422451198 ], [ 100.483298895098017, 7.114469580093223 ], [ 100.483074316277055, 7.114469580093225 ], [ 100.483074316277069, 7.11536789537733 ], [ 100.482849737456107, 7.11536789537733 ], [ 100.482849737456092, 7.116041631840405 ], [ 100.483074316277083, 7.116041631840401 ], [ 100.483074316277069, 7.116266210661446 ], [ 100.483298895098017, 7.116266210661445 ], [ 100.483298895098031, 7.116041631840398 ], [ 100.483523473919007, 7.116041631840395 ], [ 100.483523473919007, 7.115817053019429 ], [ 100.483748052739955, 7.11581705301943 ], [ 100.483748052739941, 7.115143316556287 ], [ 100.483972631560917, 7.115143316556295 ] ] ], [ [ [ 100.489362523265768, 7.130190097565366 ], [ 100.489811680907692, 7.130190097565367 ], [ 100.489811680907721, 7.129965518744307 ], [ 100.490036259729038, 7.129965518744313 ], [ 100.490036259729024, 7.129067203460191 ], [ 100.489811680907707, 7.129067203460203 ], [ 100.489811680907721, 7.128618045818098 ], [ 100.490036259729024, 7.128618045818098 ], [ 100.490036259729038, 7.12839346699704 ], [ 100.490241206724505, 7.128393466997033 ], [ 100.49023373329355, 7.127502979124007 ], [ 100.490260838549972, 7.127421007455529 ], [ 100.49026083855, 7.127270572891964 ], [ 100.49115915383419, 7.127270572891966 ], [ 100.49115915383419, 7.127045994070907 ], [ 100.491608311476128, 7.127045994070906 ], [ 100.491608311476128, 7.126821415249861 ], [ 100.492057469118024, 7.12682141524986 ], [ 100.492057469118038, 7.126596836428805 ], [ 100.493076874588482, 7.126596836428817 ], [ 100.492891916489526, 7.12638073186052 ], [ 100.492536176284219, 7.125939497277616 ], [ 100.49249311669233, 7.125848108367833 ], [ 100.492450058925186, 7.125756717635693 ], [ 100.492412956835793, 7.125616496691595 ], [ 100.492258600173159, 7.125110545176788 ], [ 100.491995621102532, 7.12412646939752 ], [ 100.491608311476099, 7.124126469397511 ], [ 100.491608311476128, 7.124351048218566 ], [ 100.49115915383419, 7.124351048218573 ], [ 100.49115915383419, 7.124126469397523 ], [ 100.490934575012872, 7.124126469397515 ], [ 100.490934575012872, 7.123901890576472 ], [ 100.490709996191924, 7.123901890576471 ], [ 100.490709996191924, 7.123677311755418 ], [ 100.490934575012872, 7.12367731175541 ], [ 100.490934575012872, 7.123452732934448 ], [ 100.49115915383419, 7.123452732934456 ], [ 100.49115915383419, 7.122554417650335 ], [ 100.490934575012872, 7.122554417650333 ], [ 100.490934575012872, 7.122329838829289 ], [ 100.491159153834175, 7.122329838829286 ], [ 100.491159153834204, 7.121656102366235 ], [ 100.490934575012872, 7.121656102366219 ], [ 100.490934575012858, 7.121431523545176 ], [ 100.490485417370934, 7.121431523545183 ], [ 100.490485417370948, 7.121656102366224 ], [ 100.489811680907721, 7.121656102366219 ], [ 100.489811680907707, 7.12188068118718 ], [ 100.488913365623858, 7.121880681187186 ], [ 100.488913365623858, 7.121206944724118 ], [ 100.489137944444821, 7.121206944724134 ], [ 100.489137944444821, 7.120982365903082 ], [ 100.489362523265783, 7.120982365903068 ], [ 100.489362523265783, 7.120084050618965 ], [ 100.488913365623858, 7.120084050618955 ], [ 100.488913365623844, 7.119634892976943 ], [ 100.488464207981579, 7.119634892976949 ], [ 100.488464207981565, 7.119410314155896 ], [ 100.488239629160617, 7.119410314155892 ], [ 100.488239629160617, 7.118961156513798 ], [ 100.488015050339655, 7.118961156513802 ], [ 100.488015050339655, 7.118511998871789 ], [ 100.488913365623858, 7.118511998871775 ], [ 100.488913365623858, 7.118736577692827 ], [ 100.489587102086745, 7.118736577692824 ], [ 100.489587102086745, 7.118511998871775 ], [ 100.490036259729024, 7.118511998871775 ], [ 100.49003625972901, 7.118736577692832 ], [ 100.490260838549986, 7.118736577692824 ], [ 100.490260838549986, 7.118961156513802 ], [ 100.490934575012872, 7.118961156513799 ], [ 100.490934575012858, 7.118736577692824 ], [ 100.491383732655152, 7.118736577692825 ], [ 100.491383732655137, 7.118961156513789 ], [ 100.492057469118038, 7.1189611565138 ], [ 100.492057469118024, 7.118511998871783 ], [ 100.492282047939355, 7.118511998871782 ], [ 100.492282047939355, 7.118287420050729 ], [ 100.492057469118024, 7.118287420050738 ], [ 100.492057469118038, 7.118062841229672 ], [ 100.492282047939355, 7.118062841229675 ], [ 100.492282047939355, 7.117389104766623 ], [ 100.491832890297076, 7.117389104766625 ], [ 100.49183289029709, 7.117613683587675 ], [ 100.491608311476099, 7.117613683587676 ], [ 100.491608311476114, 7.117838262408711 ], [ 100.491383732655152, 7.117838262408707 ], [ 100.491383732655137, 7.118062841229685 ], [ 100.49115915383419, 7.118062841229672 ], [ 100.49115915383419, 7.117838262408716 ], [ 100.490934575012872, 7.117838262408718 ], [ 100.490934575012886, 7.11761368358767 ], [ 100.491159153834175, 7.117613683587662 ], [ 100.49115915383419, 7.117164525945558 ], [ 100.491383732655152, 7.117164525945564 ], [ 100.491383732655152, 7.116715368303544 ], [ 100.491608311476114, 7.116715368303553 ], [ 100.491608311476099, 7.116266210661442 ], [ 100.491832890297076, 7.116266210661449 ], [ 100.491832890297076, 7.114918737735315 ], [ 100.491608311476099, 7.114918737735317 ], [ 100.491608311476114, 7.114469580093219 ], [ 100.491383732655152, 7.114469580093212 ], [ 100.491383732655152, 7.114694158914262 ], [ 100.491159153834204, 7.114694158914275 ], [ 100.49115915383419, 7.115143316556277 ], [ 100.490934575012886, 7.115143316556279 ], [ 100.490934575012858, 7.11536789537733 ], [ 100.490709996191924, 7.115367895377334 ], [ 100.490709996191896, 7.115592474198377 ], [ 100.48958710208673, 7.115592474198391 ], [ 100.489587102086745, 7.115817053019445 ], [ 100.489362523265783, 7.115817053019441 ], [ 100.489362523265768, 7.115592474198376 ], [ 100.488913365623858, 7.115592474198383 ], [ 100.488913365623844, 7.115143316556292 ], [ 100.488688786802896, 7.115143316556289 ], [ 100.488688786802911, 7.114918737735315 ], [ 100.488464207981579, 7.114918737735327 ], [ 100.488464207981579, 7.114694158914277 ], [ 100.488015050339655, 7.114694158914278 ], [ 100.488015050339655, 7.114469580093223 ], [ 100.486667577413527, 7.114469580093228 ], [ 100.486667577413527, 7.114245001272172 ], [ 100.485544683308376, 7.114245001272174 ], [ 100.485544683308376, 7.114694158914276 ], [ 100.4853201044874, 7.114694158914276 ], [ 100.485320104487386, 7.115143316556284 ], [ 100.485095525666097, 7.115143316556281 ], [ 100.485095525666082, 7.11559247419839 ], [ 100.484870946845106, 7.115592474198388 ], [ 100.484870946845135, 7.116041631840408 ], [ 100.484646368024158, 7.116041631840393 ], [ 100.484646368024173, 7.116266210661445 ], [ 100.484421789203196, 7.116266210661447 ], [ 100.484421789203196, 7.11671536830355 ], [ 100.484197210382234, 7.116715368303557 ], [ 100.484197210382234, 7.117164525945566 ], [ 100.483972631560903, 7.117164525945564 ], [ 100.483972631560917, 7.117613683587678 ], [ 100.483748052739955, 7.117613683587671 ], [ 100.483748052739955, 7.118511998871785 ], [ 100.483523473918993, 7.118511998871772 ], [ 100.483523473918979, 7.118736577692838 ], [ 100.483298895098017, 7.118736577692827 ], [ 100.483298895098031, 7.118961156513793 ], [ 100.483074316277083, 7.118961156513798 ], [ 100.483074316277069, 7.118736577692836 ], [ 100.482849737456107, 7.118736577692824 ], [ 100.482849737456107, 7.118511998871788 ], [ 100.483074316277083, 7.118511998871773 ], [ 100.483074316277069, 7.117613683587675 ], [ 100.482849737456121, 7.117613683587676 ], [ 100.482849737456107, 7.117389104766617 ], [ 100.482625158634789, 7.117389104766625 ], [ 100.482625158634804, 7.117164525945574 ], [ 100.482400579813842, 7.117164525945574 ], [ 100.482400579813827, 7.116939947124597 ], [ 100.482176000992865, 7.116939947124597 ], [ 100.482176000992865, 7.114694158914278 ], [ 100.482400579813827, 7.114694158914281 ], [ 100.482400579813827, 7.114245001272172 ], [ 100.482625158634804, 7.11424500127217 ], [ 100.482625158634804, 7.114020422451205 ], [ 100.482849737456107, 7.114020422451198 ], [ 100.482849737456107, 7.113346685988063 ], [ 100.482400579813827, 7.113346685988046 ], [ 100.482400579813827, 7.113122107167099 ], [ 100.481277685708676, 7.113122107167096 ], [ 100.481277685708662, 7.113346685988053 ], [ 100.4810531068877, 7.113346685988049 ], [ 100.481053106887686, 7.114020422451211 ], [ 100.48150226452961, 7.114020422451205 ], [ 100.48150226452961, 7.11536789537733 ], [ 100.481277685708662, 7.115367895377343 ], [ 100.481277685708662, 7.116266210661452 ], [ 100.481053106887686, 7.116266210661443 ], [ 100.4810531068877, 7.116490789482493 ], [ 100.480828528066752, 7.116490789482506 ], [ 100.480828528066738, 7.1140204224512 ], [ 100.48060394924579, 7.114020422451198 ], [ 100.480603949245776, 7.113795843630167 ], [ 100.480379370424458, 7.113795843630161 ], [ 100.480379370424458, 7.113571264809108 ], [ 100.479705633961586, 7.113571264809099 ], [ 100.479705633961572, 7.113795843630162 ], [ 100.478358161035445, 7.113795843630154 ], [ 100.47835816103543, 7.11402042245121 ], [ 100.478133582214483, 7.114020422451211 ], [ 100.478133582214497, 7.114245001272172 ], [ 100.477909003393165, 7.114245001272164 ], [ 100.477909003393165, 7.114694158914268 ], [ 100.477684424572203, 7.114694158914281 ], [ 100.477684424572217, 7.115592474198389 ], [ 100.477459845751255, 7.115592474198378 ], [ 100.477459845751227, 7.115817053019427 ], [ 100.476786109288014, 7.115817053019427 ], [ 100.476786109288014, 7.116041631840396 ], [ 100.476561530467038, 7.116041631840398 ], [ 100.476561530467038, 7.116266210661444 ], [ 100.476336951646076, 7.116266210661444 ], [ 100.476336951646076, 7.116490789482509 ], [ 100.476112372825114, 7.116490789482501 ], [ 100.476112372825114, 7.116715368303557 ], [ 100.475663215182848, 7.116715368303543 ], [ 100.475663215182834, 7.116939947124613 ], [ 100.475438636361872, 7.116939947124595 ], [ 100.475438636361872, 7.117164525945566 ], [ 100.474540321077654, 7.117164525945561 ], [ 100.474540321077669, 7.116939947124613 ], [ 100.474315742256721, 7.116939947124597 ], [ 100.474315742256707, 7.116715368303559 ], [ 100.474091163435745, 7.11671536830355 ], [ 100.474091163435745, 7.116490789482506 ], [ 100.472968269330579, 7.116490789482496 ], [ 100.472968269330579, 7.116715368303543 ], [ 100.472743690509617, 7.116715368303549 ], [ 100.472743690509617, 7.116939947124595 ], [ 100.472968269330579, 7.116939947124609 ], [ 100.472968269330579, 7.117613683587673 ], [ 100.472743690509631, 7.117613683587667 ], [ 100.472743690509631, 7.11828742005074 ], [ 100.473417426972858, 7.11828742005074 ], [ 100.473417426972873, 7.118511998871775 ], [ 100.473866584614782, 7.118511998871782 ], [ 100.473866584614782, 7.118736577692828 ], [ 100.474764899899, 7.11873657769283 ], [ 100.474764899898972, 7.118961156513794 ], [ 100.475214057540924, 7.118961156513786 ], [ 100.475214057540896, 7.119185735334842 ], [ 100.475663215182834, 7.119185735334844 ], [ 100.475663215182834, 7.119410314155896 ], [ 100.475887794004151, 7.119410314155893 ], [ 100.475887794004151, 7.119185735334848 ], [ 100.476561530467038, 7.119185735334845 ], [ 100.476561530467023, 7.119410314155893 ], [ 100.477010688109317, 7.119410314155888 ], [ 100.477010688109303, 7.120084050618953 ], [ 100.477235266930279, 7.12008405061896 ], [ 100.477235266930265, 7.120308629440011 ], [ 100.477010688109317, 7.12030862944001 ], [ 100.477010688109317, 7.121431523545186 ], [ 100.476786109288, 7.121431523545176 ], [ 100.476786109288, 7.122105260008249 ], [ 100.476561530467052, 7.122105260008235 ], [ 100.476561530467052, 7.122329838829294 ], [ 100.476786109287985, 7.122329838829287 ], [ 100.476786109288, 7.122778996471297 ], [ 100.477010688109303, 7.122778996471294 ], [ 100.477010688109303, 7.123003575292363 ], [ 100.477459845751241, 7.123003575292346 ], [ 100.477459845751241, 7.123228154113399 ], [ 100.479031897498331, 7.123228154113409 ], [ 100.479031897498317, 7.123452732934465 ], [ 100.479256476319307, 7.123452732934459 ], [ 100.479256476319293, 7.123901890576469 ], [ 100.47948105514061, 7.123901890576475 ], [ 100.47948105514061, 7.124126469397527 ], [ 100.479705633961572, 7.124126469397515 ], [ 100.479705633961586, 7.123901890576465 ], [ 100.479930212782534, 7.123901890576478 ], [ 100.479930212782534, 7.123677311755411 ], [ 100.480603949245776, 7.123677311755426 ], [ 100.480603949245776, 7.123452732934453 ], [ 100.480828528066738, 7.123452732934457 ], [ 100.480828528066738, 7.12255441765034 ], [ 100.481726843350941, 7.122554417650348 ], [ 100.481726843350941, 7.1227789964713 ], [ 100.482400579813842, 7.122778996471294 ], [ 100.482400579813827, 7.122554417650341 ], [ 100.482625158634804, 7.122554417650343 ], [ 100.482625158634789, 7.122778996471312 ], [ 100.483074316277069, 7.122778996471302 ], [ 100.483074316277069, 7.123003575292348 ], [ 100.483298895098031, 7.123003575292363 ], [ 100.483298895098031, 7.12322815411341 ], [ 100.483523473918993, 7.123228154113406 ], [ 100.483523473918979, 7.123003575292358 ], [ 100.483748052739955, 7.123003575292348 ], [ 100.483748052739969, 7.122778996471303 ], [ 100.483972631560917, 7.122778996471313 ], [ 100.483972631560917, 7.12232983882929 ], [ 100.484421789203196, 7.122329838829293 ], [ 100.484421789203196, 7.122105260008233 ], [ 100.484646368024158, 7.122105260008249 ], [ 100.484646368024158, 7.121431523545168 ], [ 100.484421789203182, 7.121431523545183 ], [ 100.484421789203196, 7.121206944724116 ], [ 100.484646368024158, 7.121206944724118 ], [ 100.484646368024158, 7.12075778708212 ], [ 100.485544683308348, 7.120757787082112 ], [ 100.485544683308348, 7.120982365903081 ], [ 100.487790471518693, 7.120982365903084 ], [ 100.487790471518707, 7.12120694472413 ], [ 100.488015050339655, 7.12120694472412 ], [ 100.488015050339641, 7.121656102366235 ], [ 100.487790471518679, 7.121656102366219 ], [ 100.487790471518693, 7.121880681187182 ], [ 100.486892156234475, 7.121880681187196 ], [ 100.486892156234489, 7.121656102366218 ], [ 100.48576926212931, 7.121656102366235 ], [ 100.485769262129324, 7.122105260008243 ], [ 100.485544683308376, 7.122105260008243 ], [ 100.485544683308362, 7.122329838829289 ], [ 100.4853201044874, 7.122329838829287 ], [ 100.4853201044874, 7.123003575292348 ], [ 100.485544683308376, 7.123003575292362 ], [ 100.485544683308362, 7.122778996471299 ], [ 100.485993840950286, 7.1227789964713 ], [ 100.485993840950286, 7.122554417650345 ], [ 100.489811680907707, 7.122554417650346 ], [ 100.489811680907707, 7.122778996471308 ], [ 100.490036259729024, 7.12277899647131 ], [ 100.490036259729024, 7.123228154113399 ], [ 100.489811680907707, 7.12322815411341 ], [ 100.489811680907707, 7.123452732934452 ], [ 100.488688786802896, 7.123452732934459 ], [ 100.488688786802896, 7.123677311755412 ], [ 100.487565892697731, 7.123677311755423 ], [ 100.487565892697731, 7.123901890576465 ], [ 100.486892156234489, 7.123901890576464 ], [ 100.486892156234504, 7.124126469397514 ], [ 100.486442998592565, 7.124126469397522 ], [ 100.486442998592565, 7.124351048218566 ], [ 100.485544683308362, 7.124351048218572 ], [ 100.485544683308362, 7.124575627039525 ], [ 100.4853201044874, 7.124575627039538 ], [ 100.4853201044874, 7.12480020586058 ], [ 100.485544683308362, 7.124800205860576 ], [ 100.485544683308362, 7.125024784681628 ], [ 100.48576926212931, 7.125024784681641 ], [ 100.48576926212931, 7.125249363502676 ], [ 100.485993840950286, 7.12524936350268 ], [ 100.485993840950286, 7.125473942323739 ], [ 100.486218419771234, 7.125473942323743 ], [ 100.486218419771234, 7.126147678786809 ], [ 100.48644299859258, 7.126147678786802 ], [ 100.48644299859258, 7.126372257607852 ], [ 100.486667577413527, 7.126372257607849 ], [ 100.486667577413527, 7.12659683642881 ], [ 100.486892156234489, 7.126596836428823 ], [ 100.486892156234489, 7.126821415249874 ], [ 100.487116735055466, 7.126821415249855 ], [ 100.487116735055437, 7.127045994070913 ], [ 100.487341313876414, 7.127045994070914 ], [ 100.487341313876414, 7.127270572891974 ], [ 100.488913365623858, 7.127270572891968 ], [ 100.488913365623858, 7.127495151712921 ], [ 100.489137944444821, 7.127495151712933 ], [ 100.489137944444821, 7.127719730533982 ], [ 100.488913365623858, 7.127719730533973 ], [ 100.488913365623858, 7.127944309355023 ], [ 100.488464207981593, 7.127944309355033 ], [ 100.488464207981565, 7.128168888176077 ], [ 100.488239629160617, 7.128168888176085 ], [ 100.488239629160617, 7.128393466997037 ], [ 100.488015050339669, 7.12839346699705 ], [ 100.488015050339655, 7.12861804581809 ], [ 100.488688786802896, 7.128618045818092 ], [ 100.488688786802882, 7.128393466997049 ], [ 100.489137944444821, 7.128393466997039 ], [ 100.489137944444821, 7.129965518744306 ], [ 100.489362523265783, 7.129965518744304 ], [ 100.489362523265768, 7.130190097565366 ] ], [ [ 100.481277685708648, 7.117389104766622 ], [ 100.481502264529624, 7.117389104766617 ], [ 100.48150226452961, 7.118961156513799 ], [ 100.4810531068877, 7.11896115651379 ], [ 100.481053106887714, 7.118736577692827 ], [ 100.480828528066738, 7.118736577692834 ], [ 100.480828528066738, 7.118287420050738 ], [ 100.48060394924579, 7.118287420050724 ], [ 100.480603949245776, 7.11716452594557 ], [ 100.480828528066723, 7.117164525945563 ], [ 100.480828528066738, 7.116939947124611 ], [ 100.481277685708662, 7.1169399471246 ], [ 100.481277685708648, 7.117389104766622 ] ], [ [ 100.486218419771248, 7.117613683587665 ], [ 100.486218419771248, 7.117389104766624 ], [ 100.486667577413527, 7.11738910476661 ], [ 100.486667577413527, 7.117613683587658 ], [ 100.486892156234475, 7.117613683587669 ], [ 100.486892156234475, 7.118287420050723 ], [ 100.486667577413527, 7.118287420050724 ], [ 100.486667577413527, 7.118511998871774 ], [ 100.486442998592551, 7.11851199887179 ], [ 100.486442998592565, 7.118287420050732 ], [ 100.4859938409503, 7.118287420050723 ], [ 100.4859938409503, 7.117613683587659 ], [ 100.486218419771248, 7.117613683587665 ] ], [ [ 100.477909003393179, 7.122329838829289 ], [ 100.477909003393165, 7.122105260008235 ], [ 100.477684424572203, 7.122105260008249 ], [ 100.477684424572203, 7.121431523545183 ], [ 100.478358161035445, 7.121431523545184 ], [ 100.478358161035445, 7.121656102366225 ], [ 100.478582739856392, 7.121656102366234 ], [ 100.478582739856407, 7.122105260008236 ], [ 100.478358161035459, 7.122105260008237 ], [ 100.478358161035445, 7.122329838829291 ], [ 100.477909003393179, 7.122329838829289 ] ] ], [ [ [ 100.477459845751241, 7.126372257607861 ], [ 100.477684424572203, 7.126372257607851 ], [ 100.477684424572203, 7.126596836428804 ], [ 100.478133582214483, 7.126596836428812 ], [ 100.478133582214483, 7.127270572891967 ], [ 100.478358161035445, 7.127270572891973 ], [ 100.478358161035445, 7.127495151712935 ], [ 100.478582739856421, 7.127495151712928 ], [ 100.478582739856421, 7.127270572891971 ], [ 100.478807318677369, 7.127270572891963 ], [ 100.478807318677369, 7.127045994070907 ], [ 100.479930212782534, 7.12704599407091 ], [ 100.479930212782534, 7.126596836428812 ], [ 100.479705633961558, 7.126596836428822 ], [ 100.479705633961572, 7.126147678786802 ], [ 100.47948105514061, 7.126147678786793 ], [ 100.479481055140624, 7.125698521144695 ], [ 100.479705633961572, 7.125698521144689 ], [ 100.479705633961572, 7.124575627039529 ], [ 100.479256476319293, 7.124575627039533 ], [ 100.479256476319307, 7.124351048218568 ], [ 100.479031897498317, 7.124351048218575 ], [ 100.479031897498317, 7.124575627039536 ], [ 100.477684424572203, 7.124575627039532 ], [ 100.477684424572203, 7.124351048218569 ], [ 100.477459845751241, 7.124351048218575 ], [ 100.477459845751241, 7.123677311755413 ], [ 100.477235266930279, 7.123677311755429 ], [ 100.477235266930265, 7.123452732934454 ], [ 100.475438636361858, 7.123452732934456 ], [ 100.475438636361872, 7.123901890576479 ], [ 100.475887794004151, 7.123901890576469 ], [ 100.475887794004151, 7.12412646939752 ], [ 100.476786109288, 7.124126469397518 ], [ 100.476786109288, 7.12435104821857 ], [ 100.477010688109317, 7.124351048218575 ], [ 100.477010688109303, 7.125473942323739 ], [ 100.476786109288, 7.125473942323744 ], [ 100.476786109288, 7.126821415249861 ], [ 100.476561530467038, 7.126821415249874 ], [ 100.476561530467038, 7.127719730533979 ], [ 100.477010688109303, 7.127719730533976 ], [ 100.477010688109317, 7.127495151712921 ], [ 100.477235266930279, 7.127495151712936 ], [ 100.477235266930279, 7.127270572891959 ], [ 100.477459845751241, 7.127270572891972 ], [ 100.477459845751241, 7.126372257607861 ] ] ], [ [ [ 100.486892156234489, 7.127944309355038 ], [ 100.486667577413527, 7.12794430935504 ], [ 100.486667577413527, 7.127719730533969 ], [ 100.486442998592565, 7.127719730533986 ], [ 100.486442998592565, 7.12749515171293 ], [ 100.486218419771262, 7.127495151712929 ], [ 100.486218419771262, 7.127270572891967 ], [ 100.485993840950286, 7.127270572891956 ], [ 100.485993840950272, 7.126821415249868 ], [ 100.485544683308362, 7.126821415249862 ], [ 100.485544683308362, 7.127045994070914 ], [ 100.485095525666097, 7.127045994070917 ], [ 100.485095525666082, 7.127270572891963 ], [ 100.484870946845135, 7.127270572891967 ], [ 100.48487094684512, 7.12704599407092 ], [ 100.484646368024158, 7.127045994070918 ], [ 100.484646368024158, 7.126821415249869 ], [ 100.484421789203182, 7.126821415249867 ], [ 100.484421789203196, 7.126596836428821 ], [ 100.48419721038222, 7.126596836428805 ], [ 100.484197210382234, 7.126821415249862 ], [ 100.483972631560917, 7.126821415249856 ], [ 100.483972631560931, 7.127045994070921 ], [ 100.483748052739955, 7.12704599407092 ], [ 100.483748052739955, 7.127270572891967 ], [ 100.483298895098031, 7.127270572891967 ], [ 100.483298895098031, 7.127045994070921 ], [ 100.483074316277069, 7.127045994070924 ], [ 100.483074316277069, 7.127270572891965 ], [ 100.481951422171903, 7.12727057289196 ], [ 100.481951422171917, 7.127495151712926 ], [ 100.482625158634789, 7.12749515171292 ], [ 100.482625158634775, 7.127719730533976 ], [ 100.483074316277069, 7.127719730533983 ], [ 100.483074316277055, 7.127944309355035 ], [ 100.483298895098045, 7.127944309355033 ], [ 100.483298895098031, 7.128393466997041 ], [ 100.483074316277083, 7.128393466997034 ], [ 100.483074316277055, 7.12884262463914 ], [ 100.483298895098031, 7.128842624639137 ], [ 100.483298895098045, 7.1290672034602 ], [ 100.483748052739955, 7.129067203460198 ], [ 100.483748052739955, 7.129291782281238 ], [ 100.484197210382248, 7.129291782281241 ], [ 100.484197210382248, 7.129516361102204 ], [ 100.484421789203196, 7.129516361102207 ], [ 100.484421789203196, 7.129740939923257 ], [ 100.484646368024158, 7.129740939923262 ], [ 100.484646368024158, 7.130414676386327 ], [ 100.485095525666068, 7.130414676386321 ], [ 100.485095525666082, 7.130190097565357 ], [ 100.4853201044874, 7.130190097565356 ], [ 100.485320104487414, 7.129965518744314 ], [ 100.485544683308376, 7.129965518744308 ], [ 100.485544683308376, 7.12974093992325 ], [ 100.486218419771262, 7.129740939923268 ], [ 100.486218419771248, 7.129965518744301 ], [ 100.486667577413527, 7.129965518744311 ], [ 100.486667577413542, 7.130190097565354 ], [ 100.487790471518707, 7.130190097565351 ], [ 100.487790471518679, 7.129067203460187 ], [ 100.488015050339655, 7.129067203460203 ], [ 100.488015050339655, 7.12861804581809 ], [ 100.487565892697745, 7.128618045818087 ], [ 100.487565892697731, 7.12839346699704 ], [ 100.487116735055451, 7.128393466997048 ], [ 100.487116735055437, 7.128168888176084 ], [ 100.486892156234489, 7.128168888176076 ], [ 100.486892156234489, 7.127944309355038 ] ], [ [ 100.485095525666068, 7.128842624639143 ], [ 100.485095525666097, 7.128393466997046 ], [ 100.48487094684512, 7.128393466997041 ], [ 100.48487094684512, 7.128168888176089 ], [ 100.485095525666082, 7.128168888176075 ], [ 100.485095525666082, 7.127944309355021 ], [ 100.48576926212931, 7.127944309355035 ], [ 100.48576926212931, 7.128168888176083 ], [ 100.485993840950272, 7.128168888176083 ], [ 100.485993840950286, 7.128618045818102 ], [ 100.486218419771248, 7.128618045818101 ], [ 100.486218419771248, 7.129067203460193 ], [ 100.485993840950272, 7.12906720346019 ], [ 100.485993840950286, 7.129291782281251 ], [ 100.485544683308376, 7.129291782281245 ], [ 100.485544683308376, 7.129067203460199 ], [ 100.4853201044874, 7.129067203460189 ], [ 100.485320104487414, 7.128842624639151 ], [ 100.485095525666068, 7.128842624639143 ] ] ], [ [ [ 100.477909003393165, 7.129740939923256 ], [ 100.477235266930293, 7.129740939923263 ], [ 100.477235266930279, 7.129516361102209 ], [ 100.477010688109317, 7.129516361102214 ], [ 100.477010688109303, 7.129740939923252 ], [ 100.476786109287985, 7.129740939923257 ], [ 100.476786109288014, 7.13041467638632 ], [ 100.477235266930279, 7.130414676386333 ], [ 100.477235266930279, 7.130639255207367 ], [ 100.477459845751241, 7.130639255207365 ], [ 100.477459845751227, 7.130863834028426 ], [ 100.477909003393165, 7.130863834028428 ], [ 100.477909003393165, 7.130190097565363 ], [ 100.478133582214483, 7.130190097565365 ], [ 100.478133582214483, 7.12996551874431 ], [ 100.477909003393179, 7.129965518744312 ], [ 100.477909003393165, 7.129740939923256 ] ] ], [ [ [ 100.482849737456107, 7.131762149312539 ], [ 100.482625158634804, 7.131762149312546 ], [ 100.482625158634804, 7.131986728133593 ], [ 100.482400579813827, 7.131986728133586 ], [ 100.482400579813813, 7.132660464596658 ], [ 100.483074316277083, 7.132660464596657 ], [ 100.483074316277069, 7.132885043417709 ], [ 100.483523473918993, 7.132885043417708 ], [ 100.483523473918993, 7.133109622238765 ], [ 100.483818234639358, 7.133109622238745 ], [ 100.483784605195595, 7.132594428893712 ], [ 100.483972631560903, 7.132556956475904 ], [ 100.483972631560917, 7.1324358857756 ], [ 100.483748052739955, 7.132435885775613 ], [ 100.483748052739955, 7.132211306954543 ], [ 100.483523473918993, 7.13221130695455 ], [ 100.483523473919007, 7.131762149312538 ], [ 100.483074316277069, 7.13176214931254 ], [ 100.483074316277069, 7.131537570491487 ], [ 100.482849737456121, 7.131537570491495 ], [ 100.482849737456107, 7.131762149312539 ] ] ], [ [ [ 100.478582739856407, 7.133594724112977 ], [ 100.47855177544109, 7.133558779880765 ], [ 100.47835816103543, 7.133558779880771 ], [ 100.478358161035445, 7.133334027658245 ], [ 100.478154000981178, 7.133097033795126 ], [ 100.477952855598872, 7.132885043417702 ], [ 100.477909003393179, 7.132885043417699 ], [ 100.477909003393165, 7.133109622238745 ], [ 100.477684424572203, 7.13310962223875 ], [ 100.477684424572203, 7.133334201059726 ], [ 100.477459845751227, 7.133334201059728 ], [ 100.477459845751241, 7.133558779880767 ], [ 100.477235266930279, 7.133558779880778 ], [ 100.477235266930279, 7.1344433607336 ], [ 100.477909003393165, 7.134655145670113 ], [ 100.477909003393165, 7.134457095164885 ], [ 100.479031897498317, 7.134457095164878 ], [ 100.479031897498331, 7.134007937522881 ], [ 100.478582739856407, 7.134007937522869 ], [ 100.478582739856407, 7.133594724112977 ] ] ], [ [ [ 100.462862222384445, 7.129740939923261 ], [ 100.463086801205407, 7.129740939923267 ], [ 100.463086801205407, 7.129291782281257 ], [ 100.463311380026354, 7.129291782281252 ], [ 100.463311380026383, 7.128618045818099 ], [ 100.463086801205407, 7.128618045818095 ], [ 100.463086801205407, 7.128393466997047 ], [ 100.463311380026369, 7.128393466997049 ], [ 100.463311380026369, 7.127944309355025 ], [ 100.463086801205407, 7.127944309355033 ], [ 100.463086801205407, 7.127719730533983 ], [ 100.462637643563127, 7.127719730533976 ], [ 100.462637643563113, 7.127495151712918 ], [ 100.462188485921203, 7.127495151712922 ], [ 100.462188485921203, 7.12727057289197 ], [ 100.461963907100241, 7.127270572891973 ], [ 100.461963907100241, 7.127045994070913 ], [ 100.461739328279279, 7.127045994070917 ], [ 100.461739328279279, 7.126821415249872 ], [ 100.461514749457962, 7.126821415249865 ], [ 100.461514749457962, 7.126596836428822 ], [ 100.461290170637014, 7.126596836428808 ], [ 100.461290170637, 7.126821415249861 ], [ 100.461065591816052, 7.126821415249859 ], [ 100.461065591816052, 7.127045994070912 ], [ 100.460616434174113, 7.127045994070924 ], [ 100.460616434174128, 7.127270572891972 ], [ 100.460391855352796, 7.127270572891958 ], [ 100.460391855352796, 7.127495151712932 ], [ 100.46016727653182, 7.127495151712925 ], [ 100.460167276531848, 7.127719730533987 ], [ 100.45971811888991, 7.127719730533974 ], [ 100.45971811888991, 7.127944309355022 ], [ 100.459044382426669, 7.127944309355029 ], [ 100.459044382426669, 7.128168888176089 ], [ 100.458819803605707, 7.128168888176087 ], [ 100.458819803605707, 7.128618045818103 ], [ 100.458595224784744, 7.128618045818103 ], [ 100.458595224784744, 7.129067203460187 ], [ 100.458370645963782, 7.129067203460196 ], [ 100.458370645963782, 7.129516361102219 ], [ 100.458146067142835, 7.129516361102201 ], [ 100.45814606714282, 7.129740939923253 ], [ 100.457696909500555, 7.129740939923268 ], [ 100.457696909500541, 7.130863834028426 ], [ 100.457472330679579, 7.130863834028434 ], [ 100.457472330679579, 7.131312991670433 ], [ 100.457023173037655, 7.131312991670429 ], [ 100.457023173037655, 7.131088412849479 ], [ 100.456574015395375, 7.131088412849468 ], [ 100.456574015395375, 7.130863834028428 ], [ 100.456349436574413, 7.130863834028419 ], [ 100.456349436574399, 7.131088412849472 ], [ 100.455900278932489, 7.131088412849467 ], [ 100.455900278932504, 7.131312991670431 ], [ 100.455675700111172, 7.131312991670446 ], [ 100.455675700111172, 7.131537570491487 ], [ 100.455451121290224, 7.13153757049148 ], [ 100.45545112129021, 7.13266046459666 ], [ 100.455226542469248, 7.132660464596658 ], [ 100.455226542469248, 7.133783358701826 ], [ 100.455001963648286, 7.133783358701813 ], [ 100.455001963648286, 7.134681673985935 ], [ 100.455226542469262, 7.134681673985932 ], [ 100.455226542469248, 7.135579989270053 ], [ 100.45545112129021, 7.135579989270047 ], [ 100.455451121290224, 7.135804568091102 ], [ 100.455675700111172, 7.135804568091109 ], [ 100.455675700111172, 7.136029146912071 ], [ 100.455900278932489, 7.136029146912064 ], [ 100.455900278932489, 7.136253725733112 ], [ 100.456124857753451, 7.136253725733106 ], [ 100.456124857753451, 7.137376619838284 ], [ 100.455675700111172, 7.13737661983827 ], [ 100.455675700111186, 7.137601198659336 ], [ 100.455226542469248, 7.137601198659329 ], [ 100.455226542469248, 7.138050356301342 ], [ 100.455001963648286, 7.138050356301351 ], [ 100.455001963648272, 7.138499513943443 ], [ 100.45477738482731, 7.138499513943451 ], [ 100.454777384827324, 7.139397829227558 ], [ 100.454552806006006, 7.139397829227565 ], [ 100.454552806006006, 7.139622408048616 ], [ 100.454328227185044, 7.139622408048619 ], [ 100.454328227185059, 7.139397829227565 ], [ 100.454103648364082, 7.139397829227565 ], [ 100.454103648364082, 7.1391732504065 ], [ 100.453879069543135, 7.1391732504065 ], [ 100.45387906954312, 7.138724092764485 ], [ 100.453654490722158, 7.138724092764499 ], [ 100.453654490722158, 7.138635147828905 ], [ 100.453639115830228, 7.138691751311521 ], [ 100.453557276107674, 7.139000817293836 ], [ 100.453537032117623, 7.139111785277779 ], [ 100.453522545810273, 7.139186769929969 ], [ 100.453521806842559, 7.139186709860412 ], [ 100.453511485974644, 7.139342801354093 ], [ 100.45350075233641, 7.139537627428481 ], [ 100.453501740830063, 7.139690411515028 ], [ 100.453505644764292, 7.139831199826603 ], [ 100.453562214153195, 7.140241294871194 ], [ 100.453578631017606, 7.140328402069892 ], [ 100.453580748508571, 7.140328063518216 ], [ 100.453615301121971, 7.140573524649553 ], [ 100.453628750612992, 7.140801227465358 ], [ 100.453588872109464, 7.141119235101668 ], [ 100.453563136432166, 7.141308261186049 ], [ 100.45350146700163, 7.141500561949982 ], [ 100.453448818404851, 7.141698807239869 ], [ 100.453414083666132, 7.141887949401625 ], [ 100.453397498623175, 7.142103954694568 ], [ 100.453395034213258, 7.142103957937925 ], [ 100.453397771515725, 7.142145927244786 ], [ 100.453395919295417, 7.142322852608746 ], [ 100.453405887190016, 7.142472695617152 ], [ 100.453415761234794, 7.14261059211919 ], [ 100.453410935155517, 7.142793615548945 ], [ 100.45339696023953, 7.142949677861606 ], [ 100.453397734831114, 7.143069648019411 ], [ 100.453404441020695, 7.143180601629889 ], [ 100.453423097000822, 7.143285459628439 ], [ 100.453446140214382, 7.143413176433483 ], [ 100.453447020814224, 7.143413072375838 ], [ 100.453561487373136, 7.143642102630057 ], [ 100.453799328947127, 7.144029039433636 ], [ 100.45432822718503, 7.143889855686796 ], [ 100.45432822718503, 7.143664826827081 ], [ 100.454494939650047, 7.143664826827072 ], [ 100.454514813897703, 7.143499034295552 ], [ 100.454547352427085, 7.143364244260057 ], [ 100.454653957559628, 7.143228840813838 ], [ 100.454948632580738, 7.143038061224454 ], [ 100.455149895669777, 7.142948939906235 ], [ 100.45564769406532, 7.142890976559384 ], [ 100.456084782311478, 7.142820064798399 ], [ 100.456165182108876, 7.142772316825877 ], [ 100.456237444838266, 7.142556484069516 ], [ 100.456261049949461, 7.142159473517792 ], [ 100.456178223246113, 7.141918041153285 ], [ 100.456176822118351, 7.141749917016362 ], [ 100.456297282308071, 7.141661475435911 ], [ 100.456464817202757, 7.141565913010729 ], [ 100.456862245952308, 7.141582762259479 ], [ 100.457245186104061, 7.141478678934764 ], [ 100.457592537028191, 7.141146216928758 ], [ 100.457733088972049, 7.1410441560395 ], [ 100.457853999709471, 7.141009518888401 ], [ 100.458062899140202, 7.141027948598951 ], [ 100.458190939148309, 7.141040321745821 ], [ 100.458305180661981, 7.141012469765544 ], [ 100.458412120191923, 7.140917414802169 ], [ 100.458519395769514, 7.140862708851648 ], [ 100.458781923806782, 7.140853785292598 ], [ 100.458937127829984, 7.140892839770392 ], [ 100.459261498106059, 7.14103136620623 ], [ 100.459409630279609, 7.141030128969861 ], [ 100.4595640378475, 7.140975029534005 ], [ 100.459804792594923, 7.140777970404182 ], [ 100.459902969625176, 7.140440869613974 ], [ 100.459914405727986, 7.140198651631771 ], [ 100.459893247425939, 7.140084486829086 ], [ 100.459751169894702, 7.14000496868982 ], [ 100.459656569658762, 7.139965406217772 ], [ 100.45949503298381, 7.139973486236739 ], [ 100.458815955244091, 7.140093500855072 ], [ 100.458755303264908, 7.140087290135382 ], [ 100.458707211374701, 7.139973355058454 ], [ 100.458713265839009, 7.139892590523037 ], [ 100.458919170060341, 7.139554588574315 ], [ 100.459145502241412, 7.139243316549092 ], [ 100.459332782472913, 7.139093785321053 ], [ 100.459655240450388, 7.139003655286872 ], [ 100.459911040620057, 7.138994788752883 ], [ 100.460349477766911, 7.139085278831056 ], [ 100.460754811934208, 7.139243298170535 ], [ 100.460972079058678, 7.139456704358821 ], [ 100.46110169398618, 7.139657384066775 ], [ 100.461237602389289, 7.139804210564937 ], [ 100.461412937595824, 7.139836372991964 ], [ 100.462146956989443, 7.139843678438097 ], [ 100.462369087723857, 7.139835088965223 ], [ 100.462523445856903, 7.139773269867733 ], [ 100.462651542968132, 7.139792369658633 ], [ 100.462726454389198, 7.139892627432983 ], [ 100.462741386826707, 7.140067372905478 ], [ 100.462661439987855, 7.1401689264197 ], [ 100.462493734545802, 7.14024431627362 ], [ 100.462401104166275, 7.140440129349775 ], [ 100.46232862338195, 7.140629060107738 ], [ 100.462215967468182, 7.140845220176335 ], [ 100.462028736346923, 7.14100148038423 ], [ 100.46200305102532, 7.141149659595791 ], [ 100.462058609994557, 7.14135096237566 ], [ 100.462174590860101, 7.141531582107446 ], [ 100.462317514840663, 7.141711980736034 ], [ 100.462548016027512, 7.141898368457199 ], [ 100.462608470873178, 7.141977486043095 ], [ 100.463086801205407, 7.141903262370826 ], [ 100.463086801205407, 7.141643617437898 ], [ 100.462862222384459, 7.141643617437895 ], [ 100.462862222384459, 7.140520723332731 ], [ 100.463086801205392, 7.140520723332725 ], [ 100.463086801205407, 7.140296144511678 ], [ 100.462862222384459, 7.140296144511674 ], [ 100.46286222238443, 7.139622408048602 ], [ 100.462637643563141, 7.13962240804862 ], [ 100.462637643563113, 7.139397829227554 ], [ 100.462413064742179, 7.139397829227558 ], [ 100.462413064742165, 7.138948671585451 ], [ 100.462188485921203, 7.138948671585448 ], [ 100.462188485921217, 7.1382749351224 ], [ 100.461963907100241, 7.138274935122388 ], [ 100.461963907100227, 7.13805035630134 ], [ 100.461739328279279, 7.138050356301348 ], [ 100.461739328279293, 7.137825777480376 ], [ 100.461514749457947, 7.137825777480391 ], [ 100.461514749457976, 7.138050356301352 ], [ 100.460616434174113, 7.138050356301344 ], [ 100.460616434174128, 7.136478304554172 ], [ 100.460391855352782, 7.136478304554157 ], [ 100.460391855352782, 7.136253725733103 ], [ 100.460167276531834, 7.136253725733119 ], [ 100.46016727653182, 7.136029146912061 ], [ 100.458819803605707, 7.136029146912059 ], [ 100.458819803605707, 7.136253725733109 ], [ 100.45814606714282, 7.136253725733113 ], [ 100.458146067142835, 7.136478304554165 ], [ 100.457696909500541, 7.136478304554158 ], [ 100.457696909500541, 7.136702883375212 ], [ 100.457472330679579, 7.13670288337521 ], [ 100.457472330679579, 7.136029146912062 ], [ 100.457696909500541, 7.136029146912059 ], [ 100.457696909500541, 7.135579989270057 ], [ 100.457472330679579, 7.13557998927004 ], [ 100.457472330679579, 7.135355410449006 ], [ 100.457247751858617, 7.135355410448994 ], [ 100.457247751858631, 7.134906252806977 ], [ 100.457023173037655, 7.134906252806975 ], [ 100.457023173037655, 7.134457095164891 ], [ 100.456798594216338, 7.134457095164892 ], [ 100.456798594216352, 7.134232516343833 ], [ 100.456574015395375, 7.134232516343828 ], [ 100.456574015395375, 7.134007937522862 ], [ 100.456349436574413, 7.134007937522878 ], [ 100.456349436574413, 7.133558779880766 ], [ 100.456124857753437, 7.133558779880778 ], [ 100.456124857753451, 7.133334201059714 ], [ 100.456349436574413, 7.133334201059715 ], [ 100.456349436574413, 7.132885043417706 ], [ 100.457023173037655, 7.132885043417701 ], [ 100.457023173037655, 7.132660464596655 ], [ 100.457472330679579, 7.132660464596664 ], [ 100.457472330679579, 7.132435885775601 ], [ 100.457696909500541, 7.132435885775593 ], [ 100.457696909500555, 7.132211306954554 ], [ 100.457921488321503, 7.132211306954561 ], [ 100.457921488321503, 7.131986728133587 ], [ 100.458146067142835, 7.131986728133596 ], [ 100.45814606714282, 7.131537570491498 ], [ 100.458370645963782, 7.131537570491497 ], [ 100.458370645963782, 7.131088412849485 ], [ 100.458595224784744, 7.13108841284947 ], [ 100.458595224784744, 7.130639255207374 ], [ 100.458819803605707, 7.130639255207377 ], [ 100.458819803605707, 7.130190097565366 ], [ 100.459268961247631, 7.130190097565367 ], [ 100.459268961247631, 7.130414676386331 ], [ 100.459493540068948, 7.130414676386331 ], [ 100.459493540068948, 7.130639255207367 ], [ 100.45971811888991, 7.13063925520738 ], [ 100.459718118889896, 7.130863834028426 ], [ 100.459942697710858, 7.130863834028419 ], [ 100.459942697710858, 7.131088412849473 ], [ 100.46039185535281, 7.13108841284947 ], [ 100.460391855352796, 7.131312991670433 ], [ 100.46084101299509, 7.131312991670439 ], [ 100.460841012995076, 7.13153757049148 ], [ 100.461065591816038, 7.131537570491488 ], [ 100.461065591816038, 7.131762149312538 ], [ 100.460841012995076, 7.131762149312533 ], [ 100.46084101299509, 7.131986728133599 ], [ 100.460391855352796, 7.131986728133593 ], [ 100.460391855352796, 7.132435885775604 ], [ 100.460616434174113, 7.132435885775601 ], [ 100.460616434174128, 7.132660464596658 ], [ 100.461065591816038, 7.132660464596657 ], [ 100.461065591816052, 7.133783358701812 ], [ 100.461290170637, 7.133783358701823 ], [ 100.461290170637, 7.134007937522863 ], [ 100.461514749457947, 7.134007937522864 ], [ 100.461514749457962, 7.134232516343825 ], [ 100.462188485921203, 7.134232516343842 ], [ 100.462188485921203, 7.13445709516489 ], [ 100.462413064742179, 7.134457095164874 ], [ 100.462413064742179, 7.134681673985932 ], [ 100.462862222384445, 7.134681673985935 ], [ 100.46286222238443, 7.134906252806993 ], [ 100.463086801205392, 7.134906252806982 ], [ 100.463086801205421, 7.134681673985935 ], [ 100.463311380026369, 7.134681673985943 ], [ 100.463311380026369, 7.134457095164884 ], [ 100.464209695310572, 7.134457095164879 ], [ 100.464209695310572, 7.134232516343824 ], [ 100.464434274131534, 7.134232516343824 ], [ 100.464434274131534, 7.134007937522872 ], [ 100.464658852952482, 7.134007937522878 ], [ 100.46465885295251, 7.133783358701815 ], [ 100.464883431773458, 7.133783358701817 ], [ 100.464883431773458, 7.133558779880762 ], [ 100.465108010594406, 7.133558779880763 ], [ 100.46510801059442, 7.133109622238756 ], [ 100.464883431773458, 7.13310962223875 ], [ 100.464883431773458, 7.132885043417712 ], [ 100.463760537668293, 7.1328850434177 ], [ 100.463760537668293, 7.132660464596654 ], [ 100.463535958847331, 7.132660464596659 ], [ 100.463535958847331, 7.132211306954559 ], [ 100.463311380026369, 7.132211306954542 ], [ 100.463311380026354, 7.131986728133592 ], [ 100.463086801205407, 7.131986728133583 ], [ 100.463086801205407, 7.131762149312549 ], [ 100.462862222384445, 7.131762149312533 ], [ 100.462862222384445, 7.131537570491479 ], [ 100.462637643563127, 7.131537570491487 ], [ 100.462637643563127, 7.130863834028429 ], [ 100.463311380026369, 7.130863834028417 ], [ 100.463311380026369, 7.130414676386334 ], [ 100.463086801205407, 7.130414676386314 ], [ 100.463086801205392, 7.12996551874431 ], [ 100.462862222384445, 7.129965518744316 ], [ 100.462862222384445, 7.129740939923261 ] ], [ [ 100.462413064742165, 7.130863834028434 ], [ 100.462413064742165, 7.130639255207372 ], [ 100.462637643563127, 7.130639255207373 ], [ 100.462637643563127, 7.130863834028429 ], [ 100.462413064742165, 7.130863834028434 ] ], [ [ 100.457247751858617, 7.138724092764497 ], [ 100.456798594216338, 7.138724092764493 ], [ 100.456798594216323, 7.138499513943453 ], [ 100.456349436574399, 7.138499513943446 ], [ 100.456349436574399, 7.13782577748037 ], [ 100.456574015395375, 7.137825777480379 ], [ 100.456574015395361, 7.137601198659319 ], [ 100.456798594216338, 7.137601198659326 ], [ 100.456798594216352, 7.13737661983827 ], [ 100.457023173037641, 7.137376619838282 ], [ 100.457023173037641, 7.137152041017234 ], [ 100.457247751858617, 7.137152041017237 ], [ 100.457247751858603, 7.137376619838278 ], [ 100.457472330679579, 7.137376619838282 ], [ 100.457472330679579, 7.137825777480378 ], [ 100.457696909500541, 7.137825777480388 ], [ 100.457696909500541, 7.138274935122401 ], [ 100.457472330679579, 7.13827493512239 ], [ 100.457472330679579, 7.13849951394345 ], [ 100.457247751858617, 7.13849951394344 ], [ 100.457247751858617, 7.138724092764497 ] ], [ [ 100.455900278932504, 7.13984698686957 ], [ 100.455675700111186, 7.139846986869576 ], [ 100.455675700111172, 7.139397829227558 ], [ 100.456124857753437, 7.139397829227562 ], [ 100.456124857753451, 7.139622408048615 ], [ 100.456349436574399, 7.139622408048602 ], [ 100.456349436574399, 7.139846986869577 ], [ 100.456124857753451, 7.139846986869578 ], [ 100.456124857753437, 7.140071565690631 ], [ 100.455900278932489, 7.140071565690628 ], [ 100.455900278932504, 7.13984698686957 ] ] ], [ [ [ 100.463535958847331, 7.135130831627951 ], [ 100.463535958847345, 7.135355410449006 ], [ 100.463311380026354, 7.135355410449007 ], [ 100.463311380026354, 7.135804568091107 ], [ 100.463760537668279, 7.135804568091098 ], [ 100.463760537668279, 7.136029146912064 ], [ 100.46443427413152, 7.136029146912065 ], [ 100.46443427413152, 7.135804568091104 ], [ 100.464658852952482, 7.13580456809109 ], [ 100.464658852952496, 7.135355410448989 ], [ 100.464434274131548, 7.135355410448994 ], [ 100.464434274131534, 7.135130831627943 ], [ 100.463535958847331, 7.135130831627951 ] ] ], [ [ [ 100.462188485921203, 7.135355410448999 ], [ 100.462188485921203, 7.135130831627946 ], [ 100.461514749457962, 7.135130831627947 ], [ 100.461514749457976, 7.135804568091091 ], [ 100.461963907100241, 7.135804568091093 ], [ 100.461963907100241, 7.136702883375212 ], [ 100.461739328279279, 7.136702883375213 ], [ 100.461739328279265, 7.136927462196173 ], [ 100.461963907100227, 7.136927462196176 ], [ 100.461963907100241, 7.137376619838279 ], [ 100.462188485921203, 7.137376619838282 ], [ 100.462188485921217, 7.13760119865932 ], [ 100.462413064742165, 7.137601198659329 ], [ 100.462413064742165, 7.137825777480376 ], [ 100.46286222238443, 7.137825777480383 ], [ 100.462862222384445, 7.136702883375226 ], [ 100.462637643563127, 7.136702883375222 ], [ 100.462637643563127, 7.136029146912058 ], [ 100.46286222238443, 7.136029146912064 ], [ 100.46286222238443, 7.135804568091091 ], [ 100.462637643563127, 7.135804568091098 ], [ 100.462637643563127, 7.135355410448992 ], [ 100.462188485921203, 7.135355410448999 ] ] ], [ [ [ 100.502837252527769, 7.078087811086363 ], [ 100.503061831348731, 7.078087811086362 ], [ 100.503061831348717, 7.077638653444336 ], [ 100.503286410169693, 7.077638653444344 ], [ 100.503286410169693, 7.077189495802248 ], [ 100.503510988990655, 7.077189495802242 ], [ 100.503510988990655, 7.077178618056257 ], [ 100.503411595984474, 7.07716741743813 ], [ 100.503187111067064, 7.077186273420315 ], [ 100.502926597371825, 7.077146383529285 ], [ 100.50271302860169, 7.077137552020353 ], [ 100.502645565658725, 7.077003660762434 ], [ 100.502656389067027, 7.07696491698127 ], [ 100.502163516064527, 7.076964916981277 ], [ 100.502163516064513, 7.076740338160219 ], [ 100.501938937243565, 7.076740338160231 ], [ 100.501938937243565, 7.076066601697166 ], [ 100.502612673706452, 7.076066601697159 ], [ 100.502612673706452, 7.076291180518129 ], [ 100.502837252527769, 7.076291180518119 ], [ 100.502837252527769, 7.07696491698128 ], [ 100.502794991975009, 7.076964916981273 ], [ 100.50280595250068, 7.077001769913355 ], [ 100.502789499635625, 7.077080363423109 ], [ 100.502817074043818, 7.077097946009775 ], [ 100.502879563661935, 7.077103285542422 ], [ 100.503208971265693, 7.077092479952664 ], [ 100.503510988990641, 7.077111711235534 ], [ 100.503510988990641, 7.076964916981281 ], [ 100.503735567811617, 7.07696491698128 ], [ 100.503735567811617, 7.076740338160227 ], [ 100.504184725453882, 7.076740338160234 ], [ 100.504184725453896, 7.076515759339168 ], [ 100.504409304274859, 7.076515759339167 ], [ 100.504409304274873, 7.076291180518118 ], [ 100.503960146632579, 7.076291180518129 ], [ 100.503960146632565, 7.076066601697156 ], [ 100.503510988990655, 7.076066601697159 ], [ 100.503510988990655, 7.075842022876117 ], [ 100.503286410169693, 7.075842022876119 ], [ 100.503286410169707, 7.075617444055066 ], [ 100.502837252527783, 7.075617444055055 ], [ 100.502837252527769, 7.075392865234009 ], [ 100.501714358422603, 7.075392865234005 ], [ 100.501714358422603, 7.075168286412962 ], [ 100.501265200780324, 7.075168286412953 ], [ 100.501265200780324, 7.074943707592008 ], [ 100.5008160431384, 7.074943707592 ], [ 100.500816043138414, 7.075392865234019 ], [ 100.500591464317438, 7.075392865234005 ], [ 100.500591464317438, 7.075842022876119 ], [ 100.500366885496121, 7.075842022876118 ], [ 100.500366885496121, 7.076291180518119 ], [ 100.500591464317424, 7.076291180518132 ], [ 100.500591464317452, 7.07651575933918 ], [ 100.501040621959362, 7.076515759339181 ], [ 100.501040621959362, 7.076964916981287 ], [ 100.501265200780338, 7.076964916981269 ], [ 100.501265200780324, 7.077189495802249 ], [ 100.501040621959348, 7.077189495802241 ], [ 100.501040621959362, 7.077414074623292 ], [ 100.500816043138414, 7.077414074623288 ], [ 100.5008160431384, 7.077638653444343 ], [ 100.500591464317452, 7.077638653444343 ], [ 100.500591464317438, 7.078087811086348 ], [ 100.500366885496121, 7.078087811086364 ], [ 100.500366885496121, 7.078312389907415 ], [ 100.500591464317452, 7.078312389907413 ], [ 100.500591464317438, 7.078761547549505 ], [ 100.501040621959362, 7.078761547549513 ], [ 100.501040621959362, 7.078986126370462 ], [ 100.501714358422589, 7.078986126370472 ], [ 100.501714358422603, 7.078761547549512 ], [ 100.502612673706452, 7.078761547549499 ], [ 100.502612673706452, 7.078986126370465 ], [ 100.502837252527769, 7.078986126370471 ], [ 100.502837252527769, 7.078761547549502 ], [ 100.503061831348717, 7.078761547549499 ], [ 100.503061831348745, 7.078312389907405 ], [ 100.502837252527769, 7.078312389907407 ], [ 100.502837252527769, 7.078087811086363 ] ] ], [ [ [ 100.492506626760303, 7.079659862833613 ], [ 100.492506626760317, 7.079884441654674 ], [ 100.492731205581279, 7.079884441654682 ], [ 100.492731205581293, 7.080109020475628 ], [ 100.493854099686445, 7.080109020475641 ], [ 100.493854099686445, 7.079435284012573 ], [ 100.493404942044521, 7.079435284012569 ], [ 100.493404942044506, 7.079210705191517 ], [ 100.492731205581279, 7.079210705191513 ], [ 100.492731205581279, 7.078986126370475 ], [ 100.492057469118038, 7.078986126370461 ], [ 100.492057469118024, 7.079435284012565 ], [ 100.492282047939355, 7.079435284012571 ], [ 100.492282047939355, 7.079659862833622 ], [ 100.492506626760303, 7.079659862833613 ] ] ], [ [ [ 100.502388094885475, 7.079884441654668 ], [ 100.502163516064513, 7.079884441654681 ], [ 100.502163516064542, 7.079659862833614 ], [ 100.501265200780324, 7.079659862833619 ], [ 100.501265200780338, 7.079884441654672 ], [ 100.5008160431384, 7.079884441654674 ], [ 100.5008160431384, 7.080109020475644 ], [ 100.500142306675158, 7.080109020475641 ], [ 100.500142306675144, 7.079884441654682 ], [ 100.499917727854182, 7.079884441654679 ], [ 100.499917727854196, 7.079659862833616 ], [ 100.499468570212258, 7.079659862833613 ], [ 100.499468570212272, 7.079435284012581 ], [ 100.498794833749031, 7.079435284012571 ], [ 100.498794833749031, 7.079210705191524 ], [ 100.498121097286145, 7.079210705191525 ], [ 100.498121097286145, 7.079659862833632 ], [ 100.498570254928083, 7.079659862833631 ], [ 100.498570254928069, 7.079884441654682 ], [ 100.499019412570007, 7.079884441654666 ], [ 100.499019412569993, 7.080333599296694 ], [ 100.499243991390955, 7.080333599296687 ], [ 100.499243991390941, 7.080558178117739 ], [ 100.500366885496135, 7.080558178117744 ], [ 100.500366885496121, 7.080782756938785 ], [ 100.501265200780324, 7.080782756938783 ], [ 100.50126520078031, 7.080558178117734 ], [ 100.501489779601286, 7.080558178117728 ], [ 100.5014897796013, 7.080782756938779 ], [ 100.501938937243551, 7.080782756938781 ], [ 100.501938937243565, 7.080558178117732 ], [ 100.502163516064513, 7.080558178117746 ], [ 100.502163516064527, 7.080333599296694 ], [ 100.50238809488549, 7.080333599296682 ], [ 100.502388094885475, 7.079884441654668 ] ] ], [ [ [ 100.504633883095821, 7.081007335759747 ], [ 100.504633883095835, 7.081905651043862 ], [ 100.505406180342405, 7.081905651043864 ], [ 100.505442986893115, 7.081498564088784 ], [ 100.505492303564751, 7.080788994115603 ], [ 100.50549296788526, 7.080782756938785 ], [ 100.504858461916783, 7.080782756938797 ], [ 100.504858461916783, 7.081007335759753 ], [ 100.504633883095821, 7.081007335759747 ] ] ], [ [ [ 100.497629991412651, 7.088783591324372 ], [ 100.497671939643865, 7.088761028781876 ], [ 100.49767193964388, 7.088418436853809 ], [ 100.497447360822903, 7.088418436853798 ], [ 100.497447360822889, 7.088193858032761 ], [ 100.497222782001941, 7.088193858032766 ], [ 100.497222782001941, 7.087969279211705 ], [ 100.496998203180979, 7.08796927921171 ], [ 100.496998203180993, 7.087744700390647 ], [ 100.497222782001941, 7.087744700390653 ], [ 100.497222782001941, 7.087520121569614 ], [ 100.498121097286145, 7.087520121569606 ], [ 100.498121097286145, 7.087744700390648 ], [ 100.498570254928069, 7.087744700390653 ], [ 100.498570254928069, 7.087969279211706 ], [ 100.499243991390941, 7.087969279211716 ], [ 100.499243991390969, 7.08752012156961 ], [ 100.499468570212272, 7.087520121569613 ], [ 100.499468570212287, 7.087295542748642 ], [ 100.499693149033234, 7.087295542748636 ], [ 100.499693149033249, 7.087070963927585 ], [ 100.499917727854182, 7.087070963927598 ], [ 100.499917727854196, 7.086846385106549 ], [ 100.500527461701864, 7.08684638510653 ], [ 100.500524652793743, 7.086842404114657 ], [ 100.500520459823335, 7.086836565084237 ], [ 100.500406538936218, 7.086677964227522 ], [ 100.50017841377985, 7.086391522810714 ], [ 100.499996004678238, 7.086180651521738 ], [ 100.499932844463672, 7.086106027096447 ], [ 100.49970583503206, 7.08583782712407 ], [ 100.49942950584871, 7.085519019179939 ], [ 100.499422196557404, 7.085511903379641 ], [ 100.499060133485798, 7.085159262688506 ], [ 100.498987568031254, 7.085066682050495 ], [ 100.498962833271946, 7.08502828025906 ], [ 100.498936383730353, 7.085000198228059 ], [ 100.498822049942149, 7.08481126773848 ], [ 100.498655681266868, 7.084593359997402 ], [ 100.498640679347531, 7.084571532879673 ], [ 100.498594467115879, 7.084524326748491 ], [ 100.498511854590703, 7.084479820949626 ], [ 100.498430346080539, 7.084396717303799 ], [ 100.498418313449648, 7.084376018075252 ], [ 100.498345676107107, 7.08437601807524 ], [ 100.498345676107107, 7.084251063111003 ], [ 100.498287763944234, 7.084151439254205 ], [ 100.497447360822918, 7.084151439254194 ], [ 100.497447360822903, 7.083926860433154 ], [ 100.49726236095006, 7.08392686043314 ], [ 100.497180253102073, 7.083986632558884 ], [ 100.497130264601267, 7.083969188790942 ], [ 100.497116590227634, 7.083928226353759 ], [ 100.497093348967354, 7.083906957607882 ], [ 100.496874739704722, 7.083890324589205 ], [ 100.496350740408857, 7.083773889861742 ], [ 100.496208040400617, 7.08378608647141 ], [ 100.496172959105238, 7.083742708524126 ], [ 100.496207435490376, 7.083719906959405 ], [ 100.496363983014831, 7.08369858426993 ], [ 100.496535929524114, 7.083728804673613 ], [ 100.496876842904484, 7.083835187271816 ], [ 100.497206103963791, 7.083876257296896 ], [ 100.497222782001941, 7.083870070159778 ], [ 100.497222782001927, 7.08257938750701 ], [ 100.496998203180979, 7.082579387507018 ], [ 100.496998203180979, 7.082354808685973 ], [ 100.497222782001941, 7.08235480868596 ], [ 100.497222782001941, 7.082130229864922 ], [ 100.497513210265794, 7.082130229864925 ], [ 100.497536643090868, 7.081909975337763 ], [ 100.497581777981893, 7.081707981136406 ], [ 100.4975900678062, 7.081681072222903 ], [ 100.497222782001941, 7.081681072222902 ], [ 100.497222782001941, 7.081456493401862 ], [ 100.496998203180979, 7.081456493401845 ], [ 100.496998203180993, 7.080333599296688 ], [ 100.496773624359648, 7.080333599296681 ], [ 100.496773624359676, 7.080109020475635 ], [ 100.496324466717738, 7.080109020475642 ], [ 100.496324466717738, 7.079884441654681 ], [ 100.496099887896776, 7.079884441654666 ], [ 100.496099887896776, 7.080109020475627 ], [ 100.495875309075799, 7.080109020475644 ], [ 100.495875309075799, 7.080333599296694 ], [ 100.495650730254511, 7.080333599296681 ], [ 100.495650730254496, 7.080558178117736 ], [ 100.494752414970648, 7.080558178117745 ], [ 100.494752414970648, 7.081007335759743 ], [ 100.494303257328369, 7.08100733575974 ], [ 100.494303257328369, 7.081231914580796 ], [ 100.494078678507407, 7.081231914580795 ], [ 100.494078678507421, 7.0816810722229 ], [ 100.493854099686445, 7.08168107222291 ], [ 100.493854099686445, 7.082130229864912 ], [ 100.494078678507407, 7.082130229864916 ], [ 100.494078678507407, 7.082579387507017 ], [ 100.493854099686445, 7.082579387507026 ], [ 100.493854099686445, 7.082803966327979 ], [ 100.493629520865483, 7.082803966327987 ], [ 100.493629520865468, 7.083028545149034 ], [ 100.493180363223217, 7.083028545149028 ], [ 100.493180363223203, 7.082354808685961 ], [ 100.492955784402255, 7.082354808685969 ], [ 100.492955784402227, 7.081905651043865 ], [ 100.492821301373255, 7.081905651043866 ], [ 100.493267083255333, 7.083958704617936 ], [ 100.493629520865483, 7.08560085542173 ], [ 100.493629520865483, 7.085498912180419 ], [ 100.493854099686445, 7.085498912180414 ], [ 100.493854099686459, 7.085049754538305 ], [ 100.494078678507393, 7.085049754538304 ], [ 100.494078678507393, 7.08460059689629 ], [ 100.494303257328355, 7.084600596896303 ], [ 100.494303257328369, 7.08415143925419 ], [ 100.494752414970648, 7.084151439254192 ], [ 100.494752414970648, 7.084376018075246 ], [ 100.494976993791596, 7.084376018075241 ], [ 100.494976993791596, 7.084600596896289 ], [ 100.495201572612586, 7.084600596896292 ], [ 100.495201572612572, 7.084825175717269 ], [ 100.495426151433534, 7.084825175717254 ], [ 100.495426151433534, 7.08504975453832 ], [ 100.495875309075799, 7.085049754538302 ], [ 100.495875309075828, 7.085274333359357 ], [ 100.496099887896776, 7.085274333359365 ], [ 100.49609988789679, 7.085498912180415 ], [ 100.496324466717752, 7.085498912180421 ], [ 100.496324466717738, 7.08617264864347 ], [ 100.49609988789679, 7.086172648643478 ], [ 100.496099887896776, 7.086397227464535 ], [ 100.495650730254511, 7.086397227464529 ], [ 100.495650730254496, 7.086172648643467 ], [ 100.495201572612572, 7.086172648643469 ], [ 100.495201572612558, 7.085948069822424 ], [ 100.493854099686445, 7.085948069822424 ], [ 100.493854099686459, 7.085723491001374 ], [ 100.49365658765268, 7.085723491001376 ], [ 100.493904420589274, 7.086846385106531 ], [ 100.494303257328369, 7.086846385106532 ], [ 100.494303257328355, 7.0875201215696 ], [ 100.494752414970648, 7.087520121569594 ], [ 100.494752414970662, 7.087744700390653 ], [ 100.495201572612572, 7.087744700390664 ], [ 100.495201572612572, 7.087969279211714 ], [ 100.495426151433534, 7.087969279211697 ], [ 100.495426151433534, 7.088643015674776 ], [ 100.495875309075814, 7.088643015674773 ], [ 100.495875309075828, 7.089092173316863 ], [ 100.496324466717738, 7.089092173316863 ], [ 100.496324466717752, 7.089316752137921 ], [ 100.496651310648858, 7.089316752137926 ], [ 100.496773624359662, 7.08926992298207 ], [ 100.496773624359662, 7.089092173316862 ], [ 100.496995973788486, 7.089092173316866 ], [ 100.496998203180993, 7.0890900624915 ], [ 100.496998203180979, 7.088867594495825 ], [ 100.497419203595229, 7.088867594495817 ], [ 100.497629991412651, 7.088783591324372 ] ], [ [ 100.498570254928069, 7.085948069822417 ], [ 100.498570254928069, 7.085498912180409 ], [ 100.498794833749031, 7.08549891218042 ], [ 100.498794833749045, 7.085723491001364 ], [ 100.499019412569979, 7.08572349100137 ], [ 100.499019412570007, 7.085948069822425 ], [ 100.498570254928069, 7.085948069822417 ] ] ], [ [ [ 100.499425386405434, 7.085309341897926 ], [ 100.499568591306527, 7.085446888618949 ], [ 100.499609591716421, 7.08547762474371 ], [ 100.499787862941758, 7.085651847644437 ], [ 100.499821555160935, 7.085689857598744 ], [ 100.499853429217396, 7.085720472276818 ], [ 100.499913212909689, 7.08579326149814 ], [ 100.500023414567977, 7.085917585751419 ], [ 100.500065587888827, 7.085960076945808 ], [ 100.500104818628444, 7.086026549716299 ], [ 100.500264555187812, 7.086221035859762 ], [ 100.500741493701469, 7.086855454653779 ], [ 100.50088068584158, 7.087047447364681 ], [ 100.500975570495413, 7.087062904983683 ], [ 100.501094996657883, 7.08697809634837 ], [ 100.501152176622483, 7.086924418852854 ], [ 100.501202517238852, 7.086823029176467 ], [ 100.501253945441633, 7.086764422421993 ], [ 100.501265200780324, 7.08675801925156 ], [ 100.501265200780324, 7.086172648643482 ], [ 100.501040621959362, 7.086172648643467 ], [ 100.501040621959362, 7.085948069822416 ], [ 100.5008160431384, 7.085948069822416 ], [ 100.5008160431384, 7.085723491001369 ], [ 100.500591464317438, 7.085723491001368 ], [ 100.500591464317452, 7.085498912180408 ], [ 100.500366885496106, 7.085498912180417 ], [ 100.500366885496121, 7.085274333359365 ], [ 100.500142306675144, 7.085274333359367 ], [ 100.500142306675158, 7.08504975453831 ], [ 100.49969314903322, 7.085049754538312 ], [ 100.499693149033234, 7.084825175717259 ], [ 100.499243991390969, 7.084825175717266 ], [ 100.499243991390969, 7.084600596896292 ], [ 100.498936362600247, 7.084600596896297 ], [ 100.498928992009724, 7.08461964817384 ], [ 100.499010026715595, 7.08483197602735 ], [ 100.499080047802565, 7.08493231368199 ], [ 100.499425386405434, 7.085309341897926 ] ] ], [ [ [ 100.503061831348717, 7.087295542748642 ], [ 100.503286410169693, 7.087295542748643 ], [ 100.503286410169693, 7.087520121569596 ], [ 100.504633883095821, 7.0875201215696 ], [ 100.504633883095821, 7.087070963927589 ], [ 100.504409304274859, 7.087070963927598 ], [ 100.504409304274859, 7.086846385106549 ], [ 100.503286410169707, 7.08684638510653 ], [ 100.503286410169693, 7.0870709639276 ], [ 100.503061831348745, 7.087070963927598 ], [ 100.503061831348717, 7.087295542748642 ] ] ], [ [ [ 100.502612673706452, 7.089541330958893 ], [ 100.502612673706452, 7.089092173316872 ], [ 100.502388094885475, 7.089092173316879 ], [ 100.50238809488549, 7.08864301567476 ], [ 100.502163516064527, 7.088643015674772 ], [ 100.502163516064542, 7.088193858032763 ], [ 100.502388094885475, 7.08819385803275 ], [ 100.50238809488549, 7.087744700390645 ], [ 100.502163516064527, 7.087744700390663 ], [ 100.502163516064513, 7.087295542748649 ], [ 100.501714358422603, 7.087295542748643 ], [ 100.501714358422603, 7.087070963927598 ], [ 100.5014897796013, 7.087070963927594 ], [ 100.501489779601286, 7.086878830884509 ], [ 100.50140884343827, 7.086969672466941 ], [ 100.501399172540061, 7.086980523536508 ], [ 100.501365892598244, 7.087004431048299 ], [ 100.501329261093105, 7.087030748465883 ], [ 100.501193972365428, 7.087110175191159 ], [ 100.501179381289006, 7.087118737114332 ], [ 100.501045435210386, 7.087198234526004 ], [ 100.500939047941543, 7.087287955433156 ], [ 100.500836492027474, 7.087397940849837 ], [ 100.500836164556546, 7.087398290963383 ], [ 100.5008160431384, 7.087413956746632 ], [ 100.5008160431384, 7.08841843685381 ], [ 100.501265200780324, 7.088418436853813 ], [ 100.501265200780324, 7.088867594495825 ], [ 100.501489779601286, 7.088867594495818 ], [ 100.501489779601286, 7.089092173316877 ], [ 100.501265200780324, 7.089092173316876 ], [ 100.501265200780324, 7.089541330958875 ], [ 100.500816043138386, 7.08954133095889 ], [ 100.5008160431384, 7.089765909779935 ], [ 100.500366885496106, 7.089765909779945 ], [ 100.500366885496135, 7.089541330958892 ], [ 100.500024104278666, 7.089541330958891 ], [ 100.50009358452246, 7.089582159665781 ], [ 100.500079833952341, 7.089604246899156 ], [ 100.500007235093136, 7.089645759280702 ], [ 100.499941909995641, 7.089650492619834 ], [ 100.4998414314109, 7.089578096403429 ], [ 100.499739743447975, 7.089316752137923 ], [ 100.499468570212287, 7.08931675213793 ], [ 100.499468570212272, 7.08954133095888 ], [ 100.499243991390955, 7.08954133095888 ], [ 100.499243991390941, 7.089990488600984 ], [ 100.499693149033249, 7.089990488600976 ], [ 100.499693149033234, 7.090215067422035 ], [ 100.499917727854182, 7.090215067422029 ], [ 100.499917727854211, 7.08999048860098 ], [ 100.5008160431384, 7.089990488600991 ], [ 100.500816043138386, 7.090215067422041 ], [ 100.501040621959362, 7.090215067422044 ], [ 100.501040621959362, 7.09043615917708 ], [ 100.501106969132806, 7.090437531835851 ], [ 100.50150443479923, 7.090406361626343 ], [ 100.50193893724358, 7.090285690461992 ], [ 100.501938937243565, 7.089990488600977 ], [ 100.502837252527769, 7.08999048860099 ], [ 100.502837252527769, 7.089765909779926 ], [ 100.503061831348731, 7.089765909779939 ], [ 100.503061831348731, 7.089541330958884 ], [ 100.502612673706452, 7.089541330958893 ] ] ], [ [ [ 100.504952125893624, 7.09283020034655 ], [ 100.504969307167286, 7.092685434453338 ], [ 100.504858461916797, 7.092685434453322 ], [ 100.504858461916797, 7.092460855632283 ], [ 100.504409304274873, 7.092460855632273 ], [ 100.504409304274844, 7.092236276811319 ], [ 100.503286410169707, 7.092236276811319 ], [ 100.503286410169679, 7.092460855632287 ], [ 100.503061831348731, 7.092460855632281 ], [ 100.503061831348731, 7.092685434453322 ], [ 100.502837252527769, 7.09268543445332 ], [ 100.502837252527769, 7.092910013274388 ], [ 100.503510988990655, 7.092910013274382 ], [ 100.503510988990641, 7.093134592095438 ], [ 100.503735567811617, 7.093134592095437 ], [ 100.503735567811631, 7.093359170916397 ], [ 100.503960146632565, 7.093359170916401 ], [ 100.503960146632593, 7.093134592095435 ], [ 100.504858461916768, 7.093134592095431 ], [ 100.504858461916783, 7.092910013274371 ], [ 100.504962065037532, 7.092910013274381 ], [ 100.504963150585894, 7.09289650465171 ], [ 100.504952125893624, 7.09283020034655 ] ] ], [ [ [ 100.501489779601286, 7.09335917091639 ], [ 100.501489779601286, 7.093134592095425 ], [ 100.501040621959348, 7.093134592095441 ], [ 100.501040621959362, 7.093359170916389 ], [ 100.500816043138414, 7.093359170916391 ], [ 100.5008160431384, 7.094032907379537 ], [ 100.500591464317424, 7.094032907379547 ], [ 100.500591464317452, 7.094482065021555 ], [ 100.500142306675144, 7.094482065021563 ], [ 100.500142306675158, 7.094931222663663 ], [ 100.500864282518535, 7.094931222663655 ], [ 100.500961112751881, 7.094718367145018 ], [ 100.501158868939839, 7.094339113414289 ], [ 100.501380067115349, 7.093884061356224 ], [ 100.501601328997225, 7.093447942180335 ], [ 100.501637584490155, 7.093359170916385 ], [ 100.501489779601286, 7.09335917091639 ] ] ], [ [ [ 100.501457909627433, 7.09451325585131 ], [ 100.501335870241888, 7.094706643842617 ], [ 100.502612673706466, 7.094706643842603 ], [ 100.502612673706452, 7.094032907379536 ], [ 100.502163516064542, 7.094032907379544 ], [ 100.502163516064527, 7.093808328558492 ], [ 100.501938937243565, 7.093808328558489 ], [ 100.501938937243565, 7.093505505265841 ], [ 100.501862774137365, 7.093716858003897 ], [ 100.501731178455969, 7.094043837946576 ], [ 100.501632269107972, 7.094223998423067 ], [ 100.501457909627433, 7.09451325585131 ] ] ], [ [ [ 100.503193709141314, 7.104566662172413 ], [ 100.503357227349014, 7.104396360161258 ], [ 100.503407377264523, 7.104300639588452 ], [ 100.503406397913523, 7.104239994764628 ], [ 100.503537741493076, 7.103689796683748 ], [ 100.503510988990641, 7.103689796683753 ], [ 100.503510988990641, 7.103240639041738 ], [ 100.503286410169693, 7.103240639041742 ], [ 100.503286410169679, 7.102791481399634 ], [ 100.503061831348731, 7.102791481399646 ], [ 100.503061831348731, 7.103016060220694 ], [ 100.502837252527783, 7.103016060220695 ], [ 100.502837252527769, 7.104363533146902 ], [ 100.503061831348731, 7.104363533146908 ], [ 100.503061831348731, 7.10458811196795 ], [ 100.502837252527769, 7.104588111967959 ], [ 100.502837252527769, 7.105037269609975 ], [ 100.502163516064527, 7.10503726960997 ], [ 100.502163516064542, 7.105486427252067 ], [ 100.5008160431384, 7.105486427252072 ], [ 100.500816043138414, 7.105711006073029 ], [ 100.500229050112409, 7.105711006073032 ], [ 100.500715816536541, 7.106114174039245 ], [ 100.500772253840367, 7.106160163715131 ], [ 100.5008160431384, 7.106160163715145 ], [ 100.500816043138414, 7.105935584894094 ], [ 100.501265200780324, 7.105935584894087 ], [ 100.50126520078031, 7.106160163715144 ], [ 100.501714358422589, 7.106160163715137 ], [ 100.501714358422603, 7.106609321357162 ], [ 100.50193893724358, 7.106609321357155 ], [ 100.501938937243551, 7.10681515573896 ], [ 100.502362266710321, 7.106133591330317 ], [ 100.502435001896387, 7.106003294250341 ], [ 100.502465193697446, 7.10593558489408 ], [ 100.502388094885475, 7.105935584894093 ], [ 100.50238809488549, 7.105711006073032 ], [ 100.502565334054609, 7.105711006073041 ], [ 100.502932305763096, 7.104888020454618 ], [ 100.503032475316459, 7.104705763856906 ], [ 100.503193709141314, 7.104566662172413 ] ] ], [ [ [ 100.499693149033234, 7.106160163715144 ], [ 100.499693149033234, 7.107058478999243 ], [ 100.499243991390955, 7.107058478999255 ], [ 100.499243991390969, 7.107283057820297 ], [ 100.499019412569993, 7.107283057820293 ], [ 100.499019412569993, 7.107507636641257 ], [ 100.498794833749045, 7.107507636641257 ], [ 100.498794833749031, 7.10773221546232 ], [ 100.498570254928069, 7.107732215462314 ], [ 100.498570254928069, 7.10951802383078 ], [ 100.500010655445138, 7.109586991102586 ], [ 100.500715986503067, 7.108714413958727 ], [ 100.500860095209191, 7.108528360569482 ], [ 100.500881824677023, 7.108498265888605 ], [ 100.501223297434734, 7.107956794283374 ], [ 100.501040621959348, 7.107956794283363 ], [ 100.501040621959348, 7.107732215462306 ], [ 100.5008160431384, 7.10773221546232 ], [ 100.5008160431384, 7.107507636641266 ], [ 100.501040621959362, 7.107507636641277 ], [ 100.501040621959362, 7.107128948241513 ], [ 100.499844066190946, 7.106160163715137 ], [ 100.499693149033234, 7.106160163715144 ] ] ], [ [ [ 100.495201572612586, 7.111592753392903 ], [ 100.495201572612572, 7.11155005541983 ], [ 100.494303257328369, 7.111550055419836 ], [ 100.494303257328355, 7.111774634240875 ], [ 100.49361466768795, 7.11177463424087 ], [ 100.493850653414214, 7.111975367319754 ], [ 100.493986963748583, 7.112438766356848 ], [ 100.494048572181086, 7.112962256158218 ], [ 100.494025616210095, 7.113068726014889 ], [ 100.494138057920438, 7.112842266867274 ], [ 100.494346796610046, 7.112542343031899 ], [ 100.494615934586676, 7.112391849719698 ], [ 100.494915514106978, 7.112390883162271 ], [ 100.494990070986404, 7.112285904930568 ], [ 100.495063949805555, 7.111971453290556 ], [ 100.495201572612586, 7.111592753392903 ] ] ], [ [ [ 100.492731205581265, 7.113346685988058 ], [ 100.492731205581279, 7.113571264809112 ], [ 100.492955784402255, 7.113571264809115 ], [ 100.492955784402255, 7.113795843630149 ], [ 100.493348434489619, 7.113795843630148 ], [ 100.493556053537262, 7.113517458302836 ], [ 100.493660084771008, 7.113262759835449 ], [ 100.493539528278248, 7.113038710543976 ], [ 100.493538948128972, 7.112859162030846 ], [ 100.49358267553572, 7.112484957365561 ], [ 100.493431580249762, 7.112081456040575 ], [ 100.49302824534972, 7.111774634240883 ], [ 100.492282047939355, 7.111774634240867 ], [ 100.492282047939369, 7.112223791882884 ], [ 100.492506626760317, 7.112223791882892 ], [ 100.492506626760317, 7.11334668598805 ], [ 100.492731205581265, 7.113346685988058 ] ] ], [ [ [ 100.507496991521734, 7.12162012028723 ], [ 100.507495391961243, 7.120692488583512 ], [ 100.506205934842825, 7.119077054607146 ], [ 100.506205934842896, 7.119410314155902 ], [ 100.505981356021934, 7.119410314155899 ], [ 100.505981356021962, 7.119634892976956 ], [ 100.505532198380024, 7.119634892976949 ], [ 100.505532198380024, 7.119410314155906 ], [ 100.505307619559048, 7.119410314155896 ], [ 100.505307619559048, 7.119185735334845 ], [ 100.50508304073773, 7.119185735334854 ], [ 100.505083040737745, 7.118961156513803 ], [ 100.505307619559062, 7.118961156513801 ], [ 100.505307619559076, 7.118736577692838 ], [ 100.50593416243558, 7.118736577693001 ], [ 100.499471598277012, 7.110640266797608 ], [ 100.499098521750795, 7.111130095514655 ], [ 100.499019412569993, 7.111237340262679 ], [ 100.499019412569993, 7.111325476598778 ], [ 100.498954398725743, 7.111325476598766 ], [ 100.498794833749031, 7.111541791640201 ], [ 100.498794833749031, 7.112223791882888 ], [ 100.498570254928055, 7.11222379188289 ], [ 100.498570254928083, 7.112448370703951 ], [ 100.498153697722913, 7.112448370703947 ], [ 100.498121097286145, 7.112495006591358 ], [ 100.498121097286145, 7.113795843630148 ], [ 100.497896518464813, 7.113795843630148 ], [ 100.497896518464827, 7.114245001272168 ], [ 100.49767193964388, 7.114245001272168 ], [ 100.497671939643851, 7.11446958009323 ], [ 100.497447360822903, 7.114469580093226 ], [ 100.497447360822903, 7.114694158914263 ], [ 100.497222782001941, 7.114694158914269 ], [ 100.497222782001941, 7.115143316556292 ], [ 100.497447360822903, 7.115143316556289 ], [ 100.497447360822903, 7.115367895377337 ], [ 100.498121097286145, 7.115367895377334 ], [ 100.498121097286145, 7.115592474198379 ], [ 100.498345676107107, 7.115592474198388 ], [ 100.498345676107107, 7.115817053019433 ], [ 100.498570254928069, 7.115817053019439 ], [ 100.498570254928055, 7.116041631840402 ], [ 100.498794833749031, 7.116041631840399 ], [ 100.498794833749045, 7.115817053019445 ], [ 100.499693149033234, 7.115817053019444 ], [ 100.499693149033234, 7.116041631840406 ], [ 100.500142306675158, 7.116041631840394 ], [ 100.500142306675158, 7.116266210661445 ], [ 100.500366885496106, 7.116266210661442 ], [ 100.500366885496135, 7.116490789482504 ], [ 100.500591464317438, 7.116490789482494 ], [ 100.500591464317438, 7.116939947124598 ], [ 100.500366885496121, 7.116939947124598 ], [ 100.500366885496121, 7.117613683587667 ], [ 100.5008160431384, 7.117613683587662 ], [ 100.5008160431384, 7.117389104766619 ], [ 100.501040621959348, 7.117389104766617 ], [ 100.501040621959362, 7.117164525945558 ], [ 100.5014897796013, 7.117164525945558 ], [ 100.5014897796013, 7.117389104766623 ], [ 100.501714358422603, 7.117389104766607 ], [ 100.501714358422618, 7.117613683587662 ], [ 100.502163516064527, 7.117613683587662 ], [ 100.502163516064527, 7.117838262408725 ], [ 100.503061831348731, 7.117838262408715 ], [ 100.503061831348717, 7.118287420050731 ], [ 100.503286410169693, 7.118287420050738 ], [ 100.503286410169693, 7.118511998871786 ], [ 100.503061831348717, 7.118511998871776 ], [ 100.503061831348731, 7.118961156513793 ], [ 100.502837252527783, 7.118961156513786 ], [ 100.502837252527769, 7.119185735334851 ], [ 100.503061831348731, 7.119185735334847 ], [ 100.503061831348731, 7.119634892976945 ], [ 100.503286410169693, 7.119634892976956 ], [ 100.503286410169693, 7.119859471797905 ], [ 100.503510988990669, 7.119859471797901 ], [ 100.503510988990655, 7.120084050618952 ], [ 100.503960146632579, 7.120084050618966 ], [ 100.503960146632579, 7.120308629440014 ], [ 100.504409304274859, 7.120308629440001 ], [ 100.504409304274859, 7.120757787082106 ], [ 100.504633883095821, 7.120757787082107 ], [ 100.504633883095821, 7.120982365903068 ], [ 100.504858461916783, 7.120982365903072 ], [ 100.504858461916797, 7.121206944724118 ], [ 100.505532198380024, 7.12120694472412 ], [ 100.505532198380024, 7.121431523545171 ], [ 100.50620593484291, 7.121431523545182 ], [ 100.50620593484291, 7.121656102366229 ], [ 100.506430513664213, 7.121656102366231 ], [ 100.506430513664228, 7.122461834464598 ], [ 100.507104250127114, 7.122798702696132 ], [ 100.507104250127128, 7.122329838829296 ], [ 100.507328828948062, 7.12232983882929 ], [ 100.507328828948076, 7.121880681187186 ], [ 100.507497842898573, 7.121880681187186 ], [ 100.507496991521734, 7.12162012028723 ] ] ], [ [ [ 100.494527836149317, 7.12547394232374 ], [ 100.49497699379161, 7.12547394232374 ], [ 100.494976993791624, 7.125249363502693 ], [ 100.495875309075828, 7.125249363502677 ], [ 100.495875309075814, 7.125024784681643 ], [ 100.496099887896776, 7.125024784681645 ], [ 100.496099887896776, 7.124800205860578 ], [ 100.496324466717738, 7.124800205860591 ], [ 100.496324466717738, 7.124575627039536 ], [ 100.496773624359676, 7.124575627039533 ], [ 100.496773624359662, 7.124800205860579 ], [ 100.496998203180979, 7.124800205860589 ], [ 100.496998203180979, 7.125024784681635 ], [ 100.497222782001955, 7.125024784681627 ], [ 100.497222782001941, 7.125249363502689 ], [ 100.497447360822903, 7.125249363502677 ], [ 100.497447360822903, 7.125473942323732 ], [ 100.497896518464827, 7.12547394232374 ], [ 100.497896518464827, 7.125249363502688 ], [ 100.498121097286145, 7.12524936350269 ], [ 100.498121097286145, 7.125024784681639 ], [ 100.498794833749031, 7.125024784681632 ], [ 100.498794833749031, 7.125249363502693 ], [ 100.499019412569993, 7.12524936350269 ], [ 100.499019412569993, 7.12502478468164 ], [ 100.499468570212272, 7.125024784681639 ], [ 100.499468570212272, 7.124800205860583 ], [ 100.499917727854196, 7.124800205860574 ], [ 100.499917727854211, 7.124351048218574 ], [ 100.500033246506248, 7.124351048218577 ], [ 100.500018757550095, 7.123452732934449 ], [ 100.499917727854196, 7.123452732934449 ], [ 100.499917727854196, 7.123228154113405 ], [ 100.499693149033234, 7.123228154113415 ], [ 100.499693149033249, 7.123003575292349 ], [ 100.499243991390955, 7.123003575292357 ], [ 100.499243991390941, 7.122778996471314 ], [ 100.498345676107107, 7.122778996471315 ], [ 100.498345676107121, 7.122554417650335 ], [ 100.497447360822918, 7.122554417650338 ], [ 100.497447360822903, 7.1227789964713 ], [ 100.497222782001941, 7.122778996471311 ], [ 100.497222782001927, 7.123003575292346 ], [ 100.496998203180979, 7.123003575292355 ], [ 100.496998203180965, 7.123228154113413 ], [ 100.496773624359662, 7.123228154113399 ], [ 100.496773624359662, 7.123003575292359 ], [ 100.496549045538686, 7.123003575292354 ], [ 100.4965490455387, 7.122778996471299 ], [ 100.496324466717738, 7.122778996471312 ], [ 100.496324466717752, 7.122329838829295 ], [ 100.496549045538714, 7.122329838829291 ], [ 100.4965490455387, 7.121880681187186 ], [ 100.496998203180979, 7.12188068118718 ], [ 100.496998203180993, 7.121656102366229 ], [ 100.498345676107107, 7.12165610236623 ], [ 100.498345676107121, 7.121880681187182 ], [ 100.498570254928069, 7.121880681187188 ], [ 100.498570254928069, 7.121656102366221 ], [ 100.498794833749017, 7.121656102366222 ], [ 100.498794833749031, 7.121431523545183 ], [ 100.499019412569993, 7.121431523545169 ], [ 100.499019412569993, 7.121206944724124 ], [ 100.499243991390955, 7.121206944724118 ], [ 100.499243991390955, 7.12098236590307 ], [ 100.499019412569979, 7.120982365903079 ], [ 100.499019412569993, 7.120757787082119 ], [ 100.499243991390969, 7.120757787082105 ], [ 100.499243991390955, 7.12053320826106 ], [ 100.499019412569993, 7.120533208261059 ], [ 100.499019412569993, 7.11851199887179 ], [ 100.499243991390955, 7.118511998871787 ], [ 100.499243991390955, 7.117164525945574 ], [ 100.499019412569993, 7.117164525945564 ], [ 100.499019412569993, 7.116715368303555 ], [ 100.498570254928069, 7.116715368303549 ], [ 100.498570254928069, 7.116490789482496 ], [ 100.498345676107107, 7.116490789482507 ], [ 100.498345676107107, 7.116715368303543 ], [ 100.496998203180965, 7.116715368303553 ], [ 100.496998203180993, 7.116490789482491 ], [ 100.496773624359648, 7.11649078948251 ], [ 100.496773624359662, 7.116939947124601 ], [ 100.497447360822889, 7.116939947124601 ], [ 100.497447360822889, 7.117164525945574 ], [ 100.497896518464827, 7.117164525945563 ], [ 100.497896518464827, 7.117389104766611 ], [ 100.498345676107107, 7.117389104766616 ], [ 100.498345676107107, 7.117613683587665 ], [ 100.498570254928069, 7.117613683587667 ], [ 100.498570254928069, 7.117838262408714 ], [ 100.498794833749031, 7.11783826240872 ], [ 100.498794833749017, 7.118511998871791 ], [ 100.498570254928069, 7.118511998871774 ], [ 100.498570254928083, 7.118736577692831 ], [ 100.49767193964388, 7.118736577692828 ], [ 100.497671939643865, 7.11896115651379 ], [ 100.497447360822889, 7.118961156513792 ], [ 100.497447360822889, 7.119185735334847 ], [ 100.497222782001927, 7.119185735334849 ], [ 100.497222782001941, 7.119634892976944 ], [ 100.496998203180979, 7.119634892976944 ], [ 100.496998203180979, 7.1198594717979 ], [ 100.496773624359662, 7.119859471797906 ], [ 100.496773624359662, 7.120084050618966 ], [ 100.496549045538714, 7.120084050618949 ], [ 100.4965490455387, 7.120308629440009 ], [ 100.496099887896762, 7.12030862944001 ], [ 100.496099887896762, 7.11963489297694 ], [ 100.496324466717738, 7.119634892976947 ], [ 100.496324466717738, 7.119185735334852 ], [ 100.496549045538714, 7.119185735334852 ], [ 100.4965490455387, 7.118736577692837 ], [ 100.496773624359662, 7.118736577692822 ], [ 100.496773624359662, 7.118287420050732 ], [ 100.496998203180979, 7.118287420050738 ], [ 100.496998203180979, 7.117613683587665 ], [ 100.496324466717752, 7.11761368358767 ], [ 100.496324466717738, 7.117838262408721 ], [ 100.494976993791596, 7.117838262408727 ], [ 100.49497699379161, 7.118062841229681 ], [ 100.494752414970662, 7.118062841229671 ], [ 100.494752414970648, 7.118736577692839 ], [ 100.494527836149317, 7.118736577692822 ], [ 100.494527836149317, 7.119185735334846 ], [ 100.494303257328355, 7.119185735334836 ], [ 100.494303257328369, 7.119410314155905 ], [ 100.494527836149331, 7.119410314155892 ], [ 100.494527836149331, 7.120308629440005 ], [ 100.494303257328369, 7.120308629440017 ], [ 100.494303257328383, 7.120982365903069 ], [ 100.494078678507407, 7.120982365903078 ], [ 100.494078678507421, 7.121206944724119 ], [ 100.493854099686459, 7.121206944724128 ], [ 100.493854099686445, 7.121431523545168 ], [ 100.493629520865468, 7.121431523545172 ], [ 100.493629520865483, 7.123228154113409 ], [ 100.493854099686445, 7.123228154113414 ], [ 100.493854099686445, 7.123452732934459 ], [ 100.494527836149331, 7.123452732934449 ], [ 100.494527836149331, 7.123677311755414 ], [ 100.494752414970662, 7.123677311755421 ], [ 100.494752414970648, 7.123901890576479 ], [ 100.49497699379161, 7.123901890576479 ], [ 100.49497699379161, 7.124351048218576 ], [ 100.494752414970648, 7.124351048218576 ], [ 100.494752414970648, 7.124575627039535 ], [ 100.493629520865483, 7.124575627039529 ], [ 100.493629520865483, 7.124351048218569 ], [ 100.492955784402227, 7.124351048218562 ], [ 100.492955784402241, 7.124575627039543 ], [ 100.492731205581279, 7.12457562703954 ], [ 100.492731205581279, 7.124351048218579 ], [ 100.492506626760317, 7.124351048218569 ], [ 100.492506626760331, 7.124126469397511 ], [ 100.492284898674754, 7.124126469397513 ], [ 100.492317337733908, 7.124246682351326 ], [ 100.492462851966053, 7.124834988307899 ], [ 100.492493753061055, 7.124949094648372 ], [ 100.492732186175814, 7.125716280160375 ], [ 100.492750436362854, 7.125767403257064 ], [ 100.492772285595962, 7.125810702528359 ], [ 100.49329417465708, 7.126510264406285 ], [ 100.493411968759375, 7.126635953857313 ], [ 100.493627912404477, 7.126765834161149 ], [ 100.493629520865468, 7.126766685437898 ], [ 100.493629520865483, 7.126147678786809 ], [ 100.493854099686445, 7.126147678786798 ], [ 100.493854099686445, 7.125923099965752 ], [ 100.494078678507407, 7.125923099965742 ], [ 100.494078678507407, 7.125698521144693 ], [ 100.494527836149331, 7.125698521144706 ], [ 100.494527836149317, 7.12547394232374 ] ], [ [ 100.494752414970634, 7.121656102366229 ], [ 100.494976993791624, 7.121656102366218 ], [ 100.49497699379161, 7.121206944724121 ], [ 100.495426151433534, 7.12120694472412 ], [ 100.495426151433534, 7.121431523545187 ], [ 100.495650730254511, 7.121431523545175 ], [ 100.495650730254496, 7.121880681187188 ], [ 100.495426151433534, 7.121880681187182 ], [ 100.495426151433549, 7.122105260008231 ], [ 100.495201572612572, 7.122105260008232 ], [ 100.495201572612572, 7.12232983882928 ], [ 100.49497699379161, 7.122329838829281 ], [ 100.49497699379161, 7.12277899647131 ], [ 100.494752414970648, 7.122778996471295 ], [ 100.494752414970634, 7.12300357529235 ], [ 100.494527836149345, 7.123003575292362 ], [ 100.494527836149331, 7.123228154113406 ], [ 100.494303257328355, 7.12322815411341 ], [ 100.494303257328369, 7.123003575292364 ], [ 100.494078678507421, 7.123003575292361 ], [ 100.494078678507407, 7.122778996471312 ], [ 100.493854099686445, 7.122778996471303 ], [ 100.493854099686459, 7.122554417650339 ], [ 100.494078678507421, 7.122554417650345 ], [ 100.494078678507407, 7.122105260008234 ], [ 100.494527836149317, 7.122105260008234 ], [ 100.494527836149331, 7.121880681187195 ], [ 100.494752414970648, 7.121880681187181 ], [ 100.494752414970634, 7.121656102366229 ] ] ], [ [ [ 100.500080335613646, 7.127270572891969 ], [ 100.500065846657463, 7.126372257607845 ], [ 100.499468570212272, 7.126372257607844 ], [ 100.499468570212287, 7.126147678786802 ], [ 100.499243991390969, 7.126147678786799 ], [ 100.499243991390955, 7.125923099965759 ], [ 100.498345676107107, 7.125923099965754 ], [ 100.498345676107107, 7.126372257607843 ], [ 100.498121097286145, 7.126372257607843 ], [ 100.498121097286145, 7.127495151712926 ], [ 100.498345676107107, 7.127495151712924 ], [ 100.498345676107107, 7.127944309355039 ], [ 100.499019412569993, 7.127944309355021 ], [ 100.499019412569993, 7.127719730533985 ], [ 100.499243991390955, 7.127719730533989 ], [ 100.499243991390955, 7.127495151712925 ], [ 100.499917727854211, 7.127495151712924 ], [ 100.499917727854182, 7.127270572891963 ], [ 100.500080335613646, 7.127270572891969 ] ] ] ] } },
{ "type": "Feature", "properties": { "TB_IDN": 901105, "TB_TN": "ต.คลองแห", "AP_IDN": 9011, "AP_TN": "อ.หาดใหญ่", "PV_IDN": 90, "PV_TN": "จ.สงขลา", "RE_NESDB": "South", "RE_ROYIN": "South", "F_AREA": 142329.82388000001, "flood_area": 88.9561, "A": 0.142 }, "geometry": { "type": "MultiPolygon", "coordinates": [ [ [ [ 100.5008160431384, 7.065511397108751 ], [ 100.500816043138414, 7.065062239466647 ], [ 100.500591464317438, 7.065062239466646 ], [ 100.500591464317452, 7.064837660645591 ], [ 100.500142306675158, 7.064837660645598 ], [ 100.500142306675144, 7.065062239466643 ], [ 100.499917727854182, 7.065062239466657 ], [ 100.499917727854196, 7.065735975929712 ], [ 100.500142306675173, 7.065735975929719 ], [ 100.500142306675173, 7.065960554750755 ], [ 100.500366885496121, 7.065960554750769 ], [ 100.500366885496121, 7.066185133571819 ], [ 100.500591464317438, 7.06618513357181 ], [ 100.500591464317438, 7.066409712392873 ], [ 100.501040621959362, 7.06640971239286 ], [ 100.501040621959362, 7.065960554750756 ], [ 100.500816043138386, 7.065960554750768 ], [ 100.5008160431384, 7.065735975929711 ], [ 100.500591464317438, 7.065735975929719 ], [ 100.500591464317438, 7.06551139710875 ], [ 100.5008160431384, 7.065511397108751 ] ] ], [ [ [ 100.499693149033234, 7.068430921782155 ], [ 100.499693149033234, 7.068206342961093 ], [ 100.499917727854211, 7.068206342961101 ], [ 100.499917727854211, 7.067757185318986 ], [ 100.498794833749017, 7.067757185318996 ], [ 100.498794833749031, 7.067532606498021 ], [ 100.498570254928069, 7.067532606498035 ], [ 100.498570254928069, 7.067308027676976 ], [ 100.498794833749045, 7.067308027676981 ], [ 100.498794833749017, 7.067083448855918 ], [ 100.498570254928069, 7.067083448855935 ], [ 100.498570254928083, 7.06685887003487 ], [ 100.498794833749031, 7.066858870034873 ], [ 100.498794833749031, 7.066634291213824 ], [ 100.498570254928069, 7.066634291213823 ], [ 100.498570254928055, 7.066409712392873 ], [ 100.498794833749017, 7.066409712392873 ], [ 100.498794833749045, 7.066185133571819 ], [ 100.499019412569993, 7.066185133571819 ], [ 100.499019412569979, 7.065960554750765 ], [ 100.499243991390955, 7.065960554750754 ], [ 100.499243991390955, 7.065511397108748 ], [ 100.499019412569979, 7.065511397108749 ], [ 100.499019412569993, 7.065286818287705 ], [ 100.498121097286145, 7.065286818287697 ], [ 100.498121097286131, 7.065735975929718 ], [ 100.497896518464827, 7.065735975929708 ], [ 100.497896518464827, 7.066185133571817 ], [ 100.497447360822889, 7.066185133571817 ], [ 100.497447360822903, 7.066634291213828 ], [ 100.497222782001941, 7.066634291213817 ], [ 100.497222782001941, 7.067308027676979 ], [ 100.497447360822918, 7.067308027676972 ], [ 100.497447360822918, 7.067532606498033 ], [ 100.497671939643865, 7.06753260649803 ], [ 100.497671939643865, 7.067757185318984 ], [ 100.497896518464827, 7.067757185318999 ], [ 100.497896518464813, 7.06843092178215 ], [ 100.498121097286145, 7.068430921782138 ], [ 100.498121097286145, 7.068655500603104 ], [ 100.498345676107107, 7.068655500603107 ], [ 100.498345676107121, 7.068430921782151 ], [ 100.499693149033234, 7.068430921782155 ] ] ], [ [ [ 100.4965490455387, 7.069553815887217 ], [ 100.4965490455387, 7.069329237066256 ], [ 100.496773624359662, 7.069329237066259 ], [ 100.496773624359662, 7.069104658245202 ], [ 100.496998203180965, 7.069104658245209 ], [ 100.496998203180979, 7.06843092178215 ], [ 100.496773624359676, 7.068430921782148 ], [ 100.496773624359662, 7.068206342961096 ], [ 100.4965490455387, 7.068206342961092 ], [ 100.496549045538714, 7.067981764140047 ], [ 100.496099887896762, 7.06798176414005 ], [ 100.49609988789679, 7.068655500603112 ], [ 100.495875309075814, 7.068655500603102 ], [ 100.495875309075828, 7.068880079424161 ], [ 100.495201572612572, 7.068880079424159 ], [ 100.495201572612572, 7.069553815887227 ], [ 100.49542615143352, 7.06955381588723 ], [ 100.495426151433549, 7.069778394708276 ], [ 100.49609988789679, 7.069778394708269 ], [ 100.496099887896776, 7.069553815887226 ], [ 100.4965490455387, 7.069553815887217 ] ] ], [ [ [ 100.487565892697731, 7.069553815887215 ], [ 100.488913365623858, 7.069553815887216 ], [ 100.488913365623858, 7.069104658245217 ], [ 100.489137944444821, 7.069104658245201 ], [ 100.489137944444821, 7.068655500603109 ], [ 100.488913365623873, 7.068655500603118 ], [ 100.488913365623858, 7.068430921782138 ], [ 100.488464207981565, 7.06843092178214 ], [ 100.488464207981593, 7.068206342961099 ], [ 100.488239629160617, 7.0682063429611 ], [ 100.488239629160617, 7.06798176414005 ], [ 100.487565892697731, 7.06798176414005 ], [ 100.487565892697731, 7.068880079424149 ], [ 100.487341313876414, 7.068880079424162 ], [ 100.487341313876428, 7.069104658245213 ], [ 100.487116735055451, 7.069104658245216 ], [ 100.487116735055451, 7.069329237066269 ], [ 100.486892156234504, 7.069329237066255 ], [ 100.486892156234489, 7.069553815887225 ], [ 100.486667577413527, 7.069553815887231 ], [ 100.486667577413513, 7.070002973529334 ], [ 100.486892156234489, 7.070002973529328 ], [ 100.486892156234489, 7.07022755235038 ], [ 100.487341313876414, 7.070227552350381 ], [ 100.487341313876414, 7.069778394708272 ], [ 100.487565892697731, 7.069778394708279 ], [ 100.487565892697731, 7.069553815887215 ] ] ], [ [ [ 100.498121097286145, 7.069553815887223 ], [ 100.497896518464827, 7.069553815887219 ], [ 100.497896518464827, 7.069329237066256 ], [ 100.497671939643865, 7.06932923706626 ], [ 100.49767193964388, 7.069104658245208 ], [ 100.497447360822903, 7.069104658245203 ], [ 100.497447360822889, 7.069329237066255 ], [ 100.496998203180979, 7.069329237066254 ], [ 100.496998203180979, 7.069553815887216 ], [ 100.497222782001927, 7.069553815887215 ], [ 100.497222782001941, 7.069778394708278 ], [ 100.496773624359648, 7.069778394708282 ], [ 100.496773624359662, 7.070452131171341 ], [ 100.497222782001941, 7.07045213117134 ], [ 100.497222782001941, 7.070676709992388 ], [ 100.497896518464827, 7.07067670999239 ], [ 100.497896518464827, 7.070452131171328 ], [ 100.498121097286145, 7.070452131171339 ], [ 100.498121097286145, 7.069553815887223 ] ] ] ] } },
{ "type": "Feature", "properties": { "TB_IDN": 901114, "TB_TN": "ต.น้ำน้อย", "AP_IDN": 9011, "AP_TN": "อ.หาดใหญ่", "PV_IDN": 90, "PV_TN": "จ.สงขลา", "RE_NESDB": "South", "RE_ROYIN": "South", "F_AREA": 903795.37286500004, "flood_area": 564.872, "A": 0.871 }, "geometry": { "type": "MultiPolygon", "coordinates": [ [ [ [ 100.511371247726814, 7.061693557151239 ], [ 100.511371247726814, 7.061468978330196 ], [ 100.510697511263587, 7.061468978330193 ], [ 100.510697511263587, 7.061918135972211 ], [ 100.510472932442596, 7.061918135972198 ], [ 100.510472932442596, 7.062142714793255 ], [ 100.510697511263558, 7.062142714793249 ], [ 100.510697511263572, 7.062367293614311 ], [ 100.510922090084534, 7.062367293614303 ], [ 100.510922090084534, 7.062591872435362 ], [ 100.511371247726814, 7.062591872435362 ], [ 100.5113712477268, 7.062367293614295 ], [ 100.511595826547776, 7.062367293614295 ], [ 100.511595826547762, 7.061693557151233 ], [ 100.511371247726814, 7.061693557151239 ] ] ], [ [ [ 100.506879671306137, 7.08235480868597 ], [ 100.506879671306152, 7.081905651043861 ], [ 100.507104250127128, 7.081905651043869 ], [ 100.507104250127128, 7.081231914580806 ], [ 100.507328828948076, 7.081231914580809 ], [ 100.507328828948062, 7.080782756938794 ], [ 100.507553407769393, 7.080782756938786 ], [ 100.507553407769407, 7.080109020475636 ], [ 100.50732882894809, 7.080109020475644 ], [ 100.507328828948076, 7.079435284012566 ], [ 100.507104250127114, 7.079435284012572 ], [ 100.507104250127114, 7.079210705191513 ], [ 100.507328828948076, 7.079210705191513 ], [ 100.507328828948076, 7.078761547549508 ], [ 100.507553407769393, 7.078761547549506 ], [ 100.507553407769393, 7.078312389907399 ], [ 100.507328828948076, 7.078312389907407 ], [ 100.50732882894809, 7.078087811086348 ], [ 100.507104250127114, 7.078087811086348 ], [ 100.507104250127114, 7.078312389907411 ], [ 100.506879671306152, 7.078312389907415 ], [ 100.506879671306152, 7.078087811086351 ], [ 100.50665509248519, 7.078087811086355 ], [ 100.506655092485204, 7.077863232265389 ], [ 100.50620593484291, 7.077863232265399 ], [ 100.506205934842924, 7.077638653444343 ], [ 100.50611112392842, 7.077638653444348 ], [ 100.50604083988911, 7.077819992527116 ], [ 100.505990558609355, 7.077941234040122 ], [ 100.50594145980709, 7.078140162762597 ], [ 100.505924327128056, 7.078335441419838 ], [ 100.505903012310966, 7.078515367943392 ], [ 100.505861288516954, 7.078908835193372 ], [ 100.505854458135616, 7.078986126370467 ], [ 100.505981356021948, 7.07898612637046 ], [ 100.505981356021948, 7.079210705191514 ], [ 100.505834611640324, 7.079210705191514 ], [ 100.505814765145033, 7.079435284012568 ], [ 100.505981356021948, 7.079435284012565 ], [ 100.505981356021948, 7.079659862833628 ], [ 100.505794918649727, 7.079659862833632 ], [ 100.505756777200986, 7.080091463549058 ], [ 100.505756777200972, 7.080333599296678 ], [ 100.50573537916388, 7.080333599296684 ], [ 100.505596453696825, 7.081905651043872 ], [ 100.505756777200986, 7.081905651043869 ], [ 100.505756777200986, 7.082130229864919 ], [ 100.505981356021948, 7.08213022986492 ], [ 100.505981356021934, 7.08257938750701 ], [ 100.506205934842924, 7.082579387507021 ], [ 100.506205934842924, 7.082803966327981 ], [ 100.506430513664228, 7.082803966327973 ], [ 100.506430513664228, 7.082579387507024 ], [ 100.50665509248519, 7.082579387507023 ], [ 100.50665509248519, 7.08235480868596 ], [ 100.506879671306137, 7.08235480868597 ] ] ], [ [ [ 100.509350038337445, 7.10279148139964 ], [ 100.509350038337431, 7.102566902578681 ], [ 100.509125459516483, 7.102566902578688 ], [ 100.509125459516468, 7.102342323757628 ], [ 100.508900880695521, 7.102342323757624 ], [ 100.508900880695535, 7.102566902578672 ], [ 100.508227144232279, 7.102566902578672 ], [ 100.508227144232279, 7.102791481399645 ], [ 100.508451723053255, 7.102791481399642 ], [ 100.508451723053241, 7.103016060220687 ], [ 100.508676301874218, 7.103016060220695 ], [ 100.508676301874203, 7.103240639041752 ], [ 100.508900880695521, 7.103240639041745 ], [ 100.508900880695521, 7.103914375504798 ], [ 100.509350038337445, 7.103914375504814 ], [ 100.509350038337445, 7.103240639041747 ], [ 100.509574617158407, 7.103240639041735 ], [ 100.509574617158393, 7.102791481399635 ], [ 100.509350038337445, 7.10279148139964 ] ] ], [ [ [ 100.504409304274859, 7.10818137310441 ], [ 100.504409304274859, 7.107732215462326 ], [ 100.504184725453896, 7.10773221546231 ], [ 100.504184725453896, 7.107507636641272 ], [ 100.503735567811631, 7.107507636641275 ], [ 100.503735567811617, 7.107732215462311 ], [ 100.503286410169707, 7.107732215462311 ], [ 100.503286410169693, 7.107507636641267 ], [ 100.503061831348745, 7.107507636641267 ], [ 100.503061831348731, 7.106609321357154 ], [ 100.503286410169707, 7.106609321357146 ], [ 100.503286410169693, 7.106384742536179 ], [ 100.503510988990641, 7.106384742536188 ], [ 100.503510988990669, 7.105935584894095 ], [ 100.503735567811631, 7.105935584894095 ], [ 100.503735567811631, 7.105711006073034 ], [ 100.504409304274859, 7.105711006073042 ], [ 100.504409304274859, 7.105486427252087 ], [ 100.504633883095821, 7.105486427252064 ], [ 100.504633883095821, 7.105261848431033 ], [ 100.504858461916797, 7.105261848431026 ], [ 100.504858461916783, 7.105037269609964 ], [ 100.505307619559062, 7.105037269609974 ], [ 100.505307619559062, 7.104812690788914 ], [ 100.505756777200986, 7.104812690788926 ], [ 100.505756777200972, 7.104363533146905 ], [ 100.505532198380024, 7.104363533146906 ], [ 100.505532198380024, 7.104138954325861 ], [ 100.504184725453896, 7.104138954325858 ], [ 100.504184725453896, 7.103914375504798 ], [ 100.503735567811617, 7.103914375504816 ], [ 100.503735567811617, 7.103858163967878 ], [ 100.503719597044707, 7.10392534842676 ], [ 100.503691830260806, 7.104044743554146 ], [ 100.503688198701937, 7.104057432294784 ], [ 100.503584185949819, 7.104494984260641 ], [ 100.503523863156474, 7.104567520239367 ], [ 100.503271204451238, 7.104798393205892 ], [ 100.503179312134904, 7.104910593237198 ], [ 100.503052603151062, 7.105104271312468 ], [ 100.502524022415429, 7.106291744233263 ], [ 100.502163516064527, 7.106855485840263 ], [ 100.502163516064527, 7.107058478999259 ], [ 100.50238809488549, 7.107058478999257 ], [ 100.50238809488549, 7.107283057820298 ], [ 100.502612673706466, 7.107283057820298 ], [ 100.502612673706452, 7.107662403081202 ], [ 100.503960146632579, 7.108800965658133 ], [ 100.503960146632579, 7.108405951925475 ], [ 100.504184725453882, 7.108405951925479 ], [ 100.504184725453882, 7.108181373104423 ], [ 100.504409304274859, 7.10818137310441 ] ] ], [ [ [ 100.51047293244261, 7.114469580093215 ], [ 100.510472932442596, 7.114020422451209 ], [ 100.510248353621634, 7.114020422451215 ], [ 100.510248353621648, 7.113795843630157 ], [ 100.510023774800686, 7.113795843630166 ], [ 100.5100237748007, 7.113571264809114 ], [ 100.509574617158407, 7.1135712648091 ], [ 100.509574617158421, 7.113795843630166 ], [ 100.508900880695521, 7.113795843630156 ], [ 100.508900880695521, 7.114245001272165 ], [ 100.509125459516483, 7.114245001272172 ], [ 100.509125459516483, 7.114694158914281 ], [ 100.509799195979355, 7.114694158914264 ], [ 100.509799195979369, 7.114918737735324 ], [ 100.510023774800686, 7.11491873773532 ], [ 100.510023774800686, 7.114694158914278 ], [ 100.510248353621648, 7.114694158914266 ], [ 100.510248353621648, 7.114469580093229 ], [ 100.51047293244261, 7.114469580093215 ] ] ], [ [ [ 100.507070252922858, 7.112223791882898 ], [ 100.506879671306152, 7.112223791882889 ], [ 100.506879671306152, 7.112046481185041 ], [ 100.506828865373805, 7.111999213061937 ], [ 100.50665509248519, 7.111999213061931 ], [ 100.506655092485204, 7.111837540636788 ], [ 100.506590598011698, 7.111777537157445 ], [ 100.50658716310005, 7.111774634240867 ], [ 100.506430513664213, 7.111774634240874 ], [ 100.506430513664228, 7.111642246485802 ], [ 100.505307619559076, 7.110693264901821 ], [ 100.505307619559062, 7.110876318956754 ], [ 100.504633883095821, 7.110876318956764 ], [ 100.504633883095806, 7.110651740135709 ], [ 100.504409304274873, 7.110651740135705 ], [ 100.504409304274873, 7.110202582493701 ], [ 100.504633883095835, 7.110202582493701 ], [ 100.504633883095835, 7.110123875951269 ], [ 100.504461277932066, 7.109978003672652 ], [ 100.504409304274873, 7.109978003672647 ], [ 100.504409304274859, 7.109934079634472 ], [ 100.503960146632579, 7.1095544870007 ], [ 100.503960146632565, 7.109753424851599 ], [ 100.503061831348731, 7.109753424851595 ], [ 100.503061831348731, 7.10952884603054 ], [ 100.502163516064513, 7.109528846030546 ], [ 100.502163516064527, 7.10997800367264 ], [ 100.50238809488549, 7.109978003672642 ], [ 100.50238809488549, 7.110202582493703 ], [ 100.502612673706452, 7.110202582493702 ], [ 100.502612673706452, 7.111100897777813 ], [ 100.501938937243565, 7.111100897777809 ], [ 100.50193893724358, 7.110427161314661 ], [ 100.501714358422603, 7.110427161314666 ], [ 100.501714358422589, 7.110202582493697 ], [ 100.501489779601286, 7.110202582493689 ], [ 100.501489779601286, 7.109528846030555 ], [ 100.501714358422589, 7.109528846030546 ], [ 100.501714358422618, 7.109304267209579 ], [ 100.501938937243565, 7.109304267209581 ], [ 100.501938937243551, 7.109079688388539 ], [ 100.502163516064527, 7.109079688388539 ], [ 100.502163516064527, 7.108855109567481 ], [ 100.503132599702127, 7.108855109567489 ], [ 100.502335392764166, 7.108181373104423 ], [ 100.501315626227424, 7.108181373104413 ], [ 100.501114401921413, 7.108496037501799 ], [ 100.500845106964604, 7.108864505758508 ], [ 100.500828211072616, 7.10889011604911 ], [ 100.500813209663164, 7.108908149884679 ], [ 100.500547177044837, 7.109272154380928 ], [ 100.50026929607256, 7.109592933984247 ], [ 100.499471598277012, 7.110640266797608 ], [ 100.50593416243558, 7.118736577693001 ], [ 100.505981356021962, 7.118736577692836 ], [ 100.505981356021863, 7.118795701894722 ], [ 100.506113423713671, 7.118961156513976 ], [ 100.50620593484291, 7.118961156513801 ], [ 100.506205934842825, 7.119077054607146 ], [ 100.507495391961243, 7.120692488583512 ], [ 100.507483583171663, 7.113844227555206 ], [ 100.507469616483235, 7.113234160981506 ], [ 100.507408564891975, 7.112875470257618 ], [ 100.507359762749743, 7.112600480509752 ], [ 100.507167207952548, 7.112313995567142 ], [ 100.507070252922858, 7.112223791882898 ] ], [ [ 100.504409304274859, 7.111999213061922 ], [ 100.504409304274859, 7.111550055419825 ], [ 100.504633883095806, 7.11155005541982 ], [ 100.504633883095806, 7.111999213061922 ], [ 100.504409304274859, 7.111999213061922 ] ], [ [ 100.50665509248519, 7.112448370703942 ], [ 100.50665509248519, 7.112672949524995 ], [ 100.506879671306152, 7.11267294952499 ], [ 100.506879671306152, 7.113122107167096 ], [ 100.506655092485204, 7.113122107167102 ], [ 100.506655092485204, 7.113346685988051 ], [ 100.505981356021962, 7.11334668598805 ], [ 100.505981356021948, 7.113122107167087 ], [ 100.505756777200972, 7.113122107167085 ], [ 100.505756777200986, 7.112672949524999 ], [ 100.505981356021962, 7.112672949524996 ], [ 100.505981356021948, 7.112448370703951 ], [ 100.50665509248519, 7.112448370703942 ] ] ], [ [ [ 100.5120449841897, 7.119410314155902 ], [ 100.5120449841897, 7.118961156513787 ], [ 100.5113712477268, 7.118961156513801 ], [ 100.511371247726814, 7.119185735334837 ], [ 100.510697511263587, 7.119185735334837 ], [ 100.510697511263572, 7.118736577692832 ], [ 100.5113712477268, 7.118736577692832 ], [ 100.511371247726814, 7.118511998871786 ], [ 100.512044984189714, 7.118511998871771 ], [ 100.5120449841897, 7.118062841229678 ], [ 100.511820405368738, 7.118062841229674 ], [ 100.511820405368738, 7.117164525945564 ], [ 100.5120449841897, 7.117164525945557 ], [ 100.5120449841897, 7.116939947124601 ], [ 100.511820405368724, 7.116939947124601 ], [ 100.511820405368724, 7.116715368303543 ], [ 100.5113712477268, 7.116715368303558 ], [ 100.511371247726814, 7.116490789482501 ], [ 100.51047293244261, 7.116490789482497 ], [ 100.51047293244261, 7.116715368303542 ], [ 100.510023774800672, 7.116715368303552 ], [ 100.510023774800686, 7.116490789482504 ], [ 100.510248353621648, 7.116490789482507 ], [ 100.510248353621648, 7.115817053019436 ], [ 100.509574617158421, 7.115817053019431 ], [ 100.509574617158407, 7.116041631840393 ], [ 100.509350038337445, 7.116041631840409 ], [ 100.509350038337459, 7.116266210661448 ], [ 100.509125459516468, 7.116266210661443 ], [ 100.509125459516483, 7.116490789482495 ], [ 100.508227144232279, 7.116490789482495 ], [ 100.508227144232279, 7.11626621066145 ], [ 100.508081564948611, 7.11626621066145 ], [ 100.508081195573098, 7.1169399471246 ], [ 100.508227144232279, 7.116939947124601 ], [ 100.508227144232265, 7.117164525945561 ], [ 100.508451723053241, 7.11716452594557 ], [ 100.508451723053241, 7.117389104766624 ], [ 100.508080949322775, 7.117389104766608 ], [ 100.50807971807096, 7.119634892976948 ], [ 100.509125459516483, 7.119634892976938 ], [ 100.509125459516497, 7.119410314155899 ], [ 100.510023774800686, 7.1194103141559 ], [ 100.510023774800686, 7.119634892976956 ], [ 100.510697511263572, 7.119634892976942 ], [ 100.510697511263572, 7.119859471797911 ], [ 100.511146668905852, 7.11985947179791 ], [ 100.511146668905852, 7.119634892976943 ], [ 100.511595826547776, 7.119634892976942 ], [ 100.511595826547776, 7.119410314155896 ], [ 100.5120449841897, 7.119410314155902 ] ] ], [ [ [ 100.516985718252656, 7.119859471797916 ], [ 100.517210297073603, 7.119859471797914 ], [ 100.517210297073603, 7.119410314155894 ], [ 100.51676113943131, 7.119410314155886 ], [ 100.516761139431324, 7.119634892976947 ], [ 100.516536560610362, 7.119634892976942 ], [ 100.516536560610362, 7.119859471797906 ], [ 100.516311981789414, 7.119859471797913 ], [ 100.5163119817894, 7.120084050618956 ], [ 100.516087402968438, 7.120084050618966 ], [ 100.516087402968438, 7.120308629440007 ], [ 100.515862824147476, 7.120308629440016 ], [ 100.515862824147476, 7.120757787082105 ], [ 100.516087402968438, 7.120757787082102 ], [ 100.516087402968438, 7.120982365903078 ], [ 100.516536560610362, 7.120982365903072 ], [ 100.516536560610362, 7.120757787082119 ], [ 100.516761139431338, 7.120757787082119 ], [ 100.516761139431338, 7.12053320826107 ], [ 100.516985718252656, 7.12053320826107 ], [ 100.516985718252656, 7.119859471797916 ] ] ] ] } },
{ "type": "Feature", "properties": { "TB_IDN": 901116, "TB_TN": "ต.บ้านพรุ", "AP_IDN": 9011, "AP_TN": "อ.หาดใหญ่", "PV_IDN": 90, "PV_TN": "จ.สงขลา", "RE_NESDB": "South", "RE_ROYIN": "South", "F_AREA": 22105.5616028, "flood_area": 13.816, "A": 0.022 }, "geometry": { "type": "MultiPolygon", "coordinates": [ [ [ [ 100.457696909500541, 6.918861426976211 ], [ 100.457696909500541, 6.918636848155159 ], [ 100.457921488321503, 6.918636848155159 ], [ 100.457921488321503, 6.917513954049993 ], [ 100.457696909500541, 6.917513954049994 ], [ 100.457696909500541, 6.917289375229034 ], [ 100.457247751858617, 6.917289375229033 ], [ 100.457247751858617, 6.917513954049993 ], [ 100.456798594216338, 6.917513954049994 ], [ 100.456798594216338, 6.91706479640798 ], [ 100.456574015395375, 6.917064796407981 ], [ 100.456574015395375, 6.917034471376518 ], [ 100.456376661617966, 6.917374908372801 ], [ 100.456160785461549, 6.917738532871047 ], [ 100.456349436574413, 6.917738532871046 ], [ 100.456349436574413, 6.917963111692096 ], [ 100.456574015395375, 6.917963111692095 ], [ 100.456574015395375, 6.918187690513148 ], [ 100.456798594216338, 6.918187690513148 ], [ 100.456798594216338, 6.91841226933411 ], [ 100.457023173037655, 6.91841226933411 ], [ 100.457023173037655, 6.91863684815516 ], [ 100.457472330679579, 6.91863684815516 ], [ 100.457472330679579, 6.918861426976211 ], [ 100.457696909500541, 6.918861426976211 ] ] ] ] } },
{ "type": "Feature", "properties": { "TB_IDN": 901304, "TB_TN": "ต.บางเหรียง", "AP_IDN": 9013, "AP_TN": "อ.ควนเนียง", "PV_IDN": 90, "PV_TN": "จ.สงขลา", "RE_NESDB": "South", "RE_ROYIN": "South", "F_AREA": 162803.50485200001, "flood_area": 101.752, "A": 0.163 }, "geometry": { "type": "MultiPolygon", "coordinates": [ [ [ [ 100.431870345082089, 7.141643617437881 ], [ 100.431870345082089, 7.141194459795781 ], [ 100.432094923903037, 7.141194459795778 ], [ 100.432094923903051, 7.140745302153686 ], [ 100.432544081545345, 7.140745302153695 ], [ 100.432544081545316, 7.14052072333273 ], [ 100.432768660366293, 7.140520723332724 ], [ 100.432768660366293, 7.140071565690618 ], [ 100.432993239187255, 7.14007156569062 ], [ 100.432993239187255, 7.139846986869564 ], [ 100.432768660366278, 7.13984698686958 ], [ 100.432768660366293, 7.139397829227558 ], [ 100.432544081545331, 7.139397829227558 ], [ 100.432544081545331, 7.139173250406513 ], [ 100.432319502724354, 7.1391732504065 ], [ 100.432319502724368, 7.138724092764499 ], [ 100.431421187440165, 7.138724092764486 ], [ 100.431421187440165, 7.138948671585456 ], [ 100.430522872155962, 7.138948671585461 ], [ 100.430522872155962, 7.139622408048605 ], [ 100.431196608619203, 7.139622408048607 ], [ 100.431196608619203, 7.139846986869571 ], [ 100.430972029797871, 7.139846986869578 ], [ 100.430972029797886, 7.140071565690619 ], [ 100.430747450976938, 7.140071565690612 ], [ 100.430747450976924, 7.140296144511668 ], [ 100.430522872155962, 7.140296144511681 ], [ 100.430522872155962, 7.140969880974728 ], [ 100.430747450976924, 7.140969880974733 ], [ 100.430747450976938, 7.141419038616836 ], [ 100.430972029797886, 7.141419038616839 ], [ 100.430972029797886, 7.141643617437885 ], [ 100.430747450976924, 7.141643617437889 ], [ 100.430747450976924, 7.141868196258848 ], [ 100.4309720297979, 7.141868196258852 ], [ 100.430972029797886, 7.142317353900959 ], [ 100.431196608619203, 7.142317353900963 ], [ 100.431196608619203, 7.142766511542973 ], [ 100.431421187440165, 7.142766511542964 ], [ 100.431421187440165, 7.142991090364018 ], [ 100.431870345082089, 7.142991090364016 ], [ 100.431870345082089, 7.142317353900953 ], [ 100.431645766261141, 7.14231735390095 ], [ 100.431645766261127, 7.141643617437888 ], [ 100.431870345082089, 7.141643617437881 ] ] ], [ [ [ 100.437612370013184, 7.145632196607771 ], [ 100.437233607956898, 7.14519611220727 ], [ 100.436945185670112, 7.144684356848296 ], [ 100.436747623750406, 7.144262784705322 ], [ 100.436061819935418, 7.1421841420967 ], [ 100.434903077189929, 7.138508690238818 ], [ 100.434340712113368, 7.136718433599346 ], [ 100.434340712113382, 7.137825777480374 ], [ 100.434565290934344, 7.137825777480386 ], [ 100.434565290934344, 7.138274935122384 ], [ 100.434789869755676, 7.138274935122387 ], [ 100.434789869755662, 7.138948671585458 ], [ 100.435014448576624, 7.138948671585447 ], [ 100.435014448576609, 7.139846986869563 ], [ 100.435239027397586, 7.139846986869563 ], [ 100.4352390273976, 7.140296144511679 ], [ 100.435463606218548, 7.140296144511681 ], [ 100.435463606218562, 7.141643617437889 ], [ 100.43568818503951, 7.141643617437894 ], [ 100.435688185039524, 7.142541932722003 ], [ 100.435912763860813, 7.142541932722001 ], [ 100.435912763860827, 7.143664826827085 ], [ 100.436137342681789, 7.143664826827083 ], [ 100.436137342681775, 7.144338563290228 ], [ 100.436361921502751, 7.144338563290234 ], [ 100.436361921502765, 7.144787720932247 ], [ 100.436586500323713, 7.144787720932255 ], [ 100.436586500323713, 7.145686036216366 ], [ 100.43681107914469, 7.145686036216369 ], [ 100.436811079144675, 7.145910615037403 ], [ 100.437035657965993, 7.145910615037412 ], [ 100.437035657965993, 7.145686036216356 ], [ 100.437671040144593, 7.145686036216364 ], [ 100.437612370013184, 7.145632196607771 ] ] ], [ [ [ 100.44107807674439, 7.147931824426691 ], [ 100.44115739914821, 7.147931824426697 ], [ 100.441121728263838, 7.147898027909725 ], [ 100.440419892607409, 7.147468200367013 ], [ 100.439413347271625, 7.147089150683904 ], [ 100.43909572044376, 7.146894127267199 ], [ 100.438762857899221, 7.146653916511199 ], [ 100.438414757965617, 7.146368521075832 ], [ 100.437709394428879, 7.145721232654567 ], [ 100.437709394428879, 7.146135193858463 ], [ 100.438158552071158, 7.146135193858469 ], [ 100.438158552071172, 7.146584351500473 ], [ 100.43838313089212, 7.146584351500469 ], [ 100.43838313089212, 7.146808930321526 ], [ 100.438607709713082, 7.146808930321533 ], [ 100.438607709713068, 7.147033509142569 ], [ 100.439056867355021, 7.147033509142577 ], [ 100.439056867355021, 7.147258087963619 ], [ 100.439281446176338, 7.147258087963628 ], [ 100.439281446176324, 7.147482666784582 ], [ 100.439506024997272, 7.147482666784599 ], [ 100.439506024997286, 7.14770724560564 ], [ 100.439730603818248, 7.147707245605639 ], [ 100.439730603818248, 7.148156403247748 ], [ 100.43995518263921, 7.148156403247736 ], [ 100.43995518263921, 7.148337753040083 ], [ 100.440198332007583, 7.14837304455672 ], [ 100.440227330963353, 7.148380982068708 ], [ 100.44040434028112, 7.148380982068715 ], [ 100.440404340281134, 7.148156403247744 ], [ 100.441078076744361, 7.148156403247749 ], [ 100.44107807674439, 7.147931824426691 ] ] ], [ [ [ 100.429624556871744, 7.150626770279031 ], [ 100.429624556871758, 7.149953033815967 ], [ 100.42939997805081, 7.149953033815967 ], [ 100.429399978050796, 7.149279297352823 ], [ 100.428950820408872, 7.149279297352823 ], [ 100.428950820408872, 7.149503876173878 ], [ 100.42872624158791, 7.149503876173879 ], [ 100.42872624158791, 7.150402191457997 ], [ 100.428950820408872, 7.150402191457982 ], [ 100.428950820408872, 7.150626770279038 ], [ 100.429175399229834, 7.150626770279039 ], [ 100.429175399229834, 7.150851349100096 ], [ 100.42939997805081, 7.150851349100088 ], [ 100.429399978050796, 7.150626770279037 ], [ 100.429624556871744, 7.150626770279031 ] ] ], [ [ [ 100.423446025984845, 7.156400991947583 ], [ 100.423560928704006, 7.156290909113786 ], [ 100.423560928704021, 7.15624124080478 ], [ 100.4236127716986, 7.156241240804771 ], [ 100.423785507524968, 7.156075750819946 ], [ 100.423785507524983, 7.155792083162761 ], [ 100.423560928703992, 7.155792083162762 ], [ 100.423560928704006, 7.155567504341709 ], [ 100.423111771062096, 7.15556750434172 ], [ 100.423111771062082, 7.155792083162765 ], [ 100.422438034598841, 7.155792083162766 ], [ 100.422438034598841, 7.156465819625819 ], [ 100.42288719224112, 7.156465819625827 ], [ 100.42288719224112, 7.156690398446871 ], [ 100.423090529835349, 7.156690398446886 ], [ 100.423141253964957, 7.15661644878261 ], [ 100.423336349883044, 7.156478526839957 ], [ 100.42333634988303, 7.156465819625816 ], [ 100.423354324728464, 7.156465819625826 ], [ 100.423446025984845, 7.156400991947583 ] ] ], [ [ [ 100.424908401630134, 7.158037871372995 ], [ 100.424683822809186, 7.158037871373004 ], [ 100.424683822809172, 7.157588713730989 ], [ 100.42445924398821, 7.157588713730997 ], [ 100.424459243988224, 7.157295305656526 ], [ 100.424399264411974, 7.157287665522669 ], [ 100.424280024799558, 7.157273513847827 ], [ 100.424142597823547, 7.157257206447588 ], [ 100.42406124821072, 7.157257458118889 ], [ 100.423977015041132, 7.157270192083001 ], [ 100.423976549030073, 7.15727033687678 ], [ 100.423904942795517, 7.157301695251777 ], [ 100.423825984637375, 7.157342041462506 ], [ 100.423785507524954, 7.157359515576402 ], [ 100.423785507524983, 7.157588713731 ], [ 100.423618156466816, 7.157588713730993 ], [ 100.423614643838036, 7.157617504733465 ], [ 100.423639702472656, 7.157668353357262 ], [ 100.424058518292028, 7.158037871372995 ], [ 100.424234665167234, 7.158037871372999 ], [ 100.424234665167248, 7.158337672793756 ], [ 100.424270486898251, 7.158419635767417 ], [ 100.424260354808936, 7.158610960503387 ], [ 100.424683822809172, 7.158436049807669 ], [ 100.424683822809186, 7.158262450194058 ], [ 100.42490840163012, 7.158262450194053 ], [ 100.424908401630134, 7.158037871372995 ] ] ] ] } },
{ "type": "Feature", "properties": { "TB_IDN": 901401, "TB_TN": "ต.บางกล่ำ", "AP_IDN": 9014, "AP_TN": "อ.บางกล่ำ", "PV_IDN": 90, "PV_TN": "จ.สงขลา", "RE_NESDB": "South", "RE_ROYIN": "South", "F_AREA": 246728.44413300001, "flood_area": 154.205, "A": 0.247 }, "geometry": { "type": "MultiPolygon", "coordinates": [ [ [ [ 100.417048142894345, 7.091113382706148 ], [ 100.416823564073013, 7.091113382706159 ], [ 100.416823564073013, 7.090888803885101 ], [ 100.415251512325923, 7.090888803885108 ], [ 100.415251512325923, 7.090664225064058 ], [ 100.415026933504947, 7.090664225064049 ], [ 100.415026933504976, 7.090888803885101 ], [ 100.414802354683999, 7.090888803885109 ], [ 100.414802354683999, 7.091113382706157 ], [ 100.414577775863037, 7.091113382706155 ], [ 100.414577775863052, 7.091787119169217 ], [ 100.416374406431103, 7.091787119169221 ], [ 100.416374406431075, 7.092011697990269 ], [ 100.416823564073013, 7.092011697990274 ], [ 100.416823564073013, 7.091787119169218 ], [ 100.41704814289433, 7.091787119169213 ], [ 100.417048142894345, 7.091113382706148 ] ] ], [ [ [ 100.433217818008231, 7.117164525945564 ], [ 100.433217818008202, 7.118511998871786 ], [ 100.433381865988395, 7.118511998871789 ], [ 100.433184791492565, 7.114458284146371 ], [ 100.433151030948594, 7.114215728133759 ], [ 100.43313846379489, 7.114125430392845 ], [ 100.433061335139584, 7.113571264809104 ], [ 100.432993239187269, 7.113571264809113 ], [ 100.432993239187255, 7.117164525945565 ], [ 100.433217818008231, 7.117164525945564 ] ] ], [ [ [ 100.453429911901196, 7.1169399471246 ], [ 100.453205333079879, 7.116939947124613 ], [ 100.453205333079879, 7.116715368303558 ], [ 100.451857860153751, 7.116715368303553 ], [ 100.451857860153751, 7.117164525945556 ], [ 100.451633281332803, 7.117164525945569 ], [ 100.451633281332803, 7.117389104766609 ], [ 100.452531596616993, 7.117389104766611 ], [ 100.452531596616993, 7.117613683587678 ], [ 100.452980754258917, 7.117613683587658 ], [ 100.452980754258903, 7.117838262408713 ], [ 100.453205333079879, 7.117838262408721 ], [ 100.453205333079893, 7.117613683587672 ], [ 100.453429911901196, 7.117613683587671 ], [ 100.453429911901196, 7.1169399471246 ] ] ], [ [ [ 100.454103648364068, 7.118062841229678 ], [ 100.454103648364082, 7.118287420050734 ], [ 100.454328227185044, 7.118287420050736 ], [ 100.45432822718503, 7.11851199887178 ], [ 100.455001963648286, 7.118511998871773 ], [ 100.455001963648272, 7.117613683587662 ], [ 100.453879069543106, 7.11761368358766 ], [ 100.45387906954312, 7.11806284122969 ], [ 100.454103648364068, 7.118062841229678 ] ] ], [ [ [ 100.425582138093375, 7.118961156513798 ], [ 100.425806716914352, 7.118961156513791 ], [ 100.425806716914352, 7.117838262408713 ], [ 100.426031295735299, 7.11783826240872 ], [ 100.426031295735299, 7.117164525945563 ], [ 100.425806716914337, 7.117164525945574 ], [ 100.425806716914337, 7.1169399471246 ], [ 100.425582138093375, 7.116939947124611 ], [ 100.425582138093375, 7.117164525945562 ], [ 100.425357559272413, 7.117164525945567 ], [ 100.425357559272413, 7.118287420050732 ], [ 100.42513298045111, 7.118287420050729 ], [ 100.425132980451082, 7.118511998871778 ], [ 100.424908401630134, 7.11851199887178 ], [ 100.424908401630134, 7.118287420050724 ], [ 100.423560928704021, 7.118287420050723 ], [ 100.423560928704021, 7.118511998871791 ], [ 100.42333634988303, 7.118511998871773 ], [ 100.423336349883058, 7.118961156513802 ], [ 100.424459243988224, 7.118961156513803 ], [ 100.42445924398821, 7.119185735334848 ], [ 100.424908401630148, 7.119185735334842 ], [ 100.424908401630134, 7.11941031415589 ], [ 100.425357559272413, 7.119410314155892 ], [ 100.425357559272413, 7.119185735334838 ], [ 100.425582138093375, 7.11918573533485 ], [ 100.425582138093375, 7.118961156513798 ] ] ], [ [ [ 100.454328227185044, 7.120308629440008 ], [ 100.454103648364082, 7.120308629440016 ], [ 100.454103648364082, 7.120084050618956 ], [ 100.453654490722158, 7.12008405061897 ], [ 100.453654490722158, 7.119859471797906 ], [ 100.45342991190121, 7.119859471797901 ], [ 100.453429911901196, 7.120084050618956 ], [ 100.453205333079879, 7.120084050618949 ], [ 100.453205333079879, 7.120533208261063 ], [ 100.45342991190121, 7.120533208261069 ], [ 100.453429911901196, 7.121206944724118 ], [ 100.454103648364082, 7.12120694472413 ], [ 100.454103648364082, 7.120757787082116 ], [ 100.454328227185044, 7.12075778708212 ], [ 100.454328227185044, 7.120308629440008 ] ] ], [ [ [ 100.438607709713082, 7.13692746219618 ], [ 100.438832288534044, 7.136927462196168 ], [ 100.438832288534044, 7.137152041017218 ], [ 100.439056867355006, 7.137152041017233 ], [ 100.439056867355006, 7.136478304554155 ], [ 100.438607709713082, 7.136478304554161 ], [ 100.438607709713082, 7.136253725733119 ], [ 100.43838313089212, 7.136253725733113 ], [ 100.43838313089212, 7.136478304554161 ], [ 100.437709394428865, 7.136478304554153 ], [ 100.437709394428879, 7.136485148995091 ], [ 100.437725399356111, 7.136514242545331 ], [ 100.437734226191566, 7.136559051212243 ], [ 100.437734545047519, 7.136559673891205 ], [ 100.437734673461449, 7.136561321738855 ], [ 100.437749622427944, 7.136637208874884 ], [ 100.437782258471216, 7.136907005855115 ], [ 100.437756071409211, 7.137376619838278 ], [ 100.437933973249827, 7.137376619838284 ], [ 100.437933973249841, 7.137152041017233 ], [ 100.438607709713082, 7.137152041017219 ], [ 100.438607709713082, 7.13692746219618 ] ] ], [ [ [ 100.452997299217472, 7.139001821168685 ], [ 100.452992754722672, 7.138759261376881 ], [ 100.453033380834455, 7.138558345595979 ], [ 100.453095393019979, 7.138420125024014 ], [ 100.453169397367162, 7.138287847779108 ], [ 100.453207268663121, 7.13812288055897 ], [ 100.453206114157553, 7.137943247178342 ], [ 100.453189988970152, 7.13776373418072 ], [ 100.453155997979806, 7.137599326908407 ], [ 100.453113768655768, 7.137521701188332 ], [ 100.453113599597202, 7.137521778586684 ], [ 100.453113038310647, 7.13752035606973 ], [ 100.453110567730988, 7.137515814277712 ], [ 100.453111141802708, 7.137515550221308 ], [ 100.453004043125404, 7.137244185525701 ], [ 100.452969356646392, 7.137152041017226 ], [ 100.452756175437955, 7.137152041017221 ], [ 100.452756175437955, 7.13737661983828 ], [ 100.452531596616993, 7.137376619838276 ], [ 100.452531596616993, 7.137152041017222 ], [ 100.452307017796031, 7.137152041017233 ], [ 100.452307017796031, 7.136253725733106 ], [ 100.452675686506083, 7.136253725733107 ], [ 100.452661913870514, 7.136160268814286 ], [ 100.45266643645283, 7.135929861442882 ], [ 100.452680016789415, 7.135804568091099 ], [ 100.452531596616993, 7.135804568091095 ], [ 100.452531596616979, 7.133558779880772 ], [ 100.451857860153751, 7.13355877988077 ], [ 100.451857860153766, 7.133783358701813 ], [ 100.4507349660486, 7.133783358701827 ], [ 100.4507349660486, 7.13423251634383 ], [ 100.450537393666679, 7.134232516343833 ], [ 100.450544653531196, 7.134397450625523 ], [ 100.450510387227638, 7.134523061240505 ], [ 100.450510387227609, 7.134906252806983 ], [ 100.450330092256834, 7.134906252806984 ], [ 100.450293109067005, 7.13498662822176 ], [ 100.450285808406662, 7.134996379680057 ], [ 100.450285808406662, 7.135355410449 ], [ 100.449979960503214, 7.135355410448992 ], [ 100.449922835423777, 7.13540982052526 ], [ 100.44989217218189, 7.135443724470429 ], [ 100.449836650764382, 7.135492379047951 ], [ 100.449836650764382, 7.135804568091104 ], [ 100.44961207194342, 7.135804568091099 ], [ 100.449612071943406, 7.136029146912056 ], [ 100.449387493122444, 7.136029146912055 ], [ 100.449387493122444, 7.13647830455417 ], [ 100.44961207194342, 7.136478304554172 ], [ 100.44961207194342, 7.136593794959933 ], [ 100.449915990328918, 7.136591260279738 ], [ 100.450279909275892, 7.136628577341349 ], [ 100.450798686205204, 7.136664593558112 ], [ 100.451412300960655, 7.136767085098533 ], [ 100.451843664721366, 7.136817292227213 ], [ 100.452066245514629, 7.136862512864567 ], [ 100.452201978307812, 7.136989168230318 ], [ 100.452257753000779, 7.137217375653589 ], [ 100.452348385120075, 7.137586527276373 ], [ 100.452541857994873, 7.138176774890814 ], [ 100.452605269633821, 7.138512525534716 ], [ 100.452649278286913, 7.138942602230035 ], [ 100.452667695407186, 7.139534304935097 ], [ 100.452724208515704, 7.139849938282384 ], [ 100.45280029718775, 7.140091429110591 ], [ 100.45281641409612, 7.140407406639188 ], [ 100.452817429910027, 7.140528454015937 ], [ 100.452811709998713, 7.140649567817669 ], [ 100.45271352745327, 7.140986668155439 ], [ 100.452630609219568, 7.141538864190917 ], [ 100.452583622309547, 7.142359788616066 ], [ 100.452434274193465, 7.143020159131494 ], [ 100.45235428854221, 7.143922068761597 ], [ 100.45223680803376, 7.144366941989796 ], [ 100.452210494405776, 7.144447153786746 ], [ 100.452607773091088, 7.144342606764225 ], [ 100.452689352623295, 7.144152941079822 ], [ 100.452731732371092, 7.143941635564699 ], [ 100.452780264845316, 7.143761526449439 ], [ 100.45283734575321, 7.143491072726008 ], [ 100.452866626407555, 7.142965483060364 ], [ 100.452840629513432, 7.142647758843558 ], [ 100.452880166007233, 7.142266590902707 ], [ 100.452917441850715, 7.142085894194622 ], [ 100.452932205434138, 7.141969371116403 ], [ 100.453041414624892, 7.141240052449082 ], [ 100.453087547092423, 7.140957955019483 ], [ 100.453110222265551, 7.140756990857203 ], [ 100.453112061046497, 7.140577170817632 ], [ 100.453090009773959, 7.140406488984251 ], [ 100.45309189380049, 7.140406188246517 ], [ 100.453077052557859, 7.14025375251536 ], [ 100.453042562724193, 7.14001430562842 ], [ 100.452989607463394, 7.139694086275963 ], [ 100.45300284596631, 7.139421367011638 ], [ 100.453007061996502, 7.13914274480472 ], [ 100.453009967039293, 7.139142944552601 ], [ 100.452997299217472, 7.139001821168685 ] ] ] ] } },
{ "type": "Feature", "properties": { "TB_IDN": 901402, "TB_TN": "ต.ท่าช้าง", "AP_IDN": 9014, "AP_TN": "อ.บางกล่ำ", "PV_IDN": 90, "PV_TN": "จ.สงขลา", "RE_NESDB": "South", "RE_ROYIN": "South", "F_AREA": 47104.087485099997, "flood_area": 29.4401, "A": 0.047 }, "geometry": { "type": "MultiPolygon", "coordinates": [ [ [ [ 100.435335921888324, 7.061468978330371 ], [ 100.434565290934344, 7.061468978330199 ], [ 100.434565290934344, 7.061693557151234 ], [ 100.434340712113396, 7.061693557151236 ], [ 100.434340712113368, 7.061468978330199 ], [ 100.434116133292406, 7.061468978330188 ], [ 100.43411613329242, 7.061244399509143 ], [ 100.433891554471458, 7.061244399509147 ], [ 100.433891554471458, 7.06012150540397 ], [ 100.433798205013858, 7.060121505403965 ], [ 100.43375507616156, 7.064847257577371 ], [ 100.43409438100943, 7.064118706563113 ], [ 100.434645902341941, 7.063049834282473 ], [ 100.435335921888324, 7.061468978330371 ] ] ], [ [ [ 100.43366697565051, 7.089092173316866 ], [ 100.433891554471458, 7.089092173316874 ], [ 100.433891554471444, 7.088867594495817 ], [ 100.433217818008217, 7.088867594495817 ], [ 100.433217818008217, 7.089092173316876 ], [ 100.432768660366293, 7.089092173316865 ], [ 100.432768660366293, 7.088867594495825 ], [ 100.432544081545345, 7.088867594495822 ], [ 100.432544081545331, 7.088418436853797 ], [ 100.432768660366307, 7.088418436853812 ], [ 100.432768660366293, 7.087969279211715 ], [ 100.432993239187255, 7.087969279211714 ], [ 100.432993239187255, 7.087070963927585 ], [ 100.432768660366293, 7.087070963927584 ], [ 100.432768660366278, 7.086642206013891 ], [ 100.432330919095065, 7.089316752137921 ], [ 100.433666975650496, 7.089316752137927 ], [ 100.43366697565051, 7.089092173316866 ] ] ] ] } },
{ "type": "Feature", "properties": { "TB_IDN": 901403, "TB_TN": "ต.แม่ทอม", "AP_IDN": 9014, "AP_TN": "อ.บางกล่ำ", "PV_IDN": 90, "PV_TN": "จ.สงขลา", "RE_NESDB": "South", "RE_ROYIN": "South", "F_AREA": 923418.64858899999, "flood_area": 577.137, "A": 0.924 }, "geometry": { "type": "MultiPolygon", "coordinates": [ [ [ [ 100.459044382426669, 7.088418436853798 ], [ 100.459044382426669, 7.088643015674766 ], [ 100.460616434174099, 7.088643015674776 ], [ 100.460616434174128, 7.088418436853805 ], [ 100.461065591816038, 7.088418436853815 ], [ 100.461065591816038, 7.088193858032764 ], [ 100.461290170637, 7.08819385803275 ], [ 100.461290170637, 7.087969279211697 ], [ 100.461514749457962, 7.087969279211702 ], [ 100.461514749457947, 7.08774470039065 ], [ 100.461739328279279, 7.087744700390659 ], [ 100.461739328279279, 7.087295542748647 ], [ 100.461963907100241, 7.087295542748633 ], [ 100.461963907100241, 7.0870709639276 ], [ 100.462188485921217, 7.087070963927586 ], [ 100.462188485921203, 7.086846385106543 ], [ 100.462637643563127, 7.086846385106538 ], [ 100.462637643563127, 7.086621806285483 ], [ 100.463086801205407, 7.086621806285483 ], [ 100.463086801205421, 7.086172648643482 ], [ 100.463311380026369, 7.086172648643478 ], [ 100.463311380026383, 7.085948069822419 ], [ 100.463535958847331, 7.085948069822433 ], [ 100.463535958847331, 7.085049754538303 ], [ 100.463311380026369, 7.085049754538315 ], [ 100.463311380026369, 7.084825175717262 ], [ 100.463086801205407, 7.084825175717261 ], [ 100.463086801205421, 7.08504975453832 ], [ 100.462862222384445, 7.085049754538311 ], [ 100.462862222384445, 7.084825175717271 ], [ 100.462637643563127, 7.084825175717254 ], [ 100.462637643563198, 7.084279697245353 ], [ 100.462287388453319, 7.084879816816549 ], [ 100.461665569389098, 7.085860156934427 ], [ 100.461248337344543, 7.086323203674761 ], [ 100.460165275975669, 7.087154902060114 ], [ 100.459317267826989, 7.087779032120556 ], [ 100.458074217408054, 7.088479200530924 ], [ 100.457472330679579, 7.088676917301258 ], [ 100.457472330679579, 7.088867594495827 ], [ 100.458146067142835, 7.088867594495821 ], [ 100.45814606714282, 7.088643015674772 ], [ 100.458370645963797, 7.088643015674772 ], [ 100.458370645963782, 7.088418436853818 ], [ 100.459044382426669, 7.088418436853798 ] ] ], [ [ [ 100.458819803605707, 7.092236276811316 ], [ 100.458819803605707, 7.09178711916922 ], [ 100.459942697710886, 7.091787119169219 ], [ 100.459942697710872, 7.091562540348164 ], [ 100.460167276531848, 7.091562540348154 ], [ 100.460167276531834, 7.091337961527119 ], [ 100.459942697710858, 7.091337961527114 ], [ 100.459942697710858, 7.091113382706144 ], [ 100.459718118889896, 7.091113382706163 ], [ 100.459718118889896, 7.090888803885102 ], [ 100.459493540068948, 7.090888803885107 ], [ 100.459493540068948, 7.09021506742204 ], [ 100.459718118889896, 7.090215067422043 ], [ 100.45971811888991, 7.089990488600994 ], [ 100.459044382426669, 7.089990488600982 ], [ 100.459044382426683, 7.089765909779938 ], [ 100.458370645963782, 7.089765909779932 ], [ 100.458370645963782, 7.089990488600985 ], [ 100.45814606714282, 7.089990488600983 ], [ 100.458146067142806, 7.090888803885101 ], [ 100.458370645963782, 7.090888803885104 ], [ 100.458370645963768, 7.091113382706149 ], [ 100.458146067142835, 7.091113382706157 ], [ 100.45814606714282, 7.091337961527114 ], [ 100.457921488321503, 7.091337961527107 ], [ 100.457921488321517, 7.091113382706142 ], [ 100.457696909500541, 7.091113382706148 ], [ 100.457696909500541, 7.090439646243001 ], [ 100.457472330679579, 7.090439646243006 ], [ 100.457472330679579, 7.090215067422029 ], [ 100.457023173037655, 7.090215067422037 ], [ 100.457023173037655, 7.090439646243001 ], [ 100.456798594216338, 7.090439646242994 ], [ 100.456798594216338, 7.090888803885091 ], [ 100.457023173037655, 7.090888803885101 ], [ 100.457023173037655, 7.091562540348163 ], [ 100.457247751858617, 7.091562540348158 ], [ 100.457247751858617, 7.09201169799027 ], [ 100.457472330679579, 7.092011697990267 ], [ 100.457472330679579, 7.092460855632277 ], [ 100.457696909500541, 7.092460855632279 ], [ 100.457696909500555, 7.092685434453338 ], [ 100.458370645963782, 7.092685434453339 ], [ 100.458370645963782, 7.092460855632276 ], [ 100.458595224784744, 7.092460855632273 ], [ 100.458595224784744, 7.092236276811326 ], [ 100.458819803605707, 7.092236276811316 ] ] ], [ [ [ 100.452531596617007, 7.092460855632274 ], [ 100.452531596617007, 7.092236276811308 ], [ 100.452756175437955, 7.092236276811311 ], [ 100.452756175437955, 7.091562540348173 ], [ 100.452531596617007, 7.091562540348156 ], [ 100.452531596617007, 7.091113382706153 ], [ 100.452307017796016, 7.091113382706144 ], [ 100.452307017796031, 7.090664225064043 ], [ 100.452082438974699, 7.090664225064057 ], [ 100.452082438974713, 7.0904288573049 ], [ 100.451600853366344, 7.090576701600466 ], [ 100.451372195911787, 7.090664225064232 ], [ 100.451408702511827, 7.090664225064041 ], [ 100.451408702511813, 7.09111338270615 ], [ 100.451633281332789, 7.09111338270616 ], [ 100.451633281332775, 7.092685434453321 ], [ 100.451857860153751, 7.092685434453326 ], [ 100.451857860153751, 7.09291001327439 ], [ 100.452082438974699, 7.092910013274376 ], [ 100.452082438974728, 7.09268543445333 ], [ 100.452307017796031, 7.092685434453326 ], [ 100.452307017796031, 7.092460855632277 ], [ 100.452531596617007, 7.092460855632274 ] ] ], [ [ [ 100.449612071943406, 7.092685434453336 ], [ 100.44961207194342, 7.092460855632288 ], [ 100.448713756659572, 7.092460855632278 ], [ 100.448713756659572, 7.093134592095441 ], [ 100.448938335480548, 7.093134592095429 ], [ 100.448938335480534, 7.093359170916401 ], [ 100.449387493122458, 7.093359170916401 ], [ 100.449387493122458, 7.09358374973745 ], [ 100.44961207194342, 7.093583749737451 ], [ 100.44961207194342, 7.093359170916383 ], [ 100.449836650764368, 7.093359170916393 ], [ 100.449836650764382, 7.092685434453327 ], [ 100.449612071943406, 7.092685434453336 ] ] ], [ [ [ 100.457921488321517, 7.094706643842609 ], [ 100.457921488321489, 7.094482065021558 ], [ 100.457696909500555, 7.094482065021555 ], [ 100.457696909500541, 7.094257486200503 ], [ 100.457472330679579, 7.094257486200512 ], [ 100.457472330679565, 7.094032907379543 ], [ 100.457023173037641, 7.094032907379549 ], [ 100.457023173037655, 7.093808328558493 ], [ 100.456574015395375, 7.093808328558488 ], [ 100.456574015395375, 7.09358374973744 ], [ 100.456349436574428, 7.093583749737443 ], [ 100.456349436574413, 7.093808328558493 ], [ 100.456124857753466, 7.093808328558498 ], [ 100.456124857753437, 7.094706643842607 ], [ 100.456574015395375, 7.094706643842616 ], [ 100.45657401539539, 7.094931222663651 ], [ 100.456798594216338, 7.094931222663659 ], [ 100.456798594216352, 7.095155801484629 ], [ 100.457247751858617, 7.09515580148463 ], [ 100.457247751858617, 7.09538038030568 ], [ 100.457921488321503, 7.095380380305674 ], [ 100.457921488321503, 7.095155801484617 ], [ 100.458146067142835, 7.09515580148463 ], [ 100.45814606714282, 7.094706643842613 ], [ 100.457921488321517, 7.094706643842609 ] ] ], [ [ [ 100.442425549670517, 7.096503274410836 ], [ 100.442425549670489, 7.096054116768822 ], [ 100.442200970849527, 7.09605411676882 ], [ 100.442200970849541, 7.095604959126718 ], [ 100.441751813207603, 7.095604959126725 ], [ 100.441751813207603, 7.096727853231895 ], [ 100.441527234386299, 7.09672785323188 ], [ 100.441527234386285, 7.096952432052932 ], [ 100.442425549670503, 7.096952432052943 ], [ 100.442425549670489, 7.096727853231891 ], [ 100.442650128491465, 7.09672785323188 ], [ 100.442650128491465, 7.096503274410839 ], [ 100.442425549670517, 7.096503274410836 ] ] ], [ [ [ 100.454552806006006, 7.103016060220694 ], [ 100.454552806006006, 7.102791481399638 ], [ 100.45477738482731, 7.102791481399649 ], [ 100.454777384827324, 7.102566902578687 ], [ 100.4550019636483, 7.10256690257868 ], [ 100.455001963648286, 7.102342323757632 ], [ 100.455226542469248, 7.102342323757633 ], [ 100.455226542469248, 7.102117744936584 ], [ 100.455675700111158, 7.102117744936573 ], [ 100.455675700111172, 7.101893166115532 ], [ 100.455900278932489, 7.101893166115529 ], [ 100.455900278932504, 7.101219429652456 ], [ 100.455675700111172, 7.101219429652469 ], [ 100.455675700111186, 7.100770272010442 ], [ 100.455226542469262, 7.100770272010449 ], [ 100.455226542469248, 7.100545693189393 ], [ 100.455001963648286, 7.10054569318941 ], [ 100.455001963648286, 7.100321114368351 ], [ 100.455226542469248, 7.100321114368358 ], [ 100.455226542469234, 7.100096535547299 ], [ 100.45545112129021, 7.10009653554729 ], [ 100.45545112129021, 7.099871956726256 ], [ 100.455675700111172, 7.09987195672624 ], [ 100.455675700111186, 7.098973641442129 ], [ 100.455001963648286, 7.098973641442134 ], [ 100.455001963648286, 7.099198220263175 ], [ 100.454777384827324, 7.099198220263185 ], [ 100.454777384827324, 7.100545693189404 ], [ 100.454552806006021, 7.100545693189395 ], [ 100.454552806006006, 7.100770272010442 ], [ 100.45477738482731, 7.100770272010455 ], [ 100.454777384827338, 7.100994850831408 ], [ 100.454552806005992, 7.100994850831409 ], [ 100.454552806006006, 7.10144400847352 ], [ 100.454103648364082, 7.101444008473508 ], [ 100.454103648364082, 7.101219429652469 ], [ 100.453879069543106, 7.101219429652465 ], [ 100.45387906954312, 7.101444008473512 ], [ 100.453429911901196, 7.101444008473513 ], [ 100.453429911901196, 7.102117744936571 ], [ 100.454103648364097, 7.102117744936586 ], [ 100.454103648364097, 7.102566902578676 ], [ 100.45387906954312, 7.102566902578678 ], [ 100.45387906954312, 7.102791481399635 ], [ 100.453654490722158, 7.102791481399643 ], [ 100.453654490722158, 7.103016060220695 ], [ 100.45342991190121, 7.103016060220686 ], [ 100.453429911901196, 7.103465217862785 ], [ 100.45387906954312, 7.103465217862794 ], [ 100.45387906954312, 7.103240639041741 ], [ 100.454103648364082, 7.103240639041752 ], [ 100.454103648364097, 7.103016060220702 ], [ 100.454552806006006, 7.103016060220694 ] ] ], [ [ [ 100.447366283733089, 7.101668587294562 ], [ 100.446467968449241, 7.101668587294569 ], [ 100.446467968449227, 7.101893166115521 ], [ 100.446243389627909, 7.101893166115533 ], [ 100.446243389627924, 7.102342323757633 ], [ 100.446467968449241, 7.102342323757624 ], [ 100.446467968449241, 7.102566902578671 ], [ 100.446917126091165, 7.102566902578686 ], [ 100.446917126091165, 7.102791481399641 ], [ 100.447366283733089, 7.102791481399634 ], [ 100.447366283733089, 7.102566902578681 ], [ 100.447590862554406, 7.102566902578673 ], [ 100.447590862554406, 7.102117744936571 ], [ 100.447366283733089, 7.102117744936587 ], [ 100.447366283733089, 7.101668587294562 ] ] ], [ [ [ 100.452531596617007, 7.104588111967962 ], [ 100.452756175437955, 7.104588111967963 ], [ 100.452756175437969, 7.104363533146915 ], [ 100.452980754258917, 7.104363533146902 ], [ 100.452980754258903, 7.104138954325858 ], [ 100.452756175437941, 7.104138954325867 ], [ 100.452756175437941, 7.103914375504815 ], [ 100.452307017796031, 7.103914375504805 ], [ 100.452307017796031, 7.103689796683749 ], [ 100.452082438974713, 7.103689796683761 ], [ 100.452082438974713, 7.103465217862788 ], [ 100.451857860153751, 7.103465217862799 ], [ 100.451857860153766, 7.102791481399643 ], [ 100.452082438974699, 7.102791481399652 ], [ 100.452082438974713, 7.102566902578689 ], [ 100.451857860153766, 7.102566902578687 ], [ 100.451857860153751, 7.102342323757629 ], [ 100.452082438974699, 7.102342323757624 ], [ 100.452082438974728, 7.102117744936578 ], [ 100.451857860153766, 7.102117744936568 ], [ 100.451857860153737, 7.101893166115527 ], [ 100.452082438974713, 7.101893166115529 ], [ 100.452082438974713, 7.101444008473506 ], [ 100.452531596616993, 7.101444008473521 ], [ 100.452531596616993, 7.101219429652464 ], [ 100.452307017796016, 7.101219429652465 ], [ 100.452307017796045, 7.100994850831406 ], [ 100.451633281332775, 7.100994850831421 ], [ 100.451633281332775, 7.10121942965246 ], [ 100.451184123690865, 7.101219429652462 ], [ 100.451184123690865, 7.100994850831414 ], [ 100.450959544869562, 7.100994850831411 ], [ 100.450959544869548, 7.10077027201044 ], [ 100.450510387227609, 7.100770272010459 ], [ 100.450510387227624, 7.10099485083142 ], [ 100.450285808406662, 7.100994850831412 ], [ 100.450285808406662, 7.101219429652461 ], [ 100.4500612295857, 7.101219429652473 ], [ 100.4500612295857, 7.101893166115524 ], [ 100.450285808406662, 7.101893166115533 ], [ 100.450285808406676, 7.102342323757632 ], [ 100.450061229585685, 7.102342323757638 ], [ 100.4500612295857, 7.102566902578679 ], [ 100.449836650764382, 7.10256690257868 ], [ 100.449836650764396, 7.103016060220684 ], [ 100.4500612295857, 7.103016060220695 ], [ 100.450061229585685, 7.102791481399639 ], [ 100.450734966048572, 7.102791481399644 ], [ 100.450734966048586, 7.103016060220694 ], [ 100.450959544869562, 7.103016060220699 ], [ 100.450959544869548, 7.103689796683762 ], [ 100.449836650764396, 7.10368979668375 ], [ 100.449836650764382, 7.104138954325867 ], [ 100.44961207194342, 7.104138954325854 ], [ 100.449612071943434, 7.104363533146917 ], [ 100.449836650764396, 7.104363533146913 ], [ 100.449836650764368, 7.104812690788913 ], [ 100.450285808406662, 7.104812690788912 ], [ 100.450285808406676, 7.10503726960998 ], [ 100.450734966048586, 7.105037269609981 ], [ 100.450734966048586, 7.105261848431024 ], [ 100.452082438974728, 7.105261848431014 ], [ 100.452082438974713, 7.105037269609978 ], [ 100.452307017796016, 7.105037269609968 ], [ 100.452307017796031, 7.104812690788925 ], [ 100.452531596616993, 7.104812690788927 ], [ 100.452531596617007, 7.104588111967962 ] ] ], [ [ [ 100.463985116489596, 7.08213022986491 ], [ 100.46443427413152, 7.082130229864915 ], [ 100.464434274131534, 7.082579387507022 ], [ 100.464883431773458, 7.082579387507026 ], [ 100.464883431773458, 7.082803966327975 ], [ 100.46510801059442, 7.082803966327972 ], [ 100.46510801059442, 7.083028545149038 ], [ 100.465781747057676, 7.083028545149039 ], [ 100.465781747057662, 7.082803966327969 ], [ 100.465557168236714, 7.08280396632799 ], [ 100.465557168236685, 7.082579387507026 ], [ 100.465332589415752, 7.082579387507026 ], [ 100.465332589415738, 7.082130229864918 ], [ 100.46510801059442, 7.082130229864915 ], [ 100.46510801059442, 7.081681072222902 ], [ 100.464883431773458, 7.081681072222906 ], [ 100.464883431773458, 7.081456493401845 ], [ 100.464434274131534, 7.081456493401855 ], [ 100.464434274131534, 7.081231914580807 ], [ 100.464285515594398, 7.081231914580893 ], [ 100.463937770937704, 7.081905651043873 ], [ 100.463985116489624, 7.081905651043862 ], [ 100.463985116489596, 7.08213022986491 ] ] ], [ [ [ 100.471845375225428, 7.083477702791139 ], [ 100.471845375225428, 7.083028545149038 ], [ 100.472069954046361, 7.083028545149035 ], [ 100.472069954046376, 7.082579387507014 ], [ 100.471845375225413, 7.082579387507023 ], [ 100.471845375225413, 7.082354808685968 ], [ 100.471620796404451, 7.082354808685968 ], [ 100.471620796404466, 7.082579387507017 ], [ 100.471396217583489, 7.082579387507012 ], [ 100.471396217583489, 7.082803966327977 ], [ 100.471171638762527, 7.082803966327982 ], [ 100.471171638762527, 7.083028545149039 ], [ 100.47094705994121, 7.083028545149028 ], [ 100.47094705994121, 7.083702281612092 ], [ 100.471171638762527, 7.083702281612097 ], [ 100.471171638762527, 7.083926860433141 ], [ 100.471396217583504, 7.083926860433147 ], [ 100.471396217583504, 7.083702281612088 ], [ 100.471620796404451, 7.083702281612085 ], [ 100.471620796404437, 7.083477702791141 ], [ 100.471845375225428, 7.083477702791139 ] ] ], [ [ [ 100.470048744657362, 7.086846385106538 ], [ 100.470048744657362, 7.086621806285492 ], [ 100.470497902299272, 7.08662180628549 ], [ 100.470497902299286, 7.086846385106537 ], [ 100.470722481120248, 7.086846385106536 ], [ 100.470722481120262, 7.087070963927591 ], [ 100.471171638762513, 7.087070963927586 ], [ 100.471171638762527, 7.086621806285499 ], [ 100.47094705994121, 7.086621806285479 ], [ 100.47094705994121, 7.086397227464531 ], [ 100.470722481120248, 7.086397227464518 ], [ 100.470722481120248, 7.086172648643478 ], [ 100.470048744657348, 7.086172648643478 ], [ 100.470048744657362, 7.086397227464531 ], [ 100.469824165836044, 7.086397227464523 ], [ 100.469824165836044, 7.086172648643483 ], [ 100.46937500819412, 7.086172648643485 ], [ 100.469375008194135, 7.085948069822432 ], [ 100.469150429373144, 7.085948069822433 ], [ 100.469150429373158, 7.085723491001372 ], [ 100.468701271731234, 7.085723491001372 ], [ 100.468701271731234, 7.08707096392759 ], [ 100.468925850552196, 7.087070963927584 ], [ 100.468925850552196, 7.087295542748651 ], [ 100.469599587015082, 7.087295542748643 ], [ 100.469599587015082, 7.0870709639276 ], [ 100.469824165836059, 7.087070963927598 ], [ 100.469824165836044, 7.086846385106539 ], [ 100.470048744657362, 7.086846385106538 ] ] ], [ [ [ 100.464209695310572, 7.089765909779945 ], [ 100.46443427413152, 7.089765909779925 ], [ 100.464434274131534, 7.089316752137932 ], [ 100.464658852952496, 7.089316752137917 ], [ 100.464658852952482, 7.089092173316871 ], [ 100.465557168236685, 7.089092173316881 ], [ 100.4655571682367, 7.088867594495827 ], [ 100.465781747057662, 7.088867594495815 ], [ 100.465781747057648, 7.088418436853801 ], [ 100.46600632587861, 7.088418436853806 ], [ 100.46600632587861, 7.0879692792117 ], [ 100.466230904699586, 7.087969279211698 ], [ 100.466230904699586, 7.087520121569606 ], [ 100.466455483520889, 7.087520121569609 ], [ 100.466455483520889, 7.087295542748632 ], [ 100.466680062341851, 7.08729554274864 ], [ 100.466680062341865, 7.086397227464522 ], [ 100.466904641162827, 7.086397227464535 ], [ 100.466904641162827, 7.085948069822424 ], [ 100.467129219983789, 7.085948069822425 ], [ 100.467129219983789, 7.085274333359365 ], [ 100.466904641162827, 7.085274333359358 ], [ 100.466904641162827, 7.085049754538307 ], [ 100.466680062341865, 7.085049754538304 ], [ 100.466680062341851, 7.084825175717262 ], [ 100.466455483520889, 7.084825175717252 ], [ 100.466455483520903, 7.08504975453831 ], [ 100.466230904699586, 7.085049754538304 ], [ 100.466230904699572, 7.08549891218042 ], [ 100.46600632587861, 7.085498912180418 ], [ 100.466006325878624, 7.085948069822432 ], [ 100.4655571682367, 7.085948069822417 ], [ 100.4655571682367, 7.086621806285486 ], [ 100.465332589415752, 7.086621806285494 ], [ 100.465332589415738, 7.086846385106538 ], [ 100.4655571682367, 7.086846385106531 ], [ 100.465557168236714, 7.087744700390646 ], [ 100.465332589415723, 7.087744700390664 ], [ 100.465332589415738, 7.087969279211712 ], [ 100.464883431773458, 7.087969279211713 ], [ 100.464883431773444, 7.087744700390659 ], [ 100.464658852952496, 7.087744700390659 ], [ 100.464658852952496, 7.087520121569603 ], [ 100.464883431773458, 7.087520121569611 ], [ 100.464883431773458, 7.086846385106536 ], [ 100.464658852952482, 7.086846385106543 ], [ 100.464658852952496, 7.086397227464533 ], [ 100.464434274131548, 7.086397227464535 ], [ 100.46443427413152, 7.085948069822417 ], [ 100.46398511648961, 7.085948069822426 ], [ 100.463985116489624, 7.086397227464523 ], [ 100.463760537668293, 7.086397227464529 ], [ 100.463760537668307, 7.087295542748633 ], [ 100.46398511648961, 7.08729554274865 ], [ 100.46398511648961, 7.087744700390662 ], [ 100.463535958847331, 7.08774470039065 ], [ 100.463535958847331, 7.087520121569606 ], [ 100.462637643563127, 7.087520121569607 ], [ 100.462637643563127, 7.088418436853803 ], [ 100.462862222384445, 7.088418436853801 ], [ 100.462862222384445, 7.088643015674772 ], [ 100.462637643563113, 7.088643015674771 ], [ 100.462637643563127, 7.089092173316881 ], [ 100.462413064742165, 7.08909217331688 ], [ 100.462413064742165, 7.089316752137915 ], [ 100.462188485921203, 7.089316752137912 ], [ 100.462188485921203, 7.089765909779933 ], [ 100.461739328279293, 7.089765909779942 ], [ 100.461739328279279, 7.089990488600987 ], [ 100.461290170637, 7.089990488600987 ], [ 100.461290170637, 7.090215067422034 ], [ 100.461514749457962, 7.09021506742203 ], [ 100.461514749457962, 7.090439646243003 ], [ 100.461739328279279, 7.090439646243008 ], [ 100.461739328279279, 7.090215067422037 ], [ 100.462413064742179, 7.090215067422028 ], [ 100.462413064742165, 7.090439646242999 ], [ 100.462862222384445, 7.090439646243006 ], [ 100.462862222384445, 7.09066422506405 ], [ 100.463760537668307, 7.090664225064056 ], [ 100.463760537668293, 7.09043964624299 ], [ 100.46398511648961, 7.090439646242994 ], [ 100.463985116489624, 7.090215067422045 ], [ 100.464209695310572, 7.090215067422036 ], [ 100.464209695310572, 7.089765909779945 ] ], [ [ 100.463760537668307, 7.089316752137921 ], [ 100.463311380026369, 7.089316752137927 ], [ 100.463311380026369, 7.088867594495813 ], [ 100.463535958847331, 7.08886759449581 ], [ 100.463535958847345, 7.08909217331688 ], [ 100.463760537668293, 7.089092173316878 ], [ 100.463760537668307, 7.089316752137921 ] ] ], [ [ [ 100.467353798804751, 7.092685434453339 ], [ 100.467353798804751, 7.092011697990263 ], [ 100.467129219983804, 7.092011697990258 ], [ 100.467129219983804, 7.092236276811318 ], [ 100.466680062341851, 7.092236276811314 ], [ 100.466680062341865, 7.092460855632273 ], [ 100.466230904699586, 7.092460855632274 ], [ 100.466230904699586, 7.092011697990273 ], [ 100.466680062341865, 7.092011697990258 ], [ 100.466680062341851, 7.091787119169205 ], [ 100.466904641162827, 7.091787119169221 ], [ 100.466904641162827, 7.09156254034817 ], [ 100.467578377626069, 7.091562540348164 ], [ 100.467578377626069, 7.09133796152711 ], [ 100.467802956447031, 7.091337961527111 ], [ 100.467802956447031, 7.091113382706149 ], [ 100.468027535267993, 7.091113382706158 ], [ 100.468027535267993, 7.090888803885094 ], [ 100.468252114088969, 7.090888803885097 ], [ 100.468252114088969, 7.090664225064054 ], [ 100.468476692909917, 7.090664225064057 ], [ 100.468476692909917, 7.090888803885098 ], [ 100.469150429373144, 7.090888803885101 ], [ 100.469150429373158, 7.090664225064042 ], [ 100.46937500819412, 7.090664225064057 ], [ 100.46937500819412, 7.090439646242996 ], [ 100.469150429373158, 7.090439646243007 ], [ 100.469150429373158, 7.090215067422037 ], [ 100.468252114088955, 7.090215067422046 ], [ 100.468252114088955, 7.089765909779932 ], [ 100.468701271731234, 7.089765909779938 ], [ 100.468701271731248, 7.089541330958887 ], [ 100.46892585055221, 7.089541330958891 ], [ 100.468925850552196, 7.089765909779938 ], [ 100.469150429373158, 7.089765909779932 ], [ 100.469150429373158, 7.089541330958877 ], [ 100.469599587015097, 7.089541330958887 ], [ 100.469599587015082, 7.08931675213793 ], [ 100.470048744657362, 7.089316752137921 ], [ 100.470048744657376, 7.089092173316873 ], [ 100.470273323478324, 7.089092173316872 ], [ 100.470273323478338, 7.08864301567477 ], [ 100.470048744657348, 7.088643015674775 ], [ 100.470048744657348, 7.088418436853803 ], [ 100.469824165836059, 7.088418436853797 ], [ 100.469824165836044, 7.088193858032748 ], [ 100.46937500819412, 7.088193858032765 ], [ 100.46937500819412, 7.0879692792117 ], [ 100.468252114088955, 7.087969279211701 ], [ 100.468252114088941, 7.088193858032765 ], [ 100.468027535267993, 7.088193858032752 ], [ 100.468027535267993, 7.08864301567477 ], [ 100.467802956447031, 7.088643015674766 ], [ 100.467802956447045, 7.088867594495818 ], [ 100.467578377626069, 7.088867594495818 ], [ 100.467578377626083, 7.089092173316866 ], [ 100.467353798804751, 7.089092173316865 ], [ 100.467353798804751, 7.089316752137925 ], [ 100.467129219983789, 7.089316752137915 ], [ 100.467129219983804, 7.089765909779933 ], [ 100.466904641162827, 7.089765909779929 ], [ 100.466904641162827, 7.090439646242993 ], [ 100.466680062341865, 7.090439646242996 ], [ 100.466680062341865, 7.090664225064045 ], [ 100.466230904699572, 7.090664225064055 ], [ 100.466230904699572, 7.090888803885094 ], [ 100.465781747057662, 7.090888803885107 ], [ 100.465781747057662, 7.091113382706157 ], [ 100.465557168236685, 7.091113382706156 ], [ 100.465557168236685, 7.091337961527111 ], [ 100.465332589415738, 7.091337961527122 ], [ 100.465332589415752, 7.091787119169217 ], [ 100.465108010594406, 7.091787119169211 ], [ 100.46510801059442, 7.092236276811327 ], [ 100.464883431773458, 7.092236276811327 ], [ 100.464883431773472, 7.09246085563228 ], [ 100.464658852952496, 7.092460855632285 ], [ 100.464658852952482, 7.092910013274374 ], [ 100.466455483520903, 7.092910013274383 ], [ 100.466455483520903, 7.093134592095426 ], [ 100.466904641162841, 7.09313459209543 ], [ 100.466904641162827, 7.092910013274375 ], [ 100.467129219983789, 7.092910013274375 ], [ 100.467129219983789, 7.092685434453325 ], [ 100.467353798804751, 7.092685434453339 ] ] ], [ [ [ 100.459942697710858, 7.092460855632277 ], [ 100.459942697710872, 7.092685434453322 ], [ 100.45971811888991, 7.092685434453328 ], [ 100.45971811888991, 7.092910013274387 ], [ 100.459268961247631, 7.092910013274379 ], [ 100.459268961247645, 7.093134592095436 ], [ 100.459044382426683, 7.093134592095432 ], [ 100.459044382426669, 7.094032907379547 ], [ 100.459493540068934, 7.09403290737955 ], [ 100.459493540068948, 7.094257486200512 ], [ 100.45971811888991, 7.094257486200505 ], [ 100.45971811888991, 7.095380380305671 ], [ 100.459942697710872, 7.095380380305676 ], [ 100.459942697710872, 7.095604959126725 ], [ 100.460167276531834, 7.09560495912673 ], [ 100.46016727653182, 7.095829537947766 ], [ 100.460616434174128, 7.095829537947768 ], [ 100.460616434174099, 7.096054116768824 ], [ 100.46084101299509, 7.09605411676883 ], [ 100.460841012995076, 7.095829537947779 ], [ 100.461739328279279, 7.095829537947783 ], [ 100.461739328279265, 7.095604959126729 ], [ 100.461963907100241, 7.095604959126722 ], [ 100.461963907100241, 7.095380380305671 ], [ 100.462188485921203, 7.095380380305681 ], [ 100.462188485921217, 7.095155801484617 ], [ 100.462413064742179, 7.095155801484631 ], [ 100.462413064742151, 7.09470664384261 ], [ 100.462188485921203, 7.094706643842601 ], [ 100.462188485921203, 7.094482065021563 ], [ 100.461963907100241, 7.094482065021552 ], [ 100.461963907100241, 7.094257486200515 ], [ 100.461514749457962, 7.094257486200513 ], [ 100.461514749457947, 7.094032907379555 ], [ 100.461290170636985, 7.094032907379552 ], [ 100.461290170637, 7.093808328558501 ], [ 100.461514749457976, 7.093808328558499 ], [ 100.461514749457976, 7.093359170916391 ], [ 100.461739328279265, 7.093359170916404 ], [ 100.461739328279293, 7.093134592095432 ], [ 100.462637643563127, 7.093134592095439 ], [ 100.462637643563113, 7.092685434453326 ], [ 100.462862222384445, 7.092685434453329 ], [ 100.46286222238443, 7.091787119169209 ], [ 100.462637643563141, 7.091787119169222 ], [ 100.462637643563141, 7.091562540348163 ], [ 100.462413064742165, 7.09156254034817 ], [ 100.462413064742151, 7.091337961527122 ], [ 100.462188485921203, 7.091337961527111 ], [ 100.462188485921203, 7.091113382706156 ], [ 100.461514749457962, 7.091113382706158 ], [ 100.461514749457962, 7.091562540348169 ], [ 100.461290170637, 7.091562540348172 ], [ 100.461290170637014, 7.092011697990269 ], [ 100.461065591816023, 7.092011697990268 ], [ 100.461065591816038, 7.09246085563228 ], [ 100.46084101299509, 7.092460855632284 ], [ 100.460841012995076, 7.092236276811327 ], [ 100.460616434174099, 7.092236276811323 ], [ 100.460616434174128, 7.092460855632285 ], [ 100.459942697710858, 7.092460855632277 ] ], [ [ 100.461290170637014, 7.092460855632276 ], [ 100.461290170637, 7.092685434453333 ], [ 100.461065591816052, 7.092685434453331 ], [ 100.461065591816038, 7.09246085563228 ], [ 100.461290170637014, 7.092460855632276 ] ], [ [ 100.461065591816038, 7.094032907379547 ], [ 100.46016727653182, 7.094032907379547 ], [ 100.460167276531848, 7.093808328558487 ], [ 100.459942697710858, 7.093808328558497 ], [ 100.459942697710872, 7.09335917091639 ], [ 100.460167276531834, 7.093359170916389 ], [ 100.460167276531848, 7.093134592095436 ], [ 100.460616434174113, 7.093134592095431 ], [ 100.460616434174113, 7.093359170916384 ], [ 100.460841012995076, 7.0933591709164 ], [ 100.460841012995076, 7.093583749737451 ], [ 100.461065591816023, 7.093583749737441 ], [ 100.461065591816038, 7.094032907379547 ] ] ], [ [ [ 100.461290170637, 7.09987195672625 ], [ 100.461290170636985, 7.099198220263184 ], [ 100.460616434174099, 7.099198220263186 ], [ 100.460616434174128, 7.099422799084236 ], [ 100.460391855352796, 7.099422799084242 ], [ 100.460391855352796, 7.100321114368342 ], [ 100.460616434174113, 7.100321114368355 ], [ 100.460616434174113, 7.100770272010443 ], [ 100.46084101299509, 7.100770272010446 ], [ 100.460841012995076, 7.100321114368346 ], [ 100.461065591816038, 7.100321114368358 ], [ 100.461065591816038, 7.099871956726255 ], [ 100.461290170637, 7.09987195672625 ] ] ], [ [ [ 100.46510801059442, 7.101893166115528 ], [ 100.465557168236685, 7.101893166115518 ], [ 100.465557168236714, 7.101668587294574 ], [ 100.465332589415752, 7.101668587294554 ], [ 100.465332589415738, 7.100770272010443 ], [ 100.466006325878638, 7.100770272010458 ], [ 100.46600632587861, 7.1005456931894 ], [ 100.4662309046996, 7.1005456931894 ], [ 100.466230904699586, 7.100321114368348 ], [ 100.466006325878638, 7.100321114368341 ], [ 100.466006325878624, 7.100096535547302 ], [ 100.465332589415738, 7.100096535547302 ], [ 100.465332589415723, 7.100545693189409 ], [ 100.465108010594406, 7.100545693189393 ], [ 100.46510801059442, 7.100770272010459 ], [ 100.464883431773472, 7.100770272010446 ], [ 100.464883431773444, 7.100994850831421 ], [ 100.463535958847331, 7.100994850831409 ], [ 100.463535958847331, 7.101893166115536 ], [ 100.463760537668293, 7.101893166115532 ], [ 100.463760537668293, 7.102117744936582 ], [ 100.464209695310558, 7.102117744936575 ], [ 100.464209695310572, 7.101893166115532 ], [ 100.46443427413152, 7.101893166115536 ], [ 100.464434274131548, 7.101668587294573 ], [ 100.46510801059442, 7.101668587294555 ], [ 100.46510801059442, 7.101893166115528 ] ] ], [ [ [ 100.464658852952482, 7.105037269609979 ], [ 100.464883431773444, 7.105037269609974 ], [ 100.464883431773458, 7.104363533146904 ], [ 100.464209695310572, 7.104363533146919 ], [ 100.464209695310586, 7.104588111967965 ], [ 100.46398511648961, 7.104588111967969 ], [ 100.46398511648961, 7.104812690788928 ], [ 100.463311380026383, 7.104812690788919 ], [ 100.463311380026354, 7.104588111967959 ], [ 100.462413064742165, 7.104588111967964 ], [ 100.462413064742165, 7.104812690788929 ], [ 100.462188485921203, 7.104812690788929 ], [ 100.462188485921217, 7.105261848431032 ], [ 100.462413064742165, 7.105261848431017 ], [ 100.462413064742165, 7.105486427252083 ], [ 100.462637643563127, 7.105486427252066 ], [ 100.462637643563127, 7.10526184843103 ], [ 100.463086801205392, 7.105261848431033 ], [ 100.463086801205407, 7.105486427252075 ], [ 100.463311380026369, 7.105486427252065 ], [ 100.463311380026369, 7.105711006073046 ], [ 100.463535958847345, 7.105711006073033 ], [ 100.463535958847331, 7.105935584894089 ], [ 100.463985116489596, 7.105935584894086 ], [ 100.46398511648961, 7.106160163715143 ], [ 100.464209695310572, 7.106160163715141 ], [ 100.464209695310572, 7.105935584894097 ], [ 100.464434274131534, 7.105935584894085 ], [ 100.464434274131534, 7.105711006073038 ], [ 100.46465885295251, 7.105711006073041 ], [ 100.464658852952482, 7.105037269609979 ] ] ] ] } },
{ "type": "Feature", "properties": { "TB_IDN": 901404, "TB_TN": "ต.บ้านหาร", "AP_IDN": 9014, "AP_TN": "อ.บางกล่ำ", "PV_IDN": 90, "PV_TN": "จ.สงขลา", "RE_NESDB": "South", "RE_ROYIN": "South", "F_AREA": 1637981.5688700001, "flood_area": 1023.74, "A": 1.638 }, "geometry": { "type": "MultiPolygon", "coordinates": [ [ [ [ 100.435912763860827, 7.072248761739663 ], [ 100.435912763860827, 7.072024182918597 ], [ 100.436137342681775, 7.0720241829186 ], [ 100.436137342681789, 7.071575025276495 ], [ 100.436361921502751, 7.071575025276497 ], [ 100.436361921502751, 7.071350446455445 ], [ 100.436586500323713, 7.071350446455448 ], [ 100.436586500323713, 7.071125867634488 ], [ 100.436811079144661, 7.071125867634484 ], [ 100.436811079144675, 7.071350446455452 ], [ 100.437484815607917, 7.07135044645546 ], [ 100.437484815607917, 7.071125867634482 ], [ 100.437709394428879, 7.071125867634488 ], [ 100.437709394428865, 7.070676709992391 ], [ 100.436586500323713, 7.070676709992377 ], [ 100.436586500323713, 7.070452131171327 ], [ 100.436361921502751, 7.070452131171334 ], [ 100.436361921502751, 7.070002973529331 ], [ 100.436586500323713, 7.070002973529321 ], [ 100.436586500323713, 7.069778394708264 ], [ 100.437260236786969, 7.069778394708271 ], [ 100.437260236786969, 7.069553815887221 ], [ 100.437484815607917, 7.069553815887231 ], [ 100.437484815607917, 7.069329237066265 ], [ 100.43726023678694, 7.069329237066255 ], [ 100.437260236786955, 7.069104658245215 ], [ 100.437484815607931, 7.069104658245206 ], [ 100.437484815607917, 7.068655500603101 ], [ 100.437709394428879, 7.068655500603115 ], [ 100.437709394428865, 7.068430921782154 ], [ 100.43838313089212, 7.068430921782144 ], [ 100.43838313089212, 7.068206342961102 ], [ 100.438832288534044, 7.068206342961103 ], [ 100.438832288534059, 7.068430921782146 ], [ 100.439056867355006, 7.06843092178214 ], [ 100.439056867355006, 7.068655500603103 ], [ 100.438832288534044, 7.068655500603114 ], [ 100.43883228853403, 7.068880079424165 ], [ 100.43838313089212, 7.068880079424163 ], [ 100.43838313089212, 7.069104658245199 ], [ 100.438158552071158, 7.069104658245217 ], [ 100.438158552071144, 7.069553815887214 ], [ 100.43838313089212, 7.069553815887227 ], [ 100.43838313089212, 7.069778394708278 ], [ 100.438607709713082, 7.069778394708281 ], [ 100.438607709713068, 7.070002973529316 ], [ 100.439056867355021, 7.070002973529322 ], [ 100.439056867355021, 7.070227552350379 ], [ 100.439506024997286, 7.070227552350381 ], [ 100.439506024997272, 7.070002973529323 ], [ 100.439730603818248, 7.070002973529321 ], [ 100.439730603818262, 7.069778394708264 ], [ 100.440179761460158, 7.069778394708278 ], [ 100.440179761460172, 7.069329237066254 ], [ 100.43995518263921, 7.069329237066253 ], [ 100.43995518263921, 7.069104658245209 ], [ 100.439730603818262, 7.069104658245218 ], [ 100.439730603818248, 7.068655500603106 ], [ 100.439955182639224, 7.068655500603112 ], [ 100.43995518263921, 7.068430921782142 ], [ 100.44040434028112, 7.068430921782139 ], [ 100.44040434028112, 7.068206342961101 ], [ 100.440628919102451, 7.068206342961099 ], [ 100.440628919102437, 7.067757185318997 ], [ 100.441078076744361, 7.067757185318986 ], [ 100.441078076744361, 7.067981764140037 ], [ 100.441527234386285, 7.067981764140036 ], [ 100.441527234386299, 7.068206342961094 ], [ 100.441751813207603, 7.068206342961099 ], [ 100.441751813207631, 7.068430921782136 ], [ 100.441976392028579, 7.068430921782141 ], [ 100.441976392028579, 7.068655500603117 ], [ 100.442200970849555, 7.068655500603111 ], [ 100.442200970849555, 7.068880079424158 ], [ 100.442874707312797, 7.068880079424154 ], [ 100.442874707312782, 7.069104658245212 ], [ 100.443323864954706, 7.069104658245218 ], [ 100.443323864954706, 7.069329237066249 ], [ 100.443548443775668, 7.069329237066259 ], [ 100.443548443775683, 7.069104658245219 ], [ 100.443773022596631, 7.06910465824521 ], [ 100.443773022596631, 7.0686555006031 ], [ 100.443997601417962, 7.068655500603099 ], [ 100.443997601417948, 7.068206342961089 ], [ 100.44422218023891, 7.068206342961092 ], [ 100.444222180238896, 7.067981764140038 ], [ 100.444446759059886, 7.06798176414005 ], [ 100.444446759059872, 7.067308027676986 ], [ 100.44422218023891, 7.067308027676977 ], [ 100.444222180238896, 7.066858870034888 ], [ 100.444446759059872, 7.066858870034887 ], [ 100.444446759059886, 7.066409712392855 ], [ 100.444671337880834, 7.06640971239286 ], [ 100.444671337880834, 7.066185133571812 ], [ 100.445120495522772, 7.066185133571823 ], [ 100.445120495522758, 7.065960554750771 ], [ 100.44534507434409, 7.065960554750768 ], [ 100.445345074344075, 7.065735975929702 ], [ 100.445120495522758, 7.065735975929708 ], [ 100.445120495522758, 7.06551139710875 ], [ 100.44422218023891, 7.065511397108758 ], [ 100.44422218023891, 7.065286818287704 ], [ 100.443997601417948, 7.06528681828769 ], [ 100.443997601417948, 7.064613081824642 ], [ 100.445120495522758, 7.064613081824633 ], [ 100.445120495522744, 7.064837660645601 ], [ 100.445345074344075, 7.064837660645593 ], [ 100.445345074344075, 7.064613081824626 ], [ 100.445569653165037, 7.064613081824636 ], [ 100.445569653165037, 7.064388503003578 ], [ 100.445794231985985, 7.064388503003594 ], [ 100.445794231985985, 7.06416392418253 ], [ 100.445569653165037, 7.064163924182528 ], [ 100.445569653165023, 7.063714766540526 ], [ 100.445120495522758, 7.063714766540514 ], [ 100.445120495522758, 7.063265608898417 ], [ 100.444895916701782, 7.063265608898424 ], [ 100.44489591670181, 7.062816451256326 ], [ 100.444671337880834, 7.062816451256326 ], [ 100.444671337880848, 7.062591872435356 ], [ 100.444446759059872, 7.062591872435349 ], [ 100.444446759059872, 7.062367293614297 ], [ 100.443773022596631, 7.062367293614304 ], [ 100.443773022596631, 7.062591872435346 ], [ 100.442874707312768, 7.062591872435357 ], [ 100.442874707312782, 7.062816451256312 ], [ 100.442650128491465, 7.062816451256322 ], [ 100.442650128491451, 7.063041030077366 ], [ 100.442425549670503, 7.063041030077359 ], [ 100.442425549670503, 7.063265608898411 ], [ 100.442200970849541, 7.063265608898424 ], [ 100.442200970849541, 7.063490187719478 ], [ 100.441976392028579, 7.063490187719464 ], [ 100.441976392028565, 7.063714766540518 ], [ 100.441527234386314, 7.06371476654053 ], [ 100.441527234386299, 7.063490187719479 ], [ 100.441302655565323, 7.06349018771947 ], [ 100.441302655565337, 7.062816451256312 ], [ 100.441527234386299, 7.06281645125631 ], [ 100.441527234386314, 7.062142714793262 ], [ 100.441302655565337, 7.062142714793257 ], [ 100.441302655565323, 7.061693557151237 ], [ 100.441078076744375, 7.061693557151248 ], [ 100.441078076744375, 7.061468978330181 ], [ 100.441302655565337, 7.061468978330189 ], [ 100.441302655565337, 7.061019820688093 ], [ 100.441527234386285, 7.061019820688094 ], [ 100.441527234386299, 7.060795241867131 ], [ 100.441302655565337, 7.060795241867128 ], [ 100.441302655565352, 7.060570663046071 ], [ 100.440853497923428, 7.060570663046073 ], [ 100.440853497923413, 7.060795241867128 ], [ 100.439506024997286, 7.060795241867127 ], [ 100.439506024997272, 7.061244399509136 ], [ 100.439281446176324, 7.061244399509146 ], [ 100.439281446176309, 7.06169355715125 ], [ 100.439056867355006, 7.06169355715125 ], [ 100.439056867354992, 7.061918135972211 ], [ 100.438607709713082, 7.061918135972208 ], [ 100.438607709713096, 7.061693557151237 ], [ 100.43838313089212, 7.061693557151247 ], [ 100.438383130892134, 7.061468978330184 ], [ 100.438607709713082, 7.061468978330194 ], [ 100.438607709713082, 7.061019820688089 ], [ 100.438832288534059, 7.061019820688092 ], [ 100.43883228853403, 7.060346084225017 ], [ 100.438607709713096, 7.060346084225025 ], [ 100.438607709713082, 7.060217958262927 ], [ 100.437662621984472, 7.060423326489691 ], [ 100.437260236786955, 7.060522207601176 ], [ 100.437260236786955, 7.060570663046073 ], [ 100.437063052982026, 7.060570663046154 ], [ 100.436811079144661, 7.060632582453895 ], [ 100.436811079144675, 7.060795241867122 ], [ 100.436586500323713, 7.06079524186713 ], [ 100.436586500323699, 7.061019820688087 ], [ 100.436137342681775, 7.061019820688092 ], [ 100.436137342681803, 7.061244399509131 ], [ 100.435912763860841, 7.061244399509138 ], [ 100.435912763860813, 7.061468978330184 ], [ 100.435335921888324, 7.061468978330371 ], [ 100.434645902341941, 7.063049834282473 ], [ 100.43409438100943, 7.064118706563113 ], [ 100.43375507616156, 7.064847257577371 ], [ 100.433749014993978, 7.065511397108741 ], [ 100.433891554471472, 7.065511397108756 ], [ 100.433891554471458, 7.065286818287698 ], [ 100.434565290934344, 7.065286818287694 ], [ 100.434565290934344, 7.065511397108748 ], [ 100.434789869755676, 7.065511397108758 ], [ 100.434789869755662, 7.065735975929715 ], [ 100.435014448576624, 7.06573597592971 ], [ 100.435014448576624, 7.065960554750768 ], [ 100.435239027397586, 7.065960554750758 ], [ 100.435239027397586, 7.066185133571812 ], [ 100.435688185039524, 7.06618513357181 ], [ 100.43568818503951, 7.066409712392862 ], [ 100.435912763860827, 7.066409712392854 ], [ 100.435912763860827, 7.066634291213835 ], [ 100.43568818503951, 7.06663429121382 ], [ 100.43568818503951, 7.066858870034884 ], [ 100.435014448576624, 7.066858870034869 ], [ 100.435014448576624, 7.067083448855931 ], [ 100.434789869755647, 7.067083448855926 ], [ 100.434789869755662, 7.067532606498035 ], [ 100.434116133292434, 7.067532606498028 ], [ 100.43411613329242, 7.06708344885593 ], [ 100.434340712113382, 7.067083448855926 ], [ 100.434340712113368, 7.06685887003488 ], [ 100.434116133292406, 7.06685887003487 ], [ 100.43411613329242, 7.066409712392865 ], [ 100.433891554471472, 7.066409712392859 ], [ 100.433891554471458, 7.066185133571821 ], [ 100.433752184056971, 7.066185133571812 ], [ 100.433807869454938, 7.071599359067044 ], [ 100.433810566016589, 7.072473340560617 ], [ 100.433891554471472, 7.072473340560623 ], [ 100.433891554471458, 7.072024182918597 ], [ 100.434340712113368, 7.072024182918601 ], [ 100.434340712113368, 7.072248761739658 ], [ 100.43456529093433, 7.072248761739656 ], [ 100.43456529093433, 7.072473340560619 ], [ 100.434789869755662, 7.072473340560624 ], [ 100.434789869755662, 7.072697919381668 ], [ 100.435014448576609, 7.072697919381674 ], [ 100.435014448576624, 7.07292249820272 ], [ 100.435239027397586, 7.072922498202717 ], [ 100.435239027397586, 7.073596234665792 ], [ 100.435463606218548, 7.073596234665777 ], [ 100.435463606218562, 7.073820813486837 ], [ 100.436137342681803, 7.073820813486832 ], [ 100.436137342681789, 7.073371655844737 ], [ 100.435912763860827, 7.073371655844733 ], [ 100.435912763860827, 7.073147077023767 ], [ 100.43568818503951, 7.073147077023759 ], [ 100.43568818503951, 7.072922498202721 ], [ 100.435463606218534, 7.072922498202711 ], [ 100.435463606218548, 7.072697919381662 ], [ 100.435688185039496, 7.072697919381667 ], [ 100.435688185039524, 7.072248761739647 ], [ 100.435912763860827, 7.072248761739663 ] ], [ [ 100.435463606218548, 7.063041030077375 ], [ 100.435463606218548, 7.062816451256309 ], [ 100.43568818503951, 7.062816451256312 ], [ 100.43568818503951, 7.063265608898419 ], [ 100.435912763860813, 7.063265608898411 ], [ 100.435912763860841, 7.063490187719474 ], [ 100.43568818503951, 7.063490187719461 ], [ 100.43568818503951, 7.063714766540529 ], [ 100.435239027397586, 7.063714766540521 ], [ 100.435239027397586, 7.063490187719464 ], [ 100.435014448576609, 7.063490187719463 ], [ 100.435014448576624, 7.063041030077374 ], [ 100.435463606218548, 7.063041030077375 ] ], [ [ 100.441078076744375, 7.066634291213835 ], [ 100.441078076744375, 7.066409712392859 ], [ 100.441302655565352, 7.066409712392863 ], [ 100.441302655565323, 7.066185133571811 ], [ 100.441751813207631, 7.066185133571805 ], [ 100.441751813207603, 7.06640971239287 ], [ 100.441976392028579, 7.066409712392872 ], [ 100.441976392028593, 7.066634291213831 ], [ 100.441751813207631, 7.06663429121382 ], [ 100.441751813207631, 7.067083448855918 ], [ 100.441527234386314, 7.067083448855926 ], [ 100.441527234386299, 7.06730802767698 ], [ 100.441302655565337, 7.067308027676971 ], [ 100.441302655565323, 7.067532606498032 ], [ 100.441078076744375, 7.06753260649804 ], [ 100.441078076744375, 7.06730802767698 ], [ 100.440853497923413, 7.067308027676988 ], [ 100.440853497923413, 7.066634291213817 ], [ 100.441078076744375, 7.066634291213835 ] ], [ [ 100.435912763860827, 7.067757185318992 ], [ 100.435912763860827, 7.067308027676986 ], [ 100.436137342681789, 7.067308027676988 ], [ 100.436137342681789, 7.067083448855935 ], [ 100.436361921502737, 7.067083448855922 ], [ 100.436361921502737, 7.066858870034878 ], [ 100.437035657965993, 7.066858870034872 ], [ 100.437035657965993, 7.067083448855923 ], [ 100.437260236786955, 7.067083448855923 ], [ 100.437260236786969, 7.067981764140042 ], [ 100.437035657965993, 7.067981764140034 ], [ 100.437035657966007, 7.068206342961088 ], [ 100.436811079144675, 7.068206342961086 ], [ 100.436811079144675, 7.068430921782141 ], [ 100.436137342681789, 7.068430921782152 ], [ 100.436137342681789, 7.068206342961095 ], [ 100.435912763860827, 7.068206342961096 ], [ 100.435912763860813, 7.067981764140042 ], [ 100.43568818503951, 7.067981764140034 ], [ 100.43568818503951, 7.067757185318986 ], [ 100.435912763860827, 7.067757185318992 ] ], [ [ 100.433891554471458, 7.069104658245204 ], [ 100.43411613329242, 7.069104658245217 ], [ 100.434116133292434, 7.068880079424156 ], [ 100.434565290934358, 7.068880079424154 ], [ 100.434565290934344, 7.069104658245202 ], [ 100.434789869755676, 7.069104658245214 ], [ 100.434789869755676, 7.069778394708281 ], [ 100.434565290934344, 7.06977839470827 ], [ 100.434565290934344, 7.070002973529315 ], [ 100.434340712113396, 7.070002973529325 ], [ 100.434340712113382, 7.070227552350371 ], [ 100.43411613329242, 7.070227552350373 ], [ 100.43411613329242, 7.070002973529316 ], [ 100.433891554471444, 7.070002973529327 ], [ 100.433891554471458, 7.069104658245204 ] ], [ [ 100.433891554471458, 7.070676709992385 ], [ 100.43411613329242, 7.070676709992384 ], [ 100.43411613329242, 7.070901288813433 ], [ 100.434565290934344, 7.070901288813449 ], [ 100.434565290934344, 7.071350446455457 ], [ 100.434340712113368, 7.07135044645545 ], [ 100.434340712113382, 7.071575025276498 ], [ 100.434116133292434, 7.071575025276505 ], [ 100.434116133292434, 7.071350446455443 ], [ 100.433891554471458, 7.071350446455457 ], [ 100.433891554471458, 7.070676709992385 ] ] ], [ [ [ 100.433097007748287, 7.066409712392862 ], [ 100.433034195362424, 7.066409712392854 ], [ 100.432993239187326, 7.066498708738182 ], [ 100.432993239187255, 7.068880079424154 ], [ 100.432768660366278, 7.068880079424157 ], [ 100.432768660366293, 7.069104658245211 ], [ 100.432993239187255, 7.069104658245214 ], [ 100.432993239187255, 7.071799604097551 ], [ 100.432768660366293, 7.071799604097554 ], [ 100.432768660366293, 7.072024182918612 ], [ 100.432319502724368, 7.07202418291861 ], [ 100.432319502724368, 7.071799604097556 ], [ 100.431645766261127, 7.071799604097545 ], [ 100.431645766261127, 7.072473340560617 ], [ 100.431870345082089, 7.072473340560619 ], [ 100.431870345082075, 7.072922498202713 ], [ 100.432094923903051, 7.072922498202717 ], [ 100.432094923903037, 7.07314707702377 ], [ 100.432768660366293, 7.073147077023763 ], [ 100.432768660366293, 7.073371655844737 ], [ 100.433106063962825, 7.073371655844729 ], [ 100.433084207550763, 7.07159355218912 ], [ 100.433069241477128, 7.07037587504291 ], [ 100.433097007748287, 7.066409712392862 ] ] ], [ [ [ 100.443323864954706, 7.072024182918607 ], [ 100.443323864954706, 7.071125867634496 ], [ 100.443548443775683, 7.071125867634492 ], [ 100.443548443775668, 7.070901288813448 ], [ 100.443773022596631, 7.070901288813439 ], [ 100.443773022596616, 7.070676709992377 ], [ 100.444446759059872, 7.070676709992381 ], [ 100.444446759059872, 7.070452131171328 ], [ 100.444671337880834, 7.070452131171333 ], [ 100.444671337880848, 7.070002973529322 ], [ 100.444446759059872, 7.07000297352932 ], [ 100.444446759059872, 7.069778394708264 ], [ 100.443997601417962, 7.069778394708266 ], [ 100.443997601417962, 7.069553815887228 ], [ 100.443323864954706, 7.069553815887226 ], [ 100.443323864954706, 7.069778394708268 ], [ 100.443099286133744, 7.069778394708265 ], [ 100.443099286133744, 7.070002973529322 ], [ 100.441302655565323, 7.07000297352932 ], [ 100.441302655565337, 7.069553815887221 ], [ 100.44107807674439, 7.069553815887215 ], [ 100.441078076744375, 7.07000297352933 ], [ 100.440853497923428, 7.070002973529318 ], [ 100.440853497923399, 7.070227552350378 ], [ 100.441078076744361, 7.070227552350375 ], [ 100.441078076744375, 7.070452131171344 ], [ 100.440853497923428, 7.070452131171344 ], [ 100.440853497923428, 7.070901288813446 ], [ 100.441976392028579, 7.070901288813442 ], [ 100.441976392028565, 7.070676709992394 ], [ 100.442425549670503, 7.070676709992382 ], [ 100.442425549670503, 7.070901288813443 ], [ 100.442650128491479, 7.070901288813431 ], [ 100.442650128491479, 7.07112586763448 ], [ 100.442874707312768, 7.071125867634491 ], [ 100.442874707312797, 7.072248761739663 ], [ 100.44309928613373, 7.072248761739653 ], [ 100.443099286133759, 7.072024182918606 ], [ 100.443323864954706, 7.072024182918607 ] ] ], [ [ [ 100.441302655565337, 7.072697919381665 ], [ 100.441078076744361, 7.072697919381668 ], [ 100.441078076744375, 7.072473340560612 ], [ 100.440853497923413, 7.07247334056062 ], [ 100.440853497923413, 7.07269791938167 ], [ 100.440179761460172, 7.072697919381668 ], [ 100.440179761460158, 7.072922498202727 ], [ 100.440404340281134, 7.072922498202725 ], [ 100.44040434028112, 7.073147077023763 ], [ 100.440853497923413, 7.073147077023767 ], [ 100.440853497923399, 7.073371655844729 ], [ 100.441302655565337, 7.073371655844729 ], [ 100.441302655565323, 7.073147077023776 ], [ 100.441527234386299, 7.073147077023768 ], [ 100.441527234386299, 7.072922498202722 ], [ 100.441751813207617, 7.07292249820271 ], [ 100.441751813207617, 7.07269791938167 ], [ 100.442200970849541, 7.072697919381669 ], [ 100.442200970849541, 7.072922498202709 ], [ 100.442425549670489, 7.072922498202722 ], [ 100.442425549670503, 7.073147077023773 ], [ 100.442650128491465, 7.07314707702376 ], [ 100.442650128491451, 7.073371655844737 ], [ 100.442874707312782, 7.073371655844737 ], [ 100.442874707312782, 7.07314707702376 ], [ 100.443099286133744, 7.073147077023771 ], [ 100.443099286133759, 7.072473340560625 ], [ 100.442874707312782, 7.072473340560623 ], [ 100.442874707312797, 7.072248761739663 ], [ 100.442200970849541, 7.072248761739664 ], [ 100.442200970849541, 7.072473340560614 ], [ 100.441302655565352, 7.072473340560626 ], [ 100.441302655565337, 7.072697919381665 ] ] ], [ [ [ 100.456574015395375, 7.079435284012566 ], [ 100.45657401539539, 7.079210705191513 ], [ 100.456349436574399, 7.079210705191517 ], [ 100.456349436574428, 7.078986126370467 ], [ 100.456124857753451, 7.078986126370467 ], [ 100.456124857753451, 7.079210705191518 ], [ 100.455900278932489, 7.079210705191517 ], [ 100.455900278932504, 7.079435284012572 ], [ 100.455675700111172, 7.079435284012562 ], [ 100.455675700111172, 7.079884441654679 ], [ 100.455900278932475, 7.079884441654679 ], [ 100.455900278932475, 7.080333599296684 ], [ 100.456349436574413, 7.080333599296687 ], [ 100.456349436574428, 7.080558178117731 ], [ 100.456574015395375, 7.080558178117739 ], [ 100.45657401539539, 7.08033359929668 ], [ 100.456798594216338, 7.080333599296694 ], [ 100.456798594216323, 7.07943528401257 ], [ 100.456574015395375, 7.079435284012566 ] ] ], [ [ [ 100.452980754258917, 7.085723491001371 ], [ 100.453205333079879, 7.085723491001383 ], [ 100.453205333079879, 7.085049754538315 ], [ 100.453429911901196, 7.085049754538319 ], [ 100.453429911901196, 7.084825175717265 ], [ 100.453654490722158, 7.084825175717259 ], [ 100.453654490722158, 7.084600596896289 ], [ 100.45387906954312, 7.0846005968963 ], [ 100.453879069543135, 7.084825175717265 ], [ 100.454328227185044, 7.084825175717261 ], [ 100.45432822718503, 7.084600596896292 ], [ 100.454552806006006, 7.084600596896294 ], [ 100.454552806006006, 7.082803966327984 ], [ 100.455001963648286, 7.08280396632798 ], [ 100.4550019636483, 7.083028545149026 ], [ 100.455226542469248, 7.083028545149025 ], [ 100.455226542469248, 7.083253123970073 ], [ 100.455675700111172, 7.083253123970075 ], [ 100.455675700111186, 7.08347770279113 ], [ 100.456124857753437, 7.083477702791127 ], [ 100.456124857753437, 7.083028545149025 ], [ 100.456349436574413, 7.083028545149025 ], [ 100.456349436574413, 7.082803966327972 ], [ 100.45657401539539, 7.082803966327978 ], [ 100.456574015395375, 7.083028545149026 ], [ 100.457023173037655, 7.083028545149027 ], [ 100.457023173037669, 7.082803966327975 ], [ 100.457247751858617, 7.082803966327971 ], [ 100.457247751858617, 7.082579387507018 ], [ 100.457472330679579, 7.082579387507015 ], [ 100.457472330679579, 7.082354808685964 ], [ 100.45814606714282, 7.082354808685963 ], [ 100.45814606714282, 7.082803966327981 ], [ 100.458595224784744, 7.082803966327988 ], [ 100.458595224784744, 7.082579387507009 ], [ 100.458819803605707, 7.082579387507023 ], [ 100.458819803605721, 7.08235480868597 ], [ 100.459044382426683, 7.082354808685971 ], [ 100.459044382426683, 7.082130229864923 ], [ 100.459268961247645, 7.08213022986492 ], [ 100.459268961247645, 7.08145649340186 ], [ 100.458370645963782, 7.08145649340186 ], [ 100.458370645963782, 7.081231914580799 ], [ 100.457921488321517, 7.081231914580809 ], [ 100.457921488321503, 7.080558178117741 ], [ 100.458370645963782, 7.080558178117728 ], [ 100.458370645963782, 7.080109020475635 ], [ 100.457696909500541, 7.080109020475629 ], [ 100.457696909500541, 7.080333599296686 ], [ 100.457472330679579, 7.080333599296694 ], [ 100.457472330679579, 7.081007335759745 ], [ 100.457247751858617, 7.081007335759747 ], [ 100.457247751858631, 7.081231914580803 ], [ 100.457023173037655, 7.081231914580807 ], [ 100.457023173037655, 7.081456493401846 ], [ 100.456798594216352, 7.08145649340185 ], [ 100.456798594216338, 7.081681072222905 ], [ 100.456349436574399, 7.081681072222891 ], [ 100.456349436574413, 7.081456493401847 ], [ 100.456124857753451, 7.081456493401859 ], [ 100.456124857753437, 7.081231914580798 ], [ 100.455900278932489, 7.081231914580796 ], [ 100.455900278932489, 7.081007335759742 ], [ 100.455675700111172, 7.081007335759754 ], [ 100.455675700111186, 7.080782756938789 ], [ 100.45545112129021, 7.080782756938781 ], [ 100.45545112129021, 7.080558178117729 ], [ 100.455226542469234, 7.080558178117727 ], [ 100.455226542469248, 7.07988444165468 ], [ 100.4550019636483, 7.079884441654682 ], [ 100.455001963648286, 7.079435284012579 ], [ 100.454777384827324, 7.079435284012566 ], [ 100.45477738482731, 7.078761547549517 ], [ 100.454552806006006, 7.078761547549504 ], [ 100.454552806006006, 7.078312389907414 ], [ 100.45387906954312, 7.078312389907415 ], [ 100.45387906954312, 7.078536968728461 ], [ 100.453654490722144, 7.078536968728461 ], [ 100.453654490722144, 7.079210705191524 ], [ 100.453879069543106, 7.07921070519153 ], [ 100.453879069543135, 7.079435284012578 ], [ 100.454103648364082, 7.079435284012572 ], [ 100.454103648364082, 7.079884441654664 ], [ 100.453879069543135, 7.079884441654664 ], [ 100.45387906954312, 7.080109020475644 ], [ 100.453654490722158, 7.080109020475637 ], [ 100.453654490722158, 7.080333599296687 ], [ 100.452980754258917, 7.080333599296681 ], [ 100.452980754258903, 7.080558178117728 ], [ 100.453205333079879, 7.080558178117735 ], [ 100.453205333079879, 7.081007335759753 ], [ 100.45342991190121, 7.081007335759742 ], [ 100.453429911901196, 7.081456493401843 ], [ 100.453205333079879, 7.081456493401851 ], [ 100.453205333079879, 7.081681072222905 ], [ 100.453429911901196, 7.0816810722229 ], [ 100.453429911901196, 7.082130229864906 ], [ 100.453654490722158, 7.082130229864924 ], [ 100.453654490722158, 7.082579387507026 ], [ 100.453205333079879, 7.082579387507021 ], [ 100.453205333079879, 7.082803966327976 ], [ 100.452756175437969, 7.082803966327986 ], [ 100.452756175437955, 7.083028545149027 ], [ 100.451857860153751, 7.083028545149029 ], [ 100.451857860153751, 7.083253123970081 ], [ 100.452082438974713, 7.083253123970072 ], [ 100.452082438974713, 7.084151439254192 ], [ 100.452307017796016, 7.0841514392542 ], [ 100.452307017796016, 7.084376018075252 ], [ 100.452531596616979, 7.084376018075243 ], [ 100.452531596616993, 7.084600596896296 ], [ 100.452756175437969, 7.0846005968963 ], [ 100.452756175437955, 7.085049754538303 ], [ 100.452531596617007, 7.085049754538312 ], [ 100.452531596616979, 7.085274333359354 ], [ 100.452082438974713, 7.085274333359369 ], [ 100.452082438974728, 7.085723491001368 ], [ 100.451857860153751, 7.08572349100138 ], [ 100.451857860153751, 7.085948069822429 ], [ 100.452082438974713, 7.085948069822421 ], [ 100.452082438974713, 7.086172648643477 ], [ 100.452756175437941, 7.086172648643471 ], [ 100.452756175437955, 7.085948069822424 ], [ 100.452980754258917, 7.085948069822426 ], [ 100.452980754258917, 7.085723491001371 ] ] ], [ [ [ 100.461665569389098, 7.085860156934427 ], [ 100.462287388453319, 7.084879816816549 ], [ 100.462637643563198, 7.084279697245353 ], [ 100.462637643563141, 7.083477702791142 ], [ 100.462862222384445, 7.083477702791126 ], [ 100.462862222384459, 7.083028545149027 ], [ 100.463311380026369, 7.083028545149027 ], [ 100.463311380026454, 7.083119249552923 ], [ 100.463590026280883, 7.082579387506938 ], [ 100.463311380026369, 7.082579387507023 ], [ 100.463311380026369, 7.08235480868597 ], [ 100.462862222384459, 7.082354808685971 ], [ 100.462862222384459, 7.082130229864918 ], [ 100.461963907100241, 7.082130229864911 ], [ 100.461963907100227, 7.082354808685959 ], [ 100.460841012995076, 7.082354808685961 ], [ 100.46084101299509, 7.082130229864925 ], [ 100.460167276531834, 7.082130229864909 ], [ 100.46016727653182, 7.08235480868596 ], [ 100.459942697710872, 7.082354808685972 ], [ 100.459942697710872, 7.082579387507026 ], [ 100.46016727653182, 7.082579387507018 ], [ 100.460167276531848, 7.083477702791138 ], [ 100.460391855352796, 7.083477702791128 ], [ 100.460391855352782, 7.083702281612087 ], [ 100.460167276531834, 7.083702281612097 ], [ 100.46016727653182, 7.083926860433144 ], [ 100.459942697710872, 7.083926860433142 ], [ 100.459942697710872, 7.083702281612095 ], [ 100.459493540068962, 7.0837022816121 ], [ 100.459493540068962, 7.08392686043315 ], [ 100.459268961247631, 7.083926860433143 ], [ 100.459268961247631, 7.084151439254207 ], [ 100.459044382426683, 7.08415143925419 ], [ 100.459044382426669, 7.08437601807524 ], [ 100.458819803605721, 7.084376018075247 ], [ 100.458819803605721, 7.084151439254195 ], [ 100.458595224784744, 7.084151439254205 ], [ 100.458595224784744, 7.083926860433141 ], [ 100.458370645963782, 7.083926860433137 ], [ 100.458370645963782, 7.083702281612103 ], [ 100.45814606714282, 7.083702281612095 ], [ 100.458146067142835, 7.08325312397008 ], [ 100.457696909500541, 7.083253123970072 ], [ 100.457696909500541, 7.08302854514903 ], [ 100.457472330679579, 7.083028545149028 ], [ 100.457472330679579, 7.083253123970072 ], [ 100.457247751858617, 7.083253123970089 ], [ 100.457247751858603, 7.083477702791135 ], [ 100.457472330679579, 7.08347770279114 ], [ 100.457472330679579, 7.085274333359364 ], [ 100.457247751858617, 7.085274333359356 ], [ 100.457247751858617, 7.085723491001365 ], [ 100.457472330679579, 7.085723491001378 ], [ 100.457472330679579, 7.085948069822433 ], [ 100.458146067142806, 7.085948069822418 ], [ 100.45814606714282, 7.086172648643485 ], [ 100.458370645963768, 7.086172648643475 ], [ 100.458370645963782, 7.08594806982242 ], [ 100.458595224784744, 7.085948069822436 ], [ 100.458595224784744, 7.085723491001378 ], [ 100.459044382426683, 7.085723491001377 ], [ 100.459044382426669, 7.086172648643482 ], [ 100.459268961247645, 7.086172648643484 ], [ 100.459268961247631, 7.086397227464528 ], [ 100.459044382426669, 7.086397227464531 ], [ 100.459044382426654, 7.086621806285485 ], [ 100.459268961247631, 7.086621806285498 ], [ 100.459268961247616, 7.086846385106531 ], [ 100.459044382426669, 7.086846385106542 ], [ 100.459044382426669, 7.087070963927603 ], [ 100.458819803605721, 7.087070963927593 ], [ 100.458819803605707, 7.087295542748639 ], [ 100.458595224784744, 7.087295542748647 ], [ 100.458595224784744, 7.087520121569613 ], [ 100.457023173037669, 7.087520121569603 ], [ 100.457023173037655, 7.088193858032747 ], [ 100.457247751858617, 7.088193858032754 ], [ 100.457247751858617, 7.088643015674772 ], [ 100.457472330679565, 7.088643015674769 ], [ 100.457472330679579, 7.088676917301258 ], [ 100.458074217408054, 7.088479200530924 ], [ 100.459317267826989, 7.087779032120556 ], [ 100.460165275975669, 7.087154902060114 ], [ 100.461248337344543, 7.086323203674761 ], [ 100.461665569389098, 7.085860156934427 ] ] ], [ [ [ 100.448713756659558, 7.086621806285487 ], [ 100.448489177838255, 7.086621806285481 ], [ 100.448489177838255, 7.086397227464523 ], [ 100.448040020196331, 7.086397227464531 ], [ 100.448040020196316, 7.086621806285492 ], [ 100.447815441375369, 7.086621806285489 ], [ 100.447815441375369, 7.086846385106548 ], [ 100.447590862554392, 7.086846385106546 ], [ 100.447590862554392, 7.087070963927597 ], [ 100.447141704912127, 7.087070963927584 ], [ 100.447141704912127, 7.087520121569598 ], [ 100.447815441375354, 7.087520121569606 ], [ 100.447815441375369, 7.087295542748645 ], [ 100.448713756659572, 7.087295542748635 ], [ 100.448713756659558, 7.086621806285487 ] ] ], [ [ [ 100.455001963648286, 7.088418436853803 ], [ 100.455001963648272, 7.087969279211711 ], [ 100.455226542469234, 7.087969279211713 ], [ 100.455226542469248, 7.087744700390655 ], [ 100.4550019636483, 7.087744700390647 ], [ 100.455001963648272, 7.087520121569608 ], [ 100.454552806006006, 7.087520121569609 ], [ 100.454552806006006, 7.087969279211704 ], [ 100.45432822718503, 7.0879692792117 ], [ 100.454328227185059, 7.089316752137921 ], [ 100.454103648364082, 7.08931675213792 ], [ 100.454103648364082, 7.089765909779937 ], [ 100.454157234447564, 7.08976590978012 ], [ 100.454552806006021, 7.089635966507972 ], [ 100.454552806006006, 7.089316752137927 ], [ 100.454777384827324, 7.089316752137921 ], [ 100.454777384827324, 7.088418436853805 ], [ 100.455001963648286, 7.088418436853803 ] ] ], [ [ [ 100.452980754258917, 7.089541330958889 ], [ 100.452980754258903, 7.089316752137916 ], [ 100.453205333079893, 7.089316752137923 ], [ 100.453205333079879, 7.089092173316864 ], [ 100.452531596616979, 7.089092173316876 ], [ 100.452531596616979, 7.089316752137923 ], [ 100.452307017796045, 7.089316752137916 ], [ 100.452307017796016, 7.089541330958885 ], [ 100.451857860153737, 7.089541330958888 ], [ 100.451857860153766, 7.089316752137923 ], [ 100.451408702511841, 7.08931675213792 ], [ 100.451408702511827, 7.088867594495812 ], [ 100.451184123690865, 7.08886759449583 ], [ 100.451184123690865, 7.087969279211713 ], [ 100.450959544869548, 7.087969279211717 ], [ 100.450959544869548, 7.088643015674773 ], [ 100.450734966048572, 7.08864301567476 ], [ 100.450734966048572, 7.088867594495829 ], [ 100.450285808406662, 7.088867594495822 ], [ 100.450285808406662, 7.08954133095888 ], [ 100.4507349660486, 7.089541330958883 ], [ 100.450734966048572, 7.089765909779937 ], [ 100.450959544869562, 7.089765909779936 ], [ 100.450959544869562, 7.090215067422033 ], [ 100.451184123690879, 7.090215067422046 ], [ 100.451184123690851, 7.090664225064043 ], [ 100.451372195911787, 7.090664225064232 ], [ 100.451600853366344, 7.090576701600466 ], [ 100.452082438974713, 7.0904288573049 ], [ 100.452082438974713, 7.089765909779937 ], [ 100.452756175437941, 7.089765909779942 ], [ 100.452756175437955, 7.089541330958878 ], [ 100.452980754258917, 7.089541330958889 ] ] ] ] } }
]
}
